timestamps,open,high,low,close,volume,amount,ret_1,ret_5,ret_10,log_vol_chg,rsi_14,macd,bb_pos,atr_14,obv_slope,sma_ratio,rvol_5,rvol_20,target_up,next_ret,split
2020-10-13,125.2699966430664,125.38999938964844,119.6500015258789,121.0999984741211,262330500.0,31768223149.715424,-0.026527355396143704,0.07016608832675697,0.06144274135542571,0.08802168172136504,56.12228338351368,1.2933618703334022,0.4902209826227827,0.03812148215048954,91775000.0,0.06430193285985952,0.03293453323957817,0.028551919872206098,1,0.000743220218160312,train
2020-10-14,121.0,123.02999877929688,119.62000274658205,121.19000244140624,150712000.0,18264787647.94922,0.000743220218160312,0.053093504632728994,0.04645544422959236,-0.5542344254964497,56.23501460610165,1.2939364042238846,0.4394040073487734,0.03738205848451045,145638000.0,0.06086936021352529,0.033375242409098727,0.027536633464232955,0,-0.003960750451883599,train
2020-10-15,118.72000122070312,121.1999969482422,118.1500015258789,120.70999908447266,112559200.0,13587020928.948977,-0.003960750451883599,0.04992604855896876,0.03356450156876534,-0.2918914231536931,55.4172793847446,1.2028864300951907,0.368509148744643,0.03665473848729249,116556000.0,0.05189315641780956,0.033666425587730565,0.027201640061919677,0,-0.014000517390639566,train
2020-10-16,121.27999877929688,121.5500030517578,118.80999755859376,119.0199966430664,115393800.0,13734169688.630676,-0.014000517390639566,0.017525822013930492,0.053087950612393575,0.02487132078227816,52.52146662491355,0.9792200432129219,0.2425479420578653,0.03616422331956885,-99344700.0,0.03169096690506423,0.03490202536524447,0.02621859662115169,0,-0.025541870037600223,train
2020-10-19,119.95999908447266,120.41999816894533,115.66000366210938,115.9800033569336,120639300.0,13991746418.97812,-0.025541870037600223,-0.06768487191050154,-0.004463490498424094,0.04445447501788635,47.693599056228955,0.5957721171751039,0.022229005617780986,0.03739280623796471,-460210800.0,0.002775428990674733,0.012330823932382032,0.026436217985587495,1,0.013191918736096708,train
2020-10-20,116.1999969482422,118.9800033569336,115.62999725341795,117.51000213623048,124423700.0,14621029252.7977,0.013191918736096708,-0.02964489168559148,0.03844113055271725,0.030887574521294425,50.17593635315575,0.4225655238915823,0.11079763121914307,0.03630611153260915,-73456600.0,0.01350653667971069,0.014695364409413346,0.02637800121654119,0,-0.005446339698866431,train
2020-10-21,116.66999816894533,118.70999908447266,116.4499969482422,116.87000274658205,89946000.0,10511989267.044067,-0.005446339698866431,-0.03564650225098276,0.015554404649343212,-0.3244831832899955,49.125698063922805,0.250766574821379,0.035821583796196085,0.03527870218955443,-314114600.0,0.0037661844219301077,0.014248314720871291,0.024298660006299898,0,-0.009583320957137542,train
2020-10-22,117.4499969482422,118.04000091552734,114.58999633789062,115.75,101988000.0,11805111000.0,-0.009583320957137542,-0.041090208947824225,0.006784367843917227,0.12564566773355068,47.26136775885983,0.05765165405501485,-0.10182538668029162,0.03520474598018803,-303543400.0,-0.009057600347980976,0.01415510480243896,0.024461665099709547,0,-0.006133901377733508,train
2020-10-23,116.38999938964844,116.5500030517578,114.27999877929688,115.04000091552734,82572600.0,9499151979.597471,-0.006133901377733508,-0.03343972307002174,-0.016499959690811528,-0.21117725063136916,46.067832406884236,-0.11266622546644925,-0.19320945139605378,0.0343013270828132,-270722200.0,-0.016298115110089717,0.013792299776849065,0.02319553820739446,1,8.694485527516171e-05,train
2020-10-26,114.01000213623048,116.5500030517578,112.87999725341795,115.0500030517578,111850700.0,12868423376.341248,8.694485527516171e-05,-0.008018626299860276,-0.07516075851635762,0.30348703676061106,46.08848764358504,-0.21356143153722745,-0.1928619980033491,0.03412697921861069,-38232200.0,-0.016250442953118283,0.008954440075137985,0.022588339766125606,1,0.013472363157313483,train
2020-10-27,115.48999786376952,117.27999877929688,114.54000091552734,116.5999984741211,92276800.0,10759474739.196775,0.013472363157313483,-0.007744052808835944,-0.03715937288770188,-0.19237218876734374,49.327250178070486,-0.16688923388875154,-0.04962423130492235,0.03294659176048414,-70379100.0,-0.004065753173598252,0.00907020665973885,0.022693394171726104,0,-0.04631219208015169,train
2020-10-28,115.0500030517578,115.43000030517578,111.0999984741211,111.1999969482422,143937800.0,16005882920.736694,-0.04631219208015169,-0.0485154929844106,-0.08243258760551697,0.4445885022926639,40.25413812378863,-0.47332347462206475,-0.5357457916346264,0.03561179641476061,-124370900.0,-0.04831596928469639,0.022281863743108855,0.02479098328135196,1,0.037050385428514465,train
2020-10-29,112.37000274658205,116.93000030517578,112.1999969482422,115.31999969482422,146129200.0,16851619299.404907,0.037050385428514465,-0.003714905444283212,-0.04465246815118051,0.015109899973275276,48.098185629796085,-0.376390968722002,-0.13690683576328783,0.0354358152424856,123746300.0,-0.01243449459163637,0.030561465104065978,0.026194569882443758,0,-0.05601802897648289,train
2020-10-30,111.05999755859376,111.98999786376952,107.72000122070312,108.86000061035156,190272600.0,20713075352.13318,-0.05601802897648289,-0.05372044728784109,-0.0853637734773598,0.2639666172693005,39.37010759206966,-0.7060504915679836,-0.648923031042267,0.03984406890370158,16046300.0,-0.06609244745515042,0.03969281830244932,0.028181824194642817,0,-0.0008267863933540953,train
2020-11-02,109.11000061035156,110.68000030517578,107.31999969482422,108.7699966430664,122866900.0,13364232300.543976,-0.0008267863933540953,-0.054585017315177176,-0.06216594675961573,-0.4373561222244149,39.263204676349126,-0.8776808978484536,-0.5581787714163001,0.03923517001902808,-218671300.0,-0.06376022772860124,0.0396348485225669,0.027142961829777504,1,0.015353551989341518,train
2020-11-03,109.66000366210938,111.48999786376952,108.7300033569336,110.44000244140624,107624400.0,11886038998.754885,0.015353551989341518,-0.05283015534586,-0.06016508864179859,-0.13245426667125315,42.389060315254746,-0.8269444420541422,-0.4058881915712612,0.037666809557726146,-203323700.0,-0.04827150639023736,0.03992746572527723,0.026740380108816603,1,0.04083660274481371,train
2020-11-04,114.13999938964844,115.58999633789062,112.3499984741211,114.9499969482422,138235500.0,15890170303.138733,0.04083660274481371,0.0337230225082239,-0.01642855953809752,0.2503113625655793,49.88952665164717,-0.4563662156222451,-0.07858303726218976,0.03680419342734576,78849600.0,-0.009350655220402904,0.039210534720722064,0.028077898849942193,1,0.03549370978140831,train
2020-11-05,117.9499969482422,119.62000274658205,116.87000274658205,119.02999877929688,126387100.0,15043856358.718872,0.03549370978140831,0.03217134143505529,0.028336922499325068,-0.08960933222184764,55.53004510744619,0.06885533619119533,0.2003907735319699,0.03580631017288015,59107500.0,0.024019672309569806,0.03892015671072195,0.029153257070383524,0,-0.00285639201358856,train
2020-11-06,118.31999969482422,119.1999969482422,116.12999725341795,118.69000244140624,114457900.0,13585008430.438232,-0.00285639201358856,0.09029948351956874,0.03172810758719535,-0.0991423489260761,54.97471392261113,0.3812404543215766,0.16857686913455075,0.035191509828838084,134922200.0,0.020339760239895366,0.02014436345750283,0.028946446967167225,0,-0.019968006553475415,train
2020-11-09,120.5,121.98999786376952,116.0500030517578,116.31999969482422,154515300.0,17973219648.845673,-0.019968006553475415,0.06941255203430297,0.011038649364442765,0.300086048504113,51.135799920532115,0.4134288844120013,0.031863862280531834,0.03699120652852693,103273800.0,0.003450652331495885,0.025601358203161766,0.025260307622898718,0,-0.003008927742772949,train
2020-11-10,115.5500030517578,117.58999633789062,114.12999725341795,115.97000122070312,138023400.0,16006573866.485596,-0.003008927742772949,0.05007242536263812,-0.005403063993673962,-0.1128698837876172,50.5741368502164,0.39627775357121364,0.025770364666833245,0.03658373543446271,-142374000.0,0.00264993715834283,0.02661473436657393,0.024649772209593794,1,0.03035264815051142,train
2020-11-11,117.19000244140624,119.62999725341795,116.44000244140624,119.48999786376952,112295000.0,13418129310.112,0.03035264815051142,0.03949544180998554,0.0745503699913399,-0.20629389718438418,55.82886395330081,0.5951714826299862,0.34038020617464065,0.03515775560602116,-168314500.0,0.03384278113615169,0.02385797587335198,0.025682609573964198,0,-0.0023432821516666813,train
2020-11-12,119.62000274658205,120.52999877929688,118.56999969482422,119.20999908447266,103162300.0,12297977688.552094,-0.0023432821516666813,0.001512226388488358,0.033732218175014594,-0.08482586013937521,55.324997000449464,0.6751882598830263,0.33248122533914687,0.03389756454294936,-397863900.0,0.03208992887852835,0.01831502865450661,0.025673321763095815,1,0.00041945350341277,train
2020-11-13,119.44000244140624,119.66999816894533,117.87000274658205,119.26000213623048,81581900.0,9729457568.27774,0.00041945350341277,0.004802423819189272,0.09553556372927274,-0.23469605002353688,55.40240637645644,0.6960217103810669,0.33452157166101937,0.03254118657006758,-201824100.0,0.03241557945403417,0.018226220697483836,0.02547028887472706,1,0.008720450250699452,train
2020-11-16,118.91999816894533,120.98999786376952,118.1500015258789,120.3000030517578,91183000.0,10969315178.268433,0.008720450250699452,0.03421598493273281,0.10600355580158394,0.11126105126528785,57.06860167506123,0.7402610509214747,0.38915607092730686,0.031641848191549436,43874200.0,0.03947501585981117,0.013954725637344796,0.024775605465963635,0,-0.0075644525272192675,train
2020-11-17,119.5500030517578,120.66999816894533,118.95999908447266,119.38999938964844,74271000.0,8867214644.66858,-0.0075644525272192675,0.029490369345057665,0.08103944902564275,-0.2051479077217131,55.127808272846565,0.6707197093068311,0.29747312309895574,0.030628723982793024,107626600.0,0.030774736820042392,0.014875861948035177,0.024722256756300177,0,-0.011391243967704412,train
2020-11-18,118.61000061035156,119.81999969482422,118.0,118.02999877929688,76322100.0,9008297369.833374,-0.011391243967704412,-0.012218588254869545,0.02679427501369558,0.027241976145649716,52.26699036510887,0.5032618526025266,0.17786252047566686,0.02987008363142971,-80990500.0,0.0185229033688612,0.007731848514082909,0.0248403908426196,1,0.005168182806577715,train
2020-11-19,117.58999633789062,119.05999755859376,116.80999755859376,118.63999938964844,74113000.0,8792766274.765015,0.005168182806577715,-0.004781475540657554,-0.0032764798256578187,-0.02937158658322403,53.43423550997059,0.4077840788193094,0.21359813938338088,0.02894853421911415,96284800.0,0.02251180331012148,0.008449757879472214,0.02473498248345617,0,-0.010957544322705348,train
2020-11-20,118.63999938964844,118.7699966430664,117.29000091552734,117.33999633789062,73604300.0,8636728292.453003,-0.010957544322705348,-0.016099327217407255,-0.011374219190719681,-0.006887507476463384,50.594701457060864,0.23960573519547496,0.09788883365009024,0.02807951267031853,-58901400.0,0.0103062319077325,0.009466360362817245,0.024836914979115082,0,-0.02974261098253128,train
2020-11-23,117.18000030517578,117.62000274658205,113.75,113.8499984741211,127959300.0,14568166109.749603,-0.02974261098253128,-0.053615996791468556,-0.02123453599710623,0.5530087908943919,43.856729543732115,-0.10563019309923355,-0.18108985175476594,0.029301118171331665,-278043700.0,-0.019236244387194956,0.0124960090215028,0.025790026566863005,1,0.01159420037343506,train
2020-11-24,113.91000366210938,115.8499984741211,112.58999633789062,115.16999816894533,113874200.0,13114891405.490112,0.01159420037343506,-0.03534635432010058,-0.006898362018944115,-0.11661791333173355,46.7455049805295,-0.2365409877186973,-0.06813955699542035,0.02891819685545072,-89898500.0,-0.007253601929795406,0.016170643501239312,0.025740971103155933,1,0.007467227785225683,train
2020-11-25,115.5500030517578,116.75,115.16999816894533,116.02999877929688,76499200.0,8876202082.617188,0.007467227785225683,-0.01694484470630031,-0.02895639088066082,-0.3978140427565826,48.601084798166355,-0.2550713227155595,-0.019018444372664513,0.02762623898300425,62922800.0,-0.001918236244475402,0.01708310573409505,0.023382351082750524,1,0.0048263170256421795,train
2020-11-27,116.56999969482422,117.48999786376952,116.22000122070312,116.58999633789062,46691300.0,5443738496.011353,0.0048263170256421795,-0.01727918966878117,-0.02197804518667501,-0.49372242309976144,49.827013959188626,-0.2207565067730523,0.02337991562468029,0.026424186477887964,35501100.0,0.002351317404289066,0.0170414022893889,0.02193358283770596,1,0.021099637971836005,train
2020-11-30,116.97000122070312,120.97000122070312,116.80999755859376,119.0500030517578,169410200.0,20168284826.9989,0.021099637971836005,0.014573093295001227,-0.0017608509199320554,1.2887651255891015,54.914288677966226,-0.033360919101581565,0.2176656034668149,0.026657676369368666,278515600.0,0.019036889147377112,0.01934434881304811,0.01781545814421384,1,0.030827367281542672,train
2020-12-01,121.01000213623048,123.47000122070312,120.01000213623048,122.72000122070312,127728200.0,15674804859.918213,0.030827367281542672,0.07790955525219645,0.02011635999630146,-0.2824184222641186,61.2300376454685,0.317454008445214,0.580778496116251,0.02658592824853058,534203100.0,0.044216701811180315,0.010717092987325112,0.01868945164437797,1,0.0029335121151450316,train
2020-12-02,122.0199966430664,123.37000274658205,120.88999938964844,123.08000183105467,89004200.0,10954637098.971558,0.0029335121151450316,0.06868111303176372,0.03090713175534332,-0.361221005693384,61.795395865082234,0.5403468607397628,0.6176645080578431,0.0260539774371591,509333100.0,0.041678146143292905,0.01205452200185789,0.018575864377538682,0,-0.0011374665873064016,train
2020-12-03,123.5199966430664,123.77999877929688,122.20999908447266,122.94000244140624,78967600.0,9708276936.791992,-0.0011374665873064016,0.05955359592180143,0.04159962478090451,-0.11964591644208511,61.420295212717996,0.6382358311929714,0.5298092014581846,0.025132704405476325,353866300.0,0.03698707368328691,0.01363000606691016,0.016656728019270917,0,-0.005612513646525263,train
2020-12-04,122.5999984741211,122.86000061035156,121.5199966430664,122.25,78260400.0,9567333900.0,-0.005612513646525263,0.04854622042963319,0.03042819141034614,-0.008995913708293557,59.503210654234515,0.6160887102337591,0.4063315937288287,0.024298917575769227,228914600.0,0.02976852333057889,0.015604455873045736,0.01494932355762525,1,0.012269938650306678,train
2020-12-07,122.30999755859376,124.56999969482422,122.25,123.75,86712000.0,10730610000.0,0.012269938650306678,0.03947918376951942,0.054627610892804324,0.10255055333091789,62.26090522094633,0.658222930112815,0.5070081300769569,0.023628891458652507,146216400.0,0.04018694065553152,0.014436765194564794,0.01510230261983757,1,0.005090886896306657,train
2020-12-08,124.37000274658205,124.9800033569336,123.08999633789062,124.37999725341795,82225500.0,10227207464.16092,0.005090886896306657,0.013526695047284543,0.09249010909464705,-0.05312680895192301,63.38855571010993,0.6814169376588448,0.5033308421512142,0.02291536709754399,100713700.0,0.04195286602972148,0.006730123201798779,0.014177760027089365,0,-0.020903670457748214,train
2020-12-09,124.52999877929688,125.9499969482422,121.0,121.77999877929688,115089200.0,14015562635.510254,-0.020903670457748214,-0.010562260581879479,0.057393424636989154,0.3362420034694331,55.95734985178776,0.48383985033562427,0.21800110696094643,0.02463621180217712,-103379700.0,0.01769559525763653,0.012500376516890494,0.01513893936396612,1,0.011988824922872787,train
2020-12-10,120.5,123.87000274658205,120.1500015258789,123.23999786376952,81312200.0,10020915354.2984,0.011988824922872787,0.0024401774557167855,0.062139094719693366,-0.3474114094688332,58.873026513153,0.4162418255985558,0.3376985597661152,0.024761541894326618,56900100.0,0.028285342144590997,0.014027281352908155,0.013867834450606468,0,-0.006734779422648329,train
2020-12-11,122.43000030517578,122.76000213623048,120.5500030517578,122.41000366210938,86939800.0,10642301236.383057,-0.006734779422648329,0.0013088234119376096,0.04991858227143031,0.06691985752857121,56.57986328532087,0.28656503833803537,0.2357572097200998,0.024718425406885236,48220700.0,0.019998365284132902,0.014159232834896215,0.013968583924493584,0,-0.005146678081568545,train
2020-12-14,122.5999984741211,123.3499984741211,121.54000091552734,121.77999877929688,79184500.0,9643088313.339231,-0.005146678081568545,-0.015919201783459624,0.02293150489338669,-0.0934353513978472,54.833953860833475,0.136886068291036,0.16069558168891376,0.024133197481726716,-117675800.0,0.013684483453056728,0.012541192336973254,0.014044768961584495,1,0.050090314791152,train
2020-12-15,124.33999633789062,127.9000015258789,124.12999725341795,127.87999725341795,157243700.0,20108323924.11728,0.050090314791152,0.028139572899884557,0.04204690336854666,0.6860162523192521,65.82882650773904,0.4116976372084895,0.6328446252892196,0.024758832821428618,-42657600.0,0.061112707140768885,0.02734023007289438,0.01777190307073804,0,-0.0005473858017487343,train
2020-12-16,127.41000366210938,128.3699951171875,126.55999755859376,127.80999755859376,98208600.0,12552040926.23291,-0.0005473858017487343,0.04951551026228129,0.038430253958166904,-0.47070303946154723,65.6313839378039,0.5434723645588511,0.5417843127975307,0.024014481055041982,-25777000.0,0.056839967424044735,0.023621422229563937,0.017616621396935667,1,0.006963456745552321,train
2020-12-17,128.89999389648438,129.5800018310547,128.0399932861328,128.6999969482422,94359800.0,12144105972.036743,0.006963456745552321,0.04430379080749569,0.04685207737474384,-0.03997865249020194,66.9871535616239,0.638712737130094,0.5321939853191379,0.02312730891651222,-12729400.0,0.059525212410769246,0.02361883624444239,0.017271504975143133,0,-0.015850764059871847,train
2020-12-18,128.9600067138672,129.10000610351562,126.12000274658205,126.66000366210938,192541500.0,24387307095.108032,-0.015850764059871847,0.034719384632414085,0.03607364958780668,0.7131965745093432,61.043082116814304,0.517620383109012,0.3457975152131675,0.023501783054013268,-118331100.0,0.039299947606113106,0.025413515097637354,0.017856794965437003,1,0.012395326227985448,train
2020-12-21,125.0199966430664,128.30999755859375,123.4499969482422,128.22999572753906,121251600.0,15548092149.957275,0.012395326227985448,0.05296433743550599,0.03620198567708344,-0.46244398624799743,63.711849571255435,0.4964837984103667,0.41366766598770227,0.024263081472783818,82105000.0,0.047502318889709017,0.024494076915842888,0.01762882818018193,1,0.028464550236973585,train
2020-12-22,131.61000061035156,134.41000366210938,129.64999389648438,131.8800048828125,168904800.0,22275165848.73047,0.028464550236973585,0.03127938469898295,0.060299146124868086,0.33146751465925206,69.02465044401269,0.6707158125241675,0.613699925387337,0.025253649987511693,93766100.0,0.06944330396064013,0.016327908509159657,0.01642556459413418,0,-0.006976024680639181,train
2020-12-23,132.16000366210938,132.42999267578125,130.77999877929688,130.9600067138672,88223700.0,11553776344.322205,-0.006976024680639181,0.024646030947847564,0.07538190200845163,-0.649459602778208,66.38640294233173,0.6650916613004387,0.508553810161166,0.02451449781823766,103751000.0,0.05522703631535797,0.01722868724596439,0.016704679196001597,1,0.007712236217600754,train
2020-12-24,131.32000732421875,133.4600067138672,131.10000610351562,131.97000122070312,54930100.0,7249125364.053345,0.007712236217600754,0.02540795920745831,0.07083741892452666,-0.473814159678529,67.83967998579928,0.6686837226599449,0.5402954467838048,0.02394237000619944,64321300.0,0.05657991358595793,0.017253265057793073,0.01670545746031088,1,0.035765713245766495,train
2020-12-28,133.99000549316406,137.33999633789062,133.50999450683594,136.69000244140625,124486200.0,17016018981.921389,0.035765713245766495,0.07918836640849847,0.1166571223926618,0.818133388364064,73.58692998415582,0.9131039214889562,0.7752887483353061,0.02427064581686667,381349000.0,0.08563396947361768,0.0169870158196886,0.017922007012939483,0,-0.013314853257091142,train
2020-12-29,138.0500030517578,138.7899932861328,134.33999633789062,134.8699951171875,121047300.0,16325648759.94873,-0.013314853257091142,0.051781951266355764,0.1074888854418019,-0.028013487856878072,68.50337632099128,0.8762084053361852,0.575834695251838,0.025197920186773724,139050100.0,0.06449139250125224,0.021454997571130497,0.01826059751123299,0,-0.008526684497060733,train
2020-12-30,135.5800018310547,135.99000549316406,133.39999389648438,133.72000122070312,96452100.0,12897574929.73938,-0.008526684497060733,0.013952049361278362,0.04566784557957182,-0.22713486414193085,65.42773493398207,0.7056854084375566,0.44322172274808336,0.02498278653311966,-126306800.0,0.050853060097296954,0.019964556268573262,0.017599799018916458,0,-0.007702653080273847,train
2020-12-31,134.0800018310547,134.74000549316406,131.72000122070312,132.69000244140625,99116600.0,13151781895.983889,-0.007702653080273847,0.013210107199512544,0.038181714858223526,0.027250422543456665,62.71192298170752,0.4663958009323519,0.3380781174834374,0.02500408073167238,-137199700.0,0.038835995093837505,0.02005713984965133,0.01780738393026448,0,-0.024719260825586842,train
2021-01-04,133.52000427246094,133.61000061035156,126.76000213623048,129.41000366210938,143301900.0,18544699403.78723,-0.024719260825586842,-0.019398329430280747,0.005516757814320039,0.36865665565656514,54.897261878524695,0.05189581680008759,0.09515736144571414,0.027587450182159082,-335431700.0,0.010597201158590863,0.02308200253822635,0.01890629958999486,1,0.01236373386484213,train
2021-01-05,128.88999938964844,131.74000549316406,128.42999267578125,131.00999450683594,97664900.0,12795078012.51068,0.01236373386484213,-0.041553938350429975,0.034343839562258616,-0.38341135893467637,57.66837029927713,-0.1393826067202979,0.1836962110584624,0.02710873285598696,-362253000.0,0.019604443287030593,0.013436024624367028,0.018915850534683476,0,-0.0336615236823381,train
2021-01-06,127.72000122070312,131.0500030517578,126.37999725341795,126.5999984741211,155088000.0,19634140563.35449,-0.0336615236823381,-0.061318283847201616,-0.01271151296675821,0.462450462510958,48.77349486296755,-0.5639485904740877,-0.15229316223725614,0.02868410102925418,-396293700.0,-0.01580849029042586,0.01770674017959494,0.020531465643815448,1,0.03412322074954277,train
2021-01-07,128.36000061035156,131.6300048828125,127.86000061035156,130.9199981689453,109578200.0,14345977743.356323,0.03412322074954277,-0.020939298730161093,-0.0072793954983565445,-0.3473542454521201,55.94240560651161,-0.5540649616381792,0.15021130373118793,0.0285006656432804,-190263400.0,0.015194561244855853,0.027585877624561474,0.021798056501674823,1,0.008631262592551314,train
2021-01-08,132.42999267578125,132.6300048828125,130.22999572753906,132.0500030517578,105158200.0,13886140630.917358,0.008631262592551314,-0.004823267600217673,0.008323123717244085,-0.04117256629585242,57.61337527880763,-0.4747100388439125,0.2130046682846695,0.027536647481255387,14011400.0,0.019895908681060837,0.02799002485996372,0.02109766101987922,0,-0.023248824333729434,train
2021-01-11,129.19000244140625,130.1699981689453,128.5,128.97999572753906,100384500.0,12947592381.111143,-0.023248824333729434,-0.0033228338026561888,-0.022656705808190902,-0.04645806961922361,51.858791060669,-0.6229247779157077,-0.06944556438866026,0.028144336733463834,56928800.0,-0.006018790955130915,0.02767994972129671,0.021875781745684372,0,-0.0013955084644402538,train
2021-01-12,128.5,129.69000244140625,126.86000061035156,128.8000030517578,91951100.0,11843301960.612488,-0.0013955084644402538,-0.016868876786059306,-0.05772184687048032,-0.0877508979535051,51.53379145658784,-0.7201523559171004,-0.12818975145702333,0.027739981287239597,-132687200.0,-0.00984388112329948,0.02676787860644315,0.021789510077062917,1,0.016226679257536736,train
2021-01-13,128.75999450683594,131.4499969482422,128.49000549316406,130.88999938964844,88636800.0,11601670697.90039,0.016226679257536736,0.03388626356424718,-0.02950986781070819,-0.03670979233122296,55.05594340382645,-0.6338185702099333,0.04387494802117442,0.026962562595281347,111037600.0,0.0027118904244634034,0.021265286904969122,0.02190457490807609,0,-0.015127173479807188,train
2021-01-14,130.8000030517578,131.0,128.75999450683594,128.91000366210938,90221800.0,11630492568.4021,-0.015127173479807188,-0.0153528455159474,-0.03597066642749214,0.017723961549069855,51.255673869761296,-0.6952506222537473,-0.21142306698852104,0.026662395440624178,-88762400.0,-0.01284576789095504,0.01631416246044142,0.01936403077600478,0,-0.013730542410815172,train
2021-01-15,128.77999877929688,130.22000122070312,127.0,127.13999938964844,111598500.0,14188633221.88568,-0.013730542410815172,-0.037182912144158475,-0.04182683660894948,0.21263652386201315,48.06188822030662,-0.8310932881324296,-0.4236741426738718,0.026911641200504575,-305519100.0,-0.026150107013223844,0.015372287855406952,0.01962697746789454,1,0.005427107477730786,train
2021-01-19,127.77999877929688,128.7100067138672,126.94000244140624,127.83000183105467,90757300.0,11601505825.18158,0.005427107477730786,-0.008916063998898438,-0.012209271202712424,-0.20671869625784112,49.385913319832405,-0.8475678770036728,-0.32789411720827405,0.02584353226129219,-114377300.0,-0.020538568708103333,0.013202984189986776,0.01960094708315746,1,0.0328561127128284,train
2021-01-20,128.66000366210938,132.49000549316406,128.5500030517578,132.02999877929688,104319500.0,13773303457.65686,0.0328561127128284,0.025077605986089102,0.007785698154561205,0.13926939310848496,56.6328429605071,-0.5624298145028348,0.16146919781610727,0.025755254863032963,81893300.0,0.00956574298434476,0.020359488119977433,0.020551243005589328,1,0.03665830782882318,train
2021-01-21,133.8000030517578,139.6699981689453,133.58999633789062,136.8699951171875,120150900.0,16445053096.325684,0.03665830782882318,0.04568718584631615,0.08112161743166002,0.14129014630599102,63.17608955237164,-0.0610690365274309,0.6663794378309846,0.027056989805182566,113407400.0,0.04312896522088727,0.024725618270152964,0.02185468976964206,1,0.016073736286376095,train
2021-01-22,136.27999877929688,139.85000610351562,135.02000427246094,139.07000732421875,114459400.0,15917869596.325684,0.016073736286376095,0.07881470307564431,0.06225182759899117,-0.04852827741599697,65.70876859604527,0.3811953590765458,0.754242253522445,0.02720765999341618,318088600.0,0.05699991052297304,0.020646527047357713,0.02127748939150077,1,0.027683832904034755,train
2021-01-25,143.07000732421875,145.08999633789062,136.5399932861328,142.9199981689453,157611700.0,22525863875.40436,0.027683832904034755,0.12411513964960474,0.08231726517209492,0.31991423589362,69.64354929916504,0.8676640173479906,0.8677401016183597,0.028856806485529077,587298800.0,0.08134690202616301,0.012842056278339687,0.021837310941013863,1,0.0016792995818566414,train
2021-01-26,143.60000610351562,144.3000030517578,141.3699951171875,143.16000366210938,98390600.0,14085598656.31714,0.0016792995818566414,0.11992491286447327,0.10993959066741299,-0.47118913838825804,69.87561014968168,1.1239791468039466,0.7299782616432844,0.028212588302338373,594932100.0,0.0785968550895213,0.014214214206494852,0.02183379413237931,0,-0.007683752971338942,train
2021-01-27,143.42999267578125,144.3000030517578,140.41000366210938,142.05999755859375,140843800.0,20008269884.143063,-0.007683752971338942,0.07596757458176717,0.10295026547093689,0.3587062007908912,67.33493054993423,1.134523855164593,0.5911869615802449,0.028356170199562544,349768800.0,0.0681483914410912,0.018186803243177087,0.020669036705203418,0,-0.03498522670784365,train
2021-01-28,139.52000427246094,141.99000549316406,136.6999969482422,137.08999633789062,142621100.0,19551926076.705933,-0.03498522670784365,0.0016073736286374984,0.047367995852649614,0.012539988391001344,57.21296556400758,0.7409117971892369,0.2567919196960033,0.030078055736904526,86996800.0,0.029919397925090685,0.02402630618231585,0.022043636053179584,0,-0.037420597863168426,train
2021-01-29,135.8300018310547,136.74000549316406,130.2100067138672,131.9600067138672,177523800.0,23426041839.871216,-0.037420597863168426,-0.05112533426259025,0.023659940773504973,0.2189132196817809,49.02159575444193,0.10271712838965286,-0.06822077504854174,0.03273946309888613,-204986400.0,-0.007964949757664375,0.02710114157047484,0.023596252879245366,1,0.01652010127968695,train
2021-02-01,133.75,135.3800048828125,130.92999267578125,134.13999938964844,106239800.0,14251006707.156372,0.01652010127968695,-0.061432961739322556,0.0550574172849172,-0.5134058774581369,52.15639139207855,-0.1890500836079383,0.06745159440838355,0.03227646461970307,-256358300.0,0.007874246308735566,0.02341453763915255,0.023822133690473972,1,0.0063367087176327,train
2021-02-02,135.72999572753906,136.30999755859375,134.61000061035156,134.99000549316406,83305400.0,11245396403.61023,0.0063367087176327,-0.0570689994408522,0.05601191863841426,-0.24318542760281403,53.36067005686685,-0.3328341102912078,0.10556421347450164,0.030930513406964885,-271443500.0,0.012139109699467854,0.02419326858576191,0.023070537442057042,0,-0.007778376242906226,train
2021-02-03,135.75999450683594,135.77000427246094,133.61000061035156,133.94000244140625,89880900.0,12038647965.435793,-0.007778376242906226,-0.05715891353467284,0.014466437020136391,0.07597208673788103,51.63175694636059,-0.4968232963185577,0.027729685624358756,0.030098250231779724,-220480600.0,0.003164392327507093,0.024189626109697396,0.023050775442923332,1,0.025757778746879012,train
2021-02-04,136.3000030517578,137.39999389648438,134.58999633789062,137.38999938964844,84183100.0,11565916057.618711,0.025757778746879012,0.0021883657434667025,0.003799256893490144,-0.06549127135135535,56.60669271478284,-0.376568252704105,0.2283372622871546,0.029045401478125375,6323600.0,0.024862548311663568,0.02467286863326975,0.02210945093706205,0,-0.004585522131241526,train
2021-02-05,137.35000610351562,137.4199981689453,135.86000061035156,136.75999450683594,75693800.0,10351883672.201538,-0.004585522131241526,0.03637456463136379,-0.016610431406661297,-0.10629793233796292,55.48439543090253,-0.3439763107841953,0.16627035811143512,0.027909747886049538,108153600.0,0.017945752835239803,0.014099986075947547,0.021032151871829222,1,0.0010968789214593766,train
2021-02-08,136.02999877929688,136.9600067138672,134.9199981689453,136.91000366210938,71297200.0,9761299913.098145,0.0010968789214593766,0.020650099038800995,-0.04205145944468558,-0.059839198066949706,55.709564439080765,-0.3174757608938048,0.16013093978539997,0.02695211021926962,73211000.0,0.017222443178563696,0.013224916371656587,0.020981983714679943,0,-0.006573728224378961,train
2021-02-09,136.6199951171875,137.8800048828125,135.85000610351562,136.00999450683594,76774200.0,10442058520.266724,-0.006573728224378961,0.007556033574082077,-0.049944181142584365,0.07401158925149787,53.94647927663359,-0.3624685042000624,0.07648778845065604,0.026258666071499077,-86868600.0,0.007903263098533175,0.013936234122869675,0.020243426369722383,0,-0.004558452630158305,train
2021-02-10,136.47999572753906,136.99000549316406,134.39999389648438,135.38999938964844,73046600.0,9889779129.415894,-0.004558452630158305,0.010825719888100771,-0.04695198003360668,-0.04977105189915676,52.70895435511526,-0.4312172838879036,0.008816441511619562,0.02586113406956603,-70034300.0,0.0008649106153093555,0.013461801177653875,0.020290653737808303,0,-0.0019203376025409558,train
2021-02-11,135.89999389648438,136.38999938964844,133.77000427246094,135.1300048828125,64280000.0,8686156713.867188,-0.0019203376025409558,-0.01644948334577412,-0.014297115088159007,-0.12784905091378818,52.16849906096966,-0.487294732973794,-0.027486724419683504,0.025445020886979666,-218497400.0,-0.002620184713730933,0.0029660259769483054,0.020058050691247734,1,0.0017759951580194056,train
2021-02-12,134.35000610351562,135.52999877929688,133.69000244140625,135.3699951171875,60145100.0,8141841893.322754,0.0017759951580194056,-0.01016378652734562,0.02584107479407982,-0.06648856370653888,52.65111230610176,-0.4994718635835169,-0.036205125328181466,0.024556513562653315,-82658500.0,-0.003225178673770479,0.00358166720592153,0.019660046257405406,0,-0.016103957704172722,train
2021-02-16,135.49000549316406,136.00999450683594,132.7899932861328,133.19000244140625,80576300.0,10731957593.719482,-0.016103957704172722,-0.027171142511134505,-0.00708213025618587,0.29244458129884876,47.92114080627709,-0.6367940381496009,-0.27182613740197165,0.024902554322756676,-234532000.0,-0.021456815507137184,0.006712573169108677,0.01977085852011615,0,-0.017644012767020212,train
2021-02-17,131.25,132.22000122070312,129.47000122070312,130.83999633789062,97918500.0,12811656181.411743,-0.017644012767020212,-0.03801189896148016,-0.03074308457216557,0.1949309362132503,43.39536573935842,-0.8547545238527263,-0.5492633586288708,0.025569959522672586,-255676300.0,-0.03978397135435907,0.008697380521430799,0.02025890311870436,0,-0.008636423537534132,train
2021-02-18,129.1999969482422,130.0,127.41000366210938,129.7100067138672,96856700.0,12563283207.28302,-0.008636423537534132,-0.041952822966151326,-0.031581272587997256,-0.01090293330403469,41.37205290042849,-1.0320249319304993,-0.6184780402892622,0.02583920425841815,-279486400.0,-0.04726573669440626,0.008519677550049827,0.018945654513295242,1,0.0012334314627955312,train
2021-02-19,130.24000549316406,130.7100067138672,128.8000030517578,129.8699951171875,87668800.0,11385546627.929688,0.0012334314627955312,-0.038925550030036504,-0.05473472818886649,-0.0996664877068767,41.785906328207695,-1.0898232022753793,-0.5307873979693242,0.02501449197769729,-127537600.0,-0.04363198439267302,0.009217298308006527,0.016802376675620522,0,-0.029798993321709433,train
2021-02-22,128.00999450683594,129.72000122070312,125.5999984741211,126.0,103916400.0,13093466400.0,-0.029798993321709433,-0.06921766606459623,-0.07867793901014009,0.1700206501321837,35.29555153231263,-1.3244089763865614,-0.7240581109154035,0.026361798189398277,-291599100.0,-0.06764391460328434,0.011488674427636153,0.017260145587482865,0,-0.0011111062670511318,train
2021-02-23,123.76000213623048,126.70999908447266,118.38999938964844,125.86000061035156,158273000.0,19920239876.602173,-0.0011111062670511318,-0.05503417446275183,-0.08070997557657622,0.4207346570810664,35.08325694347714,-1.4164461496628495,-0.6534885272700465,0.029227840956680313,-369295800.0,-0.06276412045606006,0.01275142545061345,0.015523203984828184,0,-0.004052138358153767,train
2021-02-24,124.94000244140624,125.55999755859376,122.2300033569336,125.3499984741211,111039900.0,13918851295.56656,-0.004052138358153767,-0.04195963021576188,-0.0783765639530194,-0.35443179124665747,34.274495280766416,-1.4346962244540717,-0.632339023715275,0.029319053466381036,-382417200.0,-0.0603307507073888,0.012477790340572687,0.015422276147363537,0,-0.03478261398823801,train
2021-02-25,124.68000030517578,126.45999908447266,120.54000091552734,120.98999786376952,148199500.0,17930657188.411713,-0.03478261398823801,-0.06722695550647462,-0.10635941790970938,0.2886697405973031,28.27377152141807,-1.6481692217464001,-0.8226894571926996,0.031700885617221536,-433760000.0,-0.08579504330237497,0.017162626746784357,0.01667098964700957,1,0.00223162473946803,train
2021-02-26,122.58999633789062,124.8499984741211,121.1999969482422,121.26000213623048,164560400.0,19954594455.53894,0.00223162473946803,-0.0662970147429961,-0.10264191700881209,0.10471833635810412,29.10159511589137,-1.6735809513682283,-0.6737674428429763,0.031644736660504776,-356868400.0,-0.07824221494662198,0.017384170967829758,0.015521526889226563,1,0.05385121774911972,train
2021-03-01,123.75,127.93000030517578,122.79000091552734,127.79000091552734,116307900.0,14862986647.483065,0.05385121774911972,0.014206356472439285,-0.055994640430460874,-0.34703668855439673,45.48786617594901,-1.1764747424522781,-0.22934252167993402,0.031611085497113736,-136644100.0,-0.027062412623147236,0.03193876160165201,0.018856732211729704,0,-0.0208936391722091,train
2021-03-02,128.41000366210938,128.72000122070312,125.01000213623048,125.12000274658205,102260900.0,12794884088.86795,-0.0208936391722091,-0.0058795317033285555,-0.060590130992560054,-0.12871359310122088,41.28611583574474,-0.9623644298679721,-0.3619703060934335,0.03209749853299436,-80632000.0,-0.04410835820487424,0.03378265093018059,0.0188373332581378,0,-0.024456562666370862,train
2021-03-03,124.80999755859376,125.70999908447266,121.83999633789062,122.05999755859376,112966300.0,13788666302.20337,-0.024456562666370862,-0.026246517395902114,-0.06710485344728045,0.09956215250932487,37.06092074383238,-0.9595503925747471,-0.4876304777983562,0.03281671322542409,-82558400.0,-0.06285751071665391,0.03547446761296904,0.019261224648412813,0,-0.015811898605432417,train
2021-03-04,121.75,123.5999984741211,118.62000274658205,120.12999725341795,178155000.0,21401759660.68268,-0.015811898605432417,-0.007108030626795214,-0.07385713487458356,0.4555644105107959,34.652163710952024,-1.0150190024643897,-0.5248022140994949,0.03392330939235802,-112513900.0,-0.07275977867209216,0.032343692517191165,0.01940876457552898,1,0.010738374635987702,train
2021-03-05,120.9800033569336,121.94000244140624,117.56999969482422,121.41999816894533,153766600.0,18670340290.444942,0.010738374635987702,0.0013194460654477602,-0.06506504401280189,-0.14721808866580588,37.57273893230271,-0.8963039012786149,-0.4084051916588829,0.03373631988440671,-123307700.0,-0.0569906435659594,0.03277804354863841,0.01841080304153196,0,-0.041673510417560844,train
2021-03-08,120.93000030517578,121.0,116.20999908447266,116.36000061035156,154376600.0,17963261270.224,-0.041673510417560844,-0.08944362018379926,-0.07650793166387648,0.003959203337071671,31.6058306216933,-1.077836276231074,-0.598202890613357,0.03588704357137437,-393992200.0,-0.08907293944992756,0.01897562732222695,0.02005520203393032,1,0.04064967087253768,train
2021-03-09,119.02999877929688,122.05999755859376,118.79000091552734,121.08999633789062,129525800.0,15684278647.662354,0.04064967087253768,-0.032209129797205915,-0.03789928690075517,-0.1755149813625998,41.03298796818259,-0.8108106181947212,-0.3175189290722762,0.0353843139793744,-162205500.0,-0.046137388444061345,0.0322715858625695,0.02275304155569534,0,-0.009166677797724065,train
2021-03-10,121.69000244140624,122.16999816894533,119.4499969482422,119.9800033569336,111943300.0,13430957509.786224,-0.009166677797724065,-0.017040752443581608,-0.04284000943403399,-0.14588759477567592,39.651750937036965,-0.647481836016174,-0.3439919526274123,0.034780155882226514,-161182500.0,-0.0488760713176245,0.03078894213151336,0.022764605772128976,1,0.016502714386902317,train
2021-03-11,122.54000091552734,123.20999908447266,121.26000213623048,121.95999908447266,103026500.0,12565111845.676422,0.016502714386902317,0.01523351263543482,0.008017201734273227,-0.0830062556423421,43.31710392919453,-0.3590386086572077,-0.2079369347096417,0.033663260795441546,119999000.0,-0.02800580764052296,0.030832665581530708,0.02331557816488333,0,-0.007625453527034254,train
2021-03-12,120.4000015258789,121.16999816894533,119.16000366210938,121.02999877929688,88105100.0,10663360145.44983,-0.007625453527034254,-0.003211986456348015,-0.0018967784337923232,-0.15645581501855688,42.025966812080604,-0.19218756844809892,-0.238413991666319,0.03315141600914602,-121872700.0,-0.02996738546795552,0.030835237105972368,0.023311415796372432,1,0.0244567389434609,train
2021-03-15,121.41000366210938,124.0,120.41999816894533,123.98999786376952,92403800.0,11457146964.604189,0.0244567389434609,0.06557233768817272,-0.029736309762371294,0.04763768278570524,47.39990481931344,0.13839394489509083,-0.015361657059642516,0.03211094713856522,124907700.0,-0.0016908353897403527,0.02135880622903065,0.024205167204372567,1,0.012742978129499427,train
2021-03-16,125.6999969482422,127.22000122070312,124.72000122070312,125.56999969482422,115227900.0,14469167367.835236,0.012742978129499427,0.036997303595852404,0.0035965228449810205,0.22074380095238766,50.06093756499432,0.4658852890402998,0.1452493461980802,0.031279465615683934,110609800.0,0.014141611715162483,0.015021290104554242,0.02431175240224328,0,-0.006450565903976191,train
2021-03-17,124.0500030517578,125.86000061035156,122.33999633789062,124.76000213623048,111932600.0,13964711415.11383,-0.006450565903976191,0.03983996203997986,0.022120306665913247,-0.029015001748529556,48.700715444784315,0.620686113199235,0.11380052906860838,0.03124909293242527,110620500.0,0.010079766566161164,0.014305261177374512,0.024076413096034855,0,-0.033905124114335106,train
2021-03-18,122.87999725341795,123.18000030517578,120.31999969482422,120.52999877929688,121229700.0,14611815593.014526,-0.033905124114335106,-0.011725158379062628,0.0033297389080522155,0.07979018800018522,42.24521307884372,0.4394615005066562,-0.24914983744784505,0.03266660506141553,-113635700.0,-0.020527244571047487,0.022285547576762453,0.025079433709345293,0,-0.004480220036475413,train
2021-03-19,119.9000015258789,121.43000030517578,119.68000030517578,119.98999786376952,185549500.0,22264084108.623505,-0.004480220036475413,-0.008592918499684021,-0.011777304618190598,0.42563459683167437,41.48913345345563,0.291608461185334,-0.2852528739550774,0.031511540978839445,-211080100.0,-0.020985310766762688,0.022136468191491156,0.025056814871150364,1,0.028335707862409576,train
2021-03-22,120.33000183105467,123.87000274658205,120.26000213623048,123.38999938964844,111912300.0,13808858628.694153,0.028335707862409576,-0.004839087704318734,0.06041593969080372,-0.505606160417134,47.82130331436384,0.42319989475214514,0.11042240456108056,0.0307005150317237,-191571600.0,0.007828866856232963,0.023311542733194576,0.025235285952726307,0,-0.006888714468965329,train
2021-03-23,123.33000183105467,124.23999786376952,122.13999938964844,122.54000091552734,95467100.0,11698538521.40274,-0.006888714468965329,-0.024129957686236825,0.011974602539342794,-0.15893384179474523,46.467398590297506,0.45085384040431853,0.03305251223618504,0.029929453352750976,-402266600.0,0.002245125732098563,0.022091842701808216,0.02527273896564233,0,-0.019993508726392273,train
2021-03-24,122.81999969482422,122.9000015258789,120.06999969482422,120.08999633789062,88530500.0,10631627420.791626,-0.019993508726392273,-0.03743191502385912,0.0009167609424864942,-0.07543455928347953,42.71363704058476,0.30877587798726003,-0.2354886131380769,0.030041886149378142,-378864500.0,-0.015675933372886974,0.023167566132899886,0.025621912754981022,1,0.0041635441356262515,train
2021-03-25,119.54000091552734,121.66000366210938,119.0,120.58999633789062,98844700.0,11919682011.019896,0.0041635441356262515,0.0004977811267019572,-0.011233213814909382,0.11020280499973367,43.7129795769224,0.2553198431198336,-0.170764309841966,0.029355961248139308,-158790100.0,-0.011415596362612135,0.017939175864580797,0.02443837501025354,1,0.005141411107143501,train
2021-03-26,120.3499984741211,121.4800033569336,118.91999816894533,121.20999908447266,94071200.0,11402370065.875244,0.005141411107143501,0.01016752431388701,0.0014872371064302836,-0.049497988714591656,44.99436159439116,0.2672889385983339,-0.09439562245274874,0.028628274380494735,120830600.0,-0.006312510916474889,0.017823632629001235,0.02446028240059236,1,0.0014850285169158983,train
2021-03-29,121.6500015258789,122.58000183105467,120.7300033569336,121.38999938964844,80819200.0,9810642638.671877,0.0014850285169158983,-0.016208769024175784,-0.020969421073607553,-0.1518373795560315,45.38310379856691,0.29094866507661554,-0.039082884663378226,0.027632559259462727,89737500.0,-0.0022192971959235086,0.01050449025243816,0.020976635019230805,0,-0.012274469653688724,train
2021-03-30,120.11000061035156,120.4000015258789,118.86000061035156,119.9000015258789,85671900.0,10272060940.724943,-0.012274469653688724,-0.021543980495547066,-0.045154082844033216,0.05831032209315623,42.693354223023555,0.21345705804010562,-0.2302755737471735,0.02748487475484598,99532700.0,-0.012347692399582222,0.011226271236778926,0.020661929081994667,1,0.018765637792876655,train
2021-03-31,121.6500015258789,123.5199966430664,121.1500015258789,122.1500015258789,118323800.0,14453252350.54779,0.018765637792876655,0.017153845039616478,-0.020920171254098063,0.3229000471051826,47.73116688552824,0.31481940740881087,0.1145887854754915,0.02716839328833876,306387000.0,0.006148935647343423,0.01105733515025652,0.020440490961899805,1,0.006958644809685222,train
2021-04-01,123.66000366210938,124.18000030517578,122.48999786376952,123.0,75089100.0,9235959300.0,0.006958644809685222,0.019985104364350414,0.020492833698820156,-0.45474952089278986,49.5360078502388,0.43290800599444745,0.2225685535831924,0.02623231674822197,282631400.0,0.01195422880474406,0.011172094018517714,0.020131427053796926,1,0.02357724817787732,train
2021-04-05,123.87000274658205,126.16000366210938,123.06999969482422,125.9000015258789,88651200.0,11161186215.270996,0.02357724817787732,0.0386931975648126,0.04925413590572192,0.16603415834756774,55.21757920195403,0.685129614746278,0.5718458465007995,0.02559030840567817,277211400.0,0.033907925655045856,0.01425386119822481,0.020643924555360602,1,0.002462252222689809,train
2021-04-06,126.5,127.12999725341795,125.6500015258789,126.20999908447266,80171300.0,10118419699.600985,0.002462252222689809,0.03970672805881281,0.0228543618508259,-0.10054397214912925,55.7905685146021,0.8413517707247176,0.5949836367086098,0.02454166769516379,276563500.0,0.03227864122587887,0.014153644835584091,0.017905135364756828,1,0.013390400551981152,train
2021-04-07,125.83000183105467,127.91999816894533,125.13999938964844,127.9000015258789,83466700.0,10675391057.360077,0.013390400551981152,0.06672226770800593,0.04374082397833878,0.040282153960948364,58.87951857847641,1.0153649827666218,0.6912794074729639,0.024040125327342295,445702100.0,0.04319599546767772,0.008555853508067673,0.015913020919308404,1,0.019233769000189582,train
2021-04-08,128.9499969482422,130.38999938964844,128.52000427246094,130.36000061035156,88844600.0,11581782110.22644,0.019233769000189582,0.06721243538202715,0.08551923212292212,0.06244102551993436,62.93878795651303,1.2382323886856357,0.7921298705890093,0.023266073359271548,416222900.0,0.058778628385521614,0.008636479508112088,0.016049917885938864,1,0.020251606146730827,train
2021-04-09,129.8000030517578,133.0399932861328,129.47000122070312,133.0,106686700.0,14189331100.0,0.020251606146730827,0.08130081300813008,0.1029107226053545,0.18300772394480447,66.73406105789708,1.488702596054899,0.8183136916547048,0.023092664581378243,447820500.0,0.07539923517470992,0.008303514401982723,0.01622115724957194,0,-0.013233041404781432,train
2021-04-12,132.52000427246094,132.85000610351562,130.6300048828125,131.24000549316406,91420000.0,11997961302.18506,-0.013233041404781432,0.042414645770973314,0.08274900160424381,-0.15443222752221786,62.163681093737246,1.4591532568297618,0.5719259478972872,0.023020643971787803,267749300.0,0.05680619348910154,0.01401765263275296,0.01648745705794442,1,0.024306515156183428,train
2021-04-13,132.44000244140625,134.66000366210938,131.92999267578125,134.42999267578125,91266500.0,12268954926.54419,0.024306515156183428,0.06512949568921989,0.10742230292197208,-0.0016804748511063394,66.62522714943094,1.5682126778019752,0.6840110824984862,0.022686253723259782,278844500.0,0.07796237599782896,0.015061432627944602,0.01647776811545814,0,-0.017853113347054084,train
2021-04-14,134.94000244140625,135.0,131.66000366210938,132.02999877929688,87222800.0,11516026177.526855,-0.017853113347054084,0.032290830368616685,0.1011676155049912,-0.045318032898055804,60.815000177585034,1.3981185021457192,0.46458881103259375,0.023255680375396298,108155000.0,0.05598233350979265,0.020314933632221466,0.01705118316010166,1,0.018707878842231906,train
2021-04-15,133.82000732421875,135.0,133.63999938964844,134.5,89347100.0,12017184950.0,0.018707878842231906,0.03175820320853617,0.10110518477156627,0.024063019546826325,64.26862993952308,1.369577994287441,0.5483715094086558,0.02277526186467441,108657500.0,0.07156373008164563,0.020233990661950807,0.017271088548404697,0,-0.002527853813313219,train
2021-04-16,134.3000030517578,134.6699981689453,133.27999877929688,134.16000366210938,84922400.0,11393189494.995115,-0.002527853813313219,0.00872183204593524,0.09073173709032023,-0.050790885535089814,63.43977351570823,1.2488076988286605,0.47092261074961916,0.021942107310604655,-82951600.0,0.06308293955743216,0.01886368897153674,0.014920680662532979,1,0.005068520104500429,train
2021-04-19,133.50999450683594,135.47000122070312,133.33999633789062,134.83999633789062,94264200.0,12710584382.79419,0.005068520104500429,0.027430590475814087,0.07100869502510765,0.10436357861332723,64.42788209041845,1.13880756835994,0.4599420320766666,0.021400388578467027,102732600.0,0.06222154808196456,0.016868057342695194,0.014736956745980807,0,-0.012829989428388311,train
2021-04-20,135.02000427246094,135.52999877929688,131.80999755859375,133.11000061035156,94812300.0,12620465310.868835,-0.012829989428388311,-0.00981917828868184,0.05467079927051355,0.005797669509156833,59.985960511333865,0.8849289547270724,0.326523801061736,0.02212625924841166,-83346200.0,0.04459399148096099,0.01455682641462431,0.014315130429717094,1,0.002929902996470446,train
2021-04-21,132.36000061035156,133.75,131.3000030517578,133.5,68847100.0,9191087850.0,0.002929902996470446,0.011133842568312069,0.04378419395865296,-0.3200110399665981,60.64468529191753,0.687455035270693,0.3170149584675621,0.02179665056984138,72723700.0,0.04316842119401576,0.01150543490103892,0.014092452860523488,0,-0.011685374970739737,train
2021-04-22,133.0399932861328,134.14999389648438,131.41000366210938,131.94000244140625,84566500.0,11157704216.461182,-0.011685374970739737,-0.019033439097351335,0.012120296284573895,0.20565010066792055,56.628866147070774,0.4096752957800658,0.20333603012074608,0.021962405285771976,-101189900.0,0.026227384808725995,0.008204877288718266,0.013443480305551371,1,0.01803853902359487,train
2021-04-23,132.16000366210938,135.1199951171875,132.16000366210938,134.32000732421875,78657500.0,10565275976.104736,0.01803853902359487,0.0011926331077953822,0.009924867099389001,-0.07243522207100384,60.88454103230981,0.34663111540615166,0.3184989937181088,0.021723362088189646,62390000.0,0.03919017691191384,0.012848703074006512,0.013763014347776974,1,0.002977917470767144,train
2021-04-26,134.8300018310547,135.05999755859375,133.55999755859375,134.72000122070312,66905100.0,9013455153.671265,0.002977917470767144,-0.0008899074491726111,0.026516272339841773,-0.1618277844985201,61.56708586285025,0.29433418556925295,0.31619544586419523,0.020907102379008655,35030900.0,0.036866008687321816,0.012687918246893295,0.013774442929225524,0,-0.002449538509980198,train
2021-04-27,135.00999450683594,135.41000366210938,134.11000061035156,134.38999938964844,66015800.0,8871863321.707153,-0.002449538509980198,0.009616097764463039,-0.00029750270260942013,-0.013381089895428744,60.62715137961082,0.20425744656369993,0.27051951231194143,0.02015236379101152,63827400.0,0.029177505613174448,0.010795097807500098,0.013860937420650008,0,-0.0060272160300057775,train
2021-04-28,134.30999755859375,135.02000427246094,133.0800018310547,133.5800018310547,107760100.0,14394594355.314636,-0.0060272160300057775,0.0005992646520951439,0.011739779338700185,0.490013346906121,58.27542662685753,0.06412527657944178,0.19355709402306054,0.019863747770552626,-112779800.0,0.017643840784724585,0.011324602287061593,0.013512651597971725,0,-0.0007486607437100501,train
2021-04-29,136.47000122070312,137.07000732421875,132.4499969482422,133.47999572753906,151101000.0,20168960834.42688,-0.0007486607437100501,0.011671921006797925,-0.007583674888185454,0.3380410246388976,57.97640808972798,-0.05487086638233141,0.1625184117234269,0.020931014092137983,-179314300.0,0.01251224345198465,0.009345309209645413,0.013205648507614886,0,-0.015133271488823707,train
2021-04-30,131.77999877929688,133.55999755859375,131.07000732421875,131.4600067138672,109839500.0,14439501407.447817,-0.015133271488823707,-0.021292439356768056,-0.020125200317095304,-0.3189282755307694,52.155147835142486,-0.2767851447257623,-0.09833239238004296,0.021087522539698512,-367811300.0,-0.005999796068365315,0.006880125437148564,0.013897412119758033,1,0.008215324183090233,train
2021-05-03,132.0399932861328,134.07000732421875,131.8300018310547,132.5399932861328,75135100.0,9958405649.552916,0.008215324183090233,-0.01618176896390422,-0.01705727613633512,-0.37973237875399235,54.76999538922523,-0.35310935418504963,-0.006749770923920736,0.02082829910027611,-359581300.0,-0.0003432279506079272,0.008474578029942798,0.013128095690698437,0,-0.035385506636376296,train
2021-05-04,131.19000244140625,131.49000549316406,126.6999969482422,127.8499984741211,137564700.0,17587646685.092926,-0.035385506636376296,-0.04866434217746629,-0.0395162054850251,0.6048065194348737,43.620801082212864,-0.7016014124075571,-0.791404190831157,0.023312794532523454,-431130200.0,-0.03631259969452183,0.01661154133862654,0.015644051866301367,1,0.0019554762016296134,train
2021-05-05,129.1999969482422,130.4499969482422,127.97000122070312,128.10000610351562,84000900.0,10760515802.700806,0.0019554762016296134,-0.04102407285837506,-0.040449392483029034,-0.49326683418241757,44.27203875881102,-0.885555969317251,-0.7608049695127697,0.023055105494824597,-239369200.0,-0.03450090943917794,0.017430140407100902,0.015364704274104428,1,0.01280249267375666,train
2021-05-06,127.88999938964844,129.75,127.12999725341795,129.74000549316406,78128300.0,10136366071.17157,0.01280249267375666,-0.028019106638339397,-0.016674222430905217,-0.07247516501232454,48.476417017749405,-0.8660140181326246,-0.4734335451435408,0.0225801438150625,-10139900.0,-0.021911586570189212,0.01977762936770516,0.015008345084376635,1,0.003622639130594907,train
2021-05-07,130.85000610351562,131.25999450683594,129.47999572753906,130.2100067138672,78973300.0,10283113923.216248,0.003622639130594907,-0.009508595284957844,-0.030598573453252786,0.010757473355727853,49.648823555785945,-0.7926415481187126,-0.3621040475151303,0.02186803761926549,178672900.0,-0.017334890841353423,0.019268014477759516,0.014261785663416,0,-0.025804531652698692,train
2021-05-10,129.41000366210938,129.5399932861328,126.80999755859376,126.8499984741211,88071200.0,11171831585.614014,-0.025804531652698692,-0.042930399126608676,-0.05841747829031796,0.1090357562844737,42.247647343587886,-0.9319911236357852,-0.7411302145661373,0.02275842945512332,15466600.0,-0.04110367387288105,0.020810632436346045,0.015084380853214986,0,-0.007410286348592199,train
2021-05-11,123.5,126.2699966430664,122.7699966430664,125.91000366210938,126142800.0,15882640409.94873,-0.007410286348592199,-0.015173991671219356,-0.06309990152579947,0.35926901687079393,40.4317787083004,-1.0408020215093778,-0.7159155168779009,0.0236051761816,26888500.0,-0.04513445995168053,0.014642631768687601,0.013833821767725515,0,-0.02493850311901713,train
2021-05-12,123.4000015258789,124.63999938964844,122.25,122.7699966430664,112172300.0,13771392894.445038,-0.02493850311901713,-0.04160819052687725,-0.08092532594557256,-0.11737851552191714,35.0173242921811,-1.2627952618840137,-0.8384911167457533,0.024609121860724417,-169284700.0,-0.06566668937027742,0.01711354808050433,0.014311910422479639,1,0.017919724996269926,train
2021-05-13,124.58000183105467,126.1500015258789,124.26000213623048,124.97000122070312,105861300.0,13229486790.22522,0.017919724996269926,-0.03676587074533666,-0.06375483053061104,-0.057906334781957725,40.98084199128363,-1.2004265186466725,-0.5448280987969338,0.024380941696370183,-141551700.0,-0.04546218350009512,0.01876754352078205,0.01424839689839998,1,0.019844728361323227,train
2021-05-14,126.25,127.88999938964844,125.8499984741211,127.4499969482422,81918000.0,10440448850.006104,0.019844728361323227,-0.021196602590536906,-0.030503647960045233,-0.25641099703306125,46.896953993663544,-0.9424902697347022,-0.2867524857481243,0.023835409551952267,-138607000.0,-0.024018592734989963,0.022217694172371023,0.01518219021404235,0,-0.009258535374112253,train
2021-05-17,126.81999969482422,126.93000030517578,125.16999816894533,126.2699966430664,74244600.0,9374865392.765808,-0.009258535374112253,-0.004572344012861884,-0.047306450586054316,-0.09835369790368276,44.605818560710766,-0.806921811844345,-0.3564874245301613,0.023629465917900414,-124780400.0,-0.029871419925927012,0.01919985686331402,0.015146634137440263,0,-0.011245729046459818,train
2021-05-18,126.55999755859376,126.98999786376952,124.77999877929688,124.8499984741211,63342900.0,7908360968.346405,-0.011245729046459818,-0.008418752737335278,-0.02346499832463622,-0.15880222073057482,41.94982724380037,-0.7686348022414431,-0.4337881184034541,0.02345557706575743,-61980500.0,-0.0377278687691226,0.01960391748362085,0.015097509206723536,0,-0.0012815060846638193,train
2021-05-19,123.16000366210938,124.91999816894533,122.86000061035156,124.69000244140624,92612000.0,11547790506.103516,-0.0012815060846638193,0.01563904741255251,-0.02661985557872515,0.37985589318294544,41.64891150315255,-0.7111667211473044,-0.4019024874554029,0.02298819395768206,-42420200.0,-0.035687068010713974,0.014812961245498055,0.015038396070599442,1,0.021012070461853716,train
2021-05-20,125.2300033569336,127.72000122070312,125.0999984741211,127.30999755859376,76857100.0,9784677213.360596,0.021012070461853716,0.01872446439172304,-0.01872982759121533,-0.1864708671900317,48.20143261686192,-0.46565545438176936,-0.15441108711583923,0.022606894891649815,-71424400.0,-0.013658961585874874,0.015623769403644041,0.0158349931079248,0,-0.014767082628783568,train
2021-05-21,127.81999969482422,128.0,125.20999908447266,125.43000030517578,79295400.0,9946022046.199036,-0.014767082628783568,-0.01584932672761652,-0.03670997743818061,0.03123226550651026,44.35267385780725,-0.4012701454476497,-0.2890360008062562,0.022895575991577606,-232637800.0,-0.024866184802970537,0.014362275291119738,0.015379131909745576,1,0.01331418452429367,train
2021-05-24,126.01000213623048,127.94000244140624,125.94000244140624,127.0999984741211,63092900.0,8019107493.727875,0.01331418452429367,0.006573230800036356,0.0019708317146807097,-0.22857187274701118,48.3016194199556,-0.22631927192665757,-0.11205786906957815,0.022391424053896082,-95300300.0,-0.008947556503735465,0.015452025720005357,0.015770085910916512,0,-0.0015735401309459052,train
2021-05-25,127.81999969482422,128.32000732421875,126.31999969482422,126.9000015258789,72009500.0,9138005659.877775,-0.0015735401309459052,0.016419728288444846,0.007862741918634786,0.1321898093874978,47.86355912395008,-0.11006215074505843,-0.10459665246192304,0.021950555375755236,-103966900.0,-0.007609102838442294,0.014010300356906749,0.01577229232337752,0,-0.0003940350760958111,train
2021-05-26,126.95999908447266,127.38999938964844,126.41999816894533,126.8499984741211,56575900.0,7176652828.672028,-0.0003940350760958111,0.017322928786771552,0.03323289030394472,-0.2412149514886046,47.74696523206424,-0.02686441287561936,-0.08183460303744407,0.02093689583127847,-67930800.0,-0.005382786048089061,0.013942558751276713,0.015760876683059928,0,-0.012376820762394547,train
2021-05-27,126.44000244140624,127.63999938964844,125.08000183105467,125.27999877929688,94625600.0,11854695052.490234,-0.012376820762394547,-0.01594532101347812,0.0024805757827135455,0.514344945969448,44.113429984940076,-0.06569042423654525,-0.250817613334081,0.021144627791010267,-239413500.0,-0.014524914447289983,0.011194198533950192,0.015908107764371685,0,-0.005348005870638883,train
2021-05-28,125.56999969482422,125.8000030517578,124.5500030517578,124.61000061035156,71311100.0,8886076214.524841,-0.005348005870638883,-0.006537508513347112,-0.022283220132551018,-0.2828760535736876,42.6227520503852,-0.12137751737114588,-0.31667597717213714,0.020456387411699164,-231429200.0,-0.01714726940817113,0.009401453737098196,0.01566535398938984,0,-0.002648277260559384,train
2021-06-01,125.08000183105467,125.3499984741211,123.94000244140624,124.27999877929688,67637100.0,8405938705.435181,-0.002648277260559384,-0.0221872519959031,-0.01575986312405442,-0.052895345693791285,41.87222482621377,-0.16273918456241887,-0.36807701395633574,0.01985603487183196,-362159200.0,-0.01654652970873849,0.004785664402018979,0.015459239616967095,1,0.006276140867059743,train
2021-06-02,124.27999877929688,125.23999786376952,124.0500030517578,125.05999755859376,59278900.0,7413419089.276123,0.006276140867059743,-0.01449963707770252,0.0016820111096453871,-0.13190322217733907,44.36583627691643,-0.12174514405175496,-0.20737630904827714,0.0190024213101922,-230870800.0,-0.009280589102411696,0.0068254603150248,0.013571225049832101,0,-0.012154139395007313,train
2021-06-03,124.68000030517578,124.8499984741211,123.12999725341795,123.54000091552734,76229200.0,9417355437.789915,-0.012154139395007313,-0.02609379265596945,-0.009222884781153962,0.25149116282781847,40.70154981254189,-0.17778396962844223,-0.4262916212224716,0.018978096149602424,-250524100.0,-0.019551036832407,0.00771506974000927,0.013773904244734419,1,0.019022166559055975,train
2021-06-04,124.06999969482422,126.16000366210938,123.8499984741211,125.88999938964844,75169300.0,9463063131.1203,0.019022166559055975,0.004869098150505069,-0.011153862196028874,-0.01400168828379833,47.870186233728,-0.04432421499974937,0.015471252815048074,0.018780117058608825,-80729200.0,0.0006279237132222892,0.012034017042010011,0.014183189442855534,1,7.945139629006448e-05,train
2021-06-07,126.16999816894533,126.31999969482422,124.83000183105467,125.9000015258789,71057600.0,8946151948.425293,7.945139629006448e-05,0.010352306469856298,0.0037471196648297678,-0.05625208640335089,47.89905635905846,0.05168132186047236,0.07640793195951895,0.018282635594465902,61639500.0,0.002424466697602101,0.011549978157998108,0.01413908630700877,1,0.0066719327061957046,train
2021-06-08,126.5999984741211,128.4600067138672,126.20999908447266,126.73999786376952,74403800.0,9429937453.056335,0.0066719327061957046,0.019794006345632775,-0.0028324202570693124,0.04601619942339141,50.38420168269517,0.17202901049396468,0.28977988282023387,0.018306992817480192,203680400.0,0.009156767893223394,0.01133920487553221,0.013032999188933404,1,0.003077161087438496,train
2021-06-09,127.20999908447266,127.75,126.5199966430664,127.12999725341795,56877900.0,7230887270.780182,0.003077161087438496,0.016552052896485536,0.0018124170588929012,-0.2686001466800114,51.539944819582495,0.2722152206950622,0.36034555629993925,0.017638284226886316,201279400.0,0.01177068383984281,0.011267217250477867,0.012928140128254407,0,-0.00802325702118245,train
2021-06-10,127.0199966430664,128.19000244140625,125.94000244140624,126.11000061035156,71186400.0,8977316947.44873,-0.00802325702118245,0.02080297616786897,-0.005833645034851953,0.22439492042090592,48.36667452420897,0.2639095937674163,0.08281837345297545,0.017785275426880184,206322200.0,0.0023208232881881674,0.009917772162375304,0.011663570384219054,1,0.009832668763525065,train
2021-06-11,126.52999877929688,127.44000244140624,126.0999984741211,127.3499984741211,53522400.0,6816077558.331299,0.009832668763525065,0.011597419108357876,0.016522986230794068,-0.2852015264369854,52.218197753900526,0.331664846170981,0.3906042693381667,0.017105680950648162,184675300.0,0.011219890529634569,0.006854843886772947,0.011191622230878452,1,0.024577913552578545,train
2021-06-14,127.81999969482422,130.5399932861328,127.06999969482422,130.47999572753906,96906500.0,12644359705.970764,0.024577913552578545,0.03637803134354001,0.04710693434263469,0.5936463298819348,60.273632490144664,0.563401156294845,0.9350557503751047,0.01740239576440471,210524200.0,0.03482868533405714,0.011810411850613885,0.01165161300090221,0,-0.006437740384699686,train
2021-06-15,129.94000244140625,130.60000610351562,129.38999938964844,129.63999938964844,62746300.0,8134430293.702698,-0.006437740384699686,0.022881502088993866,0.043128425032173956,-0.43464697836237676,57.47329316658591,0.631129794686081,0.6390208694904621,0.016930756426251428,73374100.0,0.026794555583973922,0.013322866416521114,0.011534329253023397,1,0.003933928642679829,train
2021-06-16,130.3699951171875,130.88999938964844,128.4600067138672,130.14999389648438,91815000.0,11949721689.605713,0.003933928642679829,0.02375518530883336,0.04070043528911649,0.38067606579540225,58.72707320037486,0.6772259440703173,0.6241051603388079,0.016993434176943472,108311200.0,0.028674815037215806,0.013303793770381267,0.011152875754406441,1,0.012600841079968284,train
2021-06-17,129.8000030517578,132.5500030517578,129.64999389648438,131.7899932861328,96721700.0,12746952193.623352,0.012600841079968284,0.04503998610967419,0.06677992803518396,0.05206209913791682,62.55062550781572,0.7779175689233073,0.7366996154470192,0.017155024972124913,276219300.0,0.038722501505778384,0.01140472711566071,0.011358840862332409,0,-0.010091711359132227,train
2021-06-18,130.7100067138672,131.50999450683594,130.24000549316406,130.4600067138672,108953300.0,14214048249.497986,-0.010091711359132227,0.02442095231259911,0.036301591439951375,0.11908156623309196,57.868607757884845,0.7162395615934374,0.4825633414199272,0.01694070122059267,113743600.0,0.02696517689110922,0.014148771236382448,0.010857177467367939,1,0.014103911108376721,train
2021-06-21,130.3000030517578,132.41000366210938,129.2100067138672,132.3000030517578,79663300.0,10539454833.113098,0.014103911108376721,0.013948554443695693,0.05083400673798555,-0.3131103437245635,62.09572224436569,0.756693126323021,0.6283684622680339,0.017239546564290623,96500400.0,0.03864092677672115,0.01091616197858885,0.010525748744082901,1,0.012698357044814257,train
2021-06-22,132.1300048828125,134.0800018310547,131.6199951171875,133.97999572753906,74783600.0,10019506408.48999,0.012698357044814257,0.033477293723569446,0.05712480657883301,-0.06321039253269234,65.49933953889283,0.847104422476371,0.6944664471708862,0.017118922098016527,234030300.0,0.0489970153925674,0.010188447646653949,0.010493985448649816,0,-0.002089855114387973,train
2021-06-23,133.77000427246094,134.32000732421875,133.22999572753906,133.6999969482422,60214200.0,8050638356.240845,-0.002089855114387973,0.02727624447359811,0.05167938202443079,-0.2166904014709452,64.46042671974658,0.8370759492060365,0.5732006055364203,0.016511765533881125,82001100.0,0.04402553649442109,0.010919677543606648,0.010505658084500637,0,-0.0021689849869261923,train
2021-06-24,134.4499969482422,134.63999938964844,132.92999267578125,133.41000366210938,68711000.0,9166734761.627195,-0.0021689849869261923,0.012292362535138102,0.05788599648265014,0.13200109590765408,63.339864938629475,0.7620737919541266,0.48221007801730065,0.01628123020254752,-83431600.0,0.03909965490077538,0.010488972291173014,0.010540304259440036,0,-0.00224872980678148,train
2021-06-25,133.4600067138672,133.88999938964844,132.80999755859375,133.11000061035156,70783700.0,9422018350.202942,-0.00224872980678148,0.020312691707095265,0.04522969929521414,0.029719444919379612,62.13646065176957,0.6479034051692483,0.40842015996404185,0.015731901890444235,-45262000.0,0.03361120611950663,0.008542868382973452,0.010014223147939129,1,0.012546000760933262,train
2021-06-28,133.41000366210938,135.25,133.35000610351562,134.77999877929688,62111300.0,8371360938.180542,0.012546000760933262,0.018745243162003877,0.03295526665050508,-0.13070080927316496,66.00801974797665,0.6394123039661532,0.5057027899176798,0.015561314082576987,-62814000.0,0.042462679350557364,0.008101940178178802,0.010020659293108745,1,0.011500245331623304,train
2021-06-29,134.8000030517578,136.49000549316406,134.35000610351562,136.3300018310547,64556100.0,8800933231.20575,0.011500245331623304,0.017539977447786903,0.05160446214828074,0.038606675646185806,69.1599789826156,0.6884888911446634,0.5759675518724423,0.015406733453700684,-73041500.0,0.04956023413115229,0.007782440512730165,0.010027670596070997,1,0.0046211756352296796,train
2021-06-30,136.1699981689453,137.41000366210938,135.8699951171875,136.9600067138672,63261400.0,8664281768.728638,0.0046211756352296796,0.02438302049391239,0.05232434219550708,-0.020259264377028074,70.36289671102239,0.710793775025722,0.5613329371720425,0.015043603518393223,50434100.0,0.04960250686279344,0.007126792167100453,0.010020678135586674,1,0.002263416642797056,train
2021-07-01,136.60000610351562,137.3300018310547,135.75999450683594,137.27000427246094,52485800.0,7204725990.24353,0.002263416642797056,0.028933367096877438,0.04158138906973252,-0.18673268845385138,70.96306233147355,0.6931072524355966,0.5427926998699061,0.014754468746228426,171630900.0,0.04647265842325177,0.006258198869126681,0.009239950276313877,1,0.01959643299833358,train
2021-07-02,137.89999389648438,140.0,137.75,139.9600067138672,78852600.0,11036210425.405884,0.01959643299833358,0.05146124312302747,0.07281925119654464,0.40703762367398255,75.5836318502746,0.8015886676376804,0.6761267173682397,0.01483050880628282,321267200.0,0.06128798735134877,0.006883953311723082,0.009285539596874467,1,0.01471847284778427,train
2021-07-06,140.07000732421875,143.14999389648438,140.07000732421875,142.02000427246094,108181800.0,15363979698.202517,0.01471847284778427,0.0537172099624339,0.0734693952871679,0.31623285493508746,78.41614783320686,0.9414305043937299,0.7251430109290723,0.015175831237124283,367337700.0,0.0703667295642898,0.007140290592938795,0.009423975696838912,1,0.01795523852305836,train
2021-07-07,143.5399932861328,144.88999938964844,142.66000366210938,144.57000732421875,104911600.0,15167070780.395508,0.01795523852305836,0.060441615069993126,0.07904173708301543,-0.030695054157064305,81.30701790124314,1.122723000947298,0.7698900387001013,0.01526127954577574,407693200.0,0.08231335578124033,0.007900410831716276,0.009791584924189462,0,-0.009199707848613237,train
2021-07-08,141.5800018310547,144.05999755859375,140.6699981689453,143.24000549316406,105575500.0,15122635199.943542,-0.009199707848613237,0.04585279257774033,0.07135384265277867,0.006308245923779765,75.61819829646896,1.0703205557433604,0.5990130809371635,0.016247561909080086,238856300.0,0.06592849588129335,0.01226550295055572,0.010393563756084278,1,0.013054977977341231,train
2021-07-09,142.75,145.64999389648438,142.64999389648438,145.11000061035156,99890800.0,14495154048.968506,0.013054977977341231,0.05711368903529257,0.0876995474632849,-0.05534874691776537,77.95380975572576,1.0759665236480225,0.6473613789516023,0.01636931145954228,286261300.0,0.07226382338438198,0.011705755674298058,0.009952392145341969,0,-0.004203711720665804,train
2021-07-12,146.2100067138672,146.32000732421875,144.0,144.5,76299700.0,11025306650.0,-0.004203711720665804,0.03243778985674339,0.08556832196996234,-0.269408579791687,75.41592246715581,0.9569802623750792,0.550717139321746,0.016411056683502994,131109000.0,0.06103326777993079,0.01227576562636977,0.01023944962512143,1,0.007889269132515198,train
2021-07-13,144.02999877929688,147.4600067138672,143.6300048828125,145.63999938964844,100827100.0,14684458782.460022,0.007889269132515198,0.025489332546721144,0.08057575833736941,0.27873815908719024,76.92769026942324,0.8756141508982829,0.5558986945432267,0.016997965608085173,123754300.0,0.06348486165542822,0.011482155150929643,0.009317460336117018,1,0.024100484218248397,train
2021-07-14,148.10000610351562,149.57000732421875,147.67999267578125,149.14999389648438,127050800.0,18949626044.543457,0.024100484218248397,0.03168006045676086,0.09403646954627565,0.23117983572267065,80.83536366764574,0.971344816374764,0.6791667687513018,0.017294477047362738,145893500.0,0.0814121992757133,0.013375141604433725,0.00974178177686892,0,-0.004492109932034749,train
2021-07-15,149.24000549316406,150.0,147.08999633789062,148.47999572753906,106820300.0,15860677687.61444,-0.004492109932034749,0.03658189076671792,0.08411206519388603,-0.1734390216187549,78.11568682601539,0.9040866923765152,0.5721828356701217,0.017531524019343363,144648700.0,0.06944780527970607,0.012115155322384096,0.010061895760350848,0,-0.014075945568625792,train
2021-07-16,148.4600067138672,149.75999450683594,145.8800048828125,146.38999938964844,93251400.0,13651072389.083862,-0.014075945568625792,0.008820886044469844,0.0664383684223222,-0.13584891019227996,70.18326062189395,0.6455145725345046,0.4079498715663667,0.018404866516376583,-48493500.0,0.048879383219478933,0.01468044737793827,0.01096063242114599,0,-0.026914423511397723,train
2021-07-19,143.75,144.07000732421875,141.6699981689453,142.4499969482422,121434600.0,17298358399.41101,-0.026914423511397723,-0.014186872330503864,0.017790726742858087,0.26407677195063073,58.18737767412659,0.1610509983981805,0.14614091207925328,0.019929675198052842,-93628400.0,0.016284059163027775,0.019680959491907284,0.012711558650395888,1,0.025974005107115117,train
2021-07-20,143.4600067138672,147.10000610351562,142.9600067138672,146.14999389648438,96350000.0,14081551911.92627,0.025974005107115117,0.0035017475211016613,0.029080337274882684,-0.23138844925117752,64.34978486446346,0.047599262862274117,0.3509930315676585,0.020310238559021834,-98105500.0,0.037554971341836385,0.02341987648002364,0.01344061728837863,0,-0.005131714206784155,train
2021-07-21,145.52999877929688,146.1300048828125,144.6300048828125,145.39999389648438,74993500.0,10904054442.276,-0.005131714206784155,-0.025142475048323787,0.005741070278873606,-0.2505859487908424,62.34400948498872,-0.11145901006665682,0.2725760684686813,0.019703491273336208,-300149800.0,0.028063107544501698,0.019508031334629642,0.013499636281150126,1,0.009628674099327439,train
2021-07-22,145.94000244140625,148.1999969482422,145.80999755859375,146.8000030517578,77338200.0,11353247996.017456,0.009628674099327439,-0.011314606170005792,0.024853374909732606,0.030786568534466596,64.56439961395733,-0.15330188048388038,0.33808657514080426,0.01948401122070055,-115991300.0,0.03317710541816998,0.020579611640384535,0.013467237832359502,1,0.011989063148829748,train
2021-07-23,147.5500030517578,148.72000122070312,146.9199981689453,148.55999755859375,71447400.0,10614225569.567871,0.011989063148829748,0.014823404453806921,0.023775046059755,-0.07922649635601431,67.18406105101826,-0.09616010489643223,0.43240265666365646,0.018801103257044947,48707500.0,0.04001930097647399,0.020084107276317816,0.013455360401420827,1,0.002894506876931713,train
2021-07-26,148.27000427246094,149.8300018310547,147.6999969482422,148.99000549316406,72434100.0,10791956956.892397,0.002894506876931713,0.045910906879823354,0.031072702374837835,0.013715668162564754,67.81020391807544,-0.06462960476374491,0.44316823523797333,0.018428944208671034,242576200.0,0.0372639784303852,0.011558588070007005,0.013348627901174246,0,-0.014900336524955593,train
2021-07-27,149.1199951171875,149.2100067138672,145.5500030517578,146.77000427246094,104818600.0,15384226369.833374,-0.014900336524955593,0.004242288073003309,0.007758891015848368,0.36955404980600903,61.30655698676086,-0.21977472627433503,0.23568793697712934,0.019152645539661086,41407600.0,0.017561396983032163,0.011058563003923277,0.014006263951208346,0,-0.012196010716187922,train
2021-07-28,144.80999755859375,146.97000122070312,142.5399932861328,144.97999572753906,118931200.0,17242644867.871094,-0.012196010716187922,-0.002888570746738317,-0.027958419977136884,0.12631393646997324,56.5933763492692,-0.45584950820437875,0.03278419234039653,0.020186749611736856,-2530100.0,0.002146236722634809,0.01239207769425394,0.014368344396686345,1,0.0045523774421245555,train
2021-07-29,144.69000244140625,146.5500030517578,144.5800018310547,145.63999938964844,56699500.0,8257715145.393372,0.0045523774421245555,-0.007901932138927759,-0.019127131058799485,-0.7407797730758467,57.879195070632754,-0.5728809746377905,0.0662875008594596,0.019626071492534924,-23168800.0,0.0036973541098834772,0.011531113417964737,0.01436798908209526,1,0.001510582406104799,train
2021-07-30,144.3800048828125,146.3300018310547,144.11000061035156,145.86000061035156,70440600.0,10274465958.99353,0.001510582406104799,-0.018174454716029964,-0.0036204575552061247,0.21700440568613644,58.32238514406748,-0.6359376305759441,0.051216854977924775,0.019283870334785676,-24175600.0,0.0022469160041687086,0.009169829310209088,0.014371489102612775,0,-0.002330977214232255,train
2021-08-02,146.36000061035156,146.9499969482422,145.25,145.52000427246094,62880000.0,9150297868.652344,-0.002330977214232255,-0.023290161036085943,0.0215514734291935,-0.11354165165139207,57.318640875185416,-0.6961466922970478,-0.05466210628361429,0.018782732481144683,-159489700.0,-0.001995705320259833,0.008515037486729375,0.013877702215220371,1,0.012644284523559701,train
2021-08-03,145.80999755859375,148.0399932861328,145.17999267578125,147.36000061035156,64786600.0,9546953415.542604,0.012644284523559701,0.004019870005558923,0.008279211525141772,0.02987064326177702,61.20945990476919,-0.6107059797880989,0.2660830870174436,0.018609636019221307,10115500.0,0.00877613831989188,0.009131883076253297,0.013785420467365656,0,-0.00278232668574363,train
2021-08-04,147.27000427246094,147.7899932861328,146.27999877929688,146.9499969482422,56368300.0,8283321512.9776,-0.00278232668574363,0.013588089934871705,0.0106602690290436,-0.13919184579224364,59.89913557082791,-0.5806515749592607,0.1587344116996369,0.018062559157883178,72678400.0,0.00515056801721081,0.006306736155555366,0.013288146600620294,1,0.0007485580989179397,train
2021-08-05,146.97999572753906,147.83999633789062,146.1699981689453,147.05999755859375,46397700.0,6823245648.724365,0.0007485580989179397,0.009750056130845008,0.001771079710020551,-0.1946570509028902,60.14564192573385,-0.5523788561001757,0.15341799860901636,0.017570966146074656,62376600.0,0.004590530651108926,0.006259505407033582,0.013074647008355185,0,-0.006255937605185613,train
2021-08-06,146.35000610351562,147.11000061035156,145.6300048828125,146.13999938964844,54126800.0,7910090518.963623,-0.006255937605185613,0.001919640601434347,-0.01628970253577744,0.15407955000494766,56.99026246796173,-0.5911780988129292,-0.06950769982159864,0.01714198565714204,-62190800.0,-0.002045209891905375,0.007278922137295292,0.012880078564869972,0,-0.0003421585600564825,train
2021-08-09,146.1999969482422,146.6999969482422,145.52000427246094,146.08999633789062,48908700.0,7145071803.890991,-0.0003421585600564825,0.003916932715054555,-0.019464454314732538,-0.10137414538317202,56.81579648570022,-0.613114356841479,-0.1036139910951388,0.016499946499155645,-48219500.0,-0.0029279641829658143,0.007145165103796563,0.012835790345556876,0,-0.00335403002709167,train
2021-08-10,146.44000244140625,147.7100067138672,145.3000030517578,145.60000610351562,69023100.0,10049763781.28357,-0.00335403002709167,-0.011943502304195164,-0.00797164362531022,0.34448593045398823,55.03773707076885,-0.6500128303312871,-0.22129927112793712,0.016555241785105184,-182029200.0,-0.006258611330838049,0.002741928678187369,0.01274681867063403,1,0.00178567648308392,train
2021-08-11,146.0500030517578,146.72000122070312,145.52999877929688,145.86000061035156,48493500.0,7073261939.598084,0.00178567648308392,-0.007417464175072719,0.006069836589499555,-0.35301145670203127,55.827667660329126,-0.6450112668464008,-0.12898815982653988,0.015928074508695468,-77167400.0,-0.003365154550491467,0.0032881340363492256,0.011441913768943445,1,0.020773335846824503,train
2021-08-12,146.19000244140625,149.0500030517578,145.83999633789062,148.88999938964844,72282600.0,10762156269.882202,0.020773335846824503,0.012443913106455318,0.022315298088575686,0.3991536611700539,63.80792985594761,-0.4357644495640143,0.643791181566413,0.01602933292033293,-51282500.0,0.017195793105568402,0.010647027194396485,0.012397039202738935,1,0.0014104823341263284,train
2021-08-13,148.97000122070312,149.44000244140625,148.27000427246094,149.10000610351562,59375000.0,8852812862.39624,0.0014104823341263284,0.020254596457024876,0.022213118604183846,-0.1967101709377772,64.28947660378573,-0.2884418382888123,0.6126681521279921,0.015423920975570691,62219300.0,0.01768843580193491,0.009563926823845803,0.011932661593809834,1,0.013547880154139325,train
2021-08-16,148.5399932861328,151.19000244140625,146.47000122070312,151.1199951171875,103296000.0,15610091015.625,0.013547880154139325,0.03443082281734755,0.038482618748701736,0.553725383691436,68.61507885470418,-0.07148875516969122,0.9801391654439017,0.016361732204280156,214424000.0,0.02843295521701883,0.009975937697188686,0.010267355968258791,0,-0.006154001494375949,train
2021-08-17,150.22999572753906,151.67999267578125,149.08999633789062,150.19000244140625,92229700.0,13851978868.170166,-0.006154001494375949,0.03152469880136777,0.01920468118439933,-0.11331644754123715,64.7277094694991,-0.01036368277236388,0.6571465687832516,0.01651888529478584,191217400.0,0.020700824989206,0.01074004349311723,0.00890850238847512,0,-0.025501043803157875,train
2021-08-18,149.8000030517578,150.72000122070312,146.14999389648438,146.36000061035156,86326000.0,12634673412.689207,-0.025501043803157875,0.003427944590070897,-0.004014946241192696,-0.06615137642441127,51.729616504458434,-0.2351610543146867,-0.18349924762254885,0.017970676837178512,56397900.0,-0.00565248088350534,0.01804104451477519,0.010682502975672825,1,0.002323014050784167,train
2021-08-19,145.02999877929688,148.0,144.5,146.6999969482422,86960300.0,12757075744.618223,0.002323014050784167,-0.014708861914056182,-0.002447984607154119,0.007320865245809216,52.63884209918968,-0.3607293039268362,-0.10732121092732412,0.01835254081763441,71075600.0,-0.0033087387167837212,0.014472261486146321,0.010472571544119853,1,0.010156820205591055,train
2021-08-20,147.44000244140625,148.5,146.77999877929688,148.19000244140625,60549600.0,8972845371.826172,0.010156820205591055,-0.006103310696564224,0.014027665665249822,-0.36198882378649344,56.50540032890503,-0.3433070944541936,0.22689032142017332,0.017737909975945237,72250200.0,0.006941036424278568,0.015604038311449383,0.010369850897707186,1,0.010257131030562805,train
2021-08-23,148.30999755859375,150.19000244140625,147.88999938964844,149.7100067138672,60131800.0,9002332181.716919,0.010257131030562805,-0.009330257073042691,0.02477931731618277,-0.006924044007920571,60.08534447900917,-0.23447761809784762,0.5414867116554168,0.017401048412879767,29086000.0,0.017020581056720996,0.014883167229921654,0.010608696268515586,0,-0.0006012396810035625,train
2021-08-24,149.4499969482422,150.86000061035156,149.14999389648438,149.6199951171875,48606400.0,7272489330.6640625,-0.0006012396810035625,-0.0037952414605034734,0.02760981349694336,-0.21278360632143034,59.771601406467965,-0.17627388825096024,0.4708988159014748,0.016984194171073067,72709300.0,0.015426136896130371,0.014681329800445973,0.009994829270129763,0,-0.008421297606974743,train
2021-08-25,149.80999755859375,150.32000732421875,147.8000030517578,148.36000061035156,58991300.0,8751949304.005432,-0.008421297606974743,0.01366493571781624,0.017139722950354708,0.19363476230464371,55.40997546326333,-0.22711634341308096,0.18264548612008893,0.017118245080728338,100044000.0,0.00572141491123257,0.007864934256217537,0.009765343461900847,0,-0.005527145597501004,train
2021-08-26,148.35000610351562,149.1199951171875,147.50999450683594,147.5399932861328,48597200.0,7170030561.7248535,-0.005527145597501004,0.005725946526004222,-0.00906713754483024,-0.19382405570197037,52.714015792881106,-0.315044991058512,-0.015890431391769825,0.016763308373578773,-35513500.0,-0.00048103986066749815,0.008708054978069384,0.00984292374271741,1,0.007184579541948732,train
2021-08-27,147.47999572753906,148.75,146.8300018310547,148.60000610351562,55802400.0,8292236980.59082,0.007184579541948732,0.002766743068726818,-0.0033534539204033154,0.13825096048005747,55.71368294140333,-0.300912636039935,0.19531981396119663,0.016377790825351523,-40260700.0,0.00576661454562144,0.008015348344573583,0.009948886729453215,1,0.03041715227469921,train
2021-08-30,149.0,153.49000549316406,148.61000061035156,153.1199951171875,90956700.0,13927289459.875488,0.03041715227469921,0.02277729109876825,0.013234516044346556,0.4885666829596289,65.70428109415433,-0.00205782472663385,0.9680997586261261,0.01704014506382646,-9435800.0,0.03370055116771753,0.015591432140017257,0.011882569499659922,0,-0.008424721311841354,train
2021-08-31,152.66000366210938,152.8000030517578,151.2899932861328,151.8300018310547,86453100.0,13126174331.300354,-0.008424721311841354,0.014770797928019164,0.01091949772281442,-0.05078149816370825,61.44401921239727,0.08881423616165907,0.6256310330465241,0.016818354868942082,-47282500.0,0.023447702878103494,0.01660484119403202,0.011880607719916036,1,0.004478644981759983,train
2021-09-01,152.8300018310547,154.97999572753906,152.33999633789062,152.50999450683594,80313700.0,12248641945.82367,0.004478644981759983,0.02797245807098503,0.04201963563021072,-0.07366185286798554,62.81281117334213,0.17008055102178798,0.6486489179343111,0.0170227227548139,92022500.0,0.02610850937883802,0.015331032666554013,0.01185177087783314,1,0.007474915944589711,train
2021-09-02,153.8699951171875,154.72000122070312,152.39999389648438,153.64999389648438,71115500.0,10926896140.945436,0.007474915944589711,0.04141250432689181,0.04737557663817982,-0.12163489913872283,65.05278687096961,0.2700349616944133,0.714972173821531,0.01676805743889216,211735200.0,0.03149184859073961,0.014012361621793572,0.011911911773303056,1,0.0042304535053308,train
2021-09-03,153.75999450683594,154.6300048828125,153.08999633789062,154.3000030517578,57808700.0,8919882586.418152,0.0042304535053308,0.03835798596314688,0.04123085572366758,-0.20716602924355243,66.2992766406783,0.3445774370479677,0.7047253194929547,0.016217647834863,213741500.0,0.03302605823850335,0.014129050314901628,0.011746921325143241,1,0.01548930228372547,train
2021-09-07,154.97000122070312,157.25999450683594,154.38999938964844,156.69000244140625,82278300.0,12892187027.874756,0.01548930228372547,0.023315095598628544,0.04662344141684227,0.3529681148871049,70.46992622014236,0.5095413140643763,0.8632533779019901,0.016178884301779193,205063100.0,0.045317800314909285,0.008611392786349599,0.01205443486040843,0,-0.010083616098260806,train
2021-09-08,156.97999572753906,157.0399932861328,153.97999572753906,155.11000061035156,74420200.0,11543317267.422483,-0.010083616098260806,0.021603100439573364,0.03669299339880405,-0.10037999176647006,64.76380106982646,0.46801434388342855,0.5968054530449178,0.016585418590750245,217096000.0,0.03150510078469626,0.009249380120016472,0.012348431524896017,0,-0.006704875778740793,train
2021-09-09,155.49000549316406,156.11000061035156,153.9499969482422,154.07000732421875,57305700.0,8829089618.719482,-0.006704875778740793,0.010228921864611884,0.038487508023566264,-0.2613273111383876,61.24828538482949,0.33263520788784984,0.427459448912797,0.016506104697370193,79476600.0,0.021799587069641024,0.01047218395870401,0.012545467506169876,0,-0.03310187486902216,train
2021-09-10,155.0,155.47999572753906,148.6999969482422,148.97000122070312,140893200.0,20988860175.98877,-0.03310187486902216,-0.030458788556374516,0.009692341057634613,0.8996020509961582,47.60218794313609,-0.11433052540857958,-0.23650720060769292,0.01910271587945337,-132532100.0,-0.012050104124662009,0.018153035983437447,0.014166153773838995,1,0.003893413615506436,train
2021-09-13,150.6300048828125,151.4199981689453,148.75,149.5500030517578,102404300.0,15314563377.513124,0.003893413615506436,-0.030784186040532235,0.006392980546584992,-0.3190734499829837,48.9939954987036,-0.37041659989827447,-0.1646170500177987,0.01894469516262716,-87936500.0,-0.008351576454354803,0.018105956170898087,0.01418889641250576,0,-0.009562072252685905,train
2021-09-14,150.35000610351562,151.07000732421875,146.91000366210938,148.1199951171875,109296300.0,16188967422.32666,-0.009562072252685905,-0.05469402763857556,-0.032654128523014525,0.0651338382983937,45.76620940400634,-0.6208684201486199,-0.32511730132452593,0.01976743512278199,-279511100.0,-0.016855923475288304,0.013524049206049205,0.013988259731116918,1,0.006143692223250508,train
2021-09-15,148.55999755859375,149.44000244140625,146.3699951171875,149.02999877929688,83281300.0,12411412037.338257,0.006143692223250508,-0.03919800017490893,-0.01844169807014462,-0.27183850579210045,48.109050751036726,-0.7039105426011776,-0.1997509065065815,0.019714817141993052,-121809600.0,-0.01043483073080187,0.015617534497557315,0.014015820397901965,0,-0.0016104508832446296,train
2021-09-16,148.44000244140625,148.97000122070312,147.22000122070312,148.7899932861328,68034100.0,10122793282.228088,-0.0016104508832446296,-0.03427022643657629,-0.024391852040466677,-0.2022149814142722,47.52591969022832,-0.7494568476047894,-0.25713823345558956,0.019205058247782306,-132538000.0,-0.012824892631519313,0.015876288029622015,0.01271182256661033,0,-0.018347979371765355,train
2021-09-17,148.82000732421875,148.82000732421875,145.75999450683594,146.05999755859375,129868800.0,18968636610.9375,-0.018347979371765355,-0.01953415881227072,-0.04939796055575563,0.64651565300165,41.38162056644196,-0.9263110840074653,-0.6055471665675327,0.019663044458331544,-121513600.0,-0.03073177599770327,0.01009527363922406,0.013411185263827934,0,-0.02136105141269684,train
2021-09-20,143.8000030517578,144.83999633789062,141.27000427246094,142.94000244140625,123478900.0,17650074267.46216,-0.02136105141269684,-0.044199267639358775,-0.07362281520202563,-0.05045441840255194,35.70096558035135,-1.1989731962474703,-0.8521132008359968,0.02105068435264873,-347396800.0,-0.049781106516483375,0.011450101992810314,0.01397821894302049,1,0.003427943374884501,train
2021-09-21,143.92999267578125,144.60000610351562,142.77999877929688,143.42999267578125,75834000.0,10876870064.575195,0.003427943374884501,-0.03166353359447305,-0.08462575505149761,-0.48752354528785347,37.15993351939154,-1.2842788964846519,-0.6892346455678212,0.020386655890149895,-162266500.0,-0.04452938439995735,0.012683128758649652,0.013752112791863115,1,0.016872436389261614,train
2021-09-22,144.4499969482422,146.42999267578125,143.6999969482422,145.85000610351562,76404300.0,11143567621.33484,0.016872436389261614,-0.02133793666931849,-0.05969953239893133,0.007492236319702528,43.92713460213805,-1.1215846589058072,-0.40672766094537105,0.020085582569570007,-169143500.0,-0.02718670118659927,0.015839868947173975,0.014389315525032809,1,0.0067192025130498045,train
2021-09-23,146.64999389648438,147.0800018310547,145.63999938964844,146.8300018310547,64838200.0,9520193024.72229,0.0067192025130498045,-0.013172871453182577,-0.04699166060223836,-0.1641440391358735,46.442404572662234,-0.901319812806074,-0.2974749320593671,0.019226935120920285,-36271200.0,-0.02015020197266615,0.016600572517998877,0.014386383868323296,1,0.0006129288072487249,train
2021-09-24,145.66000366210938,147.47000122070312,145.55999755859375,146.9199981689453,53477900.0,7856972970.079041,0.0006129288072487249,0.005887995513669475,-0.013761180338051293,-0.19262644811719198,46.67895072157198,-0.7112608634913229,-0.28391496404782873,0.018771239007836883,147075500.0,-0.019346753516003568,0.014056862610467414,0.0143370827147476,0,-0.010549980064493591,train
2021-09-27,145.47000122070312,145.9600067138672,143.82000732421875,145.3699951171875,74150700.0,10779286896.936035,-0.010549980064493591,0.017000088388674506,-0.02795057070726803,0.3268310192027215,43.14456980481742,-0.6531374116050903,-0.4072686854933516,0.019139490050842246,196403700.0,-0.028645530192937585,0.009935954606590594,0.014410250845871246,0,-0.0238012765446467,train
2021-09-28,143.25,144.75,141.69000244140625,141.91000366210938,108972300.0,15464259492.06848,-0.0238012765446467,-0.010597427952937055,-0.04192540953140722,0.38499420832021514,36.500706407984346,-0.8011578664256402,-0.6385597375003896,0.020057979466609217,11597400.0,-0.048200299734273755,0.015711574230760545,0.013241488054795119,1,0.006482969101571312,train
2021-09-29,142.47000122070312,144.4499969482422,142.02999877929688,142.8300018310547,74602000.0,10655403796.600342,0.006482969101571312,-0.02070623343215716,-0.04160234180384015,-0.3789264007630315,39.18246680125773,-0.7892791452789991,-0.49608363875580097,0.01977553534845869,9795100.0,-0.03912973273547715,0.013048068389922928,0.013380989213248639,0,-0.009311781936598096,train
2021-09-30,143.66000366210938,144.3800048828125,141.27999877929688,141.5,89056700.0,12601523050.0,-0.009311781936598096,-0.03630049557029558,-0.048995185261643814,0.1771059268578874,36.76513010464889,-0.8195922373520397,-0.5395164239050736,0.020100465852554955,-144099800.0,-0.04453867702385539,0.011613414039090353,0.013332460051190537,1,0.00812716534617941,train
2021-10-01,141.89999389648438,142.9199981689453,139.11000061035156,142.64999389648438,94639600.0,13500338362.365725,0.00812716534617941,-0.029063465325876225,-0.023346595365657308,0.060802746920742834,40.200480533717105,-0.7146257280786921,-0.40254998058218633,0.020422015041517107,-102938100.0,-0.033182912549312604,0.013264403350522471,0.013361881460235425,0,-0.02460564077824645,train
2021-10-04,141.75999450683594,142.2100067138672,138.27000427246094,139.13999938964844,98322000.0,13680523019.989014,-0.02460564077824645,-0.04285613219231976,-0.026584601838911426,0.03817181327789143,34.10952211216518,-0.8261319000769658,-0.6153159831198906,0.02169017535406607,-127109400.0,-0.05210235407529018,0.015772267108821632,0.014010046957125051,1,0.014158410445197056,train
2021-10-05,139.49000549316406,142.24000549316406,139.36000061035156,141.11000061035156,80861100.0,11410309870.3537,0.014158410445197056,-0.00563739716096856,-0.01617508320365013,-0.19551493671623987,39.637500624625,-0.715870170360307,-0.43490025704740676,0.021428889686995457,62724000.0,-0.03355271959759254,0.015774860884082503,0.013910091545104452,1,0.00630713192402288,train
2021-10-06,139.47000122070312,142.14999389648438,138.3699951171875,142.0,83221100.0,11817396200.0,0.00630713192402288,-0.005811116855101939,-0.026397023945155862,0.028768053213504174,42.004750000096735,-0.5396802991303409,-0.3361777180515711,0.02167494821822987,71343100.0,-0.023071337204983222,0.015754107710242,0.014084637260771185,1,0.009084459761498742,train
2021-10-07,143.05999755859375,144.22000122070312,142.72000122070312,143.2899932861328,61732700.0,8845678168.534851,0.009084459761498742,0.012650129230620477,-0.02410957229977473,-0.29868714294912024,45.350151037879606,-0.304647393647248,-0.18134159529889002,0.021052190667446655,222132500.0,-0.010527299592237083,0.015492605665490164,0.014382724566247899,0,-0.00272174895611621,train
2021-10-08,144.02999877929688,144.17999267578125,142.55999755859375,142.89999389648438,58773200.0,8398689921.276855,-0.00272174895611621,0.0017525412597032552,-0.027361858988306564,-0.0491278048050674,44.5141345222883,-0.15157248231736586,-0.19973597666912146,0.020411568646155523,68719700.0,-0.011147972507296489,0.015285821722394559,0.012586255552978471,0,-0.0006297854565047167,train
2021-10-11,142.27000427246094,144.80999755859375,141.80999755859375,142.80999755859375,64452200.0,9204418524.645996,-0.0006297854565047167,0.026376298584476876,-0.017610219746723166,0.09223789360046553,44.31113519947598,-0.03840073548026579,-0.1825553959264597,0.02046603886978486,102589500.0,-0.009460795416381451,0.006951627750859555,0.012515182031880805,0,-0.009103025516294383,train
2021-10-12,143.22999572753906,143.25,141.0399932861328,141.50999450683594,73035900.0,10335309807.80182,-0.009103025516294383,0.0028346247236501476,-0.0028187523426880245,0.12502723547130046,41.3758657974726,-0.03330444770991736,-0.32371642122552924,0.02029428650572388,-51307500.0,-0.016222517888251464,0.007267250370826362,0.012501437638460356,0,-0.004239918507647045,train
2021-10-13,141.24000549316406,141.39999389648438,139.1999969482422,140.91000366210938,78762700.0,11098452345.437622,-0.004239918507647045,-0.007676030548525503,-0.013442541093126703,0.07548843246314618,40.05700634770917,-0.05146586846951284,-0.38163569050474716,0.02009589371309627,-213291300.0,-0.017620879051148064,0.0067005869503063385,0.012351167757754817,1,0.02022561046524851,train
2021-10-14,142.11000061035156,143.8800048828125,141.50999450683594,143.75999450683594,69907100.0,10049844311.98883,0.02022561046524851,0.0032800700867128274,0.015971692627815726,-0.1192723151779056,48.46075405616558,0.13703435408689946,0.1008663036087576,0.01976620989247179,-205116900.0,0.004008743714831509,0.011349317926799649,0.013377320404354439,1,0.007512533892058082,train
2021-10-15,143.77000427246094,144.89999389648438,143.50999450683594,144.83999633789062,67940300.0,9840472803.19519,0.007512533892058082,0.01357594488640479,0.015352278549660925,-0.028537838960517092,51.24992769394195,0.331915704976546,0.3119477626854287,0.018902963512008205,-78403400.0,0.011982517953211591,0.011498421272590964,0.012918565942125093,1,0.01180617755525204,train
2021-10-18,143.4499969482422,146.83999633789062,143.16000366210938,146.5500030517578,85589200.0,12543097521.19751,0.01180617755525204,0.026188681164493133,0.053255740222898584,0.23092972554486124,55.36841566940151,0.5600295578261874,0.5527719753161253,0.019141569924489094,71638000.0,0.022640474936236332,0.011920977880262132,0.01218609542703272,1,0.01508011879261173,train
2021-10-19,147.00999450683594,149.1699981689453,146.5500030517578,148.75999450683594,76378900.0,11362124744.438171,0.01508011879261173,0.05123313038959787,0.05421298181132017,-0.11385262553677933,60.06414433997924,0.8276462314610997,0.7707059010371539,0.01876827452732566,221052800.0,0.036135151431834656,0.00925427183755765,0.012564898501333901,1,0.003361118704377386,train
2021-10-20,148.6999969482422,149.75,148.1199951171875,149.25999450683594,58418800.0,8719589767.095947,0.003361118704377386,0.05925761569596677,0.05112672187912626,-0.2680687201546945,61.06229284030075,0.9949795666315346,0.7406344331604423,0.01814934423212413,358234300.0,0.03838458748539808,0.006541051031256058,0.01207111636567997,1,0.0014739463272126496,train
2021-10-21,148.80999755859375,149.63999938964844,147.8699951171875,149.47999572753906,61421000.0,9181210817.581177,0.0014739463272126496,0.03978854646124197,0.043199125768996094,0.050114039547036526,61.5180453383596,1.0705487304661057,0.6989985340704155,0.017673949976433723,349748200.0,0.03895741515568285,0.00567547147446719,0.012002264979034592,0,-0.005284943194491021,train
2021-10-22,149.69000244140625,150.17999267578125,148.63999938964844,148.69000244140625,58883400.0,8755372889.7583,-0.005284943194491021,0.026581097768976214,0.04051790617371265,-0.042192578201394326,58.85414055017763,1.0177449420330318,0.5668366020242647,0.01723851074021914,222924500.0,0.032831270320135664,0.008191752426446755,0.012083510903634383,0,-0.0003362906109138919,train
2021-10-25,148.67999267578125,149.3699951171875,147.6199951171875,148.63999938964844,50720600.0,7539109953.042603,-0.0003362906109138919,0.014261318965326009,0.0408234852651872,-0.14922707487354714,58.68093134753786,0.9321523373739398,0.5148868957951926,0.016853531445416636,86614700.0,0.03131267083552358,0.007550826677187584,0.011796857837021394,1,0.004574865025313457,train
2021-10-26,149.3300018310547,150.83999633789062,149.00999450683594,149.32000732421875,60893400.0,9092602933.996582,0.004574865025313457,0.0037645391103928727,0.0551905386230902,0.1827926514529743,60.388270870461874,0.874958275677367,0.52671276889192,0.016630826887516135,71129200.0,0.03337434252290361,0.0038591417053217385,0.010237685314004173,0,-0.0031476104851951847,train
2021-10-27,149.36000061035156,149.72999572753906,148.49000549316406,148.85000610351562,56094900.0,8349726207.376099,-0.0031476104851951847,-0.0027468070374445652,0.0563480394227065,-0.08207989374863445,58.58635086372836,0.7631769732067443,0.4295610899742692,0.01608670587084359,-43384500.0,0.02798031477775087,0.0038591890226118714,0.010271772215862167,1,0.02499160946030532,train
2021-10-28,149.82000732421875,153.1699981689453,149.72000122070312,152.57000732421875,100077900.0,15268885935.992432,0.02499160946030532,0.020671739931755972,0.06128278487770733,0.5789039755850993,66.98366739135872,0.8886979388389968,0.7053765903599428,0.016595928723810893,-4727600.0,0.049658817748695405,0.012216308943181257,0.011094102123974325,0,-0.0181556278395828,train
2021-10-29,147.22000122070312,149.94000244140625,146.41000366210938,149.8000030517578,124953200.0,18717989741.326904,-0.0181556278395828,0.007465200027748864,0.03424473100852765,0.22199038248282577,57.615430294164135,0.7401728412719724,0.3937206234699955,0.0186327176408098,-70797400.0,0.028073006294154323,0.015593187660456793,0.012072054992336604,0,-0.005607452074619768,train
2021-11-01,148.99000549316406,149.6999969482422,147.8000030517578,148.9600067138672,74588300.0,11110673668.77594,-0.005607452074619768,0.002152901813325947,0.016444923998113037,-0.5159556033447252,55.09883707722061,0.54914850539367,0.28582241607576553,0.018358405586995304,-94665100.0,0.018874812286616915,0.015930137227742523,0.010466127324287866,1,0.007115987586049588,train
2021-11-02,148.66000366210938,151.57000732421875,148.64999389648438,150.02000427246094,69122000.0,10369682735.321045,0.007115987586049588,0.0046878978965108065,0.008470084781880605,-0.07611059812584742,57.61478013660742,0.46150183284477975,0.3618211355047126,0.018316938306105878,-86436500.0,0.023007817234156347,0.01613066991624105,0.010202663263613573,1,0.009798701365408391,train
2021-11-03,150.38999938964844,151.97000122070312,149.82000732421875,151.49000549316406,54511500.0,8257947434.440613,0.009798701365408391,0.01773597098687718,0.014940446659509998,-0.23746136680058783,60.88783015861345,0.46835848016007,0.4727536274709279,0.017857277539021107,24169900.0,0.02970017981600348,0.016328406510727193,0.010289653775930068,0,-0.003498572579567205,train
2021-11-04,151.5800018310547,152.42999267578125,150.63999938964844,150.9600067138672,60394600.0,9117169221.481323,-0.003498572579567205,-0.01055253675730794,0.00990106387898071,0.10248800659929813,59.11535418999326,0.40538572939960305,0.3772448078349932,0.017486931062483044,-136302600.0,0.023429912675956732,0.011164119400754034,0.010301387841167499,1,0.0021197141706292832,train
2021-11-05,151.88999938964844,152.1999969482422,150.05999755859375,151.27999877929688,65463900.0,9903378712.088013,0.0021197141706292832,0.00987981106400726,0.017418765857585283,0.080599147414123,59.874833126228765,0.3552668742963123,0.3761905913142855,0.017213942774796914,54114500.0,0.0226942237226897,0.006616532418905607,0.01022484677056688,0,-0.005552593499925207,train
2021-11-08,151.41000366210938,151.57000732421875,150.16000366210938,150.44000244140625,55020900.0,8277344330.328369,-0.005552593499925207,0.009935524038891419,0.012109816059937106,-0.17378572971671247,56.88742448991319,0.2409944301464919,0.253510223617564,0.016743092279452573,73681900.0,0.01439943548103817,0.006600820332326416,0.01037254910819753,1,0.0024594197765426262,train
2021-11-09,150.1999969482422,151.42999267578125,150.05999755859375,150.80999755859375,56787900.0,8564183060.357666,0.0024594197765426262,0.005265919634944494,0.009978503625035273,0.03161016124808569,57.884202903500935,0.16917166244043536,0.276310341526002,0.016157888655369122,61347800.0,0.013715822414690493,0.005999022959970961,0.009998075050719769,0,-0.01916318172822462,train
2021-11-10,150.02000427246094,150.1300048828125,147.85000610351562,147.9199981689453,65187100.0,9642475712.638857,-0.01916318172822462,-0.023565959434728834,-0.006247953620663993,0.13793831946313873,48.45963883806863,-0.08071021221625063,-0.21404204706992677,0.016726230789103347,-58350800.0,-0.008047230699668284,0.008790849014380594,0.011083256111304595,0,-0.0003380411869712274,train
2021-11-11,148.9600067138672,149.42999267578125,147.67999267578125,147.8699951171875,41000000.0,6062669799.804688,-0.0003380411869712274,-0.02046907431937628,-0.03080561041754093,-0.4636895208423404,48.313067427008995,-0.2476709783171409,-0.31540810031875843,0.016382089228925596,-38956200.0,-0.009747204073231375,0.009012110043411122,0.010275625412536774,1,0.014336988205730705,train
2021-11-12,148.42999267578125,150.39999389648438,147.47999572753906,149.99000549316406,63804000.0,9569962310.48584,0.014336988205730705,-0.008527189955988779,0.0012683740823462575,0.442243808888648,54.58491362042005,-0.21485636110627038,0.1099124235695941,0.0163874971733609,-40616100.0,0.002720922695290673,0.012207928960429744,0.010595503844031674,1,6.663448543164918e-05,train
2021-11-15,150.3699951171875,151.8800048828125,149.42999267578125,150.0,59222800.0,8883420000.0,6.663448543164918e-05,-0.0029247702357464433,0.006981694678159567,-0.07450928021821568,54.61287479313862,-0.1927131826645443,0.07637305457770416,0.016382620233667714,73627600.0,0.0016326508279325136,0.012016158112948398,0.010334051434358735,1,0.006666666666666599,train
2021-11-16,149.94000244140625,151.49000549316406,149.33999633789062,151.0,59256200.0,8947686200.0,0.006666666666666599,0.0012598796133023171,0.006532433673040128,0.0005638130018148502,57.436553864087735,-0.11480036724138643,0.3521431916932544,0.01612872214329493,76095900.0,0.00755666275282274,0.0124182076736452,0.00990214017422332,1,0.016490102603735624,train
2021-11-17,151.0,155.0,150.99000549316406,153.49000549316406,88807000.0,13630986917.83142,0.016490102603735624,0.03765553943461408,0.013202191085076143,0.4045950542137007,63.52207498436419,0.08933378058289909,0.8949817681667747,0.0165998132952016,230090000.0,0.022728050284795076,0.007825202740165807,0.010498502376280684,1,0.02853599235957094,train
2021-11-18,153.7100067138672,158.6699981689453,153.0500030517578,157.8699951171875,137827700.0,21758858326.013184,0.02853599235957094,0.06762697186859956,0.04577363603605056,0.43953887461865904,71.29628910263236,0.4822907270255836,1.2547470883094618,0.01752923606029057,408917700.0,0.04898050580063562,0.010752651477334788,0.012120355318589878,1,0.016976043690765552,train
2021-11-19,157.64999389648438,161.02000427246094,156.52999877929688,160.5500030517578,117305600.0,18833414437.98828,0.016976043690765552,0.07040467479064816,0.061277130798929935,-0.16122185771907738,74.83090090844453,0.8634105949957174,1.1639200716563154,0.01800303869297084,462419300.0,0.06260114250221083,0.01088518661699876,0.012358275471375314,1,0.002927444483147079,train
2021-11-22,161.67999267578125,165.6999969482422,161.0,161.02000427246094,117467900.0,18914681759.87701,0.002927444483147079,0.07346669514973958,0.07032705171070042,0.0013826094041426984,75.40295127392567,1.074126925355498,0.9550774494793742,0.018952852212278798,520664400.0,0.06136359373213951,0.010027738798805362,0.012320651873747937,1,0.0024220555167078217,train
2021-11-23,161.1199951171875,161.8000030517578,159.05999755859375,161.41000366210938,96041900.0,15502123430.715942,0.0024220555167078217,0.06894042160337333,0.07028715784838635,-0.2013805482911657,75.89258007329094,1.1594378388810789,0.8227157889843386,0.018769085383909537,557450100.0,0.05971178856266546,0.010972693851922701,0.01232550270566971,1,0.003283555958565998,train
2021-11-24,160.75,162.13999938964844,159.63999938964844,161.94000244140625,69463600.0,11248935553.588867,0.003283555958565998,0.05505242456075443,0.094780992739387,-0.32398167623370355,76.5750114182255,1.1679667682032941,0.7429005252152828,0.018474097635688608,538106700.0,0.05864240943896171,0.011633666075982513,0.01221335911265883,0,-0.031678429081589354,train
2021-11-26,159.57000732421875,160.4499969482422,156.36000061035156,156.80999755859375,76959800.0,12068066050.109863,-0.031678429081589354,-0.006714369996698277,0.06045852936101914,0.10248033183591687,59.12775277199054,0.7640528933372774,0.2961969932399702,0.020257473983250562,323319200.0,0.02368755852793436,0.01809391887055714,0.013648174794562895,1,0.02187365594013646,train
2021-11-29,159.3699951171875,161.19000244140625,158.7899932861328,160.24000549316406,88748200.0,14221012055.508425,0.02187365594013646,-0.0019308474163891587,0.06833788668983787,0.1425199371322705,64.88818917905827,0.6673402810661724,0.51642435861221,0.02036029487605944,294761800.0,0.042526705771891216,0.01940955391614079,0.013554930144431928,1,0.031577617231232535,train
2021-11-30,159.99000549316406,165.52000427246094,159.9199981689453,165.3000030517578,174048100.0,28770151461.15265,0.031577617231232535,0.026580540713778023,0.10200002034505218,0.6735285458125269,71.3116889977336,0.8707464300200156,0.7788324546545693,0.0207471022959435,351342000.0,0.06976097814563786,0.024211364025380263,0.01474360294995187,0,-0.003206284147078464,train
2021-12-01,167.47999572753906,170.3000030517578,164.52999877929688,164.77000427246094,152052500.0,25053691074.638367,-0.003206284147078464,0.02081655742592803,0.09119208127457568,-0.13510584101530299,69.86984747326056,0.8928732035207378,0.6498038106616281,0.021828458679914564,103247600.0,0.06126577991970983,0.024518880929051714,0.014857689157767319,0,-0.006129815739731703,train
2021-12-02,158.74000549316406,164.1999969482422,157.8000030517578,163.75999450683594,136739200.0,22392410640.86914,-0.006129815739731703,0.011238681227562664,0.06690982243875987,-0.10615039326227205,67.08613137195073,0.7675494360281401,0.5210099592291841,0.023434460278226713,-102955200.0,0.05060895217200323,0.02498022208181822,0.015002124194250278,0,-0.011724464053185835,train
2021-12-03,164.02000427246094,164.9600067138672,159.72000122070312,161.83999633789062,118023100.0,19100858071.7865,-0.011724464053185835,0.032077028618136216,0.025147281582901027,-0.14719509277106724,62.02700117609115,0.49655347058720123,0.35808859672053917,0.02433142030235087,-144018500.0,0.03468003922115215,0.01904658159392876,0.015327987450577299,1,0.021502787105003085,train
2021-12-06,164.2899932861328,167.8800048828125,164.27999877929688,165.32000732421875,107497000.0,17771404827.331543,0.021502787105003085,0.03170245667066829,0.029710396647723458,-0.09341742698727273,66.89940614155962,0.4919432730013562,0.5279483346608466,0.024727526983836668,-125269700.0,0.05220619091025047,0.018972214445436397,0.015834074642392473,1,0.035446316791349686,train
2021-12-07,169.0800018310547,171.5800018310547,168.33999633789062,171.17999267578125,120405400.0,20610995490.12451,0.035446316791349686,0.03557162441299133,0.06309767813773415,0.11340144116842765,73.1475730665882,0.8053033538387253,0.7779517608511592,0.024787363049554745,-178912400.0,0.08235928821622251,0.020288739017527157,0.017061464337052776,1,0.02278308985945654,train
2021-12-08,172.1300048828125,175.9600067138672,170.6999969482422,175.0800018310547,116998900.0,20484167626.231384,0.02278308985945654,0.06257205371886321,0.08469114589428828,-0.028699849081334605,76.34754936944721,1.1746176406184086,0.8520374628290246,0.024650085374154303,90139000.0,0.09858943426140221,0.02029250392360179,0.017402680532430912,0,-0.0029700951966102895,train
2021-12-09,174.91000366210938,176.75,173.9199981689453,174.55999755859375,108923700.0,19013720806.073,-0.0029700951966102895,0.0659501918297083,0.07793006624014165,-0.07151689529575833,75.06310379834309,1.2748907522892985,0.7362931943279943,0.02411556548590368,117954500.0,0.08624764610984803,0.019609858192269628,0.016440499121799727,1,0.028013287454401015,train
2021-12-10,175.2100067138672,179.6300048828125,174.69000244140625,179.4499969482422,115402700.0,20709014162.81891,0.028013287454401015,0.10881117776093663,0.14437854564208363,0.057780113050533544,78.69325195948957,1.5436256464409466,0.8704620726840356,0.023800890825764205,351380300.0,0.10581157145000186,0.014455706896585202,0.016860513399067575,0,-0.020674235264256824,train
2021-12-13,181.1199951171875,182.1300048828125,175.52999877929688,175.74000549316406,153237000.0,26929871221.75598,-0.020674235264256824,0.0630292626863369,0.09672990182630281,0.28355798968672374,70.32834459241077,1.351512035334328,0.6227399894747622,0.02524992740099926,90646300.0,0.0744254145871921,0.02352014708004952,0.018140162128095355,0,-0.008023236702153325,train
2021-12-14,175.25,177.74000549316406,172.2100067138672,174.3300018310547,139380400.0,24298185387.21313,-0.008023236702153325,0.018401736710198513,0.05462794078999167,-0.09477885599967806,67.39616321430145,1.0243179006430099,0.5119921845151443,0.025901815545765726,-169139500.0,0.05793680677132307,0.02080414008320919,0.018417015636914974,1,0.02850915601733095,train
2021-12-15,175.11000061035156,179.5,172.30999755859375,179.3000030517578,131063300.0,23499650089.97345,0.02850915601733095,0.024103273798084857,0.08818351885984232,-0.06152647280162071,71.85111112997652,1.0344323469892265,0.7145337428453084,0.026249313795588917,-155075100.0,0.0788336915397041,0.02221812926405312,0.01899091228883946,0,-0.039263850669816525,train
2021-12-16,179.27999877929688,181.13999938964844,170.75,172.25999450683594,150185800.0,25871005083.00476,-0.039263850669816525,-0.013176003001408088,0.051905228902808576,0.13619278067524476,59.45787608732111,0.4866266149533818,0.2999892085563217,0.02967877802640416,-196337200.0,0.03065454847194049,0.03001996402345324,0.021700892779465897,0,-0.006501771466984829,train
2021-12-17,169.92999267578125,173.47000122070312,169.69000244140625,171.13999938964844,195432700.0,33446352158.717342,-0.006501771466984829,-0.04630815101652275,0.05746418229237471,0.26334287884519014,57.75124300376846,-0.0054634882656605654,0.20438821301436022,0.029316874591888455,-507172600.0,0.019904640116346517,0.024830114902429958,0.021194984569337445,0,-0.00812200183829448,train
2021-12-20,168.27999877929688,170.5800018310547,167.4600067138672,169.75,107499100.0,18247972225.0,-0.00812200183829448,-0.03408447311899654,0.02679647035759758,-0.5977335950098315,55.61757908399021,-0.45405452787670075,0.094120952020494,0.028994218965996094,-461434700.0,0.008855339262115569,0.02399947626852211,0.021145233584691166,1,0.01908692484927288,train
2021-12-21,171.55999755859375,173.1999969482422,169.1199951171875,172.99000549316406,91185900.0,15774249341.899109,0.01908692484927288,-0.007686550357460686,0.010573740476850002,-0.16458219391094175,59.38438728108534,-0.5553543363768947,0.2675822665538917,0.028103603169868915,-230868400.0,0.024467259897194227,0.026547391065681537,0.021448778942653495,1,0.01531876878626437,train
2021-12-22,173.0399932861328,175.86000061035156,172.14999389648438,175.63999938964844,92135300.0,16182644035.765076,0.01531876878626437,-0.020412736195285275,0.0031985238333165356,0.010357868895624733,62.209458764730485,-0.4700558228706324,0.3994253807380556,0.02721124337684158,-269796400.0,0.035796419859046136,0.02330748898353028,0.021598191756193003,1,0.0036438134358485197,train
2021-12-23,175.85000610351562,176.85000610351562,175.27000427246094,176.27999877929688,68356600.0,12049901364.556885,0.0036438134358485197,0.023336841986845602,0.009853352685375683,-0.2985200247752111,62.88096868911928,-0.3994743865778325,0.40174749446378816,0.025816063034274837,-51254000.0,0.03519351738519383,0.01235657415364532,0.02159731351919348,1,0.022974830268908786,train
2021-12-27,177.08999633789062,180.4199981689453,177.07000732421875,180.3300018310547,74919600.0,13510251605.181885,0.022974830268908786,0.05369874064614555,0.00490390023838394,0.09167741692945697,66.89040785716507,-0.12328837442815654,0.6433134318239581,0.025073524343893882,219098300.0,0.05171378849969144,0.012711521084406815,0.020194412064535285,0,-0.00576725189575622,train
2021-12-28,180.16000366210935,181.3300018310547,178.52999877929688,179.2899932861328,79144300.0,14189781015.63568,-0.00576725189575622,0.056200254999309696,0.02020022579950842,0.0548572293268883,64.9502630336811,-0.05726317424749805,0.5342182580109714,0.024533126036316993,247453100.0,0.03987166706630374,0.011860519335523996,0.020083274287327944,1,0.0005020447322792165,train
2021-12-29,179.3300018310547,180.6300048828125,178.13999938964844,179.3800048828125,62348900.0,11184145986.437988,0.0005020447322792165,0.03693854666014773,0.02896806630365223,-0.2385267355402938,65.04476238022846,-0.054178089751271585,0.49334127435722136,0.023760841270445986,218616100.0,0.036162910096399825,0.011622478156493305,0.01916711840002347,0,-0.006578257901939555,train
2021-12-30,179.47000122070312,180.57000732421875,178.08999633789062,178.1999969482422,59773000.0,10651548417.58728,-0.006578257901939555,0.0145752537433943,-0.006135003261534155,-0.042191974956828915,62.659680125525405,-0.17163057230202128,0.36517014416308713,0.023203811799808505,66707800.0,0.025369537864650793,0.011981712542895233,0.01925098879445504,0,-0.0035352953693170708,train
2021-12-31,178.08999633789062,179.22999572753906,177.25999450683594,177.57000732421875,64062300.0,11375543080.2063,-0.0035352953693170708,0.007317951859853178,0.030825571732919554,0.06930199227569389,61.36592679787334,-0.3229845490331744,0.2826113072934379,0.022415284281102784,-65711100.0,0.017701057566312572,0.012304346835723234,0.019187051684418345,1,0.025004150472947906,train
2022-01-03,177.8300018310547,182.8800048828125,177.7100067138672,182.00999450683597,104487900.0,19017842105.030823,0.025004150472947906,0.009316212824947545,0.06351522236738427,0.48921522181111143,66.60003109095655,-0.1633628774448619,0.7031148244604282,0.02239031913557095,-36142800.0,0.03715308193389344,0.013190554839650656,0.019336645647065342,0,-0.012691597320536263,train
2022-01-04,182.6300048828125,182.94000244140625,179.1199951171875,179.6999969482422,99310400.0,17846078576.92871,-0.012691597320536263,0.002286818436403326,0.058615593214976114,-0.05082097602919333,61.90124428664633,-0.24759124582265724,0.4486617206474695,0.02257668038243463,-56308900.0,0.019811685678418067,0.014498697306186368,0.019411610001834532,0,-0.02659988236212174,train
2022-01-05,179.61000061035156,180.1699981689453,174.63999938964844,174.9199981689453,94537600.0,16536516818.896484,-0.02659988236212174,-0.024863455192683626,0.011156671567696508,-0.049252659227661866,53.49126166853056,-0.6373101018400318,-0.20056293767229594,0.02379511512814157,-213195400.0,-0.008367546544524984,0.018911168011931018,0.019137713690030218,0,-0.016693335236175,train
2022-01-06,172.6999969482422,175.3000030517578,171.63999938964844,172.0,96904000.0,16667488000.0,-0.016693335236175,-0.03479235159607197,-0.020724205205519763,0.024723158493298314,49.10252965452549,-1.077921318474571,-0.5538457675702471,0.023990507928773313,-250326400.0,-0.024069176594124664,0.01966426570814356,0.018833883530540364,1,0.0009883614473564784,train
2022-01-07,172.88999938964844,174.13999938964844,171.02999877929688,172.1699981689453,86709100.0,14928705588.230896,0.0009883614473564784,-0.030410592625666477,-0.023315184018677604,-0.1111619585916479,49.3630073100216,-1.3276801645284353,-0.5010976438151534,0.023545157586215986,-99555000.0,-0.022441775933745856,0.019959800706207023,0.01882977426311034,1,0.00011618907285648739,train
2022-01-10,169.0800018310547,172.5,168.1699981689453,172.19000244140625,106765600.0,18383968924.658203,0.00011618907285648739,-0.05395303753531455,-0.04513946269059843,0.2080769371872826,49.395826194542096,-1.4512698791136058,-0.4499721192694549,0.02365700995704406,-97277300.0,-0.020308988579194498,0.011682460140007553,0.017597794796658732,1,0.016783781570778755,train
2022-01-11,172.32000732421875,175.17999267578125,170.82000732421875,175.0800018310547,76138300.0,13330293703.413391,0.016783781570778755,-0.025709489124355223,-0.023481463621671916,-0.33808435008237225,54.031141714312604,-1.302836328172324,-0.08140887574469167,0.023383389055416322,78171400.0,-0.0036790017904795302,0.016880648858419688,0.017489199504748417,1,0.0025702361408266317,train
2022-01-12,176.1199951171875,177.17999267578125,174.82000732421875,175.52999877929688,74805200.0,13130556664.68506,0.0025702361408266317,0.0034873120097016486,-0.021462849808878137,-0.017664021898504245,54.72653926553896,-1.1444308243719816,-0.03244281307101471,0.022617832979465836,247514200.0,-0.0014591621506304664,0.011886166763211746,0.017394934840849516,0,-0.019028065636177538,train
2022-01-13,175.77999877929688,176.6199951171875,171.7899932861328,172.19000244140625,84505800.0,14551053908.312988,-0.019028065636177538,0.001104665357013035,-0.033726120144556004,0.12193276824558552,48.82296906796229,-1.227339100032681,-0.41075084882321256,0.02341325926069397,259912400.0,-0.018474484663277835,0.01275685903941431,0.016593788343473567,1,0.005110661887074208,train
2022-01-14,171.33999633789062,173.77999877929688,171.08999633789062,173.07000732421875,80440800.0,13921889845.166016,0.005110661887074208,0.005227444762996969,-0.025342117555830268,-0.04929866030699159,50.34289327713718,-1.1850440155380295,-0.30733554682648734,0.02274054235280299,253644100.0,-0.013685943683619084,0.01294540806622804,0.014115011666135309,0,-0.018894112983626976,train
2022-01-18,171.50999450683594,172.5399932861328,169.41000366210938,169.8000030517578,90956700.0,15444447937.57782,-0.018894112983626976,-0.013880012519668306,-0.06708418121851856,0.1228620575076782,44.99526092286616,-1.3286340027990406,-0.6974855737080162,0.023062501466853933,55921800.0,-0.031951845645632804,0.015789666192412368,0.014690903943108582,0,-0.021024777738847034,train
2022-01-19,170.0,171.0800018310547,165.94000244140625,166.22999572753906,94815000.0,15761097044.906616,-0.021024777738847034,-0.05054835510029032,-0.07495827183894055,0.04154405504420211,39.9996865480718,-1.5973231956947236,-1.0180052457248807,0.02408374261268505,-115031500.0,-0.05135297408735373,0.012924582175547053,0.015322642751279725,0,-0.010347117036099251,train
2022-01-20,166.97999572753906,169.67999267578125,164.17999267578125,164.50999450683594,91420500.0,15039585952.812197,-0.010347117036099251,-0.06278131572436785,-0.059512941750976545,-0.036457882049372614,37.82099411057378,-1.808633325385412,-0.9982972156040657,0.024985336337524835,-281257200.0,-0.058891534948138924,0.01084407326135612,0.01469915653146805,0,-0.01276512622240289,train
2022-01-21,164.4199981689453,166.3300018310547,162.3000030517578,162.41000366210938,122848900.0,19951890298.88611,-0.01276512622240289,-0.056797715550441774,-0.0557557926621548,0.2954853999683742,35.29340634910129,-1.9930299525872193,-0.9737633320323233,0.02527306796328872,-319600300.0,-0.06737564166433374,0.01029809096685507,0.014251264469196638,0,-0.00486428500159064,train
2022-01-24,160.02000427246094,162.3000030517578,154.6999969482422,161.6199951171875,162294600.0,26230052459.5459,-0.00486428500159064,-0.06615826961618776,-0.06127666355322492,0.2784580553513969,34.36301922845266,-2.062748813504821,-0.8690312127122335,0.02699002790717406,-562335700.0,-0.06798918597888781,0.006533447551860184,0.01414358488139929,0,-0.011384707297859231,train
2022-01-25,158.97999572753906,162.75999450683594,157.02000427246094,159.77999877929688,115798400.0,18502268210.64453,-0.011384707297859231,-0.05901062480786101,-0.07207156911640278,-0.33756245165621834,32.23181656859329,-2.1192414404859017,-0.8541412912946418,0.0279168039236458,-587177400.0,-0.07310777450053263,0.0058316221126483965,0.012674798760970527,0,-0.0005632515870458432,train
2022-01-26,163.5,164.38999938964844,157.82000732421875,159.69000244140625,108275300.0,17290482921.343994,-0.0005632515870458432,-0.03934303948880713,-0.08790266865829244,-0.06717368969814075,32.12686369658694,-2.0479715918120807,-0.7470053673811646,0.028876081665995805,-600637700.0,-0.06833329560977708,0.005118799294251759,0.012732140701587805,0,-0.0029432100539642514,train
2022-01-27,162.4499969482422,163.83999633789062,158.27999877929688,159.22000122070312,121954600.0,19417611560.87036,-0.0029432100539642514,-0.0321560601955585,-0.09291857615233723,0.11897178547224385,31.549093335625216,-1.9199420641441478,-0.6844896867450765,0.02938695660497145,-631171800.0,-0.06558016104264297,0.005331120596430267,0.012667027565505749,1,0.06977766942076213,train
2022-01-28,165.7100067138672,170.35000610351562,162.8000030517578,170.3300018310547,179935700.0,30648448110.472107,0.06977766942076213,0.04876545773265728,-0.010802024414771072,0.38895071787896285,53.04543411872782,-1.0196635885088166,0.020806663873515784,0.03017541183668041,-328387200.0,0.0019352922454467514,0.03365535361606047,0.02112458552901473,1,0.026125737688043937,train
2022-01-31,170.16000366210938,175.0,169.50999450683594,174.77999877929688,115541600.0,20194360706.958008,0.026125737688043937,0.081425591261572,0.00988034542504379,-0.4429689234763394,58.647150177183015,-0.1052503737262187,0.31697294819918664,0.029550258852885758,-50551000.0,0.028955937626275352,0.033081233618575664,0.022036265686909296,0,-0.0009726408635577499,train
2022-02-01,174.00999450683594,174.83999633789062,172.30999755859375,174.61000061035156,86213900.0,15053809131.620789,-0.0009726408635577499,0.09281513296003507,0.028327429164577644,-0.292799217761047,58.36071058501761,0.4754897616671565,0.35640695799792976,0.028501199905428005,-20966500.0,0.030199157574474444,0.031183819494593108,0.021199465256956745,1,0.007044245594408194,train
2022-02-02,174.75,175.8800048828125,173.3300018310547,175.83999633789062,84914300.0,14931330201.034546,0.007044245594408194,0.10113340628453038,0.05781147119863328,-0.01518890480740609,59.8872655443222,0.9049073201803204,0.4762348185928479,0.0273161207346433,172223100.0,0.03863883185318917,0.03020450164387367,0.0211281957375357,0,-0.016719759455390393,train
2022-02-03,174.47999572753906,176.24000549316406,172.1199951171875,172.89999389648438,89418100.0,15460388944.23523,-0.016719759455390393,0.08591880775593452,0.050999937206245516,0.05168060935888619,54.723008267771824,0.9487860330216614,0.27322188508459283,0.027498338484249287,204759600.0,0.021882675881211622,0.03327124693412682,0.02060414023544965,0,-0.0029496502304173777,train
2022-02-04,171.67999267578125,174.10000610351562,170.67999267578125,172.38999938964844,82465400.0,14216210255.667114,-0.0029496502304173777,0.012094155676913632,0.06144939044704567,-0.08094431016326098,53.855436467688236,0.9016312260449918,0.23376121607188935,0.027026769404857813,-57641500.0,0.01875106860532516,0.015731994223581822,0.020257850748883623,0,-0.004234559603942367,train
2022-02-07,172.86000061035156,173.9499969482422,170.9499969482422,171.66000366210938,77251200.0,13260941274.902344,-0.004234559603942367,-0.017850984889451027,0.062121079372896126,-0.06531636097473381,52.57068650093905,0.7837953414723822,0.18221456877795852,0.02645132427038161,-250434300.0,0.01458999754255319,0.008560827484226584,0.020282200775023292,1,0.018466725511581794,train
2022-02-08,171.72999572753906,175.35000610351562,171.42999267578125,174.8300018310547,74829200.0,13082389173.016356,0.018466725511581794,0.001259957734002004,0.09419203383864261,-0.031854266083055194,57.33089499638757,0.8749371498146145,0.40000320491595415,0.025718150792620246,-89391200.0,0.03252059972794452,0.013193816202242447,0.02069657818959439,1,0.008293753549481586,train
2022-02-09,176.0500030517578,176.64999389648438,174.89999389648438,176.27999877929688,71285000.0,12566119712.982178,0.008293753549481586,0.0025022887316303866,0.10388875999909808,-0.04852225586539305,59.341043421066765,0.9805237048923241,0.49564306395652424,0.02442216483311755,-103020500.0,0.04071529325215972,0.013363725689456688,0.020440409039958404,0,-0.02359884099680365,train
2022-02-10,174.13999938964844,175.47999572753906,171.5500030517578,172.1199951171875,90865900.0,15639838264.318848,-0.02359884099680365,-0.004511271294571961,0.08101993341026947,0.24269886365910764,51.801148563126176,0.7293769808606074,0.21351264180143212,0.025188741608857784,-104468300.0,0.01717950391851808,0.015732985335308133,0.02112923807620064,0,-0.020218427993619836,train
2022-02-11,172.3300018310547,173.0800018310547,168.0399932861328,168.63999938964844,98670700.0,16639826787.776184,-0.020218427993619836,-0.021753001991281273,-0.009921930506890497,0.08240324904032192,46.48065379237216,0.3095363949137778,-0.02922068954716489,0.026006932706428815,-120673600.0,-0.002339746290602407,0.018046908378131842,0.021184967840746496,1,0.0014231824835904128,train
2022-02-14,167.3699951171875,169.5800018310547,166.55999755859375,168.8800048828125,86185500.0,14555007660.827637,0.0014231824835904128,-0.0161947962250365,-0.033756688051786665,-0.13528609166757022,46.885835786763266,0.04266679297807063,0.0040383476765429496,0.025392299283203378,42763100.0,0.00031988812330241423,0.01822525677468747,0.021146527817938077,1,0.023152465006342826,train
2022-02-15,170.97000122070312,172.9499969482422,170.25,172.7899932861328,62527400.0,10804109026.19934,0.023152465006342826,-0.011668526703404236,-0.010423270819866493,-0.3208970849998387,53.11351184598237,0.11977867511988283,0.282333392385162,0.024727483212404866,30461300.0,0.022574245066021126,0.019675920541248698,0.02136469265774299,0,-0.0013889128057177347,train
2022-02-16,171.85000610351562,173.33999633789062,170.0500030517578,172.5500030517578,61177400.0,10556160556.698608,-0.0013889128057177347,-0.021159494856867078,-0.01871015329078385,-0.02182702004874315,52.70503209922371,0.14333421378917777,0.24103324334125795,0.0243550911962902,-102001100.0,0.01924788743715622,0.018845141952285063,0.020737147476852874,0,-0.021269186346200564,train
2022-02-17,171.02999877929688,171.91000366210938,168.47000122070312,168.8800048828125,69589300.0,11752241323.791504,-0.021269186346200564,-0.018824020022595644,-0.023250371055991148,0.12883297764228274,46.78009709671504,-0.08713492725906635,-0.047527425783632324,0.024832562392870055,-80724500.0,-0.003716565188877974,0.01826314486994381,0.021219469469734763,0,-0.009355766137921773,train
2022-02-18,169.82000732421875,170.5399932861328,166.19000244140625,167.3000030517578,82772700.0,13847872962.602234,-0.009355766137921773,-0.00794589861681938,-0.029526053459666413,0.1734874747015418,44.46268322539796,-0.33116296127603395,-0.19270726597271287,0.025133802462207755,-64826500.0,-0.014459096918103875,0.016346516403216695,0.02111208714965423,0,-0.017812287347162448,train
2022-02-22,164.97999572753906,166.69000244140625,162.14999389648438,164.32000732421875,91162800.0,14979871963.69629,-0.017812287347162448,-0.02700140589028277,-0.0427589198491366,0.09654862113992024,40.397843721194114,-0.6594866464025118,-0.45216881211027765,0.026000449671980178,-242174800.0,-0.03278303302453023,0.01769784464760457,0.02151830178470847,0,-0.02586416632525068,train
2022-02-23,165.5399932861328,166.14999389648438,159.75,160.07000732421875,90009200.0,14407773303.24707,-0.02586416632525068,-0.0736152928766558,-0.08442483756934993,-0.012735031663016372,35.42388781893099,-1.1029795447021105,-0.8027099640679556,0.027640190501124994,-394711400.0,-0.05787970548554289,0.00977580597643184,0.022191501561566025,1,0.01668019020913314,train
2022-02-24,152.5800018310547,162.85000610351562,152.0,162.74000549316406,141147500.0,22970344925.34637,0.01668019020913314,-0.056853070907516345,-0.07680958350291867,0.4498935515350375,40.389504533702876,-1.1512776137972551,-0.6296413333398797,0.03000700295093866,-192386500.0,-0.043023909527642235,0.01688438011933239,0.022488374575584988,1,0.012965469700934706,train
2022-02-25,163.83999633789062,165.1199951171875,160.8699951171875,164.85000610351562,91974200.0,15161947431.365969,0.012965469700934706,-0.023863090139613186,-0.04223791087561979,-0.42829733616330756,44.050932171771905,-0.9824570969241051,-0.5250761347402502,0.029348505229035954,-30823000.0,-0.03221826666623373,0.018779702829454976,0.022615780233841795,1,0.0016377858882354879,train
2022-02-28,163.05999755859375,165.4199981689453,162.42999267578125,165.1199951171875,95056600.0,15695745327.856443,0.0016377858882354879,-0.013030531349696894,-0.020872890685488255,0.03296440037232884,44.52051085329984,-0.8015867301521984,-0.45885132282700436,0.028501057197034968,147006300.0,-0.029148510365295754,0.018738528784292156,0.016041171722775985,0,-0.011627896231359958,train
2022-03-01,164.6999969482422,166.60000610351562,161.97000122070312,163.1999969482422,83474400.0,13623021825.256348,-0.011627896231359958,-0.00681603168241518,-0.03363339513468,-0.12993250417935442,41.831698927682595,-0.7605781618913423,-0.5686682297992034,0.02880306094237144,154694700.0,-0.03715964356683876,0.01764559561655271,0.014801309340136992,1,0.02058823941900667,train
2022-03-02,164.38999938964844,167.36000061035156,162.9499969482422,166.55999755859375,79724800.0,13278962493.359377,0.02058823941900667,0.04054469880312839,-0.036055303950515594,-0.04595929319010139,47.775912096540736,-0.47069129774062923,-0.2339947989002815,0.028097372707863524,324428700.0,-0.014997416276694264,0.01307847043184808,0.015736707212740397,0,-0.001981279033932526,train
2022-03-03,168.47000122070312,168.91000366210938,165.5500030517578,166.22999572753906,76678400.0,12746250104.394531,-0.001981279033932526,0.021445189360778327,-0.036627106418091526,-0.03896065174786045,47.265042886070596,-0.27442322234752536,-0.23132571874515967,0.027585995542111708,106602800.0,-0.014147601520994812,0.01265538898885227,0.015585153554959968,0,-0.01840821534766368,train
2022-03-04,164.49000549316406,165.5500030517578,162.10000610351562,163.1699981689453,83737200.0,13663398770.672607,-0.01840821534766368,-0.010191130557285932,-0.03381102882978604,0.08806327008094783,42.70500042828388,-0.32071877040995345,-0.4753840635563319,0.02790387296058428,-69108600.0,-0.02949522485914635,0.014877664532308064,0.01566949203634833,0,-0.02371756548762427,train
2022-03-07,163.36000061035156,165.02000427246094,159.0399932861328,159.3000030517578,96418800.0,15359515134.246826,-0.02371756548762427,-0.035247046012199634,-0.047818289623850374,0.14101787857491743,37.74519616799235,-0.5675827782218104,-0.7332598779459907,0.029221587048853234,-260584000.0,-0.04881040358498934,0.017445171294649536,0.016354814203812625,0,-0.011676086470301161,train
2022-03-08,158.82000732421875,162.8800048828125,155.8000030517578,157.44000244140625,131148300.0,20647988672.18628,-0.011676086470301161,-0.03529408464794692,-0.0418695507311998,0.30762753787613306,35.60485789941664,-0.797651402060505,-0.7706660799327233,0.03066700537240485,-308257900.0,-0.05590850804017733,0.017448360055916087,0.01644927400547054,1,0.034997423916368176,train
2022-03-09,161.47999572753906,163.41000366210938,159.41000366210938,162.9499969482422,91454900.0,14902575675.901794,0.034997423916368176,-0.021673875259764053,0.017992062799060626,-0.36048278606915574,45.46953152413061,-0.5329785475534741,-0.2815838366671577,0.03013052939865197,-296527800.0,-0.01937481770113736,0.023345514538501054,0.017990509268141153,0,-0.027186209013482565,train
2022-03-10,160.1999969482422,160.38999938964844,155.97999572753906,158.52000427246094,105342000.0,16698814290.06958,-0.027186209013482565,-0.046381469369194184,-0.025930939401869413,0.14136624398030406,40.1448246352983,-0.6052179019906969,-0.6312912983303286,0.03190088905809058,-325191400.0,-0.04090897464882948,0.025389948403990184,0.018522415240836032,0,-0.02390870831928371,train
2022-03-11,158.92999267578125,159.27999877929688,154.5,154.72999572753906,96970100.0,15004183158.699036,-0.02390870831928371,-0.05172521012513287,-0.061389202312930546,-0.0828095156328601,36.23525939087935,-0.8426186894571162,-0.8473202519332994,0.032554439823153966,-338424300.0,-0.05888867752326987,0.02600058784110984,0.018538796583381048,0,-0.026562403695717718,train
2022-03-14,151.4499969482422,154.1199951171875,150.10000610351562,150.6199951171875,108732100.0,16377228371.081545,-0.026562403695717718,-0.05448843545690396,-0.08781492507742139,0.11448437404171585,32.53496999407966,-1.1895951694907843,-0.9642692561070803,0.033249672899011616,-350737600.0,-0.07883876706659465,0.02639577825044099,0.01886167496661864,1,0.029677342754030223,train
2022-03-15,150.89999389648438,155.57000732421875,150.3800048828125,155.08999633789062,92964300.0,14417832946.554564,0.029677342754030223,-0.014926359673998468,-0.049693632120125564,-0.15667150867186308,39.742194738097,-1.036795489926042,-0.5607996226105502,0.03237514461986518,-126625000.0,-0.047484540063808645,0.03196925317514339,0.020400147745381587,1,0.02901541109199557,train
2022-03-16,157.0500030517578,160.0,154.4600067138672,159.58999633789062,102300200.0,16326088543.36548,0.02901541109199557,-0.02061982616310698,-0.041846789882733826,0.09569607852002449,45.99678053196846,-0.5744782888346829,-0.2020892868682611,0.031694515722446,-115779700.0,-0.015857674002244027,0.030277819341102317,0.020848852264692398,1,0.006454030972694147,train
2022-03-17,158.61000061035156,161.0,157.6300048828125,160.6199951171875,75615400.0,12145345178.78418,0.006454030972694147,0.013247481630880742,-0.03374842540179501,-0.30225165839580725,47.344011007256846,-0.16253495234984694,-0.08333711853257442,0.030740548518946687,65177700.0,-0.005849070247317734,0.027378850499594966,0.020969206076170352,1,0.020918943546848645,train
2022-03-18,160.50999450683594,164.47999572753906,159.75999450683594,163.97999572753906,123511700.0,20253448038.301086,0.020918943546848645,0.059781556617426235,0.004964132914649477,0.49067591715005676,51.58699700504244,0.34530599488351577,0.24918517900579512,0.030015903858160175,285659500.0,0.01648894146880031,0.023448494778085246,0.021194375952181942,1,0.008537682593916074,train
2022-03-21,163.50999450683594,166.35000610351562,163.00999450683594,165.3800048828125,95811400.0,15845289799.829102,0.008537682593916074,0.09799502220233913,0.03816699130306511,-0.2539542102726706,53.27641150584822,0.7607627470910288,0.3997323381318836,0.029078533780358896,490203000.0,0.02577783147634527,0.011009387127936,0.021212227053904898,1,0.0208005946295855,train
2022-03-22,165.50999450683594,169.4199981689453,164.91000366210938,168.82000732421875,81532000.0,13764232837.158203,0.0208005946295855,0.08852931401465058,0.07228153395797698,-0.16138609276000793,57.22612296846419,1.2249896197127956,0.6666511979155788,0.028359493780539795,478770700.0,0.04565533108037112,0.00944583787446232,0.02129755708017953,1,0.008233617636201895,train
2022-03-23,167.99000549316406,172.63999938964844,167.64999389648438,170.2100067138672,98062700.0,16691252825.379944,0.008233617636201895,0.06654558944591638,0.04455360479651316,0.18461148671773842,58.74373118870378,1.5618307144991106,0.6908387326501256,0.02821281784768762,474533200.0,0.050964502521983146,0.0072290857577779945,0.020328839743788706,1,0.02267787120671727,train
2022-03-24,171.05999755859375,174.13999938964844,170.2100067138672,174.07000732421875,90131400.0,15689173458.14209,0.02267787120671727,0.08373809373620134,0.09809489422565743,-0.0843384635429203,62.70133065844733,1.955241084226351,0.8511244978405886,0.027229333347933593,489049200.0,0.0710517466052285,0.007203564706553575,0.020579733801344917,1,0.003734094727035453,train
2022-03-25,173.8800048828125,175.27999877929688,172.75,174.72000122070312,80546200.0,14073032162.322998,0.003734094727035453,0.06549582737524351,0.1291928265051081,-0.11243767140329908,63.339082627053706,2.1541732386431307,0.7808706931560574,0.026224625380253812,446083700.0,0.07179664355594184,0.008408204890011074,0.020461141430597796,1,0.005036657947940837,train
2022-03-28,172.1699981689453,175.72999572753906,172.0,175.60000610351562,90371900.0,15869306191.586304,0.005036657947940837,0.061797078963354624,0.16584790729074728,0.11510244417644344,64.23080191383835,2.2305508303626587,0.7372111670418613,0.025746647838986204,440644200.0,0.07374346300400747,0.008978025003005853,0.02046238301604362,1,0.019134399166084615,train
2022-03-29,176.69000244140625,179.00999450683594,176.33999633789062,178.9600067138672,100589400.0,18001479699.343872,0.019134399166084615,0.06006396724159946,0.15391070307314725,0.1071135048276588,67.48298141981238,2.3792934139669333,0.8032966221806083,0.02481976650813082,459701600.0,0.08904146594575568,0.008597026749697149,0.02043895018196175,0,-0.006649544014093012,train
2022-03-30,178.5500030517578,179.61000061035156,176.6999969482422,177.77000427246094,92633200.0,16467404359.771729,-0.006649544014093012,0.0444157056600234,0.11391696441974242,-0.08239927475432651,65.22121692493772,2.26980218442527,0.6613432261032213,0.024370452493396876,269005700.0,0.0781225083593271,0.012019866682135578,0.020239341823220968,0,-0.017775797863323284,train
2022-03-31,177.83999633789062,178.02999877929688,174.39999389648438,174.61000061035156,103049300.0,17993438335.8963,-0.017775797863323284,0.00310216156380716,0.08710002439582332,0.1065599046905703,59.516729874755846,1.8733005008670345,0.46305954823400325,0.024524190826741968,75825000.0,0.056273909658997256,0.01381312987666589,0.020764028632239053,0,-0.0017181321270783867,train
2022-04-01,174.02999877929688,174.8800048828125,171.94000244140625,174.30999755859375,78751300.0,13727138910.736084,-0.0017181321270783867,-0.002346632665091719,0.06299550006220578,-0.26891272599427296,58.98922899213453,1.4959404251862927,0.41145951018492416,0.024016407525268964,-83472500.0,0.05091804640418118,0.013728278045086705,0.020200182822941625,1,0.023693448113463633,train
2022-04-04,174.57000732421875,178.49000549316406,174.44000244140625,178.44000244140625,76468400.0,13645021482.69043,0.023693448113463633,0.01617309931194688,0.07896962857056389,-0.02941720152753291,63.75217499550038,1.4296629834650743,0.5512083002459537,0.02345802763435008,-97376000.0,0.06964630578775322,0.017571130128106256,0.019611191220496028,0,-0.018941968373500706,train
2022-04-05,177.5,178.3000030517578,174.4199981689453,175.05999755859375,73401800.0,12849718928.796389,-0.018941968373500706,-0.02179262968797846,0.03696238575793398,-0.04092912457247522,57.8324595326581,1.0793107134304556,0.3550197566240295,0.02384327891493888,-271367200.0,0.04387231319091911,0.017261239591383114,0.020016482339223714,0,-0.018450792714411857,train
2022-04-06,172.36000061035156,173.6300048828125,170.1300048828125,171.8300018310547,89058800.0,15302973767.071531,-0.018450792714411857,-0.03341397479128283,0.009517625599479551,0.19334836486469698,52.78804563492008,0.5763851557806645,0.17877262910995315,0.024605735144085063,-267792800.0,0.021906496097048977,0.018433543427250985,0.01943158113838471,1,0.0018040944846089424,train
2022-04-07,171.16000366210938,173.36000061035156,169.85000610351562,172.13999938964844,77594700.0,13357151610.639954,0.0018040944846089424,-0.014145817605344502,-0.011087538653201334,-0.1377976981937863,53.20987255117586,0.22879420915699678,0.1662525296794824,0.024263490019493742,-87148800.0,0.019620609534334754,0.017533906246683526,0.0181105507412326,0,-0.01190892912179875,train
2022-04-08,171.77999877929688,171.77999877929688,169.1999969482422,170.08999633789062,76575500.0,13024726514.572144,-0.01190892912179875,-0.024209748607704418,-0.026499569885899632,-0.01322194347237371,50.02666622449748,-0.15434591466208003,0.027005745540248715,0.0240365716959312,-84973000.0,0.002915734138507764,0.0179746993173208,0.01730834043179755,0,-0.025515882364234077,train
2022-04-11,168.7100067138672,169.02999877929688,165.5,165.75,72246700.0,11974890525.0,-0.025515882364234077,-0.07111635433637264,-0.05609342688581165,-0.0581905302523289,44.02232840540263,-0.6854729717642098,-0.30086040775647205,0.02488211223032261,-233688100.0,-0.02701465881253573,0.010358256654419988,0.017209564199853047,1,0.01152340067637625,train
2022-04-12,168.02000427246094,169.8699951171875,166.63999938964844,167.66000366210938,79265200.0,13289603722.277832,0.01152340067637625,-0.04227118701979615,-0.0631426163825809,0.09271254003921925,47.035198623665515,-0.8810900832657445,-0.2559270714735719,0.024596856386396724,-81021100.0,-0.019420330763223803,0.015060625824767436,0.01629023254766356,1,0.016342539511671417,train
2022-04-13,167.38999938964844,171.0399932861328,166.77000427246094,170.39999389648438,70618900.0,12033460128.97644,0.016342539511671417,-0.008322224985927162,-0.04145812116132286,-0.1155013768741604,51.10116346475405,-0.801185501977737,-0.09813133160581615,0.02426257901599002,78656600.0,-0.006535686758283199,0.017204488155105387,0.015494249674194889,0,-0.02998826756681583,train
2022-04-14,170.6199951171875,171.27000427246094,165.0399932861328,165.2899932861328,75329400.0,12451196020.248411,-0.02998826756681583,-0.03979322718603162,-0.05337613705767452,0.06457268191125465,44.27479875828097,-1.0519200044569594,-0.6216157933168917,0.02591828929828317,-74267500.0,-0.037638070653760014,0.021090585338444694,0.017168142218838566,0,-0.0013309091345490298,train
2022-04-18,163.9199981689453,166.60000610351562,163.57000732421875,165.07000732421875,69023900.0,11393775678.546144,-0.0013309091345490298,-0.029513722862921754,-0.05300895165963737,-0.08741767420472257,44.00228238410882,-1.1822819127897555,-0.6614681795328611,0.025410188061807792,-66715900.0,-0.039223757329224784,0.02111961857337452,0.016558721288595958,1,0.014115141872437453,train
2022-04-19,165.02000427246094,167.82000732421875,163.91000366210938,167.39999389648438,67723800.0,11336963706.646729,0.014115141872437453,0.009954714307597978,-0.061869583018791086,-0.019015152057342277,47.67579691830452,-1.064934874907744,-0.45630059501936493,0.024935136062441677,73254600.0,-0.02623470095270053,0.019218720408262623,0.016747774417933393,0,-0.0010155207595194948,train
2022-04-20,168.75999450683594,168.8800048828125,166.10000610351562,167.22999572753906,67929800.0,11359900163.772585,-0.0010155207595194948,-0.002564761572097507,-0.04472753307581834,0.0030371498480370462,47.43131199481622,-0.9555961778604304,-0.457554221775635,0.02436500685850373,-73940400.0,-0.02677350670966061,0.018491281615233304,0.01606919638383867,0,-0.004843614060203949,train
2022-04-21,168.91000366210938,171.52999877929688,165.91000366210938,166.4199981689453,87227800.0,14516450316.281128,-0.004843614060203949,-0.023356783275220394,-0.03148462785578365,0.2500482651976732,46.215228549329886,-0.8956739377793171,-0.5015593016897295,0.025146906994720792,-231787100.0,-0.030418152924570285,0.015956304879193754,0.015967277601687535,0,-0.02782120498590701,train
2022-04-22,166.4600067138672,167.8699951171875,161.5,161.7899932861328,84882400.0,13733122926.11084,-0.02782120498590701,-0.02117490557302626,-0.06012551493094764,-0.0272563180112968,39.91549500657502,-1.111608719528223,-0.8039678966101677,0.026831220562534303,-241340100.0,-0.0540090535196448,0.01510124512690287,0.016018016686925325,1,0.006737200333224225,train
2022-04-25,161.1199951171875,163.1699981689453,158.4600067138672,162.8800048828125,96046400.0,15644038100.976562,0.006737200333224225,-0.013267113008026965,-0.0423892739744387,0.1235646375458117,41.9226379829138,-1.121554010400134,-0.6262965636559927,0.02681346852759763,-76269800.0,-0.04432772007723462,0.01589203354175566,0.01610353138804856,0,-0.03732810442527357,train
2022-04-26,162.25,162.33999633789062,156.72000122070312,156.8000030517578,95623200.0,14993718051.818848,-0.03732810442527357,-0.06332133351976887,-0.05399696499693629,-0.004415939547033787,34.91616254300713,-1.4568849885311252,-0.9294572584174958,0.02866978632393727,-239616800.0,-0.07489894490057969,0.018782505266392125,0.017650342547094227,0,-0.001466809458308127,train
2022-04-27,155.91000366210938,159.7899932861328,155.3800048828125,156.57000732421875,88063200.0,13788055868.99414,-0.001466809458308127,-0.06374447572604258,-0.0661457479163644,-0.08236072901512159,34.68004330441002,-1.6019285492542361,-0.8268920498577529,0.02867292541143228,-259750200.0,-0.07011407491220789,0.01871234603939992,0.016713493723605293,1,0.04515546870218534,train
2022-04-28,159.25,164.52000427246094,158.92999267578125,163.63999938964844,130216800.0,21308677072.521973,0.04515546870218534,-0.01670471583874611,-0.03967133068644679,0.39114601150537354,46.628192112469975,-1.1505809340543665,-0.2970394232495143,0.028944703983196526,-42305600.0,-0.02402948728756782,0.032444601183708795,0.020318968789349717,0,-0.036604775821961866,train
2022-04-29,161.83999633789062,166.1999969482422,157.25,157.64999389648438,131747600.0,20770008335.876465,-0.036604775821961866,-0.025588723415833625,-0.046221790186795286,0.011687217138948824,39.95914349906522,-1.179923398574981,-0.6538625148823479,0.031953535012693865,-89170800.0,-0.054975124810421105,0.034312310986124236,0.021401308598229283,1,0.0019664626031408172,train
2022-05-02,156.7100067138672,158.22999572753906,153.27000427246094,157.9600067138672,123055300.0,19437816014.17694,0.0019664626031408172,-0.03020627468967174,-0.043072637637839306,-0.06825412256912955,40.43398749069668,-1.1042731773868208,-0.566921439740106,0.03185578548692738,-62161900.0,-0.04845375494268056,0.03397942586258106,0.02144575606261946,1,0.009622619328101267,train
2022-05-03,158.14999389648438,160.7100067138672,156.32000732421875,159.47999572753906,88966500.0,14188377039.894104,0.009622619328101267,0.017091789691461967,-0.04731181874380963,-0.32437395033791816,42.821693427922106,-0.8870465683785751,-0.4335015565993804,0.031264655855550195,122427800.0,-0.03377956847714825,0.029188196876323826,0.020682701838854938,1,0.0410083315784322,train
2022-05-04,159.6699981689453,166.47999572753906,159.25999450683594,166.02000427246094,108256500.0,17972744592.521667,0.0410083315784322,0.06035636779829434,-0.007235492949778655,0.19624351488660707,51.77836748826058,-0.2700823227054192,0.12153380376932851,0.030994171414917022,318747500.0,0.008605556216019217,0.033201102468238194,0.022847382342151664,0,-0.05571617733980727,train
2022-05-05,163.85000610351562,164.0800018310547,154.9499969482422,156.77000427246094,130525300.0,20462451838.66425,-0.05571617733980727,-0.041982370708943395,-0.05798578297475976,0.18706366485899295,41.80407313628158,-0.4419784405713125,-0.6061662369589907,0.035522233353189214,58005400.0,-0.043213145304711875,0.038427708579189195,0.025581251116165916,1,0.0032531383104996703,train
2022-05-06,156.00999450683594,159.44000244140625,154.17999267578125,157.27999877929688,116124600.0,18264076946.246338,0.0032531383104996703,-0.0023469402569749054,-0.02787560846769932,-0.11690332419012961,42.46217888978928,-0.47543846642656185,-0.5177493307435699,0.03526680312519888,305877600.0,-0.035727976496670255,0.034975050935193916,0.025601383796024845,0,-0.03318922470255159,train
2022-05-09,154.92999267578125,155.8300018310547,151.49000549316406,152.05999755859375,131577900.0,20007735152.764893,-0.03318922470255159,-0.03735128453090575,-0.06642931606002489,0.1249353180827697,37.75589946531058,-0.7849667224973658,-0.8413039794823423,0.03659171676550564,51244400.0,-0.06255010426578955,0.03789914099871815,0.02636972246207601,1,0.01611204121779708,train
2022-05-10,155.52000427246094,156.74000549316406,152.92999267578125,154.50999450683594,115366700.0,17825308183.27179,0.01611204121779708,-0.0311637907815977,-0.014604646048163472,-0.13148331968323745,41.057925351065826,-0.7600327517116114,-0.5661055858503116,0.035602773458460676,77644600.0,-0.04413405382978608,0.038713264308123926,0.026329161356653266,0,-0.05184127106082803,train
2022-05-11,153.5,155.4499969482422,145.80999755859375,146.5,142689800.0,20904055700.0,-0.05184127106082803,-0.11757621834791676,-0.0643163240285618,0.21255729073480012,34.59603024012377,-1.1925713665281181,-0.9631660025797677,0.03956742842471084,-173301700.0,-0.08771623528616512,0.0324685302388966,0.028212613813690914,0,-0.026894214617107504,train
2022-05-12,142.77000427246094,146.1999969482422,138.8000030517578,142.55999755859375,182602000.0,26031740674.194336,-0.026894214617107504,-0.0906423826408187,-0.12881937123979337,0.2466358761700036,31.9337046656467,-1.626715049609655,-0.9984054371734794,0.04161464135676177,-225378400.0,-0.10448887506323179,0.027699585882217895,0.02803892489520154,1,0.03191640803646689,train
2022-05-13,144.58999633789062,148.10000610351562,143.11000061035156,147.11000061035156,113990900.0,16769201368.574524,0.03191640803646689,-0.06466173860553215,-0.06685692162508772,-0.4711902970602253,37.878997268774334,-1.493586300107288,-0.6344358507208854,0.04013691863952014,-227512100.0,-0.07060049434774818,0.03526347025748418,0.02894459975300359,0,-0.010672335787539122,train
2022-05-16,145.5500030517578,147.52000427246094,144.17999267578125,145.5399932861328,86643800.0,12610138070.285034,-0.010672335787539122,-0.042877840175872484,-0.07862758229829847,-0.2743131564980139,36.68818839767827,-1.3990415882236835,-0.6330594862296646,0.03931126588858981,-182578000.0,-0.07481163397591972,0.03339356001338704,0.02895071129658249,1,0.02542264929033622,train
2022-05-17,148.86000061035156,149.77000427246094,146.67999267578125,149.24000549316406,78336300.0,11690909842.314148,0.02542264929033622,-0.03410775484454964,-0.06420861869014183,-0.10079436305674605,41.36636456053109,-0.9941277601126686,-0.3928646039200579,0.03762286343588463,-219608400.0,-0.04578306491828632,0.03529873223094776,0.029467449823590616,0,-0.056419176219683176,train
2022-05-18,146.85000610351562,147.36000061035156,139.89999389648438,140.82000732421875,109742900.0,15453995981.781006,-0.056419176219683176,-0.03877128106335326,-0.15178891880333667,0.3371292566271116,35.02400127195253,-1.1871117641412923,-0.7433342138562024,0.04176196553369381,-186661500.0,-0.09195249518245652,0.0367990947616579,0.03157156813965658,0,-0.024641393553644142,train
2022-05-19,139.8800048828125,141.66000366210938,136.60000610351562,137.35000610351562,136095600.0,18692731490.66162,-0.024641393553644142,-0.036545956399422375,-0.12387572647630996,0.2152172208209464,32.792579560597886,-1.426127096787149,-0.79077447749554,0.04239011791391243,-140155100.0,-0.10594848235182719,0.03651233117850512,0.031774466092814486,1,0.0017472895792529641,train
2022-05-20,139.08999633789062,140.6999969482422,132.61000061035156,137.58999633789062,137426100.0,18908456595.73059,0.0017472895792529641,-0.0647135084831959,-0.12519075911894073,0.00972873804447616,33.10999332766556,-1.441450976167852,-0.672585156828193,0.04349344168099792,-116719900.0,-0.09727624262123713,0.030495529413967496,0.031543128016193564,1,0.04011922682885327,train
2022-05-23,137.7899932861328,143.25999450683594,137.64999389648438,143.11000061035156,117726300.0,16847810864.854431,0.04011922682885327,-0.016696391286784462,-0.05885832626554832,-0.15472387811019672,40.115701269907916,-0.9755225640015581,-0.3806528060545475,0.0416589686624238,87650200.0,-0.05493039593281546,0.0387663123300781,0.033181874925881434,0,-0.019215987619813357,train
2022-05-24,140.80999755859375,141.97000122070312,137.3300018310547,140.36000061035156,104132700.0,14616065835.557556,-0.019215987619813357,-0.059501504663367566,-0.0915797967739772,-0.12269639031131518,37.98147445343957,-0.757928215355042,-0.453258568402273,0.04238264555241603,-94818800.0,-0.06803181727920826,0.03567153874737576,0.03252019757593075,1,0.0011399519906925004,train
2022-05-25,138.42999267578125,141.7899932861328,138.33999633789062,140.52000427246094,92482700.0,12995669399.128723,0.0011399519906925004,-0.00213040076803217,-0.04081908346443042,-0.11864444612338332,38.18752994566509,-0.5199543948735066,-0.40118156861754634,0.04106419041259031,107406800.0,-0.061971156021424556,0.025447065246901292,0.03254039239750941,1,0.02319950475175747,train
2022-05-26,137.38999938964844,144.33999633789062,137.13999938964844,143.77999877929688,90601500.0,13026683559.402466,0.02319950475175747,0.04681465154748676,0.008557808933755684,-0.020550830571835377,42.38754429290219,-0.08266284235605603,-0.22973739429184306,0.04084336208351016,334103900.0,-0.03380474862357452,0.02280221658992596,0.031101857531150717,1,0.04075671623385313,train
2022-05-27,145.38999938964844,149.67999267578125,145.25999450683594,149.63999938964844,90978500.0,13614022684.47113,0.04075671623385313,0.08757906368545632,0.01719800672150118,0.0041524456169064194,49.08467359552309,0.622748378179109,0.057805499058578576,0.03925705282609498,287656300.0,0.008287842963670577,0.02598198025430134,0.03189378882912544,0,-0.005346184543042365,train
2022-05-31,149.07000732421875,150.66000366210938,146.83999633789062,148.83999633789062,103718400.0,15437446276.171877,-0.005346184543042365,0.040039100713445075,0.022674200934378108,0.13105631818812924,48.25989508673708,1.0327877462136135,0.04319233903598438,0.03848213757311358,66211600.0,0.005988322355527043,0.023821530463106786,0.03188643617227238,0,-0.0008733514325567349,train
2022-06-01,149.89999389648438,151.74000549316406,147.67999267578125,148.7100067138672,74286600.0,11047160784.750366,-0.0008733514325567349,0.05948992638362682,-0.0035513184118795005,-0.333748945058268,48.11841202725984,1.2766035776734492,0.06702476718139422,0.03771475886593755,96057700.0,0.008781342988833263,0.019600249899077844,0.031762864033947215,1,0.016811242600575316,train
2022-06-02,147.8300018310547,151.27000427246094,146.86000061035156,151.2100067138672,72348100.0,10939756686.735537,0.016811242600575316,0.07607459519200477,0.07378212504794779,-0.026441393662789636,51.08834360500462,1.568382643807622,0.28718322861757467,0.03652503462692426,75923100.0,0.030918738212637464,0.01870702105063359,0.030430995146531137,0,-0.03855566147871903,train
2022-06-03,146.89999389648438,147.97000122070312,144.4600067138672,145.3800048828125,88570300.0,12876350646.472168,-0.03855566147871903,0.011128154938794044,0.05846376718210666,0.20230739293303301,44.66690401956854,1.3397526776934328,-0.04990739804854985,0.03859263254276016,-103248700.0,-0.004965561917275929,0.029269780965832,0.029116013767406256,1,0.005227641225136415,train
2022-06-06,147.02999877929688,148.57000732421875,144.89999389648438,146.13999938964844,71598400.0,10463390132.299805,0.005227641225136415,-0.023389468152070325,0.062141167812526765,-0.21272385694263107,45.6263608195941,1.2144301762756582,0.046267033401979886,0.03744343787037743,-122628800.0,0.00406392757276941,0.020751154082514676,0.029142947280870513,1,0.017585926747997416,train
2022-06-07,144.35000610351562,149.0,144.10000610351562,148.7100067138672,67808200.0,10083757877.255247,0.017585926747997416,-0.0008733514325567349,0.03913078107492196,-0.05438959498149387,48.85592817999985,1.2731712624011062,0.27060500765579326,0.03652160115155611,48897800.0,0.022898490193209664,0.022948338924535888,0.028605101555312425,0,-0.005043372780172639,train
2022-06-08,148.5800018310547,149.8699951171875,147.4600067138672,147.9600067138672,53950200.0,7982471954.214478,-0.005043372780172639,-0.005043372780172639,0.05414652372803652,-0.22862172896438082,47.960660942876814,1.2294236083623558,0.263086650543834,0.035248254003026454,69234200.0,0.020037467443837276,0.023065269781759885,0.0283397961298488,0,-0.0359557115626985,train
2022-06-09,147.0800018310547,147.9499969482422,142.52999877929688,142.63999938964844,69473000.0,9909628677.597046,-0.0359557115626985,-0.05667619167847582,0.01508678517456441,0.25287678490559173,42.071432834534534,0.8292820256882942,-0.19979706445854803,0.036670400475790496,-72586900.0,-0.01532855708346037,0.02498733996787162,0.02705640326640815,0,-0.038628677302390724,train
2022-06-10,140.27999877929688,140.75999450683594,137.05999755859375,137.1300048828125,91437900.0,12538879673.47412,-0.038628677302390724,-0.0567478313585843,-0.0462511750795892,0.2747218620052436,37.00340978854803,0.2127210763768126,-0.6210235795442239,0.03832580967508946,-75454500.0,-0.051587584325534785,0.025007229179548524,0.027765763765749418,0,-0.03828483784046022,train
2022-06-13,132.8699951171875,135.1999969482422,131.44000244140625,131.8800048828125,122207100.0,16116672944.714355,-0.03828483784046022,-0.09757762807166137,-0.11868480739959497,0.2900570904255382,32.932689194217105,-0.49105878775202116,-0.8420580146400053,0.040086788738449626,-269260000.0,-0.08306824046715977,0.025359065877136305,0.02774685054363623,1,0.006672653862921818,train
2022-06-14,133.1300048828125,133.88999938964844,131.47999572753906,132.75999450683594,84784300.0,11255963202.26593,0.006672653862921818,-0.1072558098778158,-0.10803548929516571,-0.36560675876323856,34.23857056138081,-0.8202916352185157,-0.6641201106673227,0.03827336290772531,-252283900.0,-0.0728306240609482,0.02148145438933302,0.027833831025725966,1,0.020111466401181888,train
2022-06-15,134.2899932861328,137.33999633789062,132.16000366210938,135.42999267578125,91533000.0,12396313519.592283,0.020111466401181888,-0.08468514104839919,-0.08930141509332323,0.0765891779812975,38.17221086477119,-0.7814029648116887,-0.4430485036922988,0.03757092508006743,-106800700.0,-0.04960075996474078,0.02836187138023408,0.027560180007829102,0,-0.039651446559871295,train
2022-06-16,132.0800018310547,132.38999938964844,129.0399932861328,130.05999755859375,108123900.0,14062594170.025637,-0.039651446559871295,-0.08819406817781883,-0.139871755943344,0.16657822711498582,33.793875618408975,-1.0251340802763464,-0.6710945038450171,0.03983710384255308,-145451600.0,-0.08382645604099148,0.029012998058576513,0.026114111455208464,1,0.011533138767930717,train
2022-06-17,130.07000732421875,133.0800018310547,129.80999755859375,131.55999755859375,134520300.0,17697490339.5813,0.011533138767930717,-0.040618443271979165,-0.09506126606171694,0.21843732341651645,36.002032528849185,-0.9924654877009864,-0.5406675693220703,0.03834523235114868,80506600.0,-0.07136632764009032,0.028749092458521565,0.025834305779107555,1,0.032760699593918474,train
2022-06-21,133.4199981689453,137.05999755859375,133.32000732421875,135.8699951171875,81000500.0,11005537539.489746,0.032760699593918474,0.030254701900568337,-0.0702751082205656,-0.5072597846165579,41.989070816872065,-0.6066779453590154,-0.302511614158941,0.03736822242005442,283714200.0,-0.04036109695695711,0.027522646131258707,0.026966451082381524,0,-0.003827107031419197,train
2022-06-22,134.7899932861328,137.75999450683594,133.91000366210938,135.35000610351562,73409200.0,9935935668.0542,-0.003827107031419197,0.019508976377264897,-0.08983928456178158,-0.09840605785077727,41.484831148892496,-0.32664162436439437,-0.3030212922530391,0.03686413545067023,125520700.0,-0.04140679838476313,0.027883893146979394,0.025236103782309886,1,0.021573683319320303,train
2022-06-23,136.82000732421875,138.58999633789062,135.6300048828125,138.27000427246094,72433800.0,10015421835.47058,0.021573683319320303,0.020970329692615808,-0.06549068668363389,-0.013376226902554578,45.44665552125752,0.09270834103885317,-0.14555600635967683,0.035181828816926865,106421500.0,-0.0200011130571226,0.02809951656069893,0.02545955157096446,1,0.024517243689154977,train
2022-06-24,139.89999389648438,141.91000366210938,139.77000427246094,141.66000366210938,89116800.0,12624286214.355469,0.024517243689154977,0.0891896534004597,-0.006870413150115162,0.2072748250276497,49.70420910781443,0.6071774605087139,0.026368658116704188,0.033722438399537064,303662200.0,0.0036203043953748626,0.014044544159619815,0.02606531751342781,0,0.0,train
2022-06-27,142.6999969482422,143.49000549316406,140.97000122070312,141.66000366210938,70207900.0,9945651371.109009,0.0,0.07677110284999289,0.0330343368919741,-0.23848702555676127,49.70420910781443,0.9365703799782228,0.03193229515048433,0.032584342951500964,239349800.0,0.00437456732276198,0.016036626272516927,0.025523281472211952,0,-0.029789645006425114,train
2022-06-28,142.1300048828125,143.4199981689453,137.32000732421875,137.44000244140625,67083400.0,9219942659.777832,-0.029789645006425114,0.011555217344820123,0.04215951890155245,-0.04552421823034791,44.67098160446257,0.8612485491171258,-0.16024280862121765,0.03435611670252314,91265900.0,-0.021312648958258573,0.02200833784997692,0.024380763895277168,1,0.013023815878466127,train
2022-06-29,137.4600067138672,140.6699981689453,136.6699981689453,139.22999572753906,66242400.0,9222929068.981934,0.013023815878466127,0.028666342438551595,0.04873456981327284,-0.01261587992492963,47.11717909156485,0.9177886975407468,-0.04031999940661448,0.03354406579634736,230917500.0,-0.005162508295762036,0.022088285959872292,0.024670030514911512,0,-0.01802768500939822,train
2022-06-30,137.25,138.3699951171875,133.77000427246094,136.72000122070312,98964500.0,13530426560.806274,-0.01802768500939822,-0.011209973268703544,0.00952527958862226,0.40144045367257775,44.168310690481036,0.7775064504974383,-0.15365947445401826,0.03457243827419287,59519200.0,-0.018894463388526073,0.022147319520043406,0.024887995092899302,1,0.016164360995803317,train
2022-07-01,136.0399932861328,139.0399932861328,135.66000366210938,138.92999267578125,71051600.0,9871198267.60254,0.016164360995803317,-0.019271572185186492,0.06819925637159452,-0.33135482235695335,47.29599040814809,0.8206599491218163,0.012466037073724467,0.03333007500247421,41454000.0,0.0013766278617453054,0.019836315519089265,0.024860070750529477,1,0.018930432746441683,train
2022-07-05,137.77000427246094,141.61000061035156,136.92999267578125,141.55999755859375,73353800.0,10383963748.913574,0.018930432746441683,-0.0007059586399147388,0.07601094698672539,0.03188793557087877,50.82639286053109,1.0014590673876667,0.20306313975261112,0.03273580159910515,44599900.0,0.02173973796519979,0.022370012589028793,0.02395262028605737,1,0.009607238159132114,train
2022-07-06,141.35000610351562,144.1199951171875,141.0800018310547,142.9199981689453,74064300.0,10585269620.384216,0.009607238159132114,0.039871912326800985,0.05188785828451081,0.009639325046087777,52.594766692843045,1.1757227713742928,0.31720610733968857,0.03162760086797913,185747600.0,0.032755951681085804,0.014927954119545282,0.024032968913039743,1,0.02399949607133145,train
2022-07-07,143.2899932861328,146.5500030517578,143.27999877929688,146.35000610351562,66253700.0,9696229399.380491,0.02399949607133145,0.05113848017283429,0.08127077579580755,-0.11144232087643502,56.813045636360975,1.4661783344794883,0.5919090644619145,0.03045186140687246,185758900.0,0.05844408974612114,0.016578242079291493,0.024332641174968403,1,0.004714637197412497,train
2022-07-08,145.25999450683594,147.5500030517578,145.0,147.0399932861328,64547800.0,9491108078.634644,0.004714637197412497,0.07548267973440415,0.06342654764362798,-0.026085277359587877,57.62981594027373,1.6360311030935986,0.6583083422065751,0.029382771038704566,349271200.0,0.06378818098747785,0.007618461612101494,0.024334907805751378,0,-0.014757877230874183,train
2022-07-11,145.6699981689453,146.63999938964844,143.77999877929688,144.8699951171875,63141600.0,9147323283.691406,-0.014757877230874183,0.04275536424498583,0.022659828971448137,-0.02202621093799806,54.16058106088261,1.5351419842773895,0.4750044221913742,0.02930003670341705,215078000.0,0.04724414942284061,0.015045864045822694,0.023118983397983524,1,0.006833751132270249,train
2022-07-12,145.75999450683594,148.4499969482422,145.0500030517578,145.86000061035156,77588800.0,11317102415.356443,0.006833751132270249,0.030375834458304274,0.02964843173560916,0.20604326060481526,55.47741132583898,1.4680110221432086,0.48982134401106686,0.0287756615194686,219313000.0,0.05108417110559693,0.013876231754380639,0.021166759708024487,0,-0.0025366455206311533,train
2022-07-13,142.99000549316406,146.4499969482422,142.1199951171875,145.49000549316406,71185600.0,10356793335.03418,-0.0025366455206311533,0.017982139358697413,0.05857103396945673,-0.08613253494417705,54.84331178357155,1.3354201787660998,0.4241914422382319,0.0289140312519024,74063100.0,0.04330183865227921,0.014164182280282012,0.01885275603837362,1,0.0204824772494705,train
2022-07-14,144.0800018310547,148.9499969482422,143.25,148.47000122070312,78140700.0,11601549824.386597,0.0204824772494705,0.014485787692335217,0.06636504903186191,0.09322049584425329,58.916316889760964,1.3794958779062199,0.5678175089659518,0.02905210759530092,85950100.0,0.05870777139877692,0.012935004673251966,0.019163998172332292,1,0.011450103955445545,train
2022-07-15,149.77999877929688,150.86000061035156,148.1999969482422,150.1699981689453,76259900.0,11451949043.363953,0.011450103955445545,0.02128675888009357,0.09837622021762749,-0.024363804426062785,61.073351287691814,1.4471615403826354,0.601056418430493,0.027936799355996973,97662200.0,0.06523187535647268,0.013503320877524264,0.018919468688081493,0,-0.020643210245224752,train
2022-07-18,150.74000549316406,151.57000732421875,146.6999969482422,147.07000732421875,81420900.0,11974572359.344482,-0.020643210245224752,0.015186113627267073,0.05859076569185273,0.06548475285255861,55.36488959377817,1.2164434078436879,0.37764540248437467,0.028853367115343857,79382900.0,0.03698590186746342,0.015663061312747504,0.01691064670744975,1,0.026721917998667744,train
2022-07-19,147.9199981689453,151.22999572753906,146.91000366210938,151.0,82982400.0,12530342400.0,0.026721917998667744,0.0352392662014267,0.06668552277629769,0.018996540078443758,60.41616677755071,1.2566633233630031,0.6208429223511075,0.028138616808985623,84776500.0,0.057448884114665866,0.01901042010787905,0.01748916955180993,1,0.013509889312137924,train
2022-07-20,151.1199951171875,153.72000122070312,150.3699951171875,153.0399932861328,64823400.0,9920572700.784302,0.013509889312137924,0.05189351507257656,0.07080881085112156,-0.24696188445823353,62.77134416943222,1.3411140284562202,0.6828754336957005,0.027343977984153587,220785500.0,0.06533008221795189,0.018319869901092425,0.01650213854949294,1,0.015094177461599134,train
2022-07-21,154.5,155.57000732421875,151.94000244140625,155.35000610351562,65086600.0,10111203707.25708,0.015094177461599134,0.04633936031687136,0.061496410144555425,0.004052041506767523,65.28979398828815,1.463036035571601,0.7477892571448806,0.026682326219721338,207731400.0,0.07393457381892654,0.017720120755771566,0.01644550569795753,0,-0.008110780277571505,train
2022-07-22,155.38999938964844,156.27999877929688,153.41000366210938,154.08999633789062,66675400.0,10274012141.827393,-0.008110780277571505,0.026103737209447253,0.047946160049387565,0.02411737808050063,62.79449979498354,1.3708879196844657,0.5883566698924699,0.026309434421546794,64796100.0,0.05943096705914508,0.01920367747500028,0.01640458962496861,0,-0.0073982699509488326,train
2022-07-25,154.00999450683594,155.0399932861328,152.27999877929688,152.9499969482422,53623900.0,8201775341.352844,-0.0073982699509488326,0.03998088890456697,0.05577415685365805,-0.2178412014325346,60.54007974877912,1.1539296053867947,0.4600415621216219,0.02590121146553058,92593100.0,0.04752738601534934,0.01523034556140916,0.016010947404334626,0,-0.0088263541788981,train
2022-07-26,152.25999450683594,153.08999633789062,150.8000030517578,151.60000610351562,55138700.0,8359027256.539917,-0.0088263541788981,0.003973550354408051,0.039352841554538553,0.02785696423702433,57.889598958822326,0.8540847869714314,0.33670617739752606,0.025344263056161963,-45528000.0,0.034759356478672565,0.01229970212910097,0.016245861834405843,1,0.034234742570348864,train
2022-07-27,152.5800018310547,157.3300018310547,152.16000366210938,156.7899932861328,78620700.0,12326939025.151062,0.034234742570348864,0.02450339887946007,0.07766848145111727,0.3547831891575477,64.3512830432572,0.9334261615358095,0.6175509753895939,0.025365353910041674,-31730700.0,0.06316320798278996,0.019192057670525363,0.015632744884493708,1,0.0035717382573059453,train
2022-07-28,156.97999572753906,157.63999938964844,154.41000366210938,157.35000610351562,81378700.0,12804938941.696169,0.0035717382573059453,0.012874154627759316,0.05981009503470158,0.03447854403303552,64.9757953355531,0.9486732752827063,0.5920208591429768,0.02493596227568486,-15438600.0,0.060445787280133834,0.01835009956459564,0.015575014570776357,1,0.03279306134837845,train
2022-07-29,161.24000549316406,163.6300048828125,159.5,162.50999450683594,101786900.0,16541388559.86786,0.03279306134837845,0.054643379642127066,0.08217351327398825,0.22376784167360952,70.16253501628877,1.2143455463857138,0.8350138149316473,0.025179883579615647,153023700.0,0.08578507545849745,0.021221877682522785,0.01555120462074067,0,-0.00615346768692393,train
2022-08-01,161.00999450683594,163.58999633789062,160.88999938964844,161.50999450683594,67829400.0,10955126021.401978,-0.00615346768692393,0.055965987115975,0.09818444593386033,-0.4058856779486817,68.05900965451322,1.2271686669433155,0.7021684842827084,0.0247201741148311,138818200.0,0.07102473834327849,0.020959596971455642,0.015793167994669132,0,-0.009287350944318873,train
2022-08-02,160.10000610351562,162.41000366210938,159.6300048828125,160.00999450683594,59907000.0,9585718740.92102,-0.009287350944318873,0.05547485530823648,0.059668837793615426,-0.12420236759630754,64.91514076437429,1.0461328317407959,0.5540790278852623,0.024410625259138282,134049900.0,0.054626192527869044,0.021070019465784195,0.015993965150072453,1,0.038247675683253046,train
2022-08-03,160.83999633789062,166.58999633789062,160.75,166.1300048828125,82507500.0,13706971377.868652,0.038247675683253046,0.05957020215974307,0.08553327346405326,0.32009583399776886,70.83471655334496,1.2369870684954694,0.8284900487483111,0.024661096870066658,137936700.0,0.08665154752461679,0.02221986691995619,0.017518472709558953,0,-0.0019262464022948844,train
2022-08-04,166.00999450683594,167.19000244140625,164.42999267578125,165.80999755859375,55474100.0,9198160385.565186,-0.0019262464022948844,0.053765434553034286,0.06733177369885812,-0.3969729472302994,70.16805907721559,1.2371236748659413,0.7042870790469117,0.024132757999772134,1083900.0,0.0776995190157288,0.02285786206077316,0.017205061030683984,0,-0.0027742082012610636,train
2022-08-05,163.2100067138672,165.85000610351562,163.0,165.35000610351562,56697000.0,9374849296.051023,-0.0027742082012610636,0.01747591959065775,0.07307424254157224,0.021805053729252677,69.16045717665645,1.1059618888919545,0.6030603596563247,0.023702487003098707,-157400000.0,0.0683526384227422,0.019575769727711082,0.01732476223898357,0,-0.0029029995077690662,train
2022-08-08,166.3699951171875,167.80999755859375,164.1999969482422,164.8699951171875,60276900.0,9937852208.6792,-0.0029029995077690662,0.020803669894307042,0.07793395493155186,0.061227645431859656,68.06210656140061,0.8955822212514022,0.5266472053032192,0.023637534786888365,-149847500.0,0.058412639156762536,0.01922076000462625,0.016770156520075265,1,0.0003032877615012364,train
2022-08-09,164.02000427246094,165.82000732421875,163.25,164.9199981689453,63135500.0,10412306544.395449,0.0003032877615012364,0.03068560609130966,0.08786274095750701,0.046334263885245974,68.11890630437591,0.6783618145625949,0.48614077263639505,0.0230555815368921,-26805000.0,0.05229574534685133,0.017967060655108866,0.016829226772161997,1,0.026194563256017656,train
2022-08-10,167.67999267578125,169.33999633789062,166.89999389648438,169.24000549316406,70170500.0,11875655805.458069,0.026194563256017656,0.018720282423065893,0.07940565559123836,0.10564478280631207,72.64523194400346,0.7391963911898429,0.6761658854877033,0.02272775790260233,-39142000.0,0.07173958655393897,0.012596443379367338,0.017256730372727833,0,-0.0044315763156265175,train
2022-08-11,170.05999755859375,170.99000549316406,168.19000244140625,168.49000549316406,57149200.0,9629069021.929932,-0.0044315763156265175,0.016163126313437415,0.0707975783764494,-0.20526259965136262,70.7667657025703,0.6458805944385686,0.5743843678205717,0.022385303778062346,-40817100.0,0.06026905053513132,0.012925646310608122,0.017186737410190285,1,0.021425606817361276,train
2022-08-12,169.82000732421875,172.1699981689453,169.39999389648438,172.10000610351562,68039400.0,11709581155.27954,0.021425606817361276,0.04082249622521483,0.059011826477394225,0.17442155445331053,74.22199082766151,0.7376110589786684,0.7013756479304364,0.021877683340775556,83919300.0,0.07556453497496074,0.014524793985861078,0.01748069925097964,1,0.006333505515595528,train
2022-08-15,171.52000427246094,173.38999938964844,171.35000610351562,173.19000244140625,54091700.0,9368141655.059814,0.006333505515595528,0.05046404785967873,0.07231755514718907,-0.22940619086776692,75.17604472228848,0.7780143223400007,0.704842391535156,0.0210284886299947,198287900.0,0.07361375121709579,0.013309226848832503,0.01623316504141854,0,-0.0009238620004263787,train
2022-08-16,172.77999877929688,173.7100067138672,171.66000366210938,173.02999877929688,56377100.0,9754929544.180298,-0.0009238620004263787,0.049175361996085076,0.08136994387500396,0.041382292444854585,74.73876531949858,0.7025833527581886,0.6320205450910888,0.02039077260071135,78775300.0,0.06534741656027188,0.013541230743656188,0.01575470930391962,1,0.00878462857992468,train
2022-08-17,172.77000427246094,176.14999389648438,172.57000732421875,174.5500030517578,79542000.0,13884056342.74292,0.00878462857992468,0.03137554588893132,0.05068318739221578,0.3442221311956608,76.15759165213365,0.6641167981193394,0.6503235968704391,0.020234392668694673,88146800.0,0.06763635182581385,0.010028583708059745,0.015686418956625137,0,-0.0022916594000563784,train
2022-08-18,173.75,174.89999389648438,173.1199951171875,174.14999389648438,62290100.0,10847820534.8114,-0.0022916594000563784,0.03359242814880159,0.0502985131215834,-0.24448267590393513,74.96432066222275,0.5267908750276895,0.5661863953725494,0.01956231220122462,83005900.0,0.05910038148782193,0.00949066382720187,0.01567921244859523,0,-0.015101864577650947,train
2022-08-19,173.02999877929688,173.74000549316406,171.30999755859375,171.52000427246094,70346300.0,12065797676.55182,-0.015101864577650947,-0.0033701441631898144,0.0373147743646447,0.12162768150786007,67.47817930198046,0.191187859985134,0.3780090598993942,0.019626236973503734,-55379800.0,0.037606607800065195,0.00934622231713206,0.016079495581484447,0,-0.023029365962279114,train
2022-08-22,169.69000244140625,169.86000061035156,167.13999938964844,167.57000732421875,69026800.0,11566821381.567385,-0.023029365962279114,-0.032449881852093965,0.016376613616759794,-0.01893535274918534,58.094636098120226,-0.3357740698804381,0.10301536837092613,0.02052097717061984,-178498300.0,0.009248116692761377,0.012546259979436928,0.01708738294609197,0,-0.0020290719210975805,train
2022-08-23,167.0800018310547,168.7100067138672,166.64999389648438,167.22999572753906,54147100.0,9055019301.65863,-0.0020290719210975805,-0.03352021668309568,0.014006776523410869,-0.2427904139303685,57.3552717642805,-0.7239057166139862,0.03302982617531405,0.019973824691510333,-176268300.0,0.0024817485158454833,0.012432404023834604,0.01687015338006775,1,0.001793954789346408,train
2022-08-24,167.32000732421875,168.11000061035156,166.25,167.52999877929688,53841500.0,9020066429.275513,0.001793954789346408,-0.040217726437846935,-0.01010403367031476,-0.005659871692802909,57.86481842202949,-0.9621805619593502,0.01577580016077133,0.01930694501283982,-201968800.0,0.001057633491780452,0.0104927404903374,0.01541324156815666,1,0.014922700520600518,train
2022-08-25,168.77999877929688,170.13999938964844,168.35000610351562,170.02999877929688,51218200.0,8708630483.477783,0.014922700520600518,-0.023657739084598783,0.00913996816384044,-0.049949606692585746,61.94542310224703,-0.9514456365071569,0.20816865917168884,0.01876072419934234,-88460500.0,0.012161646444655672,0.014819914722023078,0.015626253717401544,0,-0.03769925135640162,train
2022-08-26,170.57000732421875,171.0500030517578,163.55999755859375,163.6199951171875,78961000.0,12919598434.448242,-0.03769925135640162,-0.046058820886712426,-0.04927374018352748,0.432859115194109,48.875481318347184,-1.3516460346302086,-0.45824550820719034,0.02137292149906201,-97075200.0,-0.026317777823804955,0.020962181934777717,0.016702306426702382,0,-0.013690198638440787,train
2022-08-29,161.14999389648438,162.89999389648438,159.82000732421875,161.3800048828125,73314000.0,11831413677.978516,-0.013690198638440787,-0.03693979931283098,-0.0681909890415835,-0.0742024721474337,45.28010475494705,-1.7192323764915178,-0.6878547432061948,0.0218036716134052,-101362400.0,-0.039610535293175486,0.019807019504427127,0.01694296313497186,0,-0.015305497248539135,train
2022-08-30,162.1300048828125,162.55999755859375,157.72000122070312,158.91000366210938,77906200.0,12380074527.301023,-0.015305497248539135,-0.049751792608935475,-0.08160431842340721,0.060753951560144515,41.64242029098838,-2.057867661728107,-0.9115453666912722,0.022736495671786625,-125121500.0,-0.05400014019689647,0.019806896963653706,0.017170297014638156,0,-0.010634965719336975,train
2022-08-31,160.30999755859375,160.5800018310547,157.13999938964844,157.22000122070312,87991100.0,13833960849.41101,-0.010634965719336975,-0.0615412023740064,-0.09928388157011936,0.12173013260218468,39.31512186384335,-2.306137167786855,-0.9031619196618826,0.02290227433172936,-266954100.0,-0.06157202390111127,0.018706755406390132,0.014711727816202164,1,0.004706815210650195,train
2022-09-01,156.63999938964844,158.4199981689453,154.6699981689453,157.9600067138672,74229900.0,11725355502.36969,0.004706815210650195,-0.07098742664285285,-0.09296576370964793,-0.17006863692873964,40.87335223496618,-2.3244188738478653,-0.7362043449246005,0.022862497119590406,-243942400.0,-0.05494094731469101,0.015193313311088023,0.014803362371066787,0,-0.013611098150736467,train
2022-09-02,159.75,160.36000061035156,154.97000122070312,155.80999755859375,76957800.0,11990794630.114746,-0.013611098150736467,-0.047732537536137265,-0.09159285402600448,0.036090185228413674,37.83372496502128,-2.376726487700583,-0.7850361189644585,0.02399336315765337,-241939200.0,-0.0651362815271741,0.008232105054422255,0.015017738050371284,0,-0.008215126110989845,train
2022-09-06,156.47000122070312,157.08999633789062,153.69000244140625,154.52999877929688,73714800.0,11391147954.016111,-0.008215126110989845,-0.04244643633819334,-0.0778182728111465,-0.04305362595250628,36.11191762502888,-2.3866797596936093,-0.761804146397105,0.02403567981365796,-242340000.0,-0.06993122101963489,0.007928345122635239,0.015065451084180791,1,0.00925391798269981,train
2022-09-07,154.82000732421875,156.6699981689453,153.61000061035156,155.9600067138672,87449600.0,13638640203.125,0.00925391798269981,-0.01856394739323508,-0.06739215034145907,0.17085903213510178,39.42847515024426,-2.1911783604268544,-0.6012038689040072,0.023515659595726605,-76984200.0,-0.058786578978855863,0.010064647446965676,0.015303707686960285,0,-0.009617850316921195,train
2022-09-08,154.63999938964844,156.36000061035156,152.67999267578125,154.4600067138672,84923800.0,13117330718.167114,-0.009617850316921195,-0.017554983369841737,-0.0780158309596124,-0.029308243239725584,37.24440673831526,-2.059142582571514,-0.6113125672296384,0.02374980913774458,-73916900.0,-0.06366311618458864,0.00989834578182028,0.013765555041672563,1,0.01883975318420772,train
2022-09-09,155.47000122070312,157.82000732421875,154.75,157.3699951171875,68028800.0,10705691923.828123,0.01883975318420772,-0.003735196072436553,-0.07445747075810061,-0.22182323598300968,43.753714232904706,-1.6876790005070603,-0.4004733023944482,0.02317066513838268,-80118000.0,-0.04279652877447793,0.013996245854471703,0.014719290065441587,1,0.038507960517385253,train
2022-09-12,159.58999633789062,164.25999450683594,159.3000030517578,163.42999267578125,104956000.0,17152958311.279297,0.038507960517385253,0.04890568793136607,-0.0011612421896857184,0.43361006461702445,54.36853438764956,-0.9807466569196663,-0.031755306696095505,0.02372915394042628,101795800.0,-0.0033085299824724412,0.02004837472163206,0.01660469813295913,0,-0.05867953721882391,train
2022-09-13,159.89999389648438,160.5399932861328,153.3699951171875,153.83999633789062,122656600.0,18869490894.818115,-0.05867953721882391,-0.004465168231779559,-0.04672207409088336,0.15584736482745143,41.1376483595035,-1.0971182835393756,-0.5335778285301378,0.0280786716760905,52854000.0,-0.05622529339668447,0.03694133977210826,0.020662497626741296,1,0.009555390377639084,train
2022-09-14,154.7899932861328,157.10000610351562,153.61000061035156,155.30999755859375,87965400.0,13661906059.240725,0.009555390377639084,-0.004167793840032186,-0.02265437052767505,-0.3324450223568469,43.410952907725935,-1.0150967351630942,-0.40624892066689733,0.0274313594711283,53369800.0,-0.04200002883864917,0.036961152363603526,0.02092125916787203,0,-0.018929898188280392,train
2022-09-15,154.64999389648438,155.24000549316406,151.3800048828125,152.3699951171875,90481100.0,13786604765.197754,-0.018929898188280392,-0.013531085755754124,-0.030848531140177604,0.02819743345695258,40.07720952878906,-1.0921484136646964,-0.5370137473045313,0.02780577889298366,47812500.0,-0.053661292704879626,0.0377750209664171,0.020865599984611356,0,-0.010960151095764759,train
2022-09-16,151.2100067138672,151.35000610351562,148.3699951171875,150.6999969482422,162278800.0,24455414664.764404,-0.010960151095764759,-0.042384179804914046,-0.04596106265540978,0.5841748496777264,38.27897578319197,-1.1813269998433562,-0.5982627662380944,0.02800168941148779,-182495100.0,-0.057167454769736836,0.03594360697512815,0.020862242233444694,1,0.025082938658552933,train
2022-09-19,149.30999755859375,154.55999755859375,149.10000610351562,154.47999572753906,81474200.0,12586134067.904663,0.025082938658552933,-0.05476349109307943,-0.008536049367143694,-0.6890294318601988,44.36403288501248,-0.9229330517278918,-0.3209414044854369,0.027889926453002555,-205976900.0,-0.02833908662942597,0.031861015506047495,0.02194737223415888,1,0.01566544689199456,train
2022-09-20,153.39999389648438,158.0800018310547,153.0800018310547,156.89999389648438,107689800.0,16896528962.713623,0.01566544689199456,0.01989078023554325,0.015336796323750512,0.27896846345597126,47.90510492762271,-0.544921321079991,-0.11748966720717358,0.027774591060836237,24369500.0,-0.009794795999063965,0.018445781588916278,0.021978676850315636,0,-0.02026764053209118,train
2022-09-21,157.33999633789062,158.74000549316406,153.60000610351562,153.72000122070312,101696800.0,15632832220.141602,-0.02026764053209118,-0.010237565919030911,-0.014362691694888796,-0.05725903414312583,43.9468593916057,-0.4678878284713912,-0.3253071797419568,0.02871260830542901,-165292700.0,-0.0257104066607321,0.02089315825169127,0.02230986947231317,0,-0.006375199842290069,train
2022-09-22,152.3800048828125,154.47000122070312,150.91000366210938,152.74000549316406,86652500.0,13235303325.9964,-0.006375199842290069,0.002428367709088608,-0.011135576498383704,-0.1600899683112047,42.77390117306696,-0.44207481087487466,-0.37574208689425825,0.028497598045178332,-161464100.0,-0.02736294014732521,0.019000833370536766,0.022273652620172557,0,-0.015123823060790742,train
2022-09-23,151.19000244140625,151.47000122070312,148.55999755859375,150.42999267578125,96029900.0,14445777153.656006,-0.015123823060790742,-0.0017916674049679449,-0.04409990885643922,0.10275373273350397,40.059727814914986,-0.5335899613416955,-0.6103170342024908,0.02885319871542674,-95215200.0,-0.03605738005582382,0.019713593722643957,0.021914112786461742,1,0.0022602646628622214,train
2022-09-26,149.66000366210938,153.77000427246094,149.63999938964844,150.77000427246094,93339400.0,14072781736.78894,0.0022602646628622214,-0.024015999208218175,-0.07746429034256697,-0.028417288619195347,40.65661881716737,-0.5235122324959023,-0.5425286716410798,0.02868845985629792,-83350000.0,-0.029884569341198874,0.014291494630561615,0.02064472906160543,1,0.0065662280713738586,train
2022-09-27,152.74000549316406,154.72000122070312,149.9499969482422,151.75999450683594,84442700.0,12815023688.142397,0.0065662280713738586,-0.03275971695091062,-0.013520553045816674,-0.10016911342392731,42.45349093206782,-0.4076130378142566,-0.39425560010350397,0.028710593924987614,-106597100.0,-0.020483011460881384,0.011306675329328953,0.020634838814580475,0,-0.012651543479456517,train
2022-09-28,147.63999938964844,150.63999938964844,144.83999633789062,149.83999633789062,146691400.0,21980238838.80005,-0.012651543479456517,-0.025240728935734258,-0.03521989122844105,0.5522578575289572,39.92837618824369,-0.41624225482032573,-0.5660621517957052,0.030300203176195584,-151591700.0,-0.030036266688707958,0.009346084148165736,0.020559014433546824,0,-0.049119065604851575,train
2022-09-29,146.10000610351562,146.72000122070312,140.67999267578125,142.47999572753906,128138200.0,18257130188.534546,-0.049119065604851575,-0.06717303520120788,-0.06490778832172339,-0.13522169042700938,32.05697617133043,-0.8486906566184587,-1.0721521130943796,0.034181426984796405,-193077400.0,-0.07325863868044558,0.021926293887611848,0.02299437669514212,0,-0.030039296095161427,train
2022-09-30,141.27999877929688,143.10000610351562,138.0,138.1999969482422,124925300.0,17264676078.75824,-0.030039296095161427,-0.08130024810875403,-0.08294625250916965,-0.025393410107309222,28.53418943090965,-1.325618193801938,-1.0794097661971551,0.03535880299463584,-221972800.0,-0.09528330501209958,0.023162892022691197,0.02355553088597027,1,0.030752533240588242,train
2022-10-03,138.2100067138672,143.07000732421875,137.69000244140625,142.4499969482422,114311700.0,16283701316.148376,0.030752533240588242,-0.055183438936457274,-0.07787415271887077,-0.08878703015818346,36.04935721239347,-1.258037115285442,-0.6590201623743462,0.03455128637435737,-201000500.0,-0.06336505529877656,0.031104984198677757,0.024890997494093334,1,0.02562309044204225,train
2022-10-04,145.02999877929688,146.22000122070312,144.25999450683594,146.10000610351562,87830100.0,12831978146.072388,0.02562309044204225,-0.03729565503552623,-0.06883357688397429,-0.2635246586377207,41.71782656788407,-0.8881339901032974,-0.37170771279785547,0.033124963206983646,-197613100.0,-0.03669583596142845,0.034735597273093576,0.025737549629439173,1,0.0020533044519943644,train
2022-10-05,144.07000732421875,147.3800048828125,143.00999450683594,146.39999389648438,79471000.0,11634553914.94751,0.0020533044519943644,-0.022957838530968777,-0.047619094887392466,-0.10001209005621092,42.17151428503466,-0.5598984961474902,-0.3175808330858325,0.032827994939720245,28549300.0,-0.031666003387680774,0.03476915715215593,0.02561479903639269,0,-0.0066256916744750205,train
2022-10-06,145.80999755859375,147.5399932861328,145.22000122070312,145.42999267578125,68402200.0,9947731445.007324,-0.0066256916744750205,0.02070463950520751,-0.04785918917431209,-0.14998718534755184,41.05855737549876,-0.354757723182928,-0.3460653720698525,0.03182593132353615,88285300.0,-0.035200645093219074,0.0247891226332386,0.02558186271910132,0,-0.03671867294799025,train
2022-10-07,142.5399932861328,143.10000610351562,139.4499969482422,140.08999633789062,85925600.0,12037316989.331057,-0.03671867294799025,0.01367582801290701,-0.0687362683063889,0.22807681470999341,35.50355380046429,-0.5155984695547202,-0.6099775182268334,0.03372820632013681,127285000.0,-0.06526903573475862,0.02717135001082638,0.026131172050867058,1,0.0023556416566585803,train
2022-10-10,140.4199981689453,141.88999938964844,138.57000732421875,140.4199981689453,74899000.0,10517317442.855837,0.0023556416566585803,-0.014250605986565579,-0.06864764747775576,-0.13734126453284645,36.07910449348539,-0.5343766141052715,-0.5629965679042751,0.03293425275602893,87872300.0,-0.055819093569031586,0.022489025034874387,0.02410030638571557,0,-0.01025496695758199,train
2022-10-11,139.89999389648438,141.35000610351562,138.22000122070312,138.97999572753906,77033700.0,10706143296.876526,-0.01025496695758199,-0.04873381299472257,-0.08421190855223182,0.028102448775939592,34.62701169489216,-0.5748678758963948,-0.5800368889804773,0.03250733254491085,-76991500.0,-0.06080952131708928,0.015993368803585952,0.020882180617298247,0,-0.004604974883602009,train
2022-10-12,139.1300048828125,140.36000061035156,138.16000366210938,138.33999633789062,70433700.0,9743797800.064089,-0.004604974883602009,-0.05505463042773595,-0.07674853364296264,-0.08957114541991729,33.97257431949653,-0.574481314086011,-0.5530546532541072,0.03146094237690792,-226896200.0,-0.05974309168501768,0.015002210251128358,0.0206060145394032,1,0.0336129050048255,train
2022-10-13,134.99000549316406,143.58999633789062,134.3699951171875,142.99000549316406,113224000.0,16189900381.958008,0.0336129050048255,-0.016777743969614622,0.0035795183949911547,0.47469631025705183,42.47885202389803,-0.2095882425532718,-0.23275690161086224,0.032869424027957776,-45270000.0,-0.025030460277886912,0.025304508833056568,0.0221072262501171,0,-0.03224001981433555,train
2022-10-14,144.30999755859375,144.52000427246094,138.19000244140625,138.3800048828125,88598000.0,12260191672.607422,-0.03224001981433555,-0.0122063780411108,0.001302517645045409,-0.24525887098382881,37.34254513101637,-0.2258323463289731,-0.4685572662035505,0.03480580804505404,-47942400.0,-0.05248377816586314,0.023855731853857302,0.023007382061482524,1,0.02912269574429982,train
2022-10-17,141.07000732421875,142.89999389648438,140.27000427246094,142.41000366210938,85250900.0,12140580981.19812,0.02912269574429982,0.014171809707402172,-0.0002807531554201992,-0.03851061025702762,43.746077628026356,0.07178498906006148,-0.19360910278455698,0.03367216879895981,-37590500.0,-0.02084339705971605,0.02781570225121878,0.02329214034744568,1,0.009409425626236034,train
2022-10-18,145.49000549316406,146.6999969482422,140.61000061035156,143.75,99136600.0,14250886250.0,0.009409425626236034,0.03432151690241958,-0.016084914478720735,0.15090002213225162,45.73205203741343,0.3786897175155435,-0.07403035573959223,0.03400163687131132,138579800.0,-0.007141665369886363,0.026823041889931464,0.023057793697987276,1,0.0007652216372282528,train
2022-10-19,141.69000244140625,144.9499969482422,141.5,143.86000061035156,61758300.0,8884549075.694275,0.0007652216372282528,0.039901723424789814,-0.01734968163952777,-0.4732703115318877,45.900896597454874,0.5959685867122193,-0.03363520941377802,0.03326178008742921,270771800.0,-0.0029870070444061314,0.026342394682039454,0.02275994962718185,0,-0.003267073673773546,train
2022-10-20,143.02000427246094,145.88999938964844,142.64999389648438,143.38999938964844,64522000.0,9251809540.618896,-0.003267073673773546,0.0027973556270930455,-0.014027321659024872,0.04377787079218365,45.25303835139973,0.7073088914782617,-0.03713400676582284,0.032601158638062386,93025800.0,-0.0030141051352735593,0.022273716079266873,0.02274674073732018,1,0.027059103837980825,train
2022-10-21,142.8699951171875,147.85000610351562,142.64999389648438,147.27000427246094,86548600.0,12746012691.775513,0.027059103837980825,0.06424338109524541,0.0512528240578467,0.2936998510092863,51.35681701921396,1.0224074407546473,0.3235981404196627,0.031997037422480924,268172400.0,0.025089566943178543,0.014866651704762247,0.023497534534518357,1,0.014802693097965003,train
2022-10-24,147.19000244140625,150.22999572753906,146.0,149.4499969482422,75981900.0,11355494723.121643,0.014802693097965003,0.049434682291254806,0.06430707090903454,-0.1302109502360338,54.43090706764277,1.3378786427247173,0.5396043422951555,0.0312998360453594,258903400.0,0.04074177312901406,0.011993968779488818,0.023749445981371367,1,0.019337567404898115,train
2022-10-25,150.08999633789062,152.49000549316406,149.36000061035156,152.33999633789062,74732300.0,11384718308.322144,0.019337567404898115,0.05975649626358703,0.09612894676254657,-0.016582758873308734,58.20208176760119,1.6793075682070593,0.7909718627267173,0.029980350174826878,234499100.0,0.060652987171041284,0.012722382648382217,0.024109070800279245,0,-0.019627086164182295,train
2022-10-26,150.9600067138672,151.99000549316406,148.0399932861328,149.35000610351562,88194300.0,13171819243.295288,-0.019627086164182295,0.03816214006584007,0.07958659864883488,0.16562993809744597,53.2885178387033,1.6400333407296968,0.5265824036974196,0.03045276393683887,84546500.0,0.040012860378307424,0.01889242493627158,0.024358036328326754,0,-0.03046536903791064,train
2022-10-27,148.07000732421875,149.0500030517578,144.1300048828125,144.8000030517578,109180200.0,15809293293.191528,-0.03046536903791064,0.009833347291381411,0.012658210287853189,0.2134573909357691,46.81199575692927,1.2609062310656745,0.09907138140310849,0.031741104036327114,39888300.0,0.007514635118472501,0.025563376500352838,0.022672207553809838,1,0.07555250145606562,train
2022-10-28,148.1999969482422,157.5,147.82000732421875,155.74000549316406,164762400.0,25660097081.06689,0.07555250145606562,0.057513417362526686,0.12545165484748266,0.4115047048250844,59.54366083580243,1.6743024911987385,0.8946307226077435,0.033228205383557155,118102100.0,0.07706249342439131,0.04154564845194633,0.02694302865942591,0,-0.015410357458724877,train
2022-10-31,153.16000366210938,154.24000549316406,151.9199981689453,153.33999633789062,97943200.0,15018609929.32129,-0.015410357458724877,0.02602876861212411,0.07675017481015178,-0.5201167131579609,56.35655760128059,1.7076216812757317,0.6127807674796037,0.03311711629555193,-55823000.0,0.05648623061747626,0.043186340904651684,0.02671727134139163,0,-0.0175427318745901,train
2022-11-01,155.0800018310547,155.4499969482422,149.1300048828125,150.64999389648438,80379300.0,12109141054.403688,-0.0175427318745901,-0.011093622699437478,0.04799995754076081,-0.19763103622539901,52.936449247782974,1.4785705708850907,0.3839431299523254,0.034297243082528524,-210934600.0,0.036328202258598674,0.0434613020913225,0.026623967938442676,0,-0.03730498071609045,train
2022-11-02,148.9499969482422,152.1699981689453,145.0,145.02999877929688,93604600.0,13575475023.736572,-0.03730498071609045,-0.028925391012200707,0.008132894230372445,0.1523228454681771,46.57680207330224,0.9067228278280431,-0.019677434147118672,0.03661283467868326,-216344900.0,-0.0018616656278281907,0.04595239958776619,0.02802699024628026,0,-0.04240497792352105,train
2022-11-03,142.05999755859375,142.8000030517578,138.75,138.8800048828125,97918500.0,13598921758.117676,-0.04240497792352105,-0.04088396439349007,-0.03145264332263831,0.045055971973472,40.80029921202399,0.11410411145800081,-0.4258688138641695,0.038733062420464405,-205083200.0,-0.042028484192037086,0.04787434657847667,0.029564997143603788,0,-0.003600230288167805,train
2022-11-04,142.08999633789062,142.6699981689453,134.3800048828125,138.3800048828125,140814800.0,19485952711.572266,-0.003600230288167805,-0.11146783098780322,-0.060365309511373755,0.3633100487059693,40.36202264564016,-0.4150298463808926,-0.44655689562206097,0.040375473954295395,-510660400.0,-0.044914128864534164,0.016160151463369233,0.02841683768343563,1,0.003902249364639898,train
2022-11-07,137.11000061035156,139.14999389648438,135.6699981689453,138.9199981689453,83374600.0,11582399279.336548,0.003902249364639898,-0.09403937989649025,-0.07045834054411959,-0.5241018403206397,41.097922228154886,-0.6839627068193092,-0.3986255030822931,0.039135090292971485,-329342600.0,-0.04069056582097341,0.020284808665182827,0.02842636211457931,1,0.004175078021159573,train
2022-11-08,140.41000366210938,141.42999267578125,137.49000549316406,139.5,89908500.0,12542235750.0,0.004175078021159573,-0.07401257449864773,-0.08428512962158319,0.07544877901277403,41.926812424857474,-0.7715965141754915,-0.3630580428218042,0.03820603887176221,-159054800.0,-0.0368583003867623,0.022931787612818638,0.028339591434771057,0,-0.03318999915994625,train
2022-11-09,138.5,138.5500030517578,134.58999633789062,134.8699951171875,74917800.0,10104163320.19043,-0.03318999915994625,-0.07005449732900171,-0.09695353461379785,-0.18240097179284476,37.402024148686245,-1.0717335108360253,-0.6344537085682681,0.03929533087007298,-140368000.0,-0.06770819297239239,0.02198765625817153,0.02931790497424203,1,0.08897457132383879,train
2022-11-10,141.24000549316406,146.8699951171875,139.5,146.8699951171875,118854000.0,17456086399.658203,0.08897457132383879,0.05753160968792437,0.014295525012453014,0.4615043316852159,51.893039474468985,-0.4255989540057947,0.13029706565336135,0.03934329521878347,76404500.0,0.01388242853361854,0.045654619467189406,0.034838350411026925,1,0.019268754171310798,train
2022-11-11,145.82000732421875,150.00999450683594,144.3699951171875,149.6999969482422,93979700.0,14068760803.196716,0.019268754171310798,0.08180366863706978,-0.03878263986055264,-0.2348170453806624,54.56435609662419,0.19553100482195118,0.2837930446811422,0.038533517288279535,311199000.0,0.02939657519850214,0.04483261363890927,0.03407710206278021,0,-0.009485625904429806,train
2022-11-14,148.97000122070312,150.27999877929688,147.42999267578125,148.27999877929688,73374100.0,10879911458.432009,-0.009485625904429806,0.06737691285432179,-0.0329985501463288,-0.24750778619789315,52.974811846972734,0.49675718129405455,0.170766047591907,0.037496668084663246,154450300.0,0.017578406501090216,0.04616257309730196,0.03369898416502605,1,0.011869399253607638,train
2022-11-15,152.22000122070312,153.58999633789062,148.55999755859375,150.0399932861328,89868300.0,13483839128.63617,0.011869399253607638,0.07555550742747541,-0.0040491246934315495,0.20277425046272768,54.73490336846002,0.7834905840542976,0.26488019384540684,0.03693780596708089,154410100.0,0.027438961617420876,0.045882714963663286,0.03372982333478281,0,-0.00833111207633952,train
2022-11-16,149.1300048828125,149.8699951171875,147.2899932861328,148.7899932861328,64218300.0,9555040425.846865,-0.00833111207633952,0.10321048915921094,0.025925632893080364,-0.33605704402778613,53.21157269177455,0.8522326071912337,0.166008770608417,0.035907717226620374,165109600.0,0.017162310839277106,0.040296192790624984,0.033818078086776476,1,0.01297135574741759,train
2022-11-17,146.42999267578125,151.47999572753906,146.14999389648438,150.72000122070312,80389400.0,12116290466.131592,0.01297135574741759,0.026213700766066772,0.08525342685494053,0.22459410675791958,55.281025070017236,0.9817365531366652,0.2681756080942252,0.0354418876494057,126645000.0,0.027781201662057997,0.013243358332791874,0.03387440218078784,1,0.003781794458686649,train
2022-11-18,152.30999755859375,152.6999969482422,149.97000122070312,151.2899932861328,74829600.0,11320969681.604004,0.003781794458686649,0.010621218238503705,0.09329374149287806,-0.07166879714459995,55.90137457630994,1.053505472589832,0.28817311002888313,0.03407524644135881,107494900.0,0.030255944843374127,0.01071765007801366,0.03340185034967514,0,-0.02168020969565021,train
2022-11-21,150.16000366210938,150.3699951171875,147.72000122070312,148.00999450683594,58724100.0,8691753718.418884,-0.02168020969565021,-0.0018209082457764092,0.06543331743235403,-0.24236332020616658,51.476104038421646,0.8372263770966232,0.08041023905289148,0.034065345080243385,122144900.0,0.008414212539968657,0.01468412289740334,0.03365329006616394,1,0.014661159715434469,train
2022-11-22,148.1300048828125,150.4199981689453,146.92999267578125,150.17999267578125,51804100.0,7779939358.575439,0.014661159715434469,0.0009330804846241492,0.076559087281586,-0.12538090576998684,54.06678849222301,0.7976399386057292,0.23217331851057252,0.03283495940901101,84080700.0,0.02395218028390511,0.01530157581085713,0.033528164968878234,1,0.0059263196953200925,train
2022-11-23,149.4499969482422,151.8300018310547,149.33999633789062,151.07000732421875,58301400.0,8807592925.012207,0.0059263196953200925,0.015323705497461315,0.12011576179679695,0.11815680792665972,55.12503168048121,0.7873726801675068,0.28272644484401804,0.03148729718044575,206600400.0,0.029416836593769258,0.014608308001032135,0.033234255147565527,0,-0.01959360938875554,train
2022-11-25,148.30999755859375,148.8800048828125,147.1199951171875,148.11000061035156,35195900.0,5212864770.481873,-0.01959360938875554,-0.01731688289021227,0.008442878289569355,-0.5046964969827776,50.9230576113816,0.5485263918349453,0.07827835255538909,0.03172749632976917,91015100.0,0.008109954803009023,0.016287734113451035,0.032776839678883146,0,-0.02626425881856731,train
2022-11-28,145.13999938964844,146.63999938964844,143.3800048828125,144.22000122070312,69246000.0,9986658204.528809,-0.02626425881856731,-0.04673139255190728,-0.03660651863228648,0.6767357691478715,45.964363827407745,0.11833175044710459,-0.1483541283871018,0.03259854422826562,-53060500.0,-0.014503625566218203,0.018391244127249108,0.028290510270157943,0,-0.021148266717113118,train
2022-11-29,144.2899932861328,144.80999755859375,140.35000610351562,141.1699981689453,83763800.0,11824935492.6239,-0.021148266717113118,-0.046213070682701196,-0.04794982916700885,0.19033554908122596,42.47221196596061,-0.35590791573343405,-0.32662842741778997,0.033180713959246155,-78100200.0,-0.03131733156449468,0.01830370562686027,0.028446699552761925,1,0.04859389884061516,train
2022-11-30,141.39999389648438,148.72000122070312,140.5500030517578,148.02999877929688,111380900.0,16487714491.036987,0.04859389884061516,-0.01431611400545163,-0.013396391607421565,0.2849549223635819,51.413429774842236,-0.19964925494197838,0.17684818588296497,0.03332508662037128,-18523400.0,0.016668615720247137,0.03117001224477191,0.03052705660755647,1,0.0018915002472865705,train
2022-12-01,148.2100067138672,149.1300048828125,146.61000061035156,148.30999755859375,71250400.0,10567146650.048828,0.0018915002472865705,-0.018269740066283346,-0.003225994685112976,-0.4467554203493016,51.74311158135672,-0.0758630985276943,0.18432007581482127,0.03209997798152709,-5574400.0,0.01744564474395749,0.03094886040110074,0.029268288784419266,0,-0.0033713168918532155,train
2022-12-02,145.9600067138672,148.0,145.64999389648438,147.80999755859375,65447400.0,9673780034.216309,-0.0033713168918532155,-0.002025542168128558,-0.019307348981826178,-0.0849536653377001,51.07661277375952,-0.028523946154567048,0.12190659781851289,0.03119338738787012,-35825900.0,0.010918962041453373,0.029636772842383526,0.02742903061780467,0,-0.00798317228381984,train
2022-12-05,147.77000427246094,150.9199981689453,145.77000427246094,146.6300048828125,68826400.0,10092015368.066406,-0.00798317228381984,0.016710606307798415,-0.030801696147258917,0.05034062493139402,49.45751484960129,-0.07491242361986897,0.00033104245528234425,0.03170712503112533,-35406300.0,2.7327745860228347e-05,0.026564147308437418,0.02750587296491025,0,-0.025369986338581674,train
2022-12-06,147.07000732421875,147.3000030517578,141.9199981689453,142.91000366210938,64727200.0,9250164389.038086,-0.025369986338581674,0.0123256039932913,-0.034457070697959,-0.06140587632986794,44.65199526542065,-0.3395424738670653,-0.34487011284422436,0.03289773277482395,-16369700.0,-0.02666767411226012,0.027594407034378064,0.028238300534774694,0,-0.013784907775671984,train
2022-12-07,142.19000244140625,143.3699951171875,140.0,140.94000244140625,69721100.0,9826492004.21753,-0.013784907775671984,-0.04789567247420812,-0.061526106572151185,0.07432148179859155,42.30758101566346,-0.6146349717164717,-0.5400635698667245,0.03268279837789489,-197471700.0,-0.040555461789328895,0.01048325771621067,0.028443115468861958,1,0.012132761639400691,train
2022-12-08,142.36000061035156,143.52000427246094,141.10000610351562,142.64999389648438,62128300.0,8862601615.79895,0.012132761639400691,-0.03816333190804111,-0.055735837820301226,-0.11530139445147114,45.00666067667174,-0.6456149128626765,-0.5417985881568507,0.03127639196076329,-206593800.0,-0.031479493495821464,0.013796807544129841,0.027370498915407392,0,-0.0034349124103753015,train
2022-12-09,142.33999633789062,145.57000732421875,140.89999389648438,142.16000366210938,76097000.0,10817949798.675535,-0.0034349124103753015,-0.038224707325664076,-0.04017282373724018,0.20280723760425445,44.366149285871096,-0.6608920178883013,-0.5377776511154163,0.03148892314660655,-217243400.0,-0.033260535931623036,0.013791876213748949,0.01847446897128274,1,0.01638999557563814,train
2022-12-12,142.6999969482422,144.5,141.05999755859375,144.49000549316406,70462700.0,10181155910.063171,0.01638999557563814,-0.014594553081811124,0.0018721693951988527,-0.07692534943351248,48.14527973605248,-0.48405442616478933,-0.25352873418545363,0.030468767332447223,-77954300.0,-0.015671951765924952,0.01747654139970787,0.018314931347745107,1,0.006782446468835079,train
2022-12-13,149.5,149.97000122070312,144.24000549316406,145.47000122070312,93886200.0,13657625628.607178,0.006782446468835079,0.01791335450978293,0.030459751416953118,0.28699991522400126,49.69314285415458,-0.28112416088210923,-0.1301741684548343,0.030915365892456165,80659100.0,-0.00804635542104537,0.012229508641689167,0.01830806574074283,0,-0.015535811424151502,train
2022-12-14,145.35000610351562,146.66000366210938,141.16000366210938,143.2100067138672,82291200.0,11784923304.492188,-0.015535811424151502,0.01610617449367968,-0.032560914038890054,-0.13181923297169718,46.26348728478815,-0.2786053218657526,-0.3425686451271824,0.031903376203154525,68089000.0,-0.021177807143938687,0.01286112799829938,0.01833562090266335,0,-0.04685431463789913,train
2022-12-15,141.11000061035156,141.8000030517578,136.02999877929688,136.5,98931900.0,13504204350.0,-0.04685431463789913,-0.04311247220204717,-0.07963048852406529,0.18416755652041772,37.899903667754856,-0.6851869090502405,-0.8626380471168542,0.034838034169442485,-92971200.0,-0.06310486518823122,0.02449118003855614,0.020865939763170176,0,-0.014578794821714758,train
2022-12-16,136.69000244140625,137.64999389648438,133.72999572753906,134.50999450683594,160156900.0,21542703739.231876,-0.014578794821714758,-0.05381266852986466,-0.0899804023505617,0.48172222122160235,35.83105089069147,-1.0240899084540922,-0.8529751470002663,0.034909827462289975,-177031100.0,-0.07159894265507405,0.024418490960839846,0.02058753985885208,0,-0.01590959391154889,train
2022-12-19,135.11000061035156,135.1999969482422,131.32000732421875,132.3699951171875,79592600.0,10535672073.364258,-0.01590959391154889,-0.08388130607794853,-0.09725164898563343,-0.6992328297104073,33.70059241678561,-1.310045576956865,-0.8446384781274551,0.035034028600223144,-327086400.0,-0.08036477556448107,0.019143142750898772,0.020592554720574724,0,-0.0005287608069164396,train
2022-12-20,131.38999938964844,133.25,129.88999938964844,132.3000030517578,77432800.0,10244359676.306152,-0.0005287608069164396,-0.09053411740173256,-0.07424253263219716,-0.027510659915030544,33.63016166467243,-1.412735725166884,-0.713697971917762,0.03436286776477796,-498405400.0,-0.0758075146913757,0.0170120577428394,0.020310773292990268,1,0.023809477126406797,train
2022-12-21,132.97999572753906,136.80999755859375,132.75,135.4499969482422,85928000.0,11638947337.768557,0.023809477126406797,-0.05418622583496879,-0.038952784149741015,0.10409927157972376,39.73450694952937,-1.1864635163441912,-0.4560945707011749,0.033544636171455984,-330186200.0,-0.048909730059454315,0.025708045128422723,0.020881322455287392,0,-0.02377261936693542,train
2022-12-22,134.35000610351562,134.55999755859375,130.3000030517578,132.22999572753906,77852100.0,10294382850.379944,-0.02377261936693542,-0.03128208258213139,-0.07304590686843426,-0.09869886222050539,36.08124469622853,-1.1696796548350683,-0.5956890419095957,0.03468905221588356,-309106400.0,-0.06533735526093742,0.018748393009198755,0.02112239924096535,0,-0.0027981178941416385,train
2022-12-23,130.9199981689453,132.4199981689453,129.63999938964844,131.86000061035156,63814900.0,8414632752.949524,-0.0027981178941416385,-0.0197010928905339,-0.07245359303900412,-0.198824164638836,35.67535690564253,-1.1005322007850653,-0.5481397559106661,0.0338075721177745,-212764400.0,-0.06256886732544698,0.01816265275687427,0.020904101356811797,0,-0.01387836965405731,train
2022-12-27,131.3800048828125,131.41000366210938,128.72000122070312,130.02999877929688,69007800.0,8973084149.761963,-0.01387836965405731,-0.017677694524495635,-0.10007617249728251,0.07823283510364831,33.65856851298905,-1.0928549673205659,-0.5754174959860296,0.033559433649525475,-202179600.0,-0.0708924246184921,0.017845140104971614,0.020437540775125478,0,-0.03068521034551308,train
2022-12-28,129.6699981689453,131.02999877929688,125.87000274658205,126.04000091552734,85438400.0,10768656014.221191,-0.03068521034551308,-0.04731671951497585,-0.1335670594770747,0.21357610397141613,29.714325176251222,-1.2594635936381593,-0.6792261122308567,0.035073064161848806,-210185200.0,-0.0945076989371475,0.0213665701260424,0.020940021134741665,1,0.02832433885189234,train
2022-12-29,127.98999786376952,130.47999572753906,127.7300033569336,129.61000061035156,75703700.0,9811956603.205872,0.02832433885189234,-0.04311551472475994,-0.09496547354186191,-0.12096861054413921,36.84537423250273,-1.041245365939801,-0.4451568422970851,0.03411768934737497,-220409500.0,-0.0626581971084813,0.023145666412111313,0.01853993823875139,1,0.00246888406699175,train
2022-12-30,128.41000366210938,129.9499969482422,127.43000030517578,129.92999267578125,77034200.0,10009053041.784668,0.00246888406699175,-0.017393958451734304,-0.04813192178914838,0.01742244246609914,37.457886613535656,-0.7982991670500947,-0.38942382507095963,0.03298804774461612,-65523200.0,-0.05405705836736219,0.02176856351075628,0.018554067587506565,0,-0.03740470449409117,train
2023-01-03,130.27999877929688,130.89999389648438,124.16999816894533,125.06999969482422,112117500.0,14022535690.784454,-0.03740470449409117,-0.05149401550203159,-0.07018062000985337,0.3752979453577794,32.329407746866565,-0.881344655063212,-0.5745891423175605,0.03566561257348502,-113825800.0,-0.08183940693003722,0.026541897873880154,0.01977911336475023,1,0.010314231379827232,train
2023-01-04,126.88999938964844,128.66000366210938,125.08000183105467,126.36000061035156,89113600.0,11260394550.390623,0.010314231379827232,-0.02822424212411545,-0.04540299711815565,-0.22963546589240735,34.87806624800292,-0.7698750294976282,-0.46093545620881954,0.03480932012147923,44295600.0,-0.06541571632986287,0.027882926432497058,0.02020487481146919,0,-0.010604653061194957,train
2023-01-05,127.12999725341795,127.7699966430664,124.76000213623048,125.0199966430664,80962700.0,10121956482.213593,-0.010604653061194957,-0.008092702832845466,-0.055026502197761507,-0.09592340439964886,33.46799170584532,-0.7084165876201052,-0.47304674664565816,0.034389109386139254,48771300.0,-0.06916836318826491,0.024580430529262735,0.019771734806264228,1,0.036794101724815675,train
2023-01-06,126.01000213623048,130.2899932861328,124.88999938964844,129.6199951171875,87754700.0,11374763785.510254,0.036794101724815675,7.711215792660653e-05,-0.043041727297213894,0.0805568664237839,42.1189178187692,-0.30083423629615513,-0.21260554319642627,0.03377523234151993,60822300.0,-0.03083505809833542,0.02728261180363887,0.021907248312078357,1,0.004088865910060413,train
2023-01-09,130.47000122070312,133.41000366210938,129.88999938964844,130.14999389648438,70790800.0,9213422187.927246,0.004088865910060413,0.0016932289163757996,-0.01573018148877925,-0.21481637068099602,43.03792652250228,0.043273525394794454,-0.15954577880807322,0.03331502236821823,54578900.0,-0.022303391877388723,0.02732419364467901,0.02166901790977907,1,0.004456410743407302,train
2023-01-10,130.25999450683594,131.25999450683594,128.1199951171875,130.72999572753906,63896200.0,8353149953.005981,0.004456410743407302,0.04525462578176587,-0.00856973212181067,-0.10246915553262781,44.08422716654194,0.33265039536122387,-0.10294604900442045,0.032513769266506065,230592600.0,-0.013712088068416284,0.01734462941726702,0.02175823245599197,1,0.02111229140844828,train
2023-01-11,131.25,133.50999450683594,130.4600067138672,133.49000549316406,69458900.0,9272068942.549131,0.02111229140844828,0.05642612257338331,0.026609295903631702,0.08347531778793638,48.89484999442557,0.7109182249609916,0.09507328590711023,0.031199131726547914,210937900.0,0.01130708388284929,0.01819885987167579,0.022014754197414443,0,-0.0005993095195339082,train
2023-01-12,133.8800048828125,134.25999450683594,131.44000244140625,133.41000366210938,71379600.0,9522752697.399902,-0.0005993095195339082,0.06710932046332196,0.05847352184265242,0.02727690311042963,48.76388980068784,0.9422085295154714,0.15827613872319557,0.030497836933451483,220521000.0,0.015339339584676148,0.015565713063844612,0.021890939639911008,1,0.010119112567793076,train
2023-01-13,132.02999877929688,134.9199981689453,131.66000366210938,134.75999450683594,57809700.0,7790434854.4418335,0.010119112567793076,0.03965437110996217,0.03973454110201624,-0.2108555292798684,51.141976398080644,1.1583628568623134,0.3755941711042494,0.029763660145287703,190576000.0,0.028922184464988065,0.008338009344241584,0.021936496863497218,1,0.008756366745847899,train
2023-01-17,134.8300018310547,137.2899932861328,134.1300048828125,135.94000244140625,63646600.0,8652118959.387207,0.008756366745847899,0.04448719797503031,0.04625575390142589,0.09618932319806817,53.187263732252234,1.3402110244318255,0.502097129611267,0.029058169686201417,183431800.0,0.03815374639595448,0.008070679272608988,0.019441995184927684,0,-0.005369984658148752,train
2023-01-18,136.82000732421875,138.61000061035156,135.02999877929688,135.2100067138672,69672800.0,9420459755.773926,-0.005369984658148752,0.034269189418969725,0.08107465454373552,0.09046408988834642,51.74415256706105,1.3660773906193087,0.4199622875499595,0.029019503343210372,49862800.0,0.03230294780639631,0.010277935153901085,0.01918656732678734,1,0.00044373608175840573,train
2023-01-19,134.0800018310547,136.25,133.77000427246094,135.27000427246094,58280400.0,7883589957.000732,0.00044373608175840573,0.01333432246647126,0.07051284915378075,-0.1785441501720122,51.859763339564076,1.3401233871628726,0.39757648660449685,0.028244277678724238,38684300.0,0.0316189628624044,0.006573034445422036,0.018797896790298755,1,0.01922074933545259,train
2023-01-20,135.27999877929688,138.02000427246094,134.22000122070312,137.8699951171875,80223600.0,11060427340.283203,0.01922074933545259,0.03343071233529127,0.10278354518603927,0.31955188650966093,56.70092814068026,1.4420919570442807,0.5716237639345033,0.027700966363207246,190287500.0,0.049218973442858305,0.009453725774768088,0.01921354814759129,1,0.02350043960188808,train
2023-01-23,138.1199951171875,143.32000732421875,137.89999389648438,141.11000061035156,81760300.0,11537195982.902529,0.02350043960188808,0.04712085457374737,0.08864377353799568,0.01897405956594511,61.84964323669894,1.6564519770905441,0.7390003656364419,0.02789046500338503,214238100.0,0.07156825525168498,0.012186166576848484,0.01919540412820206,1,0.010063058343160014,train
2023-01-24,140.30999755859375,143.16000366210938,140.3000030517578,142.52999877929688,66435100.0,9468994721.902466,0.010063058343160014,0.04847724157376776,0.09512105619197353,-0.20756626163036884,63.877002766282345,1.8100956695677297,0.7083581663432261,0.02707355193918714,217026600.0,0.07813510150635894,0.012185329690478332,0.01825141526147673,0,-0.00470075194473818,train
2023-01-25,140.88999938964844,142.42999267578125,138.80999755859375,141.86000061035156,65799300.0,9334288738.160706,-0.00470075194473818,0.049182705171793684,0.08513734603043277,-0.009616331150557045,62.19751924444474,1.780125030104216,0.578016734207983,0.02713153522176428,220900100.0,0.06902386435445207,0.011982159054845015,0.018293164500924063,1,0.014803370185255682,train
2023-01-26,143.1699981689453,144.25,141.89999389648438,143.9600067138672,54105100.0,7788970559.254456,0.014803370185255682,0.06424190261650953,0.07843284732832889,-0.19568074541207636,65.27897136883699,1.809357531433352,0.6119797483258644,0.026011903993784086,216724800.0,0.07918474173937251,0.01087725007058402,0.01795369963171054,1,0.013684258613779976,train
2023-01-27,143.16000366210938,147.22999572753906,143.0800018310547,145.92999267578125,70555800.0,10296207377.233889,0.013684258613779976,0.05846085329692552,0.09384595360166204,0.26547543052811307,67.92069472459241,1.8617435249359824,0.6348198571132253,0.025859148175088997,207057000.0,0.08585731541661046,0.010298282360073857,0.01590313857252222,0,-0.020078070464177533,train
2023-01-30,144.9600067138672,145.5500030517578,142.85000610351562,143.0,64015300.0,9154187900.0,-0.020078070464177533,0.01339380186714978,0.06114578383086888,-0.09728176738052596,60.54260483457486,1.608947038932667,0.4270241997492361,0.026042515245539688,61281400.0,0.058780852675182516,0.014957915769187678,0.016242378512661377,1,0.009020932070858745,train
2023-01-31,142.6999969482422,144.33999633789062,142.27999877929688,144.2899932861328,65874500.0,9505031162.727356,0.009020932070858745,0.012348239120953286,0.06142408926559817,0.02862929897022326,62.47530545903307,1.4437626263392171,0.4466756181387317,0.02498590920496475,60720800.0,0.06268269761600731,0.014837390709210188,0.016253578056170014,1,0.007900751560697472,train
2023-02-01,143.97000122070312,146.61000061035156,141.32000732421875,145.42999267578125,77663600.0,11294616779.174805,0.007900751560697472,0.02516560024016523,0.07558601770904216,0.16463526013526675,64.1466565502113,1.3292881167645039,0.46846184084705583,0.02561753452399806,204183700.0,0.06310806350020792,0.014361339970156933,0.012757863566933892,1,0.03706260688917107,train
2023-02-02,148.89999389648438,151.17999267578125,148.1699981689453,150.82000732421875,118339000.0,17847888846.740723,0.03706260688917107,0.04765212760781812,0.11495529356557865,0.42116670341944484,70.77462740820033,1.5207948634398476,0.6766085490027293,0.02566079220514633,268417600.0,0.09274024108494361,0.020339942449717048,0.014354398365640838,1,0.024399897209064214,train
2023-02-03,148.02999877929688,157.3800048828125,147.8300018310547,154.5,154357300.0,23848202850.0,0.024399897209064214,0.058726839953038956,0.12062091442505118,0.26571665598179806,74.2716933701803,1.7814498270892964,0.7752413766290946,0.02767549437817306,352219100.0,0.10757452345339846,0.021424280357407635,0.013969167067262681,0,-0.01792883024246561,train
2023-02-06,152.57000732421875,153.10000610351562,150.77999877929688,151.72999572753906,69858300.0,10599599560.533142,-0.01792883024246561,0.06104892117160188,0.07526040019312741,-0.7928011324025448,67.7045045990587,1.6560975682341272,0.5709448295018323,0.02791906363240495,346376100.0,0.07916455075924778,0.020635308381292204,0.013955394211806955,1,0.019244699473851767,train
2023-02-07,150.63999938964844,155.22999572753906,150.63999938964844,154.64999389648438,83322600.0,12885839581.439207,0.019244699473851767,0.07179985510018883,0.08503469600076907,0.17625091388600822,70.6505717588618,1.6547227146348717,0.6439644085999328,0.02755534200086605,363824200.0,0.0904321497972631,0.020761185907287122,0.014142202041243496,0,-0.017652737376545935,train
2023-02-08,153.8800048828125,154.5800018310547,151.1699981689453,151.9199981689453,64120100.0,9741125474.59259,-0.017652737376545935,0.04462632070423567,0.07091496909143302,-0.26196192998858336,64.70739458599598,1.3667857100657215,0.4674202197064186,0.027683099928736934,222040500.0,0.06324010076926356,0.025323643881694575,0.015311694254687102,0,-0.006911552556695955,train
2023-02-09,153.77999877929688,154.3300018310547,150.4199981689453,150.8699951171875,56007100.0,8449790903.527832,-0.006911552556695955,0.00033144006458840636,0.04799936149665851,-0.13527941664398213,62.528703300620094,1.0184292611665064,0.37832429417698327,0.027735808470116037,47694400.0,0.04950850449042976,0.020287187530032707,0.015297157658294045,1,0.0009279472007650558,train
2023-02-10,149.4600067138672,151.33999633789062,149.22000122070312,151.00999450683594,57450700.0,8675629891.41388,0.0009279472007650558,-0.022589032318213964,0.034811225149179226,0.025448719867348757,62.70899103500452,0.7240864652179795,0.35488067842268645,0.02673357200708731,-49212200.0,0.04409087766148412,0.015430574243009554,0.015264950294082681,1,0.01880677902118011,train
2023-02-13,150.9499969482422,154.25999450683594,150.9199981689453,153.85000610351562,62199000.0,9569316529.632568,0.01880677902118011,0.013972256216123968,0.07587416855605333,0.07941173238787513,66.255855073812,0.6496864480726914,0.4715081824840752,0.0259164628945391,82845100.0,0.056752859344065154,0.01614577304448806,0.015500383646621093,0,-0.004224953717818392,train
2023-02-14,152.1199951171875,153.77000427246094,150.86000061035156,153.1999969482422,61707600.0,9453604131.68335,-0.004224953717818392,-0.009375990982662064,0.061750669323551,-0.007931822330462523,64.73815905134576,0.49283673762247826,0.39993915880245734,0.02556146505681209,-62185100.0,0.04608723106892665,0.013373463421371587,0.015683088009995898,1,0.013903426404976438,train
2023-02-15,153.11000061035156,155.5,152.8800048828125,155.3300018310547,65573800.0,10185578474.069214,0.013903426404976438,0.022446048599324087,0.06807405386689602,0.06076912498616238,67.37540970093204,0.4688222044036898,0.4920822085346001,0.024614970560023937,67508800.0,0.053395429711351694,0.011316097647879967,0.015531930061766666,0,-0.010429376798369527,train
2023-02-16,153.50999450683594,156.3300018310547,153.35000610351562,153.7100067138672,68167900.0,10478088366.670227,-0.010429376798369527,0.0188242307191282,0.019161909887961848,0.03879755305166199,63.486350298034516,0.2889402883889236,0.37064740308015387,0.02448244742623439,55348000.0,0.03593180895617709,0.012271983569203277,0.0159606077680573,0,-0.007546702305912589,train
2023-02-17,152.35000610351562,153.0,150.85000610351562,152.5500030517578,59144100.0,9022432635.49347,-0.007546702305912589,0.01019805708854693,-0.012621339470823223,-0.14199693828045667,60.78089366369022,0.04949045044423439,0.26558227856955113,0.024245709899247146,-61246800.0,0.023053089662405046,0.013308704963292516,0.01596276333667898,0,-0.026679824600448265,train
2023-02-21,150.1999969482422,151.3000030517578,148.41000366210938,148.47999572753906,58867200.0,8740601604.492188,-0.026679824600448265,-0.03490419345426243,-0.021419627572098587,-0.004692779479064768,52.35127392230242,-0.40056548493064703,-0.0837238886224725,0.025122614609438654,-182313000.0,-0.006696525124429198,0.014525916669918072,0.01685249286552113,1,0.0028960664530148783,train
2023-02-22,148.8699951171875,149.9499969482422,147.16000366210938,148.91000366210938,51011300.0,7596092869.80896,0.0028960664530148783,-0.028002567699672798,-0.03711600686009131,-0.1432368800581756,53.091489981888884,-0.6709391355161944,-0.07976218943452962,0.024599070509182346,-69594100.0,-0.005941225497222757,0.015198965412599038,0.016763273104815367,1,0.0032905125399556034,train
2023-02-23,150.08999633789062,150.33999633789062,147.24000549316406,149.39999389648438,48394200.0,7230093184.625244,0.0032905125399556034,-0.03817683554153373,-0.016587706048143303,-0.05266720391784929,53.969002328471966,-0.8091608412342581,-0.07748194476341565,0.024249193321710643,-86773700.0,-0.005173928168541564,0.012255351297772301,0.016682040196687935,0,-0.018005269695533066,train
2023-02-24,147.11000061035156,147.19000244140625,145.72000122070312,146.7100067138672,55469600.0,8137945388.415527,-0.018005269695533066,-0.04554030117915864,-0.027573331596445372,0.13645514846921003,48.59452307306017,-1.058400946415519,-0.37823196190195507,0.024721643133416148,-74075400.0,-0.02397967071603102,0.013116189938001158,0.017041003360866537,1,0.008247504598905886,train
2023-02-27,147.7100067138672,149.1699981689453,147.4499969482422,147.9199981689453,44998500.0,6656178037.605286,0.008247504598905886,-0.030350736087770613,-0.020462197538526183,-0.20920596285955284,50.9602105667368,-1.1128598199872743,-0.2691578845954653,0.023955928716410318,30067200.0,-0.01658091015957508,0.015331455031898035,0.01687195085268605,0,-0.003447772533457294,train
2023-02-28,147.0500030517578,149.0800018310547,146.8300018310547,147.41000366210938,50547000.0,7451133455.108643,-0.003447772533457294,-0.007206304527332619,-0.04185896773428266,0.11627443820354699,49.91748844912417,-1.1496078202344933,-0.38799943294613143,0.023412004862020348,38387400.0,-0.021406090309590398,0.010166854503314868,0.016183987756869415,0,-0.014246021649447993,train
2023-03-01,146.8300018310547,147.22999572753906,145.00999450683594,145.30999755859375,55479000.0,8061653354.553223,-0.014246021649447993,-0.02417571697657317,-0.051501302524921244,0.09310097248776117,45.76498117503095,-1.272179234081352,-0.6677415104445548,0.023233647443993085,-68102900.0,-0.03567365160816127,0.01119289477818471,0.016459679794654236,1,0.0041291453691869595,train
2023-03-02,144.3800048828125,146.7100067138672,143.89999389648438,145.91000366210938,52238100.0,7622061362.301636,0.0041291453691869595,-0.023360042683757576,-0.06064506571751038,-0.0601924559430671,47.1185514649647,-1.2669096797013846,-0.6042660027691167,0.022860994516698437,-64259000.0,-0.03184601140653709,0.011350222250639403,0.016391654285507515,1,0.035090089703815774,train
2023-03-03,148.0399932861328,151.11000061035156,147.3300018310547,151.02999877929688,70732300.0,10682699182.65686,0.035090089703815774,0.029445790114747128,-0.017435481214695292,0.3030902098306889,56.98423593383396,-0.8904454391124883,0.0390225929691009,0.022967725739549916,61942900.0,0.0020567879850075244,0.018397935894220972,0.016163106739398764,1,0.01853938339660255,train
2023-03-06,153.7899932861328,156.3000030517578,153.4600067138672,153.8300018310547,87558000.0,13469047300.323486,0.01853938339660255,0.0399540544569188,0.008390683406689803,0.21339909965135462,61.24268275015223,-0.44708540643021455,0.4008371357727166,0.023386022765512285,104502400.0,0.020861205543523775,0.01927350002517777,0.015748976196859565,0,-0.014496494188358522,train
2023-03-07,153.6999969482422,154.02999877929688,151.1300048828125,151.60000610351562,56182000.0,8517191542.907715,-0.014496494188358522,0.028424139049684216,0.021013001520432395,-0.44370500363532983,56.449602666449344,-0.30502182580463244,0.11739342335480189,0.023401397907920816,98867400.0,0.006105692835655319,0.021428856758059757,0.01556206034569665,1,0.00837723590066819,train
2023-03-08,152.80999755859375,153.47000122070312,151.8300018310547,152.8699951171875,47204800.0,7216197545.507812,0.00837723590066819,0.05202668560740498,0.02659318620435802,-0.1741008351788622,58.444276729128376,-0.135196175869148,0.3003715637555834,0.022423101563301878,201551200.0,0.015133671636647916,0.01829668477291025,0.01503828548068136,0,-0.014914625839747453,train
2023-03-09,153.55999755859375,154.5399932861328,150.22999572753906,150.58999633789062,53833600.0,8106801626.855469,-0.014914625839747453,0.03207451551175966,0.007965210776586629,0.13140222259799117,53.689918543166215,-0.18311612802036237,0.008678027074373812,0.02318103615849025,95479500.0,0.0004351189548073009,0.0215945660819868,0.014885325506466375,0,-0.0138787196275717,train
2023-03-10,150.2100067138672,150.94000244140625,147.61000061035156,148.5,68572400.0,10183001400.0,-0.0138787196275717,-0.016751630800143302,0.012200894309983168,0.241992309877606,49.69882740327098,-0.35245989142394185,-0.2494968091274434,0.023429927745962927,-43825200.0,-0.012672370199489524,0.015696206669719544,0.015126907795904854,1,0.013266001486216261,train
2023-03-13,147.80999755859375,153.13999938964844,147.6999969482422,150.47000122070312,84457100.0,12708259940.097046,0.013266001486216261,-0.021842297148521927,0.017239068978660788,0.20835358898032297,53.22813296253431,-0.32912958076272614,0.01192343900316113,0.024053906115082353,-46926100.0,0.0006051401172628701,0.013943305427736537,0.015444320405828995,1,0.01408915464869298,train
2023-03-14,151.27999877929688,153.39999389648438,150.10000610351562,152.58999633789062,73695900.0,11245257111.117554,0.01408915464869298,0.006530278327950834,0.035140034916861795,-0.13629654469551156,56.74533377543432,-0.17593549367998196,0.30459934200325395,0.02357020010386864,82951800.0,0.01512810323677849,0.014578271540786619,0.015174573146495686,1,0.0026214638237991306,train
2023-03-15,151.19000244140625,153.25,149.9199981689453,152.99000549316406,77167900.0,11805917444.895935,0.0026214638237991306,0.0007850486021443448,0.05285257768635976,0.046036400129715105,57.39633111434756,-0.05874048791215136,0.3609044108444788,0.02338411369120321,112914900.0,0.01786032238032287,0.014108047716308738,0.01515863482579597,1,0.018694035607962345,train
2023-03-16,152.16000366210938,156.4600067138672,151.63999938964844,155.85000610351562,76161100.0,11869707899.850464,0.018694035607962345,0.034929343871041185,0.06812420116460816,-0.013132733624416915,61.82073430870939,0.18687222437616424,0.729349682157337,0.02352443704156165,242909600.0,0.03670890704520824,0.01305137168328485,0.015424738267275208,0,-0.00545400109224925,train
2023-03-17,156.0800018310547,156.74000549316406,154.27999877929688,155.0,98944600.0,15336413000.0,-0.00545400109224925,0.04377104377104368,0.026286176605911038,0.2617092608632241,59.831977607892895,0.2629093621865799,0.5902447407251817,0.02309755495321943,212537400.0,0.0306125116895426,0.009836671148822114,0.015282395887338712,1,0.015483831590221708,train
2023-03-20,155.07000732421875,157.82000732421875,154.14999389648438,157.39999389648438,73641400.0,11591155910.528564,0.015483831590221708,0.04605564311531185,0.02320738492449914,-0.2953527264790772,63.41104802523056,0.43548200651955815,0.7761540700188752,0.022786162917739765,201721700.0,0.0448855616145456,0.010142485019130879,0.015507911320670068,1,0.011944122971497162,train
2023-03-21,157.32000732421875,159.39999389648438,156.5399932861328,159.27999877929688,73938300.0,11776892333.743286,0.011944122971497162,0.043842994966669435,0.05065958025448358,0.004023593983816909,65.9690309002712,0.6253376573134186,0.8191428004500608,0.022191399576618937,201964100.0,0.053588958704188006,0.009920949243652518,0.014134479138028925,0,-0.009103446505241086,train
2023-03-22,159.3000030517578,162.13999938964844,157.80999755859375,157.8300018310547,75701800.0,11948015232.614136,-0.009103446505241086,0.03163602957127076,0.03244591399420749,0.023570976287626166,62.348545634714064,0.6021352064129775,0.5931234517866976,0.022755225113323386,49094400.0,0.04092677334570349,0.012700717285000754,0.014418263063947272,1,0.006969466083539766,train
2023-03-23,158.8300018310547,161.5500030517578,157.67999267578125,158.92999267578125,67622100.0,10747179857.720947,0.006969466083539766,0.019762505304105726,0.05538214051866719,-0.11286708395556744,63.964267848832584,0.6079702515842849,0.6133821482212886,0.02272292230312011,40555400.0,0.044897748552389594,0.010780520996721476,0.014445454979942998,1,0.008305589788276002,train
2023-03-24,158.86000061035156,160.33999633789062,157.85000610351562,160.25,59196500.0,9486239125.0,0.008305589788276002,0.03387096774193554,0.07912457912457915,-0.13307243207272634,65.85769967024223,0.6443548045732834,0.6490950547295776,0.02203592182396654,198696500.0,0.04890756606344149,0.009447936183802344,0.013585581505258256,0,-0.012293299349161457,train
2023-03-27,159.94000244140625,160.77000427246094,157.8699951171875,158.27999877929688,52390300.0,8292336620.046997,-0.012293299349161457,0.0055908825726591616,0.05190401738043704,-0.12214095663859581,60.72921756053707,0.4865505846134974,0.4336980446139723,0.022025318455296664,72664800.0,0.03251225650914691,0.011038978154235782,0.014056485519863528,0,-0.003980318976947728,train
2023-03-28,157.97000122070312,158.49000549316406,155.97999572753906,157.64999389648438,45992200.0,7250670049.285889,-0.003980318976947728,-0.010233581713364304,0.03316074238175504,-0.13024964013816387,59.14305339773901,0.2997114504075178,0.34487234406608885,0.0216710559259814,-47265700.0,0.024979159021651043,0.00931379418573804,0.014070804163682095,1,0.019790742129842442,train
2023-03-29,159.3699951171875,161.0500030517578,159.35000610351562,160.77000427246094,51305700.0,8248417608.201599,0.019790742129842442,0.018627652583780074,0.050852987123034765,0.10933003796974816,64.13851397298718,0.34310232067954605,0.5876518706263467,0.021243192019042702,79741800.0,0.04003729129955347,0.012304152733176758,0.013873912156958178,1,0.009889881791605992,train
2023-03-30,161.52999877929688,162.47000122070312,161.27000427246094,162.36000061035156,49501700.0,8037096042.21344,0.009889881791605992,0.021581879397475134,0.041770896707646,-0.035794843985872404,66.39356728213716,0.43009835523218687,0.6942485347342905,0.020280541348394743,61621400.0,0.044764120659053885,0.01256131806400903,0.013911156144886387,1,0.015644205941022005,train
2023-03-31,162.44000244140625,165.0,161.91000366210938,164.89999389648438,68749800.0,11336841600.38452,0.015644205941022005,0.029017122598966383,0.06387092836441521,0.32846680937644734,69.67422940492428,0.5995110908172796,0.8046559411331417,0.019880330594644606,71174700.0,0.05639438665377905,0.013531426247140654,0.012318681457177466,1,0.00770166355044366,train
2023-04-03,164.27000427246094,166.2899932861328,164.22000122070312,166.1699981689453,56976200.0,9467735049.673462,0.00770166355044366,0.049848366505550246,0.05571794544178066,-0.18784018766665866,71.18869468312342,0.7292859834208167,0.7782202059611988,0.0192090095668674,180541200.0,0.060339210553223666,0.009059215345006436,0.011898637111912044,0,-0.003249643690696802,train
2023-04-04,166.60000610351562,166.83999633789062,165.11000061035156,165.6300048828125,46278300.0,7665075054.968262,-0.003249643690696802,0.05061853025866858,0.03986693967969179,-0.20796046400116808,69.59719314786055,0.7102416236623132,0.6486583349993408,0.018641157378510666,180255100.0,0.05218358937973222,0.008782842184253955,0.011228716047153591,0,-0.011290287513422759,train
2023-04-05,164.74000549316406,165.0500030517578,161.8000030517578,163.75999450683594,51511700.0,8435555709.037781,-0.011290287513422759,0.018597935901698337,0.03757202437423057,0.1071357954170793,64.24108612163391,0.5124212086003128,0.4533885730430802,0.0191778727340653,77437700.0,0.03671812772841054,0.010839633312393506,0.011721250964144534,1,0.005495903672834368,train
2023-04-06,162.42999267578125,164.9600067138672,162.0,164.66000366210938,45390100.0,7473934032.223511,0.005495903672834368,0.014166069494404576,0.03605367929524417,-0.12651494412066455,65.61273438896276,0.3885257622092104,0.48001222232232704,0.01899472249162777,73326100.0,0.03779384818932252,0.010384892846243679,0.010891670273089585,0,-0.01597233586979263,train
2023-04-10,161.4199981689453,162.02999877929688,160.0800018310547,162.02999877929688,47716900.0,7731569248.751831,-0.01597233586979263,-0.017404458601673056,0.011107636688280076,0.049991612170916966,58.54554682725731,0.0912970800867905,0.24267094122084398,0.019943276001490238,-43140600.0,0.016882135056812464,0.010279920985001476,0.011086256320569997,0,-0.007591160506113748,train
2023-04-11,162.35000610351562,162.36000061035156,160.50999450683594,160.8000030517578,47644200.0,7661187505.39856,-0.007591160506113748,-0.032316273553351205,0.015921179504017946,-0.0015247309974348866,55.532950381975766,-0.20985506840539703,0.09607099486804006,0.019482197091081527,-147761000.0,0.005902190862546508,0.008190342503960685,0.011191585727003572,0,-0.004353214769634461,train
2023-04-12,161.22000122070312,162.05999755859375,159.77999877929688,160.10000610351562,50133100.0,8026309615.988159,-0.004353214769634461,-0.03338766296124607,0.015540832869552546,0.05092056572927106,53.835136280173614,-0.46337789028249965,-0.01488012715300836,0.019186929022887447,-151615800.0,-0.0008237672000095397,0.008094437504880536,0.011021670158855258,1,0.03410363052421039,train
2023-04-13,161.6300048828125,165.8000030517578,161.4199981689453,165.55999755859375,68445600.0,11331853368.896484,0.03410363052421039,0.010991714167911004,0.029794073265154042,0.31135779525342855,63.26836127176405,-0.27958528673381,0.5690988453542694,0.019688052030731058,-31658500.0,0.029214741955431833,0.019349784307712486,0.013098084450017276,0,-0.0021139819394035975,train
2023-04-14,164.58999633789062,166.32000732421875,163.82000732421875,165.2100067138672,49386500.0,8159143996.574402,-0.0021139819394035975,0.0033402346624893386,0.017553622153250403,-0.3263621560393162,62.388323415992524,-0.20146882448957903,0.483124824779256,0.019401367167424174,-126435100.0,0.024059649225901536,0.01933843634121404,0.012692691787630639,1,0.0001209915432451858,train
2023-04-17,165.08999633789062,165.38999938964844,164.02999877929688,165.22999572753906,41516200.0,6859721548.623657,0.0001209915432451858,0.019749410432329473,0.002001224034379634,-0.17359339114427996,62.42047374589339,-0.1696126759335117,0.45727792485082824,0.018601301096664725,-37202000.0,0.020946591390728075,0.017049792686181012,0.012557843225634706,1,0.0075047238711354325,train
2023-04-18,166.10000610351562,167.41000366210938,165.64999389648438,166.47000122070312,49923000.0,8310681870.941162,0.0075047238711354325,0.035261181973487155,0.0018053984176662485,0.18439810184195338,64.45055089650197,-0.09017636459532641,0.5687382745036571,0.01807936879878325,60365200.0,0.025734249807456866,0.015764903259143512,0.01227308278054497,1,0.006968244450070493,train
2023-04-19,165.8000030517578,168.16000366210938,165.5399932861328,167.6300048828125,47720200.0,7999337359.008789,0.006968244450070493,0.047033094892127814,0.01207510681059909,-0.045127029148911646,66.28539733222559,0.01001808850782826,0.6433631516783279,0.01778822076598281,158218500.0,0.030231544394246024,0.014477672200605033,0.012129177323731168,0,-0.0058462742813449875,train
2023-04-20,166.08999633789062,167.8699951171875,165.55999755859375,166.64999389648438,52456400.0,8741858739.831543,-0.0058462742813449875,0.006583693850954919,0.017647774099844638,0.09462755814290347,63.312286408720034,-0.0186225847269208,0.47393195814299927,0.0176048660593515,37316500.0,0.021440094141506272,0.005803847600036739,0.011984380308840473,0,-0.00978091619394783,train
2023-04-21,165.0500030517578,166.4499969482422,164.49000549316406,165.02000427246094,58337300.0,9626821495.243835,-0.00978091619394783,-0.0011500661805269319,0.0021863269910420424,0.10625933265104237,58.60403799482393,-0.16795090133322876,0.22239400616124758,0.017443793842019543,28365700.0,0.009565260641118956,0.007657083020285429,0.012259090869995945,1,0.001878545331279513,train
2023-04-24,165.0,165.60000610351562,163.88999938964844,165.3300018310547,41949600.0,6935527444.812012,0.001878545331279513,0.000605253925446636,0.0203666177659656,-0.3297727785402209,59.22508229668358,-0.26090761367884285,0.2365663342315661,0.01690622237208442,28799100.0,0.009892471723197405,0.007715998953673161,0.012167692139665705,0,-0.0094356592349637,train
2023-04-25,165.19000244140625,166.30999755859375,163.72999572753906,163.77000427246094,48714100.0,7977908365.129089,-0.0094356592349637,-0.016219120132416998,0.018470156494631018,0.1494996148871799,54.771878540482014,-0.43240281061004326,-0.03511410809296153,0.016973445293628476,-69838000.0,-0.0013110731901723183,0.007388676355040418,0.012011346408098561,0,-6.112087295517821e-05,train
2023-04-26,163.05999755859375,165.27999877929688,162.8000030517578,163.75999450683594,45498800.0,7450883238.067627,-6.112087295517821e-05,-0.023086620910630073,0.02286063874946942,-0.06828256247081654,54.7434350027366,-0.5442322131660493,-0.10627954546316445,0.016843740286404316,-163057000.0,-0.003229073695458884,0.005346485272079461,0.011944305021705912,1,0.02839526936524983,train
2023-04-27,165.19000244140625,168.55999755859375,165.19000244140625,168.41000366210938,64902300.0,10930196580.67932,0.02839526936524983,0.010561115092018847,0.017214340091464164,0.3551971036656596,64.07641318837278,-0.31417003347641703,0.7432049197638686,0.017244608305294336,-45698300.0,0.022696582841123636,0.01557513285247814,0.012747905410393232,1,0.007541054486406518,train
2023-04-28,168.49000549316406,169.85000610351562,167.8800048828125,169.67999267578125,55275900.0,9379214307.147217,0.007541054486406518,0.028238930327660894,0.02705638750838979,-0.16054605069974315,66.13076531459728,-0.09686600523216526,0.8448155029977299,0.016722293248380475,67914900.0,0.02812369511447521,0.01410088937657005,0.012685945404909992,0,-0.0005303886243240852,train
2023-05-01,169.27999877929688,170.4499969482422,168.63999938964844,169.58999633789062,52472900.0,8898878918.838501,-0.0005303886243240852,0.02576661501031796,0.02638746428064498,-0.052040162020581704,65.84341142874894,0.0144797138710544,0.7211137413165785,0.016298425674106224,-26507600.0,0.02612039470106331,0.014302260960631006,0.012299000549157346,0,-0.006191420923589042,train
2023-05-02,170.08999633789062,170.35000610351562,167.5399932861328,168.5399932861328,48425700.0,8161667152.876282,-0.006191420923589042,0.029126145748498145,0.012434625159192025,-0.08026617972458894,62.43470204413925,-0.007722496952328406,0.5068225391080836,0.01641944418269512,-26219200.0,0.019036608246719045,0.013525840974713562,0.012321085643340977,0,-0.006467285993302041,train
2023-05-03,169.5,170.9199981689453,167.16000366210938,167.4499969482422,65136000.0,10907023001.220703,-0.006467285993302041,0.022532990749778214,-0.0010738407762748148,0.2964467219310265,59.01893546592415,-0.1150007633783523,0.3121747489466689,0.016949760862979543,-45856400.0,0.011889458142379628,0.014492345731416353,0.012397238136211831,0,-0.009913429037699317,train
2023-05-04,164.88999938964844,167.0399932861328,164.30999755859375,165.7899932861328,81235400.0,13468016420.596312,-0.009913429037699317,-0.015557332219012565,-0.005160519903083527,0.22087371795234745,54.15929813476672,-0.3060937750526289,0.03308085308709978,0.017249483974188747,-191994100.0,0.0012440432215632402,0.006840184592346093,0.012331273214326987,1,0.04692692172716728,train
2023-05-05,170.97999572753906,174.3000030517578,170.75999450683594,173.57000732421875,113453200.0,19692072754.95605,0.04692692172716728,0.022925594155761342,0.051811918739506746,0.3340393008350695,67.61732140854915,0.06343469180476546,1.0105659987494586,0.01880151345165209,-133816800.0,0.04541667303485375,0.02380825734615344,0.01608902490820255,0,-0.0004033376808469935,train
2023-05-08,172.47999572753906,173.85000610351562,172.11000061035156,173.5,55962800.0,9709545800.0,-0.0004033376808469935,0.02305562678543316,0.04941630725495294,-0.706703223746171,67.42549784280257,0.26386394275821745,0.8563069704372656,0.01818193917282401,-137306700.0,0.041397814727968774,0.02380125966935376,0.01550092028505175,0,-0.009971156931060876,train
2023-05-09,173.0500030517578,173.5399932861328,171.60000610351562,171.77000427246094,45326900.0,7785801806.65741,-0.009971156931060876,0.019164655957025545,0.048848994268147816,-0.21078650485959827,62.692403587491754,0.24126026748661822,0.5926665116146258,0.017859991316725908,-134207900.0,0.027630648454740392,0.024292205047807706,0.015599672492806277,1,0.010420872338650744,train
2023-05-10,173.02000427246094,174.02999877929688,171.89999389648438,173.55999755859375,53724500.0,9324424088.83667,0.010420872338650744,0.03648850834103112,0.059843694311730866,0.16996845714972864,65.3988681881361,0.30413639149636085,0.7719045250025888,0.017343337545586302,-15347400.0,0.0341755706917779,0.02363210999438584,0.015562038961180663,1,0.0010947363682816125,train
2023-05-11,173.85000610351562,174.58999633789062,172.1699981689453,173.75,49514700.0,8603179125.0,0.0010947363682816125,0.0480125884324587,0.03170830842450756,-0.08159953906362816,65.68344611597735,0.31449266116145846,0.6979016748790302,0.017081777289148222,115402700.0,0.03278766704838576,0.022076052914131346,0.013878189884871526,0,-0.006791324752697836,train
2023-05-12,173.6199951171875,174.05999755859375,171.0,172.57000732421875,45533100.0,7857647400.494385,-0.006791324752697836,-0.005761364047949025,0.017032147413865273,-0.08383005941431776,62.25879427039387,0.2032409306226488,0.49541571810752855,0.017236674245244114,-43583600.0,0.023534760369465113,0.007891717107900473,0.013999038948025618,0,-0.002897374855299284,train
2023-05-15,173.16000366210938,173.2100067138672,171.47000122070312,172.07000732421875,37266700.0,6412481341.949463,-0.002897374855299284,-0.008242032713436598,0.01462356884180216,-0.20033936262606744,60.81194019230667,0.06453197783327491,0.39253294219627044,0.0167742915187566,-24887500.0,0.018503214530026124,0.007913092267831302,0.014039670408845732,0,0.0,train
2023-05-16,171.99000549316406,173.13999938964844,171.8000030517578,172.07000732421875,42110300.0,7245919629.425049,0.0,0.0017465392344169217,0.02094466701498554,0.12219219675366944,60.81194019230667,-0.052353526939209694,0.35632897902465893,0.016132378318655636,62549700.0,0.01681798542561319,0.0063961391008964304,0.013988431670749,1,0.0036031562201266354,train
2023-05-17,171.7100067138672,172.92999267578125,170.4199981689453,172.69000244140625,57951600.0,10007661945.483398,0.0036031562201266354,-0.005012647668964143,0.03129295663578735,0.31931580657487046,62.07926632406034,-0.10974722174562057,0.3958414666564085,0.01596447551847696,66776800.0,0.018958336565199296,0.00399112842658705,0.01394248441505929,1,0.013666110237923634,train
2023-05-18,173.0,175.24000549316406,172.5800018310547,175.0500030517578,65496700.0,11465197534.880066,0.013666110237923634,0.0074820319525630286,0.05585385210579852,0.12239157829154479,66.5179590405744,-0.015550708571310246,0.6116621921811427,0.015709704207907387,82758800.0,0.030330153798510784,0.007790525944646132,0.014077621774351717,1,0.0006283953638037687,train
2023-05-19,176.38999938964844,176.38999938964844,174.94000244140625,175.16000366210938,55809500.0,9775592224.380491,0.0006283953638037687,0.015008380529442977,0.00916054773749364,-0.1600556512501825,66.71353420248926,0.025167372922692888,0.5675842451797694,0.015169716330567623,184101400.0,0.027910159290674974,0.006394005860008421,0.0137869999502195,0,-0.005480741572254533,train
2023-05-22,173.97999572753906,174.7100067138672,173.4499969482422,174.1999969482422,43570900.0,7590050647.032166,-0.005480741572254533,0.012378622266285166,0.004034564543182739,-0.24755460442830568,63.241622759960606,-0.03811102885960249,0.4137156017262402,0.014864960526966882,177797200.0,0.019622741485323614,0.007059439265972587,0.013918185314193119,0,-0.015154991021227304,train
2023-05-23,173.1300048828125,173.3800048828125,171.27999877929688,171.55999755859375,50747300.0,8706206664.105225,-0.015154991021227304,-0.002963966664242812,-0.001222604113894521,0.15246891495958437,54.79623406695699,-0.2703815982841542,0.04522391188231496,0.015231317535381546,84939600.0,0.001886258714048017,0.010704590828707526,0.014235923671093838,1,0.00163207497832496,train
2023-05-24,171.08999633789062,172.4199981689453,170.52000427246094,171.83999633789062,45143500.0,7757458874.679565,0.00163207497832496,-0.004922150046318019,-0.00991012471132613,-0.11701210715354193,55.475365751414536,-0.4094334615573141,0.03373196656958814,0.014910089556029111,72131500.0,0.0011593731757280068,0.010548674999750032,0.014225418486293459,1,0.0066923253013353445,train
2023-05-25,172.41000366210938,173.89999389648438,171.69000244140625,172.99000549316406,56058300.0,9697525624.93744,0.0066923253013353445,-0.01176805211471299,-0.004374069104091771,0.2165459113751389,58.2497601155417,-0.4263131059454519,0.19770996682319913,0.014665561542949243,62693100.0,0.006516582489191514,0.008370481546582561,0.012913844758839067,1,0.014104787011603337,train
2023-05-26,173.32000732421875,175.77000427246094,173.11000061035156,175.42999267578125,54835000.0,9619703648.376465,0.014104787011603337,0.0015413850652383765,0.01657289928828276,-0.022063544014557124,63.45317460409395,-0.28243767367056183,0.5640220867127475,0.014560525853493123,61718600.0,0.019008711263326372,0.01124127315299717,0.013158667291789992,1,0.010659581907596527,train
2023-05-30,176.9600067138672,178.99000549316406,176.57000732421875,177.3000030517578,55964400.0,9922488290.789797,0.010659581907596527,0.01779567254778258,0.030394580722511222,0.020387097717232905,66.86194404864573,-0.08107711722991917,0.7711813517887731,0.014812102350487959,161253900.0,0.02756995204920054,0.01146050023635302,0.013293875849209177,0,-0.0002820251037627397,train
2023-05-31,177.3300018310547,179.35000610351562,176.75999450683594,177.25,99625300.0,17658584425.0,-0.0002820251037627397,0.03316625391920347,0.030103983583966265,0.576700366269872,66.68284253661962,0.023412367958568936,0.6885591410724343,0.014801703361659369,112375900.0,0.024693813641386564,0.006017591634037008,0.013160024865183445,1,0.016022546335066945,train
2023-06-01,177.6999969482422,180.1199951171875,176.92999267578125,180.08999633789062,68901800.0,12408524909.674072,0.016022546335066945,0.04800977755945679,0.042851316184300714,-0.36873384142544907,71.37313565965727,0.24608707887586956,1.007091752949136,0.014792932173173947,136134200.0,0.03732202371546989,0.0064931698915744055,0.013304227538050726,1,0.004775393568990927,train
2023-06-02,181.02999877929688,181.77999877929688,179.25999450683594,180.9499969482422,61996900.0,11218338865.800476,0.004775393568990927,0.04601416961856031,0.033704620357760895,-0.10559791708546484,72.62967934470063,0.40424543942131885,1.095498094030365,0.014665761343175364,142072800.0,0.0377447510193929,0.006747532832471757,0.012911177387830748,0,-0.0075711253953729685,train
2023-06-05,182.6300048828125,184.9499969482422,178.0399932861328,179.5800018310547,121946500.0,21899152693.29071,-0.0075711253953729685,0.023656212327063386,0.025234060724682594,0.676498032238495,67.54349295720326,0.37044080405724067,0.7537555964850277,0.0164705767241325,-34708700.0,0.02811604117307298,0.009207622795035732,0.008461456341720302,0,-0.002060335858196427,train
2023-06-06,179.97000122070312,180.1199951171875,177.42999267578125,179.2100067138672,64848400.0,11621482199.383545,-0.002060335858196427,0.01077272210509661,0.02876010248790961,-0.631530178605459,66.1952546622567,0.28106293093631063,0.6212721639462331,0.016397849879918044,-155521500.0,0.024323497471815836,0.008908964175987891,0.008491579006753158,0,-0.007756259904993845,train
2023-06-07,178.44000244140625,181.2100067138672,177.32000732421875,177.82000732421875,61944600.0,11014989225.6958,-0.007756259904993845,0.0032158382184415135,0.03648874944456093,-0.04581180020880282,61.24890544573783,0.09580327579557979,0.3788150115097644,0.016908174352816805,-117840800.0,0.014624270682419782,0.009986577838961487,0.008345160528686812,1,0.01546507640721173,train
2023-06-08,177.89999389648438,180.83999633789065,177.4600067138672,180.57000732421875,50214900.0,9067304860.784912,0.01546507640721173,0.0026653950585211472,0.05080313764184563,-0.2099286380282166,66.57101568968505,0.12414512868257743,0.6912893378861729,0.016798368593056973,-136527700.0,0.028259073698562176,0.00977332886189747,0.00868963454624979,1,0.002159823746078704,train
2023-06-09,181.5,182.22999572753903,180.6300048828125,180.9600067138672,48900000.0,8848944328.308105,0.002159823746078704,5.531785462187244e-05,0.04607203287832751,-0.0265343983901829,67.257805113264,0.13398986447027106,0.6602779697708451,0.016220098718425523,-149624600.0,0.02836881892579579,0.009559663532713359,0.008686945028438116,1,0.015638740424785524,train
2023-06-12,181.2700042724609,183.88999938964844,180.97000122070312,183.7899932861328,54274900.0,9975183506.60553,0.015638740424785524,0.023443542778436965,0.04765434053116557,0.10428447478775027,71.7873038200593,0.28713378002637846,0.8810123975983185,0.01596832309605154,26596800.0,0.04113200438552855,0.010522064892655033,0.008927178079892012,0,-0.002611653218746346,train
2023-06-13,182.8000030517578,184.1499938964844,182.44000244140625,183.30999755859372,54929100.0,10069053186.895752,-0.002611653218746346,0.0228781356571941,0.03389731756000858,0.011981389217766036,70.01805039506199,0.3101770145658507,0.7301795799312708,0.01553287012475754,36516100.0,0.03511751805450514,0.010612976280066291,0.00891714297021886,1,0.003491350161869411,train
2023-06-14,183.3699951171875,184.38999938964844,182.0200042724609,183.9499969482422,57462900.0,10570300279.637146,0.003491350161869411,0.03447300287670463,0.037799700695301475,0.04509625863597222,71.04281841421546,0.32123621398902635,0.7195861338351007,0.0152934767875625,155923600.0,0.035259005072854954,0.008280404398930507,0.008885182965574633,1,0.011198682211304378,train
2023-06-15,183.9600067138672,186.5200042724609,183.77999877929688,186.00999450683597,65433200.0,12171229172.564695,0.011198682211304378,0.03012674841868712,0.03287244316357274,0.12989025062537607,74.11018997437608,0.41409311431876983,0.8348676346691493,0.015095986300011516,171141900.0,0.0429433772955532,0.007333645647850807,0.009055860439890444,0,-0.005859880490725944,train
2023-06-16,186.72999572753903,186.9900054931641,184.2700042724609,184.9199981689453,101256200.0,18724296318.59436,-0.005859880490725944,0.02188324109282136,0.021939769481392535,0.4366241583581427,69.8915012452114,0.35138246325440914,0.6384803726446883,0.015150975666203244,20985700.0,0.03397084171165221,0.009052366583975575,0.008984038747964244,1,0.0004866771511020662,train
2023-06-20,184.41000366210935,186.1000061035156,184.41000366210935,185.00999450683597,49799100.0,9213331217.445374,0.0004866771511020662,0.00663801765748917,0.030237179086843424,-0.7096570168969016,70.04312961947453,0.26895598495294637,0.5822782750888444,0.01471439484926797,16509900.0,0.03163315439961134,0.006519277552594811,0.008985884590859894,0,-0.0056753030870988486,train
2023-06-21,184.8999938964844,185.41000366210935,182.58999633789065,183.9600067138672,49515700.0,9108908504.441832,-0.0056753030870988486,0.003545955834000303,0.026505216349799188,-0.005707120459714332,65.87486564172522,0.10512881117960582,0.4311337482650779,0.0148363143240535,21923300.0,0.02299461539756531,0.007101619289363905,0.008995395752350342,1,0.016525294494369236,train
2023-06-22,183.7400054931641,187.0500030517578,183.6699981689453,187.0,51245300.0,9582871100.0,0.016525294494369236,0.016580609417547354,0.05162519569040058,0.034334114810942395,71.2157964057503,0.1596427773394633,0.6979978557769583,0.014843680350426866,15705700.0,0.03545463032941698,0.01012010003330015,0.008445763726269479,0,-0.0017112691134693048,train
2023-06-23,185.5500030517578,187.55999755859372,185.00999450683597,186.67999267578125,53117000.0,9915881170.959473,-0.0017112691134693048,0.003601947146558704,0.033837210520747396,0.03587312048604829,69.97427850805919,0.13335978029195328,0.6332757456743023,0.014782741857515517,-102844500.0,0.029453083664374935,0.00921903048930468,0.008535043866295248,0,-0.007552970101992407,train
2023-06-26,186.8300018310547,188.0500030517578,185.22999572753903,185.2700042724609,48088700.0,8909393654.457092,-0.007552970101992407,0.001892743386228135,0.02381740383889719,-0.09944980342413601,64.62815812458017,-0.012051389849717431,0.4443659494572039,0.014918518252832653,-49677000.0,0.018230006632243168,0.009547880452874082,0.008901296633753924,1,0.015059066345298966,train
2023-06-27,185.88999938964844,188.38999938964844,185.6699981689453,188.05999755859372,50730800.0,9540434124.145508,0.015059066345298966,0.016485612357796553,0.023233061801211097,0.053485997855663214,69.58063787465407,0.04355338988186652,0.7581471599780976,0.014832423105805636,-48745300.0,0.029988840415603013,0.011582699436679623,0.0089636291034289,1,0.006327780797910076,train
2023-06-28,187.92999267578125,189.8999938964844,187.6000061035156,189.25,51216800.0,9692779400.0,0.006327780797910076,0.028756213813151854,0.03240413791128649,0.009534381821438842,71.41876443499993,0.12002923340627536,0.8253468932132528,0.014554443737620187,51987200.0,0.03312552560583715,0.010437156986543622,0.008833425384704335,1,0.001796546039052327,train
2023-06-29,189.0800018310547,190.07000732421875,188.94000244140625,189.58999633789065,46347300.0,8786984437.271118,0.001796546039052327,0.013850247796206805,0.03066050276279908,-0.09990456328490183,71.94045974071201,0.15105869062894373,0.7933732032119084,0.013916336682079608,47089200.0,0.031507225601033584,0.008533333120752957,0.008801189078700963,1,0.023102510509079632,train
2023-06-30,191.6300048828125,194.47999572753903,191.25999450683597,193.97000122070312,85213200.0,16528804508.02002,0.023102510509079632,0.039050829392214936,0.04279343556227366,0.6089933036834907,77.61028353456864,0.4094562317675017,1.1192474145490323,0.014431236056651269,185419400.0,0.05136780901507332,0.011840282798410004,0.009453505875026733,0,-0.007784680606965799,train
2023-07-03,193.77999877929688,193.8800048828125,191.75999450683597,192.4600067138672,31458200.0,6054445383.206177,-0.007784680606965799,0.03880823811518108,0.040774435537432874,-0.996496650877944,72.19429951693309,0.4199988224530853,0.8182715010718142,0.014325780031899576,202049900.0,0.039939299093837644,0.01191535012982189,0.009793668460153539,0,-0.005871375056598072,train
2023-07-05,191.57000732421875,192.97999572753903,190.6199951171875,191.3300018310547,46920300.0,8977261084.913635,-0.005871375056598072,0.01738809058232671,0.034160356261105695,0.399790726669746,68.35025943464638,0.29793085972520705,0.6281736866965573,0.014262126251321715,104398800.0,0.03056190640970602,0.012352350006577853,0.009702841516995585,1,0.002508732153585047,train
2023-07-06,189.83999633789065,192.0200042724609,189.1999969482422,191.80999755859372,45094300.0,8649537572.906494,0.002508732153585047,0.013527067680812355,0.04267226874445851,-0.03969456405175009,69.1028269716711,0.2012116085282578,0.6240403445730305,0.01426041102980503,98276300.0,0.02965331530951687,0.012252546382366636,0.009625493495200314,0,-0.0058912720775531335,train
2023-07-07,191.41000366210935,192.6699981689453,190.2400054931641,190.67999267578125,46815000.0,8926683857.1167,-0.0058912720775531335,0.0057492291731890965,0.019679105218081583,0.03744781086381721,65.17387686659106,0.022245541946986247,0.46910390170255123,0.014230556953129397,5114000.0,0.020066406820987037,0.012869021912181968,0.009519700735112959,0,-0.010855843008916621,train
2023-07-10,189.25999450683597,189.9900054931641,187.0399932861328,188.6100006103516,59922200.0,11301926178.573608,-0.010855843008916621,-0.027633142117954645,0.010338590155841265,0.24684338509256776,58.60095545029251,-0.2589280262970197,0.1734849751578282,0.01473761870922298,-140021400.0,0.006827495845895815,0.004957431477840456,0.009603364508904333,0,-0.002810024800285249,train
2023-07-11,189.16000366210935,189.3000030517578,186.6000061035156,188.0800018310547,46638100.0,8771693933.396912,-0.002810024800285249,-0.022758000259889388,0.015167039962180606,-0.2506292457542827,57.01544796358973,-0.490554770266709,0.0589267913966038,0.014748893376982274,-155201300.0,0.002093928108475085,0.004902962037173575,0.00966918703665434,1,0.008985550962107514,train
2023-07-12,189.67999267578125,191.6999969482422,188.47000122070312,189.7700042724609,60750200.0,11528565713.552856,0.008985550962107514,-0.008153439312519661,0.009092878528483395,0.26435256576734645,60.66961922089847,-0.5361909028706444,0.277003762315211,0.014935985982028926,-47530800.0,0.009490094906143831,0.007656444748594904,0.009281034844147263,1,0.004057485357730206,train
2023-07-13,190.5,191.19000244140625,189.77999877929688,190.5399932861328,41342300.0,7877361564.433289,0.004057485357730206,-0.00662115785738937,0.006816344972960797,-0.3848841777751595,62.24446837664487,-0.5203504221372337,0.35913597174630946,0.014345404461166346,-51282800.0,0.011640686562431224,0.0078925480354721,0.00923984429842229,1,0.0007872843526774975,train
2023-07-14,190.22999572753903,191.17999267578125,189.6300048828125,190.69000244140625,41616200.0,7935793279.602051,0.0007872843526774975,5.249510179083927e-05,0.005802026081350498,0.006603325485755818,62.55900851392718,-0.505187657647963,0.34642470632289485,0.013890847457920248,37148400.0,0.010628870358122322,0.007476016453239086,0.009236292259032672,1,0.017305590274832694,train
2023-07-17,191.8999938964844,194.32000732421875,191.80999755859372,193.9900054931641,50520200.0,9800413875.515747,0.017305590274832694,0.028524494276032764,0.00010313075390566695,0.19388373752894594,68.7305895368462,-0.28906785336651897,0.8027460929885263,0.014015817593163152,147590800.0,0.025948882832677267,0.007821950829366753,0.009653452045992753,0,-0.0013403255748359877,train
2023-07-18,193.3500061035156,194.3300018310547,192.4199981689453,193.72999572753903,48288200.0,9354872779.690552,-0.0013403255748359877,0.03004037559271988,0.0065987164572842705,-0.04518603099507601,67.78254881727028,-0.18485428404568527,0.6889678587123108,0.013736376620738367,145940700.0,0.022192418616654885,0.007442238843950256,0.009507969349942627,1,0.007071751438550322,train
2023-07-19,193.1000061035156,198.22999572753903,192.6499938964844,195.1000061035156,80507300.0,15706974721.377563,0.007071751438550322,0.028086640201589352,0.019704198172693532,0.511160630862463,70.12116755435326,-0.05179902460442998,0.819297716183819,0.014708547619110484,165697800.0,0.026688132188230407,0.0072954404162865714,0.00955313940409174,0,-0.010097391896840113,train
2023-07-20,195.08999633789065,196.47000122070312,192.5,193.1300048828125,59581200.0,11506917446.923828,-0.010097391896840113,0.013593007704111093,0.006881848396956158,-0.30100777111105614,63.035500031012546,-0.12067500588445546,0.4731194108819733,0.015265546771075686,64774300.0,0.01387498676730381,0.010200258963308301,0.00980507935032352,0,-0.006161665258219817,train
2023-07-21,194.1000061035156,194.97000122070312,191.22999572753903,191.94000244140625,71951700.0,13810409473.66333,-0.006161665258219817,0.0065551417693441305,0.006607980983969419,0.18865496961853978,59.14743443268824,-0.26245424141567764,0.22531871432611453,0.01565484063091255,-48793600.0,0.006322952605037679,0.010977532647320367,0.009398637745080868,1,0.004220055998181094,train
2023-07-24,193.41000366210935,194.91000366210935,192.25,192.75,45377800.0,8746570950.0,0.004220055998181094,-0.006392110201820622,0.02195005236334846,-0.46097205376423034,60.91462430150711,-0.31426200859462705,0.33951203364718185,0.015576161999861572,-53936000.0,0.00896420456832514,0.007098967430900027,0.009390657338040035,1,0.004513593344682265,train
2023-07-25,193.3300018310547,194.44000244140625,192.9199981689453,193.6199951171875,37283200.0,7218773001.953125,0.004513593344682265,-0.0005678037102021527,0.029455514845800446,-0.19648017084212555,62.77710513307596,-0.30241638297311724,0.49977187084288466,0.015022050334033291,31635400.0,0.011308113178348789,0.007551048718046318,0.00915337917520832,1,0.00454501035536059,train
2023-07-26,193.6699981689453,195.63999938964844,193.32000732421875,194.5,47471900.0,9233284550.0,0.00454501035536059,-0.0030753771642489935,0.02492488602544385,0.24159512824123652,64.61391010962481,-0.24996694321755264,0.6461099332486709,0.014737933575344623,-1400000.0,0.014198780702000313,0.007017574451187877,0.008667816180526903,0,-0.006580970587644619,train
2023-07-27,196.0200042724609,197.1999969482422,192.5500030517578,193.22000122070312,47460200.0,9170259901.934814,-0.006580970587644619,0.0004659883788913355,0.014065330266626708,-0.000246491962418105,59.97781141291509,-0.312093968016673,0.3052697538662592,0.015494868424201272,10721000.0,0.006482601838549984,0.005917270167801486,0.00878648605727573,1,0.013507921508448373,train
2023-07-28,194.6699981689453,196.6300048828125,194.13999938964844,195.8300018310547,48291400.0,9456904950.424194,0.013507921508448373,0.020266746588356144,0.026954739754790236,0.017362025538417925,65.42534852448165,-0.19381650120095983,0.8320251828103972,0.015440120699517059,130964100.0,0.018422939889798595,0.007123171588126478,0.009216811990669347,1,0.003165986372825502,train
2023-07-31,196.05999755859372,196.4900054931641,195.25999450683597,196.4499969482422,38824100.0,7626994326.5182495,0.003165986372825502,0.019195833713318677,0.01268102162698681,-0.21821229809930287,66.58873659304875,-0.09522104885830096,0.8777189315303734,0.014739234577759469,124410400.0,0.020988851432457434,0.007132144253164579,0.007734679694140731,0,-0.004275878599844907,train
2023-08-01,196.2400054931641,196.72999572753903,195.27999877929688,195.6100006103516,35175100.0,6880601332.469177,-0.004275878599844907,0.01027789248708344,0.00970425295139421,-0.09870273922932071,63.47252884542782,-0.1070866542417277,0.6308741617110663,0.014274683031078478,51952100.0,0.0157917440624169,0.0079571092270035,0.007571026318711772,0,-0.015489999334607374,train
2023-08-02,195.0399932861328,195.17999267578125,191.8500061035156,192.5800018310547,50389300.0,9703971486.265564,-0.015489999334607374,-0.009871455881466873,-0.012916474595720207,0.35944039644250125,53.708702759773345,-0.3270818633994632,-0.010768072002654562,0.014858208818388341,-45909100.0,-0.0002673415979248528,0.010900764286568757,0.008291002080796755,0,-0.007321651514710981,train
2023-08-03,191.57000732421875,192.3699951171875,190.69000244140625,191.1699981689453,61235200.0,11706333071.875,-0.007321651514710981,-0.010609683463443376,-0.010148639073749743,0.19494333310804635,49.86464885557836,-0.5618663741700911,-0.29684372437927403,0.014604846928653149,-59684100.0,-0.007422148570865095,0.010984403812327419,0.008446732993971433,0,-0.048020048981056385,train
2023-08-04,185.5200042724609,187.3800048828125,181.9199981689453,181.9900054931641,115956800.0,21102978668.969727,-0.048020048981056385,-0.07067352401819693,-0.051839099831623714,0.6384955126695466,33.20272074431141,-1.2881946802785342,-1.4991635213694907,0.01787622157934513,-223932300.0,-0.052949264298320475,0.01995407125372592,0.01362437549853118,0,-0.0172536913834338,train
2023-08-07,182.1300048828125,183.1300048828125,177.35000610351562,178.85000610351562,97576100.0,17451486080.55725,-0.0172536913834338,-0.0895901813089035,-0.07211410581833655,-0.17258511994292647,29.5638592188662,-1.8961434672654132,-1.4242129163460842,0.019199175191992036,-360332500.0,-0.06691984435807574,0.017387667585600366,0.013909451947022257,1,0.005311696482092065,train
2023-08-08,179.69000244140625,180.2700042724609,177.5800018310547,179.8000030517578,67823000.0,12194575606.97937,0.005311696482092065,-0.0808240760148391,-0.07137688469140391,-0.3637312114285578,31.992298683795497,-2.1326888792383976,-1.099287144317713,0.018802258637216036,-257334400.0,-0.059933171206523306,0.019717243990964032,0.014019873527943608,0,-0.00895439701348677,train
2023-08-09,180.8699951171875,180.92999267578125,177.00999450683594,178.19000244140625,60378500.0,10758845062.408447,-0.00895439701348677,-0.0747221894943817,-0.08385602857888819,-0.11626828733327699,30.098371648300628,-2.282557983877356,-1.0374484849864245,0.01918834534472098,-267323600.0,-0.06552200836083744,0.020019787398424083,0.013842464076324348,0,-0.0012346440186814522,train
2023-08-10,179.47999572753906,180.75,177.60000610351562,177.97000122070312,54686900.0,9732627659.75647,-0.0012346440186814522,-0.06904847556977411,-0.07892557656378896,-0.09900888695417365,29.83842903231293,-2.276334747051762,-0.9006965087499267,0.01910403058287929,-260775300.0,-0.06358932120734817,0.020792424815335792,0.01374971034310315,0,-0.0010114509936260951,train
2023-08-11,177.32000732421875,178.6199951171875,176.5500030517578,177.7899932861328,52036700.0,9251604543.632507,-0.0010114509936260951,-0.02307825748809622,-0.09212075972140998,-0.04967495282356893,29.6130729918287,-2.1648615815320107,-0.7964644605558763,0.018589053824621234,-196855200.0,-0.06135091636998935,0.008682131801559828,0.013727328995063834,1,0.009393180104611876,train
2023-08-14,177.97000122070312,179.69000244140625,177.30999755859375,179.4600067138672,43675600.0,7838023469.232178,0.009393180104611876,0.0034106826364797005,-0.08648506234821307,-0.175159641433293,34.551682978600354,-1.8702652084681306,-0.6086381135118059,0.018047923133363623,-55603500.0,-0.04888593833663324,0.007012817098105236,0.013203041545745075,0,-0.01120032146677552,train
2023-08-15,178.8800048828125,179.47999572753906,177.0500030517578,177.4499969482422,43622600.0,7740830236.87439,-0.01120032146677552,-0.013070111588591837,-0.09283780791087215,-0.0012142290516301557,31.671353089392966,-1.7069217555442642,-0.6570467576411153,0.017926755516079865,-167049100.0,-0.055463906982253564,0.008101974034243084,0.013290136548397365,0,-0.004959085033290345,train
2023-08-16,177.1300048828125,178.5399932861328,176.5,176.57000732421875,46964900.0,8292592736.981201,-0.004959085033290345,-0.0090913917447204,-0.08313425254238538,0.07382514788502803,30.473617102270552,-1.5584021584274688,-0.6344484189770928,0.017554481321522052,-153635500.0,-0.0554899950327018,0.007492905800458933,0.013018125753140767,0,-0.014555174817995509,train
2023-08-17,177.13999938964844,177.50999450683594,173.47999572753906,174.0,66062900.0,11494944600.0,-0.014555174817995509,-0.022307137121271747,-0.08981533887849613,0.3412067981299707,27.234308487762405,-1.5312605773281796,-0.697017999069198,0.018195702964277093,-165011500.0,-0.0644507464001447,0.009372785703280703,0.013149383008302701,1,0.0028161235239314575,train
2023-08-18,172.3000030517578,175.10000610351562,171.9600067138672,174.49000549316406,61172200.0,10673937514.02893,0.0028161235239314575,-0.018561155956948516,-0.04121105430859362,-0.07691447932397821,28.78858822903149,-1.3828462698609059,-0.5961848775848827,0.018133940586142996,-51802600.0,-0.05739418375498273,0.009868715253458867,0.01326461779316669,1,0.007736780344014926,train
2023-08-21,175.07000732421875,176.1300048828125,173.74000549316406,175.83999633789062,46311900.0,8143484326.400757,0.007736780344014926,-0.02017168305219308,-0.016829799624847985,-0.2782938851979999,33.03263622142157,-1.1081666477656085,-0.46852130464392483,0.01768023219097722,-49166300.0,-0.04574293355432901,0.009332503865281894,0.013411155290044927,1,0.007904910251348207,train
2023-08-22,177.05999755859375,177.67999267578125,176.25,177.22999572753906,42038900.0,7450554067.390442,0.007904910251348207,-0.0012397927556306865,-0.01429370011455977,-0.09680356520221167,37.18380854178069,-0.7636665444848809,-0.35078537197293164,0.01703016777425185,36495200.0,-0.0339030919946951,0.009572073321756495,0.013551732114480783,1,0.021948877071738204,train
2023-08-23,178.52000427246094,181.5500030517578,178.3300018310547,181.1199951171875,52722800.0,9549153278.564451,0.021948877071738204,0.025768746696680056,0.01644308118096971,0.2264526146276431,47.07191909400948,-0.23217887084516908,-0.09808811895947715,0.017177776297793833,136182900.0,-0.00908469814373647,0.013136038851296133,0.01466429954821358,0,-0.02617044148719283,train
2023-08-24,180.6699981689453,181.1000061035156,176.00999450683594,176.3800048828125,54945800.0,9691340472.29004,-0.02617044148719283,0.01367818898168105,-0.008934069376775766,0.04129924448225353,39.013202071771886,-0.16156906671379367,-0.33867157738853465,0.01844884551963588,147300000.0,-0.03055151088919905,0.017722774748147405,0.015513795783433072,1,0.01264313224744873,train
2023-08-25,177.3800048828125,179.14999389648438,175.82000732421875,178.61000061035156,51449600.0,9189413087.402344,0.01264313224744873,0.023611639563785314,0.004612224282493971,-0.06574455585925776,43.88092420320772,0.06164640440446334,-0.1648867293361612,0.018248891612689045,137577400.0,-0.013626763638221795,0.018255350587679655,0.015462279151004753,1,0.008846099466185864,train
2023-08-28,180.08999633789062,180.58999633789065,178.5500030517578,180.19000244140625,43820700.0,7896052039.984131,0.008846099466185864,0.024738433769964097,0.004067734872555517,-0.16049637584705678,47.10246492416547,0.3271892306901294,-0.005804437014950514,0.017605480616266638,135086200.0,-0.00041327465079044057,0.018306442548468117,0.015660927095680625,1,0.02181027039532446,train
2023-08-29,179.6999969482422,184.8999938964844,179.5,184.1199951171875,53003900.0,9759077809.191896,0.02181027039532446,0.03887603428169473,0.037588043300394114,0.19025918331619351,54.152448373421436,0.7545670246979901,0.4233671660066041,0.0180939084259204,146051200.0,0.024653537643102963,0.019843250319558733,0.016705073917211575,1,0.019172272827023162,train
2023-08-30,184.94000244140625,187.8500061035156,184.7400054931641,187.6499938964844,60813900.0,11411727963.821411,0.019172272827023162,0.03605343946189876,0.06275123810761651,0.13745288309049286,59.38812911572608,1.2337295041421155,0.8956663422689749,0.017905244116982275,154142300.0,0.04573302100081267,0.019382342830948293,0.017121702792071286,1,0.001172401960345626,train
2023-08-31,187.83999633789065,189.1199951171875,187.47999572753903,187.8699951171875,60794500.0,11421462418.151855,0.001172401960345626,0.0651433831289947,0.07971261561602017,-0.00031905690471489834,59.69703714821587,1.5061829017013086,1.0463742884788274,0.017230359484131617,269882600.0,0.04792261611641524,0.008255672060128021,0.017065941946809108,1,0.008463361036912254,train
2023-09-01,189.4900054931641,189.9199981689453,188.27999877929688,189.4600067138672,45766500.0,8670921397.270203,0.008463361036912254,0.0607469126389264,0.08579288640855487,-0.28394693651423,61.94969009429082,1.7187905601458289,1.0320380036454326,0.0166382197771969,264199500.0,0.05459447299944231,0.008475218485701402,0.013022958106216441,1,0.0012667065653462206,train
2023-09-05,188.27999877929688,189.97999572753903,187.6100006103516,189.6999969482422,45280000.0,8589615861.816406,0.0012667065653462206,0.052777592419026575,0.0788216611635868,-0.010686948308897826,62.29227295324302,1.7926701431363843,0.894041418999601,0.016322614584529542,265658800.0,0.05275131583022574,0.009739873993698418,0.01220774667895879,0,-0.0357933231173716,train
2023-09-06,188.3999938964844,188.8500061035156,181.47000122070312,182.91000366210935,81755800.0,14953953677.398682,-0.0357933231173716,-0.0065717547641038765,0.0320487957540907,0.5908713115247188,48.88250306044018,1.3230017833896062,0.2392399513591862,0.018933274731594223,130899100.0,0.014194641874740066,0.02071717369690463,0.01495307532188646,0,-0.02924939039090879,train
2023-09-07,175.17999267578125,178.2100067138672,173.5399932861328,177.55999755859375,112488800.0,19973511053.36914,-0.02924939039090879,-0.053770299312968395,-0.019655464082197982,0.3191169025182603,41.3324807381032,0.6261501241586579,-0.2568916716920915,0.021879976458749707,-42403600.0,-0.015297943366878397,0.020156036112324537,0.0162904650804712,1,0.0034917499758519988,train
2023-09-08,178.35000610351562,180.2400054931641,177.7899932861328,178.17999267578125,65551300.0,11679930153.88794,0.0034917499758519988,-0.05157823331693778,0.010205169197974984,-0.5400206125652609,42.44196070768676,0.2029988976563477,-0.20034466990958952,0.021320783752607094,-37646800.0,-0.011917144002534519,0.020524577404181378,0.01630664916884953,1,0.006622561359722834,train
2023-09-11,180.07000732421875,180.3000030517578,177.33999633789062,179.36000061035156,58953100.0,10573828051.982117,0.006622561359722834,-0.05330943600550597,0.0041990929815636235,-0.10609082795599534,44.58975723576863,0.008856120610441054,-0.09829081381002903,0.02084641771664131,-24460200.0,-0.005806294562280434,0.020114848280019557,0.016366374004230723,0,-0.017060646455066664,train
2023-09-12,179.49000549316406,180.1300048828125,174.82000732421875,176.3000030517578,90370200.0,15932266535.787964,-0.017060646455066664,-0.07063781819743742,-0.02158831975660458,0.427172348599381,40.38160399831999,-0.30217874180672577,-0.3642229708530305,0.021844733835277373,-160110400.0,-0.021911275596657953,0.019021832771055066,0.01668154150918507,0,-0.011854771989295187,train
2023-09-13,176.50999450683594,177.3000030517578,173.97999572753906,174.2100067138672,84267900.0,14680311424.763489,-0.011854771989295187,-0.0475643582858033,-0.053823531751740816,-0.06991355666048449,37.76039248763329,-0.6075823990273403,-0.5262663336242382,0.021888997519617672,-162622500.0,-0.03263687533078541,0.014844263955196998,0.01670373728581657,1,0.008782496529087691,train
2023-09-14,174.0,176.10000610351562,173.5800018310547,175.74000549316406,60895800.0,10701828226.51062,0.008782496529087691,-0.010250011773226708,-0.06346916488518717,-0.3248367981984792,40.790381185605675,-0.6610423269592989,-0.38301518093336684,0.021172785245762486,10762100.0,-0.02391607932124451,0.0116695077759734,0.016805418594812674,0,-0.004153926047057777,train
2023-09-15,176.47999572753906,176.5,173.82000732421875,175.00999450683594,109259500.0,19121504494.81964,-0.004153926047057777,-0.017790988322204493,-0.06845159389252065,0.5845615726275888,39.79491896366327,-0.6965082428427491,-0.45761919986344246,0.020836264220953075,-164048700.0,-0.028243220369613464,0.01126323153005263,0.016492580425928428,1,0.016913358132535583,train
2023-09-18,176.47999572753906,179.3800048828125,176.1699981689453,177.97000122070312,67257600.0,11969835154.101562,0.016913358132535583,-0.007749773555521533,-0.060646073503612286,-0.48519575775216595,45.59282507800012,-0.48176088641400483,-0.21310562025579624,0.020780074631327944,-155744200.0,-0.012761368093295089,0.014152531894825404,0.01689668066269394,1,0.006180851244426799,train
2023-09-19,177.52000427246094,179.6300048828125,177.1300048828125,179.07000732421875,51826900.0,9280643362.591553,0.006180851244426799,0.01571187875503166,-0.05603579227744393,-0.26062069932974197,47.611923853837474,-0.23904497275550218,-0.12885263917240034,0.020174467578073053,-13547100.0,-0.007548509385774449,0.011278617340798281,0.016868192283546853,0,-0.01999219123598317,train
2023-09-20,179.25999450683594,179.6999969482422,175.39999389648438,175.49000549316406,58436200.0,10254969058.999634,-0.01999219123598317,0.007347446931674995,-0.04056638795247247,0.12002623913728172,42.131868482464796,-0.2896448197150743,-0.45217199669102714,0.020865799511436953,12284600.0,-0.026920596369604533,0.014198479343203285,0.017415777636470543,0,-0.008889468166570769,train
2023-09-21,174.5500030517578,176.3000030517578,173.86000061035156,173.92999267578125,63149100.0,10983522500.482178,-0.008889468166570769,-0.010299378404498905,-0.02044382142782253,0.07756303482417337,39.97281428936996,-0.39186563644641037,-0.5413583200247826,0.020551213160534893,-111760300.0,-0.03364441940388474,0.014146235100607071,0.01668773734372713,1,0.0049445216268977354,train
2023-09-22,174.6699981689453,177.0800018310547,174.0500030517578,174.7899932861328,56725400.0,9915032285.153198,0.0049445216268977354,-0.001257078039017534,-0.019025701700509767,-0.10727651291461271,41.74512702953848,-0.36575014842429643,-0.45103477471911035,0.020276638770415096,54224600.0,-0.02843710869381344,0.014381247760430321,0.015727768511158462,1,0.00738033408360006,train
2023-09-25,174.1999969482422,176.97000122070312,174.14999389648438,176.0800018310547,46172700.0,8130089100.544739,0.00738033408360006,-0.010619763874163413,-0.018287236664447093,-0.20583336383537798,44.39709555588575,-0.23228924752672753,-0.32203778415682616,0.019834329779025318,33139700.0,-0.02057797462785127,0.011982266316015113,0.0155421488232345,0,-0.023398427273646605,train
2023-09-26,174.82000732421875,175.1999969482422,171.66000366210938,171.9600067138672,64588900.0,11106707677.641296,-0.023398427273646605,-0.03970514502452893,-0.02461710869407352,0.3356538488828029,38.3866685593844,-0.3832669232022494,-0.611218948492199,0.020694833903757915,-83276100.0,-0.04130052916568172,0.014016332282203873,0.01617069341696512,0,-0.008897499292564004,train
2023-09-27,172.6199951171875,173.0399932861328,169.0500030517578,170.42999267578125,66921800.0,11405481883.850098,-0.008897499292564004,-0.02883362390446742,-0.02169803049427843,0.03548220360628207,36.41508368871687,-0.5384506043000268,-0.6524280959809112,0.021061383180112903,-91761700.0,-0.0461906512738719,0.012429863430452846,0.015198619966674884,1,0.0015256103784480057,train
2023-09-28,169.33999633789062,172.02999877929688,167.6199951171875,170.69000244140625,56294400.0,9608891273.4375,0.0015256103784480057,-0.018628128389648113,-0.028735648650894396,-0.1729297076662064,37.007197122476775,-0.5726731679451991,-0.576266277141909,0.021372660079788997,27681800.0,-0.0401803795125204,0.012647628260160797,0.014282805909353312,1,0.003046483478957418,train
2023-09-29,172.02000427246094,173.07000732421875,170.33999633789062,171.2100067138672,51861100.0,8879139279.188538,0.003046483478957418,-0.020481644886873762,-0.021712975899901066,-0.08202607070148815,38.245764104343905,-0.511388163219614,-0.4946047293772067,0.02092472120082598,22817500.0,-0.03272549354782606,0.01234866576880369,0.014328931152194104,1,0.014835542237771948,train
2023-10-02,171.22000122070312,174.3000030517578,170.92999267578125,173.75,52164500.0,9063581875.0,0.014835542237771948,-0.013232631797052585,-0.0237118682460975,0.005833195952948955,44.03420475552513,-0.2633769892876727,-0.24927289260525218,0.020531466359961507,28809300.0,-0.013999787601175928,0.014362556774398337,0.01469919310834816,0,-0.007769819300809333,train
2023-10-03,172.25999450683594,173.6300048828125,170.82000732421875,172.39999389648438,49594600.0,8550108737.298584,-0.007769819300809333,0.002558659952539344,-0.03724807703647348,-0.050520229073605094,41.79199723139563,-0.15898100940596116,-0.41129425085987553,0.020428175365394402,43803600.0,-0.016834746815372115,0.009614254777794384,0.014660660738803863,1,0.00730864159068112,train
2023-10-04,171.08999633789062,174.2100067138672,170.97000122070312,173.66000366210938,53020300.0,9207505492.166138,0.00730864159068112,0.01895212770719734,-0.010427954719768762,0.06679290094799128,44.62608775961612,0.016854604536696627,-0.20357402506594868,0.020164043643324803,163745700.0,-0.007030134811598976,0.008271857997210844,0.012907415427180128,1,0.007197972898999483,train
2023-10-05,173.7899932861328,175.4499969482422,172.67999267578125,174.91000366210938,48527900.0,8488015166.714478,0.007197972898999483,0.024723189175369198,0.0056345140435607455,-0.08853596706294553,47.36409085320701,0.227572388744949,0.026021966219609064,0.019721140615019412,155979200.0,0.0008755181712105653,0.008272760335022084,0.011421077455839666,1,0.014750453244736894,train
2023-10-06,173.8000030517578,177.99000549316406,173.17999267578125,177.49000549316406,57266700.0,10164266897.575378,0.014750453244736894,0.036680091893181554,0.01544717838973364,0.16558040953141173,52.5762676859901,0.5334663932769814,0.47839538653353775,0.01998202449401637,161384800.0,0.01583942593610388,0.009211369438165742,0.011905210670859692,1,0.008451180086631815,train
2023-10-09,176.80999755859375,179.0500030517578,175.8000030517578,178.99000549316406,42390800.0,7587529524.859619,0.008451180086631815,0.03015830499662764,0.016526599453931645,-0.30078793926416125,55.34489234014914,0.8128404680585277,0.7505733950745992,0.01969620161101379,151611100.0,0.024532946217900475,0.008296589104152052,0.01196663338209962,0,-0.00335217657467779,train
2023-10-10,178.10000610351562,179.72000122070312,177.9499969482422,178.38999938964844,43698000.0,7795286193.328857,-0.00335217657467779,0.03474481267534557,0.03739237278863583,0.03037097619612794,53.98717901973962,0.9250770026284636,0.6019407815477276,0.019059567113976272,157507700.0,0.02048812229345609,0.006507582750689381,0.011314964329141112,1,0.007904051050695804,train
2023-10-11,178.1999969482422,179.85000610351562,177.60000610351562,179.8000030517578,47551100.0,8549687925.114441,0.007904051050695804,0.0353564393652499,0.054978646826569166,0.08450258594929139,56.676853829777,1.052837030261805,0.7333087192428345,0.018453229527797734,152038500.0,0.02691219139440748,0.006523017701237389,0.011024501915280888,1,0.005061199369654101,train
2023-10-12,180.07000732421875,182.33999633789065,179.0399932861328,180.7100067138672,56743100.0,10254045981.965635,0.005061199369654101,0.03315992756459063,0.058702935902180675,0.1767291373920834,58.36827927591229,1.1493210303774328,0.7679167357922849,0.01835323397275352,160253700.0,0.030646815474216105,0.006575792047694176,0.010928567683377664,0,-0.01029273721015711,train
2023-10-13,181.4199981689453,181.92999267578125,178.13999938964844,178.85000610351562,51427100.0,9197737148.886108,-0.01029273721015711,0.007662406717340087,0.04462355639303661,-0.0983687903701238,53.749159935814916,1.0417492350986408,0.46130079112012723,0.018733160722507247,51559900.0,0.0189228767728431,0.00813342547086898,0.01117768110676126,0,-0.0007268933652552212,train
2023-10-16,176.75,179.0800018310547,176.50999450683594,178.72000122070312,52517000.0,9385838304.107666,-0.0007268933652552212,-0.0015084879835441933,0.028604323572392065,0.020971655428425606,53.43088246345097,0.9199482402618449,0.4335977701657629,0.01843487971345074,-43347900.0,0.01796474997791342,0.007165891129758694,0.010546110252411695,0,-0.0087847320585005,train
2023-10-17,176.64999389648438,178.4199981689453,174.8000030517578,177.14999389648438,57549400.0,10194875858.746338,-0.0087847320585005,-0.00695109309606301,0.027552205151770925,0.09150678102529852,49.61027392292675,0.7016193283952354,0.2366817336074667,0.018850394017694998,-57199300.0,0.009574244395588627,0.008099003047889594,0.010634704515697027,0,-0.007394849583563845,train
2023-10-18,175.5800018310547,177.5800018310547,175.11000061035156,175.83999633789062,54764400.0,9629771895.446775,-0.007394849583563845,-0.022024508602078496,0.012553222560232502,-0.049603360699912,46.61511127173853,0.4492278339618537,0.049648757832546526,0.018637688313889896,-159514800.0,0.002008664853158759,0.006440526908458237,0.009755214924469818,0,-0.002160996541954341,train
2023-10-19,176.0399932861328,177.83999633789062,175.19000244140625,175.4600067138672,59302900.0,10405287232.151794,-0.002160996541954341,-0.029052071301799876,0.003144491682821604,0.07961785947584943,45.75223790679998,0.2470444044860165,-0.014750918331926752,0.018422699413807576,-275560800.0,-0.0005923466662235422,0.004200882803645194,0.0095409172763649,0,-0.014704215959948308,train
2023-10-20,175.30999755859375,175.4199981689453,172.63999938964844,172.8800048828125,64244000.0,11106503033.691406,-0.014704215959948308,-0.03337993299954256,-0.025973296905042464,0.08003012421721678,40.29796998995497,-0.05403349669372981,-0.36095740336513576,0.01852722638930149,-288377700.0,-0.014751919186077878,0.0055937954305340905,0.010054934642550148,1,0.0006940948276166203,train
2023-10-23,170.91000366210938,174.00999450683594,169.92999267578125,173.0,55980100.0,9684557300.0,0.0006940948276166203,-0.03200537814253612,-0.03346558639774344,-0.1376920614648327,40.652339195010434,-0.2288828849252892,-0.31827654979636594,0.01887647922521514,-179880600.0,-0.013201999420126898,0.005998070713418128,0.009888881183180653,1,0.0025433667133309967,train
2023-10-24,173.0500030517578,173.6699981689453,171.4499969482422,173.44000244140625,43816600.0,7599551210.974121,0.0025433667133309967,-0.020942656409268734,-0.02774817515095196,-0.24498352446351035,42.01154313014476,-0.29450500260838197,-0.27339177551393024,0.018397964866143618,-78514600.0,-0.011109618240480401,0.006966494967915932,0.008356164421553089,0,-0.013491676112499795,train
2023-10-25,171.8800048828125,173.05999755859375,170.64999389648438,171.10000610351562,57157000.0,9779563048.858644,-0.013491676112499795,-0.026956268955253715,-0.04838707897984729,0.26578912108730535,37.13998869800604,-0.4649673543887217,-0.6164217844193777,0.018482202092570454,-80907200.0,-0.02463770934075693,0.008105044945671946,0.008683715170329105,0,-0.02460553222493822,train
2023-10-26,170.3699951171875,171.3800048828125,165.6699981689453,166.88999938964844,70625300.0,11786656273.893738,-0.02460553222493822,-0.04884308102298407,-0.07647615965230459,0.2115865664791592,30.326449132630742,-0.8104855545081044,-1.0576424553078798,0.02003884956989864,-92229600.0,-0.04760547594700093,0.011394129063225308,0.010295170883638452,1,0.007969332110484562,train
2023-10-27,166.91000366210938,168.9600067138672,166.8300018310547,168.22000122070312,58499100.0,9840718673.410034,0.007969332110484562,-0.026955133795074637,-0.05943530623454396,-0.18837706480606542,34.41961293081033,-0.8922150705891108,-0.8155201241331568,0.019364816165156236,30513500.0,-0.03919581160418073,0.013353832747149795,0.010456469455926633,1,0.012305267212035398,train
2023-10-30,169.02000427246094,171.1699981689453,168.8699951171875,170.2899932861328,51131000.0,8707097646.713257,0.012305267212035398,-0.01566477869287397,-0.047168799669825456,-0.1346204001506628,40.29828348852962,-0.7550645670381704,-0.5287281827114789,0.019000419838597547,25664400.0,-0.026410848571933876,0.01550939280742657,0.010270631050964183,1,0.0028187856318813154,train
2023-10-31,169.35000610351562,170.89999389648438,167.89999389648438,170.77000427246094,44846000.0,7658351611.602783,0.0028187856318813154,-0.015394361919749855,-0.03601461949669338,-0.13115656579782708,41.6054904221226,-0.5876618967196197,-0.4559588533559121,0.018848474824249426,26693800.0,-0.02321137257186434,0.015534719220672209,0.01017329607070903,1,0.018738635990994235,train
2023-11-01,171.0,174.22999572753906,170.1199951171875,173.97000122070312,56934900.0,9904964622.50061,0.018738635990994235,0.0167737873454612,-0.010634640332874867,0.2386741067862097,49.53791238290272,-0.2351507289102952,-0.09825852447411784,0.018867704583454145,140785700.0,-0.004995900984363755,0.01673390062144463,0.01092398957826746,1,0.020693257908003027,train
2023-11-02,175.52000427246094,177.77999877929688,175.4600067138672,177.57000732421875,77334800.0,13732341002.416992,0.020693257908003027,0.06399429548582503,0.012025535903418039,0.3062355338303071,56.66921274327787,0.24096724693763716,0.28859926175404216,0.018697409192261774,288745800.0,0.014822019319253199,0.007421938937979,0.011766791033128676,0,-0.005181130764130404,train
2023-11-03,174.24000549316406,176.82000732421875,173.35000610351562,176.64999389648438,79829200.0,14101827692.76123,-0.005181130764130404,0.05011290342770347,0.02180696961587536,0.03174530357259897,54.54765332568409,0.4805943843676981,0.1919565541964514,0.01915866361715089,150417500.0,0.009806483182988934,0.010931401793176787,0.011362019406200982,1,0.014605162299448304,train
2023-11-06,176.3800048828125,179.42999267578125,176.2100067138672,179.22999572753906,63841300.0,11442275926.24054,0.014605162299448304,0.052498695131102835,0.03601153599733564,-0.22348903283240418,59.164604843337436,0.7816994206830312,0.47777608679761596,0.018817361024905246,163127800.0,0.024484596945220982,0.011106222165095991,0.011686637801863275,1,0.014450770844278482,train
2023-11-07,179.17999267578125,182.44000244140625,178.97000122070312,181.82000732421875,70530000.0,12823765116.577148,0.014450770844278482,0.06470693198629718,0.04831644813683367,0.09963783339186705,63.20525440004229,1.104410338195025,0.7092140520340385,0.018587559628839134,188811800.0,0.03827136963794042,0.010329321162232582,0.012078724676192558,1,0.005884897273828127,train
2023-11-08,182.3500061035156,183.4499969482422,181.58999633789065,182.88999938964844,49340300.0,9023847436.88507,0.005884897273828127,0.05127319713948353,0.06890703019028455,-0.35729695378889303,64.75676148935727,1.3242250939134819,0.765431015916362,0.017885330653591065,181217200.0,0.043460884945858425,0.010033972458773341,0.01202650085752356,0,-0.0026245050529879466,train
2023-11-09,182.9600067138672,184.1199951171875,181.80999755859372,182.41000366210935,53763500.0,9807000231.887815,-0.0026245050529879466,0.027256834703247135,0.09299541212307982,0.0858536052527974,63.463946050514274,1.3660886993828727,0.690002556821745,0.01755606370211875,50118900.0,0.04021785433934766,0.009263314003072102,0.012010028987454414,1,0.021873746802647975,train
2023-11-10,183.97000122070312,186.57000732421875,183.52999877929688,186.3999938964844,66133400.0,12327265356.35376,0.021873746802647975,0.05519388812271031,0.10807271753570658,0.20707911250526934,69.0035910550905,1.5763718808977172,0.9292933127870241,0.017547220469056504,196081500.0,0.06068792926333333,0.009418115540973418,0.012621674019566266,0,-0.008583642151915205,train
2023-11-13,185.82000732421875,186.02999877929688,184.2100067138672,184.8000030517578,43627500.0,8062362133.140564,-0.008583642151915205,0.031077428203960533,0.08520764776380196,-0.4159862209754124,64.76308056658385,1.5208613943599003,0.7160719784385497,0.01728138902775116,88612700.0,0.04976739424173959,0.012351809710230968,0.012836211526620676,1,0.01428571074703422,train
2023-11-14,187.6999969482422,188.1100006103516,186.3000030517578,187.44000244140625,60108400.0,11266718642.749023,0.01428571074703422,0.03090966280276297,0.09761666423775806,0.3204619070739625,68.232094494516,1.5687864580079256,0.8102991786811364,0.017082345078271114,78191100.0,0.061661203219596894,0.012324436558759116,0.012876014398091691,1,0.003040930740533243,train
2023-11-15,187.8500061035156,189.5,187.77999877929688,188.00999450683597,53790500.0,10113151609.519958,0.003040930740533243,0.027994943049233445,0.08070353042258893,-0.11105272522551246,68.94300864414197,1.5433519964162012,0.7473332129880617,0.016596720264211596,82641300.0,0.06123205543911259,0.012406081348200202,0.012646015163630484,1,0.009042137421951812,train
2023-11-16,189.57000732421875,190.9600067138672,188.6499938964844,189.7100067138672,54412900.0,10322671624.320984,0.009042137421951812,0.040019751686865446,0.06836739814670634,0.011504386240737574,71.02563077571148,1.541868156235576,0.7553256934163869,0.016383860848219915,190817700.0,0.06653851792825449,0.011539750248634812,0.012633554127317159,0,-0.0001054465855937492,train
2023-11-17,190.25,190.3800048828125,188.57000732421875,189.69000244140625,50922700.0,9659527087.322998,-0.0001054465855937492,0.017650261012073454,0.07381833566642082,-0.06629246020840185,70.96532586150477,1.4421922240439664,0.6698960550016037,0.015896751686940724,73761600.0,0.06141063408027181,0.008750211185065767,0.011897003151567467,1,0.009278267089376957,train
2023-11-20,189.88999938964844,191.91000366210935,189.8800048828125,191.4499969482422,46505100.0,8903401253.077698,0.009278267089376957,0.035984814862918935,0.06818055856721483,-0.0907468107714422,73.12716937506926,1.3965048838378622,0.6894497132464695,0.015453835444891605,163894200.0,0.06575740663911378,0.0056688919081951785,0.011899048675458511,0,-0.004230856994020926,train
2023-11-21,191.41000366210935,191.5200042724609,189.7400054931641,190.63999938964844,38134500.0,7269961056.724548,-0.004230856994020926,0.017072113244570142,0.048509469311053266,-0.19844259506339768,70.52458442274019,1.2198577462640388,0.5784687519722059,0.015077886758159333,65651300.0,0.05619190706242505,0.005853090600402017,0.012072215797794559,1,0.0035144679557823633,train
2023-11-22,191.4900054931641,192.92999267578125,190.8300018310547,191.30999755859372,39617700.0,7579262090.2771,0.0035144679557823633,0.017552274603346962,0.04603859258048559,0.038156602899292125,71.4303294799192,1.0620572468962326,0.5603517919029392,0.014806866186918672,51478500.0,0.05400311482469089,0.005849556855345368,0.01128892594392701,0,-0.007004319455287122,train
2023-11-24,190.8699951171875,190.8999938964844,189.25,189.97000122070312,24048300.0,4568455580.355835,-0.007004319455287122,0.0013704838840056244,0.04144508199559982,-0.4992116637717636,66.99617592135073,0.793647821155345,0.4517626997329399,0.014620773675405456,-26982700.0,0.04000832649952546,0.006422378069180244,0.009319763648571703,0,-0.0009475597905649336,train
2023-11-27,189.9199981689453,190.6699981689453,188.8999938964844,189.7899932861328,40552600.0,7696477681.735229,-0.0009475597905649336,0.0005271276474227982,0.018186692600060006,0.5225355719719502,66.3998714921112,0.5422001948703254,0.41187904040486895,0.014255460817944602,-16612600.0,0.03292411532689954,0.00644635201059111,0.009459947333094269,1,0.003214082048213829,train
2023-11-28,189.77999877929688,191.0800018310547,189.3999938964844,190.3999938964844,38415400.0,7314291925.531006,0.003214082048213829,-0.00548447672235608,0.03030298026108902,-0.054141474641777876,67.45693193159775,0.36374591175990023,0.4254218578734856,0.0138250595303048,-24702300.0,0.03060414834875469,0.004598659870495091,0.009363647398853458,0,-0.0054096576277039565,train
2023-11-29,190.8999938964844,192.08999633789065,188.97000122070312,189.3699951171875,43014200.0,8145598843.969727,-0.0054096576277039565,-0.006661793309520436,0.010296589045257543,0.11307187008921105,63.80673315836687,0.13490733021675982,0.323376473586846,0.01408421243839606,-29582000.0,0.01989484735470648,0.004824553391245207,0.009669812375383838,1,0.0030627968844576525,train
2023-11-30,189.83999633789065,190.32000732421875,188.19000244140625,189.9499969482422,48794400.0,9268496131.091309,0.0030627968844576525,-0.007108884155074047,0.010318613361459894,0.12608525568506934,64.95666653466162,-0.011076060292512402,0.3490510248080599,0.0138392282190947,-20405300.0,0.018635193593774746,0.004714215968154405,0.009137617762731996,1,0.006791305952341897,train
2023-12-01,190.3300018310547,191.55999755859372,189.22999572753903,191.2400054931641,45704800.0,8740586203.063965,0.006791305952341897,0.006685288541876222,0.008064934506088361,-0.06541222558324478,67.43491590454627,-0.05213851732114794,0.4471118271490463,0.013634288417059775,49347800.0,0.021807753141272368,0.0046633607260251585,0.00832941621982749,0,-0.009464613916503661,train
2023-12-04,189.97999572753903,190.0500030517578,187.4499969482422,189.42999267578125,43389500.0,8219272667.205811,-0.009464613916503661,-0.0018968366251471691,-0.001370708852752034,-0.051985847688467146,60.9245463198849,-0.2230032909501074,0.21616435491950484,0.014210484119694519,46510900.0,0.008692839890132253,0.006782768740340328,0.008621055858176192,1,0.02106321938149014,train
2023-12-05,190.2100067138672,194.3999938964844,190.17999267578125,193.4199981689453,66628400.0,12887265005.999756,0.02106321938149014,0.015861367485667133,0.0102898994625511,0.4289134286890466,68.21042686204527,-0.09561673987338182,0.7329495963526873,0.01475862901395433,74723900.0,0.026062687237513593,0.011900936825075514,0.00916156483858262,0,-0.0056870585003612195,train
2023-12-06,194.4499969482422,194.75999450683597,192.1100006103516,192.32000732421875,41089700.0,7902371404.949951,-0.0056870585003612195,0.015578033918233425,0.008812462966581114,-0.4833734219282917,64.63251737874903,-0.1125835952963854,0.5428130907462502,0.014767045378759674,76648400.0,0.01739392341760726,0.01195169632572411,0.009041771333598268,1,0.010139334827264257,train
2023-12-07,193.6300048828125,195.0,193.58999633789065,194.2700042724609,47477700.0,9223492981.84662,0.010139334827264257,0.02274286598380848,0.015472305429101274,0.14450264202244867,67.85183829055019,-0.024239242318833565,0.815975292230936,0.014559989920171898,75331700.0,0.02462542304789772,0.012350663957627229,0.009166128526753288,1,0.007412376639404972,train
2023-12-08,194.1999969482422,195.9900054931641,193.6699981689453,195.7100067138672,53406400.0,10452166902.563477,0.007412376639404972,0.023373776889286324,0.03021532587398079,0.11767045951467381,70.0219285252932,0.0929895670520362,1.0404399561783853,0.014267249259168127,83033300.0,0.02861261140690985,0.012381693145818266,0.009112987978869138,0,-0.012927361664163084,train
2023-12-11,193.1100006103516,193.4900054931641,191.4199981689453,193.17999267578125,60943700.0,11773103519.63501,-0.012927361664163084,0.019796231563067757,0.01786184472085184,0.13201989588456442,62.09147521530177,-0.03139185286528967,0.5113971777711672,0.015007903403088519,65479100.0,0.01350957813136655,0.013424454154246953,0.008748127449200949,1,0.007920147510585007,train
2023-12-12,193.0800018310547,194.72000122070312,191.72000122070312,194.7100067138672,52696900.0,10260613752.799988,0.007920147510585007,0.0066694682924932636,0.02263662266568156,-0.14539385431668705,64.6955338649785,-0.041516548931877395,0.7980663655526133,0.014926940908564444,51547600.0,0.018888003923135388,0.010130801983823025,0.008489260711465895,1,0.016691489332522957,train
2023-12-13,195.08999633789065,198.0,194.8500061035156,197.9600067138672,70404200.0,13937215904.684448,0.016691489332522957,0.02932611883765346,0.045360996029830014,0.289696285414891,69.48988988796681,0.13036351979020822,1.2310267480344939,0.014820278927895423,163041500.0,0.03305130958880742,0.011127129992483333,0.00867777130320929,1,0.000757697976345284,train
2023-12-14,198.0200042724609,199.6199951171875,196.16000366210935,198.1100006103516,66831600.0,13240008316.790771,0.000757697976345284,0.019766285342255552,0.04295869330460089,-0.052076897135993505,69.69443912696839,0.20917813966451604,1.0651966612666486,0.01499876837391678,182395400.0,0.03111671099540736,0.011012829164626085,0.008689026463191953,0,-0.002725724519050954,train
2023-12-15,197.52999877929688,198.3999938964844,197.0,197.57000732421875,128538400.0,25395332629.44336,-0.002725724519050954,0.009503860541331122,0.03309977854649726,0.6540516626152026,67.92877801695846,0.1810194172181352,0.8429801597244173,0.01447164135851349,450600.0,0.026207090746177997,0.011153181330769405,0.008632037252634044,0,-0.008503355126233125,train
2023-12-18,196.08999633789065,196.6300048828125,194.38999938964844,195.88999938964844,55751900.0,10921239656.97174,-0.008503355126233125,0.014028402612145552,0.03410234368178333,-0.8353161917446918,62.61396391393047,0.014122351534419764,0.5092232307681326,0.01471274615484794,5642400.0,0.015845189868223253,0.009768007962591132,0.008941971075473232,1,0.005360166700849378,train
2023-12-19,196.16000366210935,196.9499969482422,195.88999938964844,196.94000244140625,40714100.0,8018234953.399658,0.005360166700849378,0.011452907660858491,0.01819876075785265,-0.3143370140526507,64.48429555777801,-0.0567934642664043,0.6151660596146142,0.013973449106978713,-6340400.0,0.019838547332373002,0.009497728427201107,0.008807902296689235,0,-0.010713925988598105,train
2023-12-20,196.8999938964844,197.67999267578125,194.8300018310547,194.8300018310547,52242800.0,10178464819.659424,-0.010713925988598105,-0.015811299134459222,0.01305113566579963,0.24932760708715307,58.18493512486195,-0.26536717543726684,0.24571554683049399,0.01416073162606295,-128987400.0,0.007818710098617121,0.006590586253706721,0.009141024919599422,0,-0.0007699489496669765,train
2023-12-21,196.1000061035156,197.0800018310547,193.5,194.67999267578125,46482500.0,9049212759.552002,-0.0007699489496669765,-0.017313653646978566,0.002110405076973798,-0.11682618226253894,57.75298184249687,-0.4236015087213709,0.19563326076779491,0.01447289438615224,-242301500.0,0.006165749633978201,0.006395803147989681,0.009132332667189774,0,-0.005547496470601709,train
2023-12-22,195.17999267578125,195.41000366210935,192.97000122070312,193.6000061035156,37149600.0,7192162786.743164,-0.005547496470601709,-0.020094149281415286,-0.010781260732551368,-0.22412288832172322,54.60971392875697,-0.6003727025927521,-0.01168819864516557,0.014414322557529804,-150912700.0,-0.0003536683306771815,0.00643800456523924,0.009071466491699062,0,-0.0028409247645565516,train
2023-12-26,193.6100006103516,193.88999938964844,192.8300018310547,193.0500030517578,28919300.0,5582870953.2547,-0.0028409247645565516,-0.014497913863594114,-0.0006728938241632454,-0.25044380398984956,53.026883051572966,-0.7443051225055131,-0.14025117076657825,0.013815060911257719,-124080100.0,-0.004031841838204153,0.005933751106564078,0.009102530783242361,1,0.0005179530854488856,train
2023-12-27,192.4900054931641,193.5,191.08999633789065,193.1499938964844,48087700.0,9288138961.495972,0.0005179530854488856,-0.019244483080827934,-0.00801198070767506,0.5085172210761222,53.291938221516034,-0.816932145903881,-0.15336236627273633,0.013712870455191819,-116706500.0,-0.004222360822313864,0.004460290299094283,0.00908626769594521,1,0.002226290179438095,train
2023-12-28,194.13999938964844,194.66000366210935,193.1699981689453,193.5800018310547,34049900.0,6591379704.347229,0.002226290179438095,-0.006415849654838768,-0.02212570587120355,-0.34519932284779387,54.48146998749509,-0.8181362263025029,-0.12284945343684757,0.01326226897962317,-30413800.0,-0.003087347055549916,0.003018063556615085,0.008973267560774963,0,-0.005424129774904141,train
2023-12-29,193.8999938964844,194.3999938964844,191.72999572753903,192.52999877929688,42672100.0,8215659360.910034,-0.005424129774904141,-0.011043733189701532,-0.028166179465264007,0.22571820922618713,51.061837659203846,-0.8670968154573333,-0.39282543216702814,0.013372694827208651,-26603400.0,-0.009152984259056751,0.0034996396427923143,0.009077526911486304,0,-0.03578662771169838,train
2024-01-02,187.1499938964844,188.44000244140625,183.88999938964844,185.63999938964844,82488700.0,15313202217.652891,-0.03578662771169838,-0.04111573586217265,-0.06038369940935817,0.6591159920568366,35.37237366575643,-1.3141422980660105,-1.434592987639655,0.0162027824483482,-71942500.0,-0.0432333481456848,0.01566954450956886,0.01207504418276798,0,-0.007487607165581278,train
2024-01-03,184.22000122070312,185.8800048828125,183.42999267578125,184.25,58414500.0,10762871625.0,-0.007487607165581278,-0.045584060671568505,-0.059421100749993405,-0.34509716257916523,33.15881623755217,-1.6332724696815213,-1.348090343623524,0.016108746275137358,-101437700.0,-0.04912796607256187,0.015403218468252567,0.0120136161494046,0,-0.012700115809447188,train
2024-01-04,182.1499938964844,183.08999633789065,180.8800048828125,181.91000366210935,71983600.0,13094536939.611816,-0.012700115809447188,-0.05819306543907499,-0.07631765305663907,0.20887416537886594,29.7801959037089,-1.9124024990994308,-1.27065668056301,0.016473793472481128,-221509000.0,-0.0584076006735591,0.014423486548289788,0.01103574207554325,0,-0.004013033761925855,train
2024-01-05,181.9900054931641,182.75999450683597,180.1699981689453,181.17999267578125,62379700.0,11301953589.117432,-0.004013033761925855,-0.064056250841941,-0.0700611252219252,-0.1431984112198137,28.794487128602015,-2.0447245008847537,-1.097720430207356,0.01637981163927884,-317938600.0,-0.05947459885746609,0.013113278678507265,0.011020662805546647,1,0.024174881663950654,train
2024-01-08,182.08999633789065,185.6000061035156,181.5,185.55999755859372,59144500.0,10974853275.604248,0.024174881663950654,-0.036202156884097225,-0.04684608311227911,-0.053256298895494325,41.340109294821026,-1.7473239215263099,-0.6091474662498417,0.016552227227366628,-216122000.0,-0.034554897433455856,0.02145962603305709,0.01227192450169306,0,-0.002263409002323691,train
2024-01-09,183.9199981689453,185.1499938964844,182.72999572753903,185.13999938964844,42841800.0,7931730825.85144,-0.002263409002323691,-0.002693385055181574,-0.043698380408850324,-0.3224693342244471,40.601394126123296,-1.498514259634266,-0.5808727309794703,0.01649663117590929,-176475100.0,-0.03408409601040896,0.014334934618582117,0.012061161527270395,1,0.005671400319862574,train
2024-01-10,184.3500061035156,186.3999938964844,183.9199981689453,186.19000244140625,46792900.0,8712370165.240479,0.005671400319862574,0.010529185570725907,-0.0355348381347208,0.08821721853834319,43.32787671307749,-1.195975996232178,-0.44597861404857764,0.01618332152651536,-71267700.0,-0.02683150977511839,0.01392371995473185,0.011947800516808788,0,-0.0032225473744457167,train
2024-01-11,186.5399932861328,187.0500030517578,183.6199951171875,185.58999633789065,49128400.0,9117739576.086426,-0.0032225473744457167,0.020229743288976865,-0.0391405529251293,0.04870579596157398,42.13760499525748,-0.9781951003387006,-0.4510262503964667,0.016396070271683584,-48412500.0,-0.0276500921259355,0.011889065352612608,0.011729829398752669,1,0.0017781229460980263,train
2024-01-12,186.05999755859372,186.7400054931641,185.19000244140625,185.9199981689453,40477800.0,7525632501.882935,0.0017781229460980263,0.026161859392754394,-0.0395702220769405,-0.19368359896406773,43.0640311079339,-0.7633744765867776,-0.38043193402089903,0.015793394062894178,54445000.0,-0.022839146938211985,0.01116485042001112,0.010901785923050468,0,-0.012317089655153213,train
2024-01-16,182.16000366210935,184.25999450683597,180.92999267578125,183.6300048828125,65603000.0,12046679210.327148,-0.012317089655153213,-0.010400909146228043,-0.04622653068567628,0.4828677414737754,38.46200720798222,-0.7271326288802027,-0.5282323946506267,0.01678919787607702,-70302500.0,-0.031188395184615803,0.0067287804528745184,0.01105082232689911,0,-0.005173512943255187,train
2024-01-17,181.2700042724609,182.92999267578125,180.3000030517578,182.67999267578125,47317400.0,8643942285.437012,-0.005173512943255187,-0.01328727839460464,-0.015944875692734173,-0.32674332817532203,36.70937480243044,-0.7175486115234353,-0.5587715571696634,0.016973087176237918,-74778100.0,-0.03239991474501036,0.006873908812372856,0.011052676592580548,1,0.032570683411353496,train
2024-01-18,186.08999633789065,189.13999938964844,185.8300018310547,188.6300048828125,78005800.0,14714234434.887695,0.032570683411353496,0.013104905791996524,0.023772075347693322,0.4999050820394366,51.58858878519791,-0.2831967389875061,0.01882738918044773,0.017709790987937065,-43565200.0,0.0010401798476091795,0.017433342044871594,0.013652980317228726,1,0.015533014896551123,train
2024-01-19,189.3300018310547,191.9499969482422,188.82000732421875,191.55999755859372,68903000.0,13199058511.779783,0.015533014896551123,0.03216768866051334,0.05304817603329193,-0.12408346276984972,56.955139851579055,0.2025368246479673,0.34974970135655326,0.017431228614715896,74466200.0,0.018042665638974498,0.017846031879795728,0.014115360856804033,1,0.012163300588589943,train
2024-01-22,192.3000030517578,195.3300018310547,192.25999450683597,193.88999938964844,60133900.0,11659361834.29718,0.012163300588589943,0.04286790716005062,0.07015127071238791,-0.13612597390027403,60.68725711270681,0.656260844378644,0.6029901523503669,0.017380489623127014,94122300.0,0.030682870031273568,0.017766413316736254,0.01423784795015028,1,0.006653222395139657,train
2024-01-23,195.0200042724609,195.75,193.8300018310547,195.17999267578125,42355600.0,8266965697.77832,0.006653222395139657,0.06289815109649233,0.051843043995243976,-0.35047309167804386,62.61964062314483,0.998270272360498,0.7291488964740688,0.01673500668847648,202080900.0,0.03740236647442341,0.013771068013309157,0.014317247747047653,0,-0.0034839261261312426,train
2024-01-24,195.4199981689453,196.3800048828125,194.33999633789065,194.5,53631300.0,10431287850.0,-0.0034839261261312426,0.06470334901532859,0.05055633920929403,0.2360322041401126,60.919755409695654,1.1243352974238503,0.6459361555718514,0.016343154176437644,195767000.0,0.0335409328565035,0.013244246406402765,0.014280842938512894,0,-0.0016966675118492702,train
2024-01-25,195.22000122070312,196.2700042724609,193.1100006103516,194.1699981689453,54822100.0,10644807056.617737,-0.0016966675118492702,0.029369629129652797,0.042859421144539445,0.02196054405795067,60.067547184408085,1.1282150278453251,0.5981273693318208,0.01636403645432947,62939100.0,0.03148041632685916,0.008341713874859248,0.014269763633989177,0,-0.009012720896651283,train
2024-01-26,194.2700042724609,194.75999450683597,191.94000244140625,192.4199981689453,44594000.0,8580777398.345947,-0.009012720896651283,0.004489458244477884,0.036801562400053944,-0.2064940723161932,55.6237501134767,0.9621156047978701,0.42838846594897745,0.01638018640555264,-50557900.0,0.022382207196670167,0.008428849239870395,0.014423434837856677,0,-0.003585918553020928,train
2024-01-29,192.00999450683597,192.1999969482422,189.5800018310547,191.72999572753903,47145600.0,9039225686.572266,-0.003585918553020928,-0.011140356227288373,0.031249987176281024,0.05564136348906601,53.92964957475883,0.763637459384447,0.37479468983322123,0.016322945962090742,-157837400.0,0.019216953072431764,0.005670364123694817,0.014432848224532842,0,-0.01924582758897031,train
2024-01-30,190.94000244140625,191.8000030517578,187.47000122070312,188.0399932861328,55859400.0,10503801200.967407,-0.01924582758897031,-0.03658161521457215,0.024015619920800146,0.16959713048108682,45.88179650085186,0.3620760347334162,0.01588131543564793,0.01709924260519263,-256052400.0,0.0007956492499261447,0.007164761470048809,0.015006538821781133,0,-0.01935758093816553,train
2024-01-31,187.0399932861328,187.1000061035156,184.3500061035156,184.3999938964844,55467800.0,10228261981.451416,-0.01935758093816553,-0.05192805194609562,0.009415378200478663,-0.007035146991832164,39.60345597323953,-0.1433577081145046,-0.36086559702924514,0.017620633610592462,-257888900.0,-0.018253375904094593,0.00840282139771539,0.013366290174226069,1,0.013340600842146166,train
2024-02-01,183.9900054931641,186.9499969482422,183.82000732421875,186.8600006103516,64885400.0,12124485883.602903,0.013340600842146166,-0.03764741014331863,-0.009383471487267037,0.1568199621039632,45.0736743651849,-0.29778605566236593,-0.11757179066849488,0.017343072341790996,-138181400.0,-0.005847006573889146,0.013513692724373527,0.013582417505697386,0,-0.0054050867148506265,train
2024-02-02,179.86000061035156,187.3300018310547,179.25,185.8500061035156,102551700.0,19059234070.925903,-0.0054050867148506265,-0.03414401895826469,-0.029807848861198583,0.4577444190765405,43.3381514103133,-0.44488428907439626,-0.25821597779674305,0.019297223102718683,-196139100.0,-0.012255746020099156,0.013513867729979291,0.01329599237071944,1,0.009846577950857638,train
2024-02-05,188.1499938964844,189.25,185.83999633789065,187.67999267578125,69668800.0,13075439873.730469,0.009846577950857638,-0.02112347124605951,-0.032028504478909925,-0.38661447222049006,47.297741265562905,-0.3974220774499612,-0.09706840828533138,0.019041934228141606,-79324700.0,-0.00424979473645315,0.01551252772918637,0.013373391500697319,1,0.0086317691773099,train
2024-02-06,186.8600006103516,189.30999755859372,186.7700042724609,189.3000030517578,43490800.0,8232808572.723389,0.0086317691773099,0.006700754151313326,-0.0301259854732695,-0.4712031547239839,50.58953760713137,-0.24299558069954047,0.07777314011340276,0.01848889272142341,20025500.0,0.0033498237757771943,0.013632744139493424,0.01242570881463252,1,0.0005810914346444651,train
2024-02-07,190.63999938964844,191.0500030517578,188.6100006103516,189.41000366210935,53439000.0,10121881185.699465,0.0005810914346444651,0.02716925125516756,-0.026169646981442973,0.20599139072431072,50.81418716305384,-0.12543269391472756,0.06657752566509208,0.01807843843898389,128932300.0,0.0027980768229498576,0.0076361198066227315,0.012401787787462072,0,-0.005754692554861274,train
2024-02-08,189.38999938964844,189.5399932861328,187.3500061035156,188.32000732421875,40962000.0,7713964140.014648,-0.005754692554861274,0.007813372091931114,-0.030128191275134775,-0.26589600311431383,48.46287418548518,-0.11343315982156463,-0.08528947194057966,0.017714933376424474,23084900.0,-0.0035345717286339173,0.0074439695246337695,0.012448707961021809,1,0.0028143519471321987,train
2024-02-09,188.6499938964844,189.9900054931641,188.0,188.8500061035156,45155200.0,8527559795.605469,0.0028143519471321987,0.01614204951023268,-0.018553123892534606,0.09746063495008173,49.68209542310484,-0.06458488460766323,-0.03933998047180048,0.0171560940310682,170791800.0,-0.0015912860521071215,0.006341770321335322,0.0124232311012984,0,-0.009001917670573678,train
2024-02-12,188.4199981689453,188.6699981689453,186.7899932861328,187.1499938964844,41781900.0,7819482329.98352,-0.009001917670573678,-0.002823949275256088,-0.02388776890999944,-0.07764221169448504,45.928827741566955,-0.1373681290617083,-0.2730751800421426,0.016861602332136117,59341100.0,-0.010900470893268399,0.006989756238465102,0.012617472204958156,0,-0.01127438246948953,train
2024-02-13,185.7700042724609,186.2100067138672,183.50999450683597,185.0399932861328,56529500.0,10460218300.468445,-0.01127438246948953,-0.02250401319042894,-0.01595405289892249,0.30229938814416357,41.71640689044095,-0.30842364804597855,-0.5778807312836876,0.017240841774080286,-40679200.0,-0.022416199031046746,0.0060631537547147715,0.01256417960550842,0,-0.004809767736384307,train
2024-02-14,185.32000732421875,185.52999877929688,182.44000244140625,184.1499938964844,54630500.0,10060206241.56189,-0.004809767736384307,-0.02777049608746296,-0.0013557484179763657,-0.034170290325970853,40.04793707539829,-0.45354672425288917,-0.7363474323117322,0.017285282190180638,-148748700.0,-0.02749578101105432,0.005367057766434926,0.012555860527978418,0,-0.0015747667431138535,train
2024-02-15,183.5500030517578,184.4900054931641,181.3500061035156,183.8600006103516,65434500.0,12030787209.93805,-0.0015747667431138535,-0.023683127338608556,-0.01605480033287454,0.1804573044392228,39.493666490107586,-0.5354835437322558,-0.6994742309172552,0.017295807046326883,-173221200.0,-0.02780273657643495,0.0056557406124735695,0.010029265099757536,0,-0.008430343993323208,train
2024-02-16,183.4199981689453,184.8500061035156,181.6699981689453,182.30999755859372,49752500.0,9070378153.533936,-0.008430343993323208,-0.034630703381269945,-0.019047664399591935,-0.2739889238922544,36.57953492888135,-0.652711582461007,-0.7876695145115193,0.017442856654672212,-268128900.0,-0.03363538829422952,0.0038259807352751057,0.009327878215787759,0,-0.004113872031395016,train
2024-02-20,181.7899932861328,182.42999267578125,180.0,181.55999755859372,53665600.0,9743526204.980469,-0.004113872031395016,-0.0298690703724126,-0.032608670908037984,0.07571148527851435,35.22513248466777,-0.7333721986738151,-0.7811248676340538,0.017219843211223603,-280012600.0,-0.03445562308441519,0.0038168786558028574,0.008674816069650588,1,0.004185997884141646,train
2024-02-21,181.94000244140625,182.88999938964844,180.66000366210935,182.32000732421875,41371400.0,7542833951.013184,0.004185997884141646,-0.014699449095353478,-0.03687266568944858,-0.260182373956777,37.74081356322815,-0.6888479009243687,-0.6383952261903999,0.016796858346887572,-182111700.0,-0.027086980748973644,0.0046813787026987914,0.00854320836956927,1,0.011243899246467626,train
2024-02-22,183.47999572753903,184.9600067138672,182.4600067138672,184.3699951171875,52292200.0,9641112658.666992,0.011243899246467626,0.0011946849198745113,-0.026608988160481628,0.23425739447286276,44.05251443630139,-0.48430075381208715,-0.3463181941732335,0.016446448481968197,-75189000.0,-0.013481248539862434,0.007649815071116359,0.009146099166799404,0,-0.010034121026855414,train
2024-02-23,185.00999450683597,185.0399932861328,182.22999572753903,182.5200042724609,45119700.0,8235247836.772156,-0.010034121026855414,-0.007288134088123344,-0.03079865561906192,-0.1475282590976299,40.101516928419805,-0.43796079054130344,-0.5717015216181631,0.016526176275082093,-54874200.0,-0.020326638023318355,0.008977834338080375,0.009290146608478012,0,-0.007451241390074692,train
2024-02-26,182.2400054931641,182.75999450683597,180.6499938964844,181.16000366210935,40867400.0,7403538333.660889,-0.007451241390074692,-0.00630790363602951,-0.04072015987752242,-0.09898627671734062,37.44287728896918,-0.4609430092844431,-0.7234143783294036,0.016292878714705174,-45989100.0,-0.024679105822504765,0.008795797719482823,0.009243825452491033,1,0.008114380608232441,train
2024-02-27,181.1000061035156,183.9199981689453,179.55999755859375,182.6300048828125,54318900.0,9920260972.229004,0.008114380608232441,0.005893409003122851,-0.02415169201753742,0.28453954740955467,41.92468791880647,-0.34451557502224617,-0.46081451144165625,0.01671256992943599,61995400.0,-0.014350528401730456,0.009469074839512235,0.009567355623079352,0,-0.006625454095802064,train
2024-02-28,182.50999450683597,183.1199951171875,180.1300048828125,181.4199981689453,48953900.0,8881216448.362732,-0.006625454095802064,-0.004936425620436502,-0.01956331197866934,-0.10399319172099197,39.4211141123716,-0.31705881427464244,-0.6011922907968283,0.01679953703586442,-28329900.0,-0.019128677919622805,0.009846983637047287,0.00878058694552327,0,-0.003693077806788292,train
2024-02-29,181.2700042724609,182.57000732421875,179.52999877929688,180.75,136682600.0,24705379950.0,-0.003693077806788292,-0.01963440480044809,-0.01846317680789944,1.026782397550754,38.06563099423125,-0.3116217518554525,-0.6477474286751849,0.016858741064072452,-217304700.0,-0.02178589952479415,0.007107176501874234,0.007767923379050217,0,-0.00603040850838521,train
2024-03-01,179.5500030517578,180.52999877929688,177.3800048828125,179.66000366210938,73563100.0,13216346815.396118,-0.00603040850838521,-0.01566951864674626,-0.022843451181875807,-0.6195179020061161,35.90276683514776,-0.3463642824951856,-0.7227220822252598,0.01708935173435883,-245748100.0,-0.025786861528633742,0.006443147358567757,0.007065502547227154,0,-0.025381261636673647,train
2024-03-04,176.14999389648438,176.89999389648438,173.7899932861328,175.10000610351562,81510100.0,14272419007.498169,-0.025381261636673647,-0.033451078803776846,-0.03954797625819084,0.10258339630670932,28.585267037896244,-0.625127279878323,-1.1127613352175032,0.018676494132903038,-286390800.0,-0.047738144349838585,0.012020276797517649,0.008784186052532336,0,-0.028440952671264008,train
2024-03-05,170.75999450683594,172.0399932861328,169.6199951171875,170.1199951171875,95132400.0,16183923423.486328,-0.028440952671264008,-0.06849920293027567,-0.0630094877464088,0.15454266482893075,23.058037345066467,-1.0676038456062846,-1.2821977018077984,0.020151035168648617,-435842100.0,-0.07038254421887624,0.01185537148976999,0.009946555999089054,0,-0.005878203789690617,train
2024-03-06,171.05999755859375,171.24000549316406,168.67999267578125,169.1199951171875,68587700.0,11599551489.09912,-0.005878203789690617,-0.0677984961740743,-0.07240023956097008,-0.32715638310234496,22.13258965909168,-1.3330692633463395,-1.1116441927842804,0.01990354956600348,-455475900.0,-0.07072330622461431,0.011976210383432244,0.009426872910440243,0,-0.0007095264939214196,train
2024-03-07,169.14999389648438,170.72999572753906,168.49000549316406,169.0,71765100.0,12128301900.0,-0.0007095264939214196,-0.06500691562932226,-0.08336494833347563,0.04528506644968289,22.01839038046859,-1.4144731966720379,-0.9515202989900535,0.01944173157430207,-390558400.0,-0.06614614078534198,0.012665451645384256,0.009386826562141482,1,0.010236661109698675,train
2024-03-08,169.0,173.6999969482422,168.94000244140625,170.72999572753906,76267000.0,13021064584.152222,0.010236661109698675,-0.04970504148138155,-0.06459570605379805,0.06084205517554864,27.802289304811765,-1.2549576644035736,-0.7210518322481159,0.019861552477841157,-240728300.0,-0.05197929877869567,0.0165035639663214,0.010035409223888472,1,0.01183157220764297,train
2024-03-11,172.94000244140625,174.3800048828125,172.0500030517578,172.75,60139500.0,10389098625.0,0.01183157220764297,-0.013420936731014965,-0.046423070722582116,-0.2375734743495066,33.96140374493888,-0.93143257608169,-0.5148647876928683,0.019736417267383465,-99078700.0,-0.03645571502339351,0.016241345211418453,0.010585030965206299,1,0.002778557033511264,train
2024-03-12,173.14999389648438,174.02999877929688,171.00999450683594,173.22999572753906,59825400.0,10363553786.398315,0.002778557033511264,0.01828121737370858,-0.051470234375261104,-0.005236543564294038,35.372262591211836,-0.6182260194941018,-0.43238702883725144,0.019521142213215215,55879100.0,-0.03001289926887163,0.007430911173921519,0.01064260927919913,0,-0.012122559005482425,train
2024-03-13,172.77000427246094,173.19000244140625,170.75999450683594,171.1300048828125,52488700.0,8982391487.29248,-0.012122559005482425,0.011885110120966047,-0.05671917864617315,-0.1308324092683648,32.13736382091554,-0.49114537751029186,-0.5416306985198363,0.0193801770852492,71978100.0,-0.03802531887062477,0.00963178266108424,0.010675587896481337,1,0.010927336316434166,train
2024-03-14,172.91000366210938,174.30999755859375,172.0500030517578,173.0,72913500.0,12614035500.0,0.010927336316434166,0.023668639053254337,-0.04287690179806358,0.3286758933830036,37.609119805347554,-0.2329119810434115,-0.35233512823934016,0.0191143187719865,216656700.0,-0.02445626275363344,0.010086866411448583,0.0111692970781279,0,-0.002196560016257232,train
2024-03-15,171.1699981689453,172.6199951171875,170.2899932861328,172.6199951171875,121752700.0,21016950479.504395,-0.002196560016257232,0.011070107403180707,-0.039185174225879305,0.5127181257515296,36.957001913751604,-0.049070490342578044,-0.344259912969174,0.018909458813208043,18637000.0,-0.02350448243706693,0.00992124251306695,0.01116581496918754,1,0.006372414173507979,train
2024-03-18,175.57000732421875,177.7100067138672,173.52000427246094,173.72000122070312,75604200.0,13133961716.290283,0.006372414173507979,0.005615057717528904,-0.007881238347854036,-0.476480096096882,40.189942811322034,0.1730690054539603,-0.2219339818901103,0.01954046339215668,34101700.0,-0.014888380818768754,0.008844240821947742,0.01128314756546432,1,0.013585082856137465,train
2024-03-19,174.33999633789062,176.61000061035156,173.02999877929688,176.0800018310547,55215200.0,9722292517.10205,0.013585082856137465,0.016452151323713027,0.035034134052035704,-0.31427355461706696,46.52581991746378,0.48758347602877716,0.0007371653521632572,0.019353785029258726,29491500.0,4.828398864686889e-05,0.010505540825090807,0.011818825073428872,1,0.014709202129471022,train
2024-03-20,175.72000122070312,178.6699981689453,175.08999633789062,178.6699981689453,53423100.0,9545105179.179382,0.014709202129471022,0.04406003080112164,0.05646879924009207,-0.03299504039089385,52.47584320330586,0.8570759115855848,0.2489846921345799,0.01914206992373148,135403300.0,0.01581109808427761,0.006875429905139824,0.012307740079525604,0,-0.04085746418856029,train
2024-03-21,177.0500030517578,177.49000549316406,170.83999633789062,171.3699951171875,106181300.0,18196288862.53662,-0.04085746418856029,-0.009421993542268803,0.014023639746671535,0.6869047644420547,39.22722254202817,0.6085479608871105,-0.36879050832774396,0.021795563524989306,-43691500.0,-0.02207844613998544,0.022921663210991778,0.014845775583005476,1,0.005310169154682409,train
2024-03-22,171.75999450683594,173.0500030517578,170.05999755859375,172.27999877929688,71160100.0,12259461941.134644,0.005310169154682409,-0.001969623146263033,0.00907868031714476,-0.4002157377254285,41.21949767638103,0.5082414954838916,-0.24751640112538684,0.02137151267517117,149221300.0,-0.014004709573855578,0.023124110536647542,0.014889106261968916,0,-0.0083003986876804,train
2024-03-25,170.57000732421875,171.94000244140625,169.4499969482422,170.85000610351562,54288300.0,9275156386.349487,-0.0083003986876804,-0.016520809906864442,-0.010998517490502846,-0.2706235296034407,39.05294441880093,0.35560413140037017,-0.3543930999449174,0.021194236518540303,19328800.0,-0.019295475252685823,0.02301608292899512,0.014904342624752508,0,-0.006672515943357493,train
2024-03-26,170.0,171.4199981689453,169.5800018310547,169.7100067138672,57388400.0,9739385749.298096,-0.006672515943357493,-0.03617670973958409,-0.020319743118900835,0.055533457205363845,37.36675058574565,0.19586447698560594,-0.44524048390633125,0.020586990876878056,-93274800.0,-0.022213476565182022,0.021040581853316996,0.014698802978409541,1,0.021212602099510702,train
2024-03-27,170.41000366210938,173.60000610351562,170.11000061035156,173.30999755859375,60273300.0,10445965475.848389,0.021212602099510702,-0.029999444032474343,0.012738810340559903,0.04904702646062731,45.38608757356225,0.3420957497410888,0.019692970122891142,0.0203226418240654,-86424600.0,0.0008662376490748969,0.022853537359401495,0.015678445956131527,0,-0.010559124440792766,train
2024-03-28,171.75,172.22999572753906,170.50999450683594,171.47999572753906,65672700.0,11261554315.415956,-0.010559124440792766,0.0006418895575992511,-0.008786151863936054,0.08579409305307095,42.41325829901466,0.3251288345235577,-0.18664823760568533,0.0202387306000678,-45916000.0,-0.007044172341823196,0.013256038912294122,0.015788429448740506,0,-0.008455779008450959,train
2024-04-01,171.19000244140625,171.25,169.47999572753906,170.02999877929688,46240500.0,7862272158.554077,-0.008455779008450959,-0.013060134757038266,-0.015004034359590523,-0.3508272701684412,40.168189145308126,0.23027187997077236,-0.3969144699854893,0.019793560387269715,-163316600.0,-0.012687632425139928,0.013358028055684416,0.015826167574540317,0,-0.006998779332762939,train
2024-04-02,169.0800018310547,169.33999633789062,168.22999572753906,168.83999633789062,49329500.0,8328792599.349976,-0.006998779332762939,-0.01176476262112136,-0.02809120912112295,0.06466624056562154,38.37296417136348,0.10763492188283497,-0.5524968398793066,0.01927077692746803,-158357800.0,-0.017812489575723123,0.01323014070866766,0.014944589453662546,1,0.004797427008780275,train
2024-04-03,168.7899932861328,170.67999267578125,168.5800018310547,169.64999389648438,47691700.0,8090896613.912964,0.004797427008780275,-0.00035361979263837107,-0.036517536731625944,-0.03376490011718758,40.32788249816325,0.10140483363411557,-0.39874975133925594,0.018693025648704103,-53277700.0,-0.012965583007086057,0.013275616848300194,0.013603659645890663,0,-0.00489234660846527,train
2024-04-04,170.2899932861328,171.9199981689453,168.82000732421875,168.82000732421875,53704400.0,9066377201.342772,-0.00489234660846527,-0.02590727769675838,-0.05512951780193498,0.11873755393498087,38.96395158230963,0.06357182968810848,-0.5404664482881703,0.01875476875427478,-167255400.0,-0.017708775488644024,0.005970694208412773,0.013583198460620304,1,0.004501803541427263,train
2024-04-05,169.58999633789062,170.38999938964844,168.9499969482422,169.5800018310547,42104800.0,7140132061.096191,0.004501803541427263,-0.01107997401343086,-0.01044519657544929,-0.243333181272682,40.933875711096775,0.10923798393963047,-0.416094235263973,0.017998388533028774,-59477900.0,-0.01345316239707961,0.006389238711080178,0.013618813104655167,0,-0.0066635503633162285,train
2024-04-08,169.02999877929688,169.1999969482422,168.24000549316406,168.4499969482422,37425500.0,6304325360.786438,-0.0066635503633162285,-0.009292488633759088,-0.022231262237012217,-0.11780945520160913,38.92238916685737,0.08398157651012772,-0.5733318340958955,0.01739310730866982,-50662900.0,-0.019376712817474773,0.005988943077422081,0.013490937699811432,1,0.007242512572309456,train
2024-04-09,168.6999969482422,170.0800018310547,168.35000610351562,169.6699981689453,42373800.0,7189562568.411255,0.007242512572309456,0.004915907658477048,-0.006906689449313608,0.12417795332541459,42.223428222838535,0.1653767525119756,-0.3323368900934086,0.01676291435774861,41040400.0,-0.01138824205363509,0.006306777223834136,0.013306412320063665,0,-0.01113926687125033,train
2024-04-10,168.8000030517578,169.08999633789062,167.11000061035156,167.77999877929688,49709300.0,8340226293.319702,-0.01113926687125033,-0.01102266539619512,-0.011372387356181846,0.15966178813563303,38.731103819699754,0.11050230470348277,-0.5823944911156652,0.016830767022818587,-56360600.0,-0.02084598307581842,0.0077646190424639,0.013471545458585614,1,0.04327091762818491,train
2024-04-11,168.33999633789062,175.4600067138672,168.16000366210938,175.0399932861328,91070300.0,15940944700.5661,0.04327091762818491,0.036843891079619384,0.009982088465232186,0.6054396882734636,54.35029052488607,0.5567726832166917,0.5453831358070498,0.018114336541146733,88414100.0,0.020358759062645282,0.021427936889029008,0.01652342735315913,1,0.00862665575607413,train
2024-04-12,174.25999450683594,178.36000061035156,174.2100067138672,176.5500030517578,101670900.0,17949997705.274963,0.00862665575607413,0.04110155174810681,0.029566173609395063,0.11010938952817995,56.81614754432798,0.9255371086712438,0.704032840215472,0.018355595993581206,147980200.0,0.02809727084660807,0.021365730171664012,0.016460468583634185,0,-0.021863497839872292,train
2024-04-15,175.36000061035156,176.6300048828125,172.5,172.69000244140625,73531800.0,12698206721.520996,-0.021863497839872292,0.02517070685650924,0.01564431971538216,-0.324023156940104,49.461093219988754,0.8815800605928141,0.1402464037685839,0.019133728936953236,111873900.0,0.005598970702918038,0.0248229197624118,0.017239589165354445,0,-0.019167279586534414,train
2024-04-16,171.75,173.75999450683594,168.27000427246094,169.3800048828125,73711200.0,12485203415.917969,-0.019167279586534414,-0.0017091606604725529,0.003198344922024088,0.0024367893391961104,44.1795550470508,0.6143321003157924,-0.30996754105005936,0.020429396663755966,-4211100.0,-0.0124277083823493,0.027001190088636152,0.01769517875376472,0,-0.008147389556206863,train
2024-04-17,169.61000061035156,170.64999389648438,168.0,168.0,50901200.0,8551401600.0,-0.008147389556206863,0.0013112481958741373,-0.009725870650435509,-0.37026825008843645,42.15831635467929,0.3429067384508815,-0.46696690430113175,0.020252678946880553,-5403000.0,-0.01816109580448866,0.026725874956708966,0.017409896004452127,0,-0.0057143256777808515,train
2024-04-18,168.02999877929688,168.63999938964844,166.5500030517578,167.0399932861328,43122900.0,7203248926.478577,-0.0057143256777808515,-0.04570384087551138,-0.010543857131029677,-0.1658323168597704,40.76123427316158,0.10911337630847395,-0.6206836326125973,0.01980785142125912,-139596200.0,-0.020442666665378195,0.012152615723756605,0.016958873294712577,0,-0.012212603975853775,train
2024-04-19,166.2100067138672,166.39999389648438,164.0800018310547,165.0,68149400.0,11244651000.0,-0.012212603975853775,-0.06542057690235092,-0.02700791238118716,0.4576481669656296,37.88794798843074,-0.158008054544573,-0.8302814882535757,0.0199017901491498,-309416500.0,-0.030595007294984433,0.006945493431603854,0.014668127916882493,1,0.005090886896306879,train
2024-04-22,165.52000427246094,167.25999450683594,164.77000427246094,165.83999633789062,48116400.0,7979623599.79248,0.005090886896306879,-0.03966648912313164,-0.015494215836367786,-0.34807927254563964,39.77061427396247,-0.24786158444857653,-0.6168698200979236,0.019459087546499044,-187768300.0,-0.023813116746498886,0.008931222947142659,0.014662621310466376,1,0.006391688265803275,train
2024-04-23,165.35000610351562,167.0500030517578,164.9199981689453,166.89999389648438,49537800.0,8267858517.645264,0.006391688265803275,-0.014641698635231126,-0.016325834280393914,0.02911293857978592,42.15341302505476,-0.20729186714363945,-0.41510305539787384,0.018865976885965387,-64519300.0,-0.016430184120066693,0.00825179040891531,0.014687942127608617,1,0.012702279529689164,train
2024-04-24,166.5399932861328,169.3000030517578,166.2100067138672,169.02000427246094,48251800.0,8155519442.153931,0.012702279529689164,0.006071454002743781,0.0073906633817253375,-0.026302881189739225,46.69554975479742,-0.01898211510753156,-0.09417885329855044,0.01860452008114692,34633700.0,-0.0037340495315530964,0.010026061068469027,0.014935655911306562,1,0.005147290824730311,train
2024-04-25,169.52999877929688,170.61000061035156,168.14999389648438,169.88999938964844,50558300.0,8589349556.141663,0.005147290824730311,0.017061818834209763,-0.02942181269434707,0.046693992121497274,48.483248937225135,0.17232693065681315,0.0632820734644331,0.01822144400006769,128314900.0,0.0024043807492326597,0.009289042896355909,0.014139979809246727,0,-0.003472813820767917,train
2024-04-26,169.8800048828125,171.33999633789062,169.17999267578125,169.3000030517578,44838400.0,7591141256.8359375,-0.003472813820767917,0.026060624556107914,-0.041064853439139126,-0.12006220819151281,47.3241227196412,0.2619211275318929,-0.01157026970401393,0.017890193793101004,151625900.0,-0.00043393002236169487,0.005764823176957335,0.0139730597009509,1,0.024808014604454476,train
2024-04-29,173.3699951171875,176.02999877929688,173.10000610351562,173.5,68169400.0,11827390900.0,0.024808014604454476,0.046189121027852,0.004690471637862181,0.4189308610364648,55.483299201430995,0.5881549618121549,0.5911283280598021,0.018980866182186112,171678900.0,0.023315072845942586,0.01049704102427467,0.014929200144685968,0,-0.01827088281812861,train
2024-04-30,173.3300018310547,174.99000549316406,170.0,170.3300018310547,65934800.0,11230674604.730225,-0.01827088281812861,0.02055127657283018,0.0056086723394503935,-0.03332940834850007,49.27902001627677,0.5739318248215486,0.10599462938068417,0.020045688056469512,56206300.0,0.004176959871214914,0.016291773587879737,0.015455154031633344,0,-0.006047077838456816,train
2024-05-01,169.5800018310547,172.7100067138672,169.11000061035156,169.3000030517578,50383100.0,8529858983.757019,-0.006047077838456816,0.001656601421246684,0.0077381134033203125,-0.26901056889773756,47.42342024863097,0.48232410922495816,-0.04546078633070549,0.02024595912675579,-42428600.0,-0.001792393101759493,0.015995686119800775,0.015488557901307213,1,0.02203187040935095,train
2024-05-02,172.50999450683594,173.4199981689453,170.88999938964844,173.02999877929688,94214900.0,16302004031.991575,0.02203187040935095,0.0184825440045282,0.03585970865613852,0.6259225325523481,54.15572360180152,0.6496878817748069,0.46682269607116333,0.020095329342519168,1228000.0,0.018935362535865252,0.01877977585778863,0.016194088240132024,1,0.05981625253732603,train
2024-05-03,186.6499938964844,187.0,182.66000366210935,183.3800048828125,163224100.0,29932036254.99268,0.05981625253732603,0.08316598687095245,0.11139396898674248,0.5495457555369967,66.84289708282185,1.3915893070134848,1.3205387315409973,0.023048249612830803,209290500.0,0.07551416578298542,0.0303862724121973,0.02082188675632799,0,-0.009106762593950823,train
2024-05-06,182.3500061035156,184.1999969482422,180.4199981689453,181.7100067138672,78569700.0,14276900714.50653,-0.009106762593950823,0.04731992342286562,0.09569471012072506,-0.7311379676660543,63.77601412831001,1.684447798401432,0.9427105876113656,0.023084523319937756,62551400.0,0.06159175304830122,0.0318109560057454,0.020895528949326926,1,0.0037971886914500708,train
2024-05-07,183.4499969482422,184.8999938964844,181.32000732421875,182.3999938964844,77305800.0,14100577448.162842,0.0037971886914500708,0.07086239614675516,0.09286998542141056,-0.016217143600993467,64.50073539400347,1.8272723067341043,0.8496371134281777,0.02275647871775887,205792000.0,0.06167489580734542,0.02829972082936355,0.020881581586003277,1,0.0018640987283840005,train
2024-05-08,182.8500061035156,183.07000732421875,181.4499969482422,182.7400054931641,45057100.0,8233734701.506042,0.0018640987283840005,0.07938571883721379,0.08117383075311291,-0.5398384015616386,64.87368040984929,1.842071976901868,0.7615679323523414,0.021724921135085683,301232200.0,0.05904310028682391,0.027086984774814755,0.020591485867376427,1,0.010014237583697128,train
2024-05-09,182.55999755859372,184.66000366210935,182.1100006103516,184.57000732421875,48983000.0,9040792668.762209,0.010014237583697128,0.06669368679613408,0.08640889980169586,0.08354272305906107,66.88985882766549,1.8667415768163815,0.7895068732429567,0.02095997631594475,256000300.0,0.0667029195753921,0.02691515191793423,0.018533872447844643,0,-0.008235380680192916,train
2024-05-10,184.8999938964844,185.08999633789065,182.1300048828125,183.0500030517578,50759500.0,9291526629.9057,-0.008235380680192916,-0.0017995518718934012,0.08121677349170753,0.03562549266942838,63.62330008331925,1.6782599913339147,0.6314886893250855,0.02077947841543096,42016700.0,0.055934849076877846,0.008191116483860074,0.0186387863372129,1,0.017645428427694565,train
2024-05-13,185.44000244140625,187.1000061035156,184.6199951171875,186.27999877929688,72044800.0,13420505256.054688,0.017645428427694565,0.025149919633352447,0.07365993532735948,0.3501893493959365,67.2799696235932,1.665368697567906,0.7378268131514717,0.02051362389873687,192631200.0,0.07037169827950551,0.009637218318911863,0.01806452838933868,1,0.006173469529849429,train
2024-05-14,187.50999450683597,188.3000030517578,186.2899932861328,187.42999267578125,52393600.0,9820132064.257812,0.006173469529849429,0.027576748616293667,0.10039329924793594,-0.3185036960692109,68.49428105117443,1.626673210096004,0.7100020271436598,0.019701304923444882,167719000.0,0.071423423582472,0.009620596438357847,0.01722728784007145,1,0.012217940748059153,train
2024-05-15,187.91000366210935,190.6499938964844,187.3699951171875,189.72000122070312,70400000.0,13356288085.9375,0.012217940748059153,0.03819632000503659,0.12061428116278639,0.29540881181920753,70.81688064672872,1.6428781896073268,0.7387865455814056,0.019308153043915654,193061900.0,0.07782288409711335,0.009757715268010307,0.016996299641814015,1,0.000632485327932919,train
2024-05-16,190.47000122070312,191.1000061035156,189.66000366210935,189.83999633789065,52845200.0,10032132574.475098,0.000632485327932919,0.028552791919298937,0.09715076967685388,-0.2868263733379699,70.93778025356205,1.5504145872963333,0.6674035424935085,0.01845947716709206,196924100.0,0.07156462182394385,0.010065717215746119,0.016819842743322867,1,0.00015802138577503122,train
2024-05-17,189.50999450683597,190.80999755859372,189.17999267578125,189.8699951171875,41282900.0,7838384021.42334,0.00015802138577503122,0.0372575359285916,0.035390937188175764,-0.24691850916372715,70.9701591858543,1.3854096534840004,0.6115126261983799,0.017751438242591327,288966500.0,0.06426386475939538,0.007548597235210546,0.01631341211055651,1,0.006162101432736655,train
2024-05-20,189.3300018310547,191.9199981689453,189.00999450683597,191.0399932861328,44361300.0,8474782454.164124,0.006162101432736655,0.025552901750206303,0.051345474808975444,0.0719190954088802,72.26788520775492,1.2531815186949613,0.6176552806822879,0.017470558411854586,261283000.0,0.06331223735220681,0.004932607086927183,0.016307991463876206,1,0.006857270013722605,train
2024-05-21,191.08999633789065,192.72999572753903,190.9199981689453,192.3500061035156,42309400.0,8138213348.236084,0.006857270013722605,0.02624987259240341,0.054550507346387445,-0.04735818305356432,73.68627543232361,1.1545080174537832,0.6320810068969072,0.016784312758201678,251198800.0,0.06307429522599928,0.004980142047573607,0.016307076909599046,0,-0.007538404788252739,train
2024-05-22,192.2700042724609,192.82000732421875,190.2700042724609,190.8999938964844,34648500.0,6614398438.522339,-0.007538404788252739,0.006219653532515856,0.04465354141420086,-0.1997548437053034,69.45200745267073,0.9032688320032696,0.5069896733249346,0.01665794322923384,146150300.0,0.04871955480479673,0.005796117788172295,0.016576405594186442,0,-0.02105808874908477,train
2024-05-23,190.97999572753903,191.0,186.6300048828125,186.8800048828125,51005900.0,9531982841.052246,-0.02105808874908477,-0.015592032828581348,0.012515563021764153,0.38668686839641,59.28137630559557,0.40350615638719134,0.2433449144966586,0.017471108393899395,42299200.0,0.02186670213236619,0.011594605772425525,0.017666562348046387,1,0.01658813550797178,train
2024-05-24,188.82000732421875,190.5800018310547,188.0399932861328,189.97999572753903,36327000.0,6901403304.794312,0.01658813550797178,0.0005793469909958215,0.03785846796091974,-0.3393800379451939,63.69639985721106,0.22763296595038263,0.39967964015959667,0.01734957389179249,37343300.0,0.032977166462329066,0.014664805697905096,0.01773418765227199,1,5.268852431927762e-05,train
2024-05-28,191.50999450683597,193.0,189.1000061035156,189.9900054931641,52280100.0,9932696486.183168,5.268852431927762e-05,-0.005496167451158218,0.019916291272165987,0.36405452669120564,63.710082629349124,0.06627279801740915,0.3638329724041322,0.017575710076741805,45262100.0,0.028421128420154762,0.014293906750725827,0.01720285451539498,1,0.0015789661787208864,train
2024-05-29,189.6100006103516,192.25,189.50999450683597,190.2899932861328,53068000.0,10098309363.708496,0.0015789661787208864,-0.01070971017424438,0.015259033890583584,0.014958308239137352,64.14622040210959,-0.05917745078485215,0.35945717419344086,0.01732308109568696,56020700.0,0.02451036159166997,0.01375134178940675,0.016360561642484388,1,0.005255137081729533,train
2024-05-30,190.75999450683597,192.17999267578125,190.6300048828125,191.2899932861328,49889100.0,9543285604.051208,0.005255137081729533,0.002042951294487061,0.008275311276238595,-0.061771566831041014,65.62911255889799,-0.11073572755046346,0.4495416313437535,0.01670736195983542,140558300.0,0.02383357571600686,0.013670712268457785,0.01612770695360939,1,0.005018593484036549,train
2024-05-31,191.44000244140625,192.57000732421875,189.91000366210935,192.25,75158300.0,14449183175.0,0.005018593484036549,0.02873499024443449,0.012694920504632945,0.4097940071132875,67.03853158056782,-0.11557706667158651,0.5931550207961248,0.016424807246794057,266722500.0,0.02370632508000381,0.0064824522936813185,0.015694070685459683,1,0.009258771283728873,train
2024-06-03,192.8999938964844,194.9900054931641,192.5200042724609,194.02999877929688,50080500.0,9717119353.866575,0.009258771283728873,0.02131805002020415,0.02190974755933306,-0.4059648384452501,69.53316555701952,-0.038289941859463106,0.7414170250049728,0.016120373609459802,280476000.0,0.03026328467180961,0.0035860562512416844,0.009191508715589294,1,0.0016492672588361845,train
2024-06-04,194.63999938964844,195.32000732421875,193.02999877929688,194.3500061035156,47471400.0,9226066879.742432,0.0016492672588361845,0.022948578789889984,0.01732628210693643,-0.053504285230829396,69.97314763642748,-0.006663779074349563,0.725079638001258,0.015785907651504005,275667300.0,0.02851098439217936,0.0031674356549638186,0.008758528185179242,1,0.007820884826020169,train
2024-06-05,195.3999938964844,196.8999938964844,194.8699951171875,195.8699951171875,54156800.0,10607692151.5625,0.007820884826020169,0.029323674538493494,0.018299916308698094,0.13175611562381917,72.03867351109513,0.07128029774440403,0.8496585583746794,0.015474503891155067,276756100.0,0.03287348310534832,0.0029233169044757465,0.008814057169867983,0,-0.007096540686677644,train
2024-06-06,195.69000244140625,196.5,194.1699981689453,194.47999572753903,41181800.0,8009036288.052368,-0.007096540686677644,0.016676264066958213,0.018753284156708183,-0.2738871256623696,67.46802650289433,-0.011701535404453622,0.6232649008491679,0.015327645064012511,185685200.0,0.022378981218673433,0.00651358842070287,0.0091293513180428,1,0.01239203884745943,train
2024-06-07,194.6499938964844,196.94000244140625,194.13999938964844,196.88999938964844,53103900.0,10455626838.587952,0.01239203884745943,0.024135237397391096,0.053563753452986695,0.25425395524350236,70.9138000757579,0.05133542097594379,0.8786425773520571,0.01507439530625454,163630800.0,0.03170736079564107,0.007715246564235856,0.009238176026812855,0,-0.019147769232301326,train
2024-06-10,196.8999938964844,197.3000030517578,192.1499938964844,193.1199951171875,97010200.0,18734609350.317383,-0.019147769232301326,-0.004690015295750638,0.016528052743783217,0.6025657472128536,60.17614368250204,-0.19192104820523515,0.30505966493993747,0.01617572350849836,16540100.0,0.00928960957057301,0.012555937954593078,0.010223573150754603,1,0.07264912559045644,train
2024-06-11,193.6499938964844,207.16000366210935,193.6300048828125,207.1499938964844,172373300.0,35707128042.91687,0.07264912559045644,0.06586049596598009,0.09032047953668676,0.5748463417248075,75.21614937911004,0.5219876410389661,1.6787452660011013,0.01884422383361345,141442000.0,0.07674153158354091,0.03543316819210968,0.01849713933320512,1,0.02857839054869893,train
2024-06-12,207.3699951171875,220.1999969482422,206.8999938964844,213.07000732421875,198134300.0,42216476752.17896,0.02857839054869893,0.08781341009755272,0.11971209649386227,0.13928260899287181,78.84641505272933,1.2796546008919139,1.5567612974825475,0.021470660858503077,285419500.0,0.10018180065569982,0.03584094637552861,0.019206140529781025,1,0.005491144359726752,train
2024-06-13,214.7400054931641,216.75,211.6000061035156,214.2400054931641,97862700.0,20966105385.575867,0.005491144359726752,0.1016043305210077,0.11997497523408085,-0.7053796025059853,79.4859556098983,1.7189787744059437,1.2676707755849805,0.021545193808835312,424464000.0,0.09926425083446988,0.034082454194808,0.01916145552317247,0,-0.008168409051202308,train
2024-06-14,213.8500061035156,215.1699981689453,211.3000030517578,212.4900054931641,70122700.0,14900372908.195496,-0.008168409051202308,0.07923208975506668,0.10527961244818762,-0.3333189071423668,75.79481038138522,1.7454763958085344,0.9768975813702354,0.02147191638777454,301237400.0,0.0839861262958892,0.03639086993464075,0.01939722364559714,1,0.019671478976528656,train
2024-06-17,213.3699951171875,218.9499969482422,212.72000122070312,216.6699981689453,93728300.0,20308110589.37836,0.019671478976528656,0.12194492360807785,0.11668298475536631,0.29015360306873106,78.37764119172583,1.8862932682724445,1.0280975981466898,0.021683195384802553,491975900.0,0.09780534642909133,0.030753808725278886,0.01958700215750156,0,-0.010984469021671939,train
2024-06-18,217.58999633789065,218.6300048828125,213.0,214.2899932861328,79943300.0,17131049220.2713,-0.010984469021671939,0.03446777504235099,0.10259833576746424,-0.159082536159719,73.56435264537967,1.6684384166709298,0.7950953376552155,0.022234648550004284,239659300.0,0.07938887523142801,0.017189806544738822,0.01998758554409618,0,-0.021512906597537684,train
2024-06-20,213.92999267578125,214.2400054931641,208.8500061035156,209.67999267578125,86172500.0,18068649168.85376,-0.021512906597537684,-0.015910332434912244,0.07050593711574527,0.07503346695203916,65.21070041040971,1.091079562063344,0.5117673187107621,0.022953549792456503,-44647500.0,0.051578366050451185,0.01596274385579592,0.020904971465852094,0,-0.010444426073609403,train
2024-06-21,210.38999938964844,211.88999938964844,207.1100006103516,207.4900054931641,241805100.0,50172141527.275085,-0.010444426073609403,-0.03150672062606619,0.0668963906388178,1.0317809210524729,61.63032391252402,0.47060948066097197,0.36487868057638195,0.023184490466687163,-384315300.0,0.03628421168078999,0.01539935848088843,0.02100309998479127,1,0.00313265159417897,train
2024-06-24,207.72000122070312,212.6999969482422,206.58999633789065,208.13999938964844,80727000.0,16802517730.72815,0.00313265159417897,-0.02047157979698766,0.057138503910176164,-1.0970589297080977,62.29207528853812,0.03581252800592161,0.3586473289029196,0.023558028084603673,-233465600.0,0.03404077969161956,0.015876280873205133,0.02013989653240233,1,0.004468184574312861,train
2024-06-25,209.1499938964844,211.3800048828125,208.6100006103516,209.07000732421875,55549700.0,11613776185.858154,0.004468184574312861,-0.03507634148222305,0.08259120034335443,-0.3737949706642425,63.2682124408907,-0.24202711215914263,0.36766639525179556,0.022884948483256593,-271644200.0,0.0337590160200556,0.01086889088789471,0.019973175611636505,1,0.01999326794540668,train
2024-06-26,211.5,214.8600006103516,210.63999938964844,213.25,66213200.0,14119964900.0,0.01999326794540668,-0.004853205089908941,0.0294472907711687,0.17560172040649036,67.35823242245048,-0.1989660742054813,0.541858684699523,0.022773145468848625,-125487700.0,0.048398400081954174,0.01579234447549173,0.02021039386727363,1,0.003985960626099017,train
2024-06-27,214.69000244140625,215.7400054931641,212.3500061035156,214.1000061035156,49772700.0,10656335373.788452,0.003985960626099017,0.02107980533254228,0.004834086187126108,-0.2854131929011281,68.13523994806378,-0.1690865185071022,0.5399542205380801,0.022193517721773987,10457500.0,0.046452551366210404,0.010783550160894847,0.020189962311079175,0,-0.016254137725925766,train
2024-06-28,215.7700042724609,216.07000732421875,210.3000030517578,210.6199951171875,82542700.0,17385143070.959473,-0.016254137725925766,0.015085013933967772,-0.016896986011756265,0.5058490862787579,61.663474040593805,-0.4249813887879341,0.30402903260193637,0.02290557994568616,169719900.0,0.02460319911067188,0.012870674128571371,0.02080098749940417,1,0.029104572333703782,train
2024-07-01,212.08999633789065,217.50999450683597,211.9199981689453,216.75,60402900.0,13092328575.0,0.029104572333703782,0.041366391061783414,0.020047975889261105,-0.31227861372832066,67.51648019537761,-0.23232232038638578,0.6201225028605917,0.022938490743702893,149395800.0,0.048177476878437986,0.017361984310304737,0.0214865403754313,1,0.016239927439265944,train
2024-07-02,216.1499938964844,220.3800048828125,215.1000061035156,220.2700042724609,58046200.0,12785836722.000122,0.016239927439265944,0.053570557975222144,0.01661515730806684,-0.03979787116944422,70.31878254138446,0.06534752817461964,0.7666595771020852,0.02267182798911166,151892300.0,0.0584840616231157,0.017516782829185017,0.021594778015180668,1,0.0058110444203451905,train
2024-07-03,220.0,221.5500030517578,219.02999877929688,221.5500030517578,37369800.0,8279279304.043579,0.0058110444203451905,0.03892146800355367,0.033879369047023156,-0.44037634406315007,71.28874544834123,0.2701308962573927,0.7796000130204765,0.021743241050981417,123048900.0,0.05772238987795397,0.01674976882414406,0.02156481134685434,1,0.021620371113304948,train
2024-07-05,221.6499938964844,226.4499969482422,221.6499938964844,226.33999633789065,60412400.0,13673742394.763184,0.021620371113304948,0.0571694996984593,0.0794544269556039,0.48033148008004645,74.62996160439424,0.6293437018279011,0.9776678684162999,0.02130921608597634,133688600.0,0.07278783665725364,0.017587458481327985,0.021818911582597706,1,0.00653888402524605,train
2024-07-08,227.08999633789065,227.8500061035156,223.25,227.82000732421875,59085900.0,13460950170.758057,0.00653888402524605,0.08166371952226692,0.09798063180312777,-0.022202064244211783,75.57573821008887,0.8538496189303437,0.9895423687501181,0.021100827257445796,275317200.0,0.07133790974301801,0.009957529613029729,0.021550971648188755,1,0.00377484559702701,train
2024-07-09,227.92999267578125,229.3999938964844,226.3699951171875,228.67999267578125,48076100.0,10994042195.880129,0.00377484559702701,0.05504033529772201,0.09868354639360266,-0.20620714126327044,76.13251973096916,0.9406402133788019,0.9643441383890088,0.020466365645786293,262990400.0,0.06740350038035592,0.007730989240070092,0.021548011998820706,1,0.018803582252402196,train
2024-07-10,229.3000030517578,233.0800018310547,229.25,232.97999572753903,62627700.0,14591001278.425598,0.018803582252402196,0.057701871378531555,0.11436355079971605,0.2644224952868157,78.74196866845097,1.1539537890008909,1.2140278812423846,0.020002709873760505,267571900.0,0.07745133240526259,0.008249820287919913,0.02071156866938534,0,-0.023220827978926772,train
2024-07-11,231.38999938964844,232.38999938964844,225.7700042724609,227.57000732421875,64710600.0,14726191715.95459,-0.023220827978926772,0.027172214802698713,0.06715126529528126,0.032717348401348545,68.5825651739265,0.8130882034884923,0.7430063766913663,0.02127853773886209,165491500.0,0.047486029644859595,0.017788992427101854,0.015890512355556087,1,0.013050867277438316,train
2024-07-12,228.9199981689453,232.63999938964844,228.67999267578125,230.5399932861328,53046500.0,12229339753.852844,0.013050867277438316,0.018556141275058557,0.07678648628654683,-0.19875613037675066,70.80920803322496,0.6756797876123084,0.8457324622495203,0.02107494048272077,158125600.0,0.05690718175454368,0.016188828976520114,0.015024972041991203,1,0.01674330147811176,train
2024-07-15,236.47999572753903,237.22999572753903,233.08999633789065,234.3999938964844,62631300.0,14680776337.728882,0.01674330147811176,0.028882391189205103,0.11290475420467971,0.16609626287407764,73.44352445140142,0.7282562049753878,0.9622588798553056,0.021285964330318284,161671000.0,0.06966022798595217,0.017231723470869237,0.015289907295479929,1,0.0017918662059344115,train
2024-07-16,235.0,236.2700042724609,232.3300018310547,234.82000732421875,43234300.0,10152278642.65747,0.0017918662059344115,0.02684981128691355,0.08336796920054779,-0.37063098428938446,73.72142180412247,0.6759635037588794,0.8733048139798111,0.020928671539840835,156829200.0,0.06614487251751311,0.017313484639373176,0.015011196997470402,0,-0.025295980990260425,train
2024-07-17,229.4499969482422,231.4600067138672,226.63999938964844,228.8800048828125,57345900.0,13125329872.009275,-0.025295980990260425,-0.017598038114488235,0.03908839353224658,0.2824671827873644,63.58717180226853,0.15326012830623803,0.4744148226032085,0.022490926890146836,36855600.0,0.03630323277966929,0.01984714935555457,0.01604808704756656,0,-0.020534830945314275,train
2024-07-18,230.27999877929688,230.44000244140625,222.2700042724609,224.17999267578125,66034600.0,14803636144.348145,-0.020534830945314275,-0.01489657924740384,0.01187086250415903,0.14107749461505037,56.91974986157335,-0.5581026006400673,0.16924735155976242,0.023925418845793744,35531600.0,0.012755407808338726,0.019201935238304466,0.01661405424305289,1,0.0005799129586041563,train
2024-07-19,224.82000732421875,226.8000030517578,223.27999877929688,224.30999755859372,49151500.0,11025172845.00122,0.0005799129586041563,-0.02702349227453471,-0.008968802739867776,-0.2952714769345093,57.053889653406586,-1.040910112101959,0.139408083322382,0.023324483320493965,31636600.0,0.010005029832441226,0.017340019495631836,0.015647499153777274,0,-0.0015602998017737457,train
2024-07-22,227.00999450683597,227.77999877929688,223.08999633789065,223.9600067138672,48201800.0,10795275451.620483,-0.0015602998017737457,-0.044539195624841654,-0.01694320290692586,-0.019510999788959538,56.54345114934865,-1.3834138348166372,0.07130171878508737,0.02318809883736949,-79196500.0,0.004703688064397582,0.012866618574463732,0.015354327656479604,1,0.004688282557118617,train
2024-07-23,224.3699951171875,226.94000244140625,222.67999267578125,225.00999450683597,39960300.0,8991466883.491516,0.004688282557118617,-0.04177673329103504,-0.016048619409169462,-0.1875098992192079,57.76426780656072,-1.5275268037576222,0.09401820388505187,0.022783653915278052,-82470500.0,0.005608787289439476,0.013522654601221854,0.015353969945674256,0,-0.028754283714746642,train
2024-07-24,224.0,224.8000030517578,217.1300048828125,218.5399932861328,61777600.0,13500876289.233398,-0.028754283714746642,-0.04517656141249127,-0.06197958067736098,0.4356543691149639,48.68774207517766,-2.016164239947953,-0.46961224355370274,0.024358123345753997,-86902200.0,-0.02536923864363072,0.014643338396899583,0.01701032671856621,0,-0.004804556718339348,train
2024-07-25,218.92999267578125,220.8500061035156,214.6199951171875,217.4900054931641,51391200.0,11177072370.300291,-0.004804556718339348,-0.02984203497719129,-0.04429406998565366,-0.18407388436291683,47.38643737085881,-2.3446399148725945,-0.5995824642657887,0.024773527368387293,-72258800.0,-0.030968093497144578,0.013194957795776016,0.016554682788082583,1,0.002161024455525462,train
2024-07-26,218.6999969482422,219.4900054931641,216.00999450683597,217.9600067138672,41601300.0,9067419627.305605,0.002161024455525462,-0.02830899609397841,-0.05456748043126769,-0.21133553021990537,48.05570016374343,-2.453164006506035,-0.5999343154830195,0.024094833444609037,-79809000.0,-0.029708361385545667,0.013408397169588165,0.01654305340933926,1,0.0012846337432190769,train
2024-07-29,216.9600067138672,219.3000030517578,215.75,218.2400054931641,36311800.0,7924687431.466675,0.0012846337432190769,-0.02554027973401074,-0.0689419318434662,-0.13598865595950826,48.47618354040623,-2.4246719496271503,-0.6833186769294438,0.023506962196142477,4704600.0,-0.03010692609240273,0.013683089895702376,0.016036023454092024,1,0.0025659711533101426,train
2024-07-30,219.19000244140625,220.3300018310547,216.1199951171875,218.8000030517578,41643800.0,9111663567.086792,0.0025659711533101426,-0.027598736085874154,-0.06822248434028,0.13700973714438192,49.35911481788743,-2.288399240206658,-0.6533538051452676,0.023146408980649145,6388100.0,-0.028060952801456485,0.013332548031514057,0.014709692626425984,1,0.014990853444005525,train
2024-07-31,221.44000244140625,223.82000732421875,220.6300048828125,222.0800018310547,50036300.0,11112061595.619202,0.014990853444005525,0.016198447211842604,-0.029709904345901483,0.18359624000158803,54.29899956403675,-1.9129154981886702,-0.3276180035941283,0.022790259080087114,118202000.0,-0.013887186795963458,0.007215251362682067,0.014642175787387022,0,-0.016750725819666745,train
2024-08-01,224.3699951171875,224.47999572753903,217.0200042724609,218.3600006103516,62501000.0,13647718398.147585,-0.016750725819666745,0.004000161364724697,-0.02596124656782728,0.22243381061098333,48.51836198246931,-1.8495461188007223,-0.6809206555159683,0.0239631739746232,107092200.0,-0.029718103317361577,0.011342415235513688,0.015075129456264706,1,0.006869389978967133,train
2024-08-02,219.1499938964844,225.6000061035156,217.7100067138672,219.8600006103516,105568600.0,23210312460.43396,0.006869389978967133,0.008717167544313176,-0.019838602811627748,0.5241784154288993,50.793157041658574,-1.6477821300695878,-0.4853897396796715,0.02466302649326378,171059500.0,-0.021644327829138055,0.011669176855286952,0.014269245245135174,0,-0.04816699858315232,train
2024-08-05,199.08999633789065,213.5,196.0,209.2700042724609,119548600.0,25017936032.766724,-0.04816699858315232,-0.041101544148303026,-0.06559207894726637,0.1243620035762163,38.020153780689924,-2.137651576101565,-1.2496912271464464,0.0322042501287739,15199100.0,-0.0649093980402562,0.02525486343266854,0.01754415305237674,0,-0.009748212850733573,train
2024-08-06,205.3000030517578,209.9900054931641,201.07000732421875,207.22999572753903,69660500.0,14435745117.378237,-0.009748212850733573,-0.052879374601662366,-0.07901870678351919,-0.5400895346314272,36.13504145455421,-2.4848313070837014,-1.177552123037334,0.03327289432227277,-96105200.0,-0.06956594162983631,0.02454536701322292,0.01748561275341557,1,0.012498246634550902,train
2024-08-07,206.8999938964844,213.63999938964844,206.38999938964844,209.82000732421875,63516400.0,13327011513.208008,0.012498246634550902,-0.055205306221866035,-0.0399010992486718,-0.09233530097401044,40.18969530783499,-2.423235651802127,-0.8741218383583237,0.032982978384592604,-82625100.0,-0.05301352077968369,0.023913847968616002,0.01709068033531157,1,0.016633257613904107,train
2024-08-08,213.1100006103516,214.1999969482422,208.8300018310547,213.30999755859372,47161100.0,10059934125.860596,0.016633257613904107,-0.023126960238332495,-0.019219310446436766,-0.2977287345611437,45.23514923476109,-2.0456988713733693,-0.5540740424843523,0.03192414466180401,27037000.0,-0.03415395335534133,0.02645326016315945,0.01718742430610189,1,0.013735914716165754,train
2024-08-09,212.1000061035156,216.77999877929688,211.97000122070312,216.2400054931641,42201600.0,9125674215.820312,0.013735914716165754,-0.01646500094213621,-0.007891361569652866,-0.11111126274168726,49.116064755858,-1.5210016170016685,-0.29646794318808606,0.030831022754433068,-36330000.0,-0.017707055283055162,0.02734660388206974,0.01722192760539466,1,0.005965562584919315,train
2024-08-12,216.07000732421875,219.50999450683597,215.6000061035156,217.52999877929688,38028100.0,8272252546.5789795,0.005965562584919315,0.0394705133951343,-0.0032533298020350765,-0.10413277227996076,50.77017300368221,-1.0327677587678599,-0.14959187121090384,0.029742924062606292,121246700.0,-0.008046269760675129,0.01056691230644378,0.016731501475368733,1,0.017193056195245138,train
2024-08-13,219.00999450683597,221.88999938964844,219.00999450683597,221.2700042724609,44155300.0,9770243419.651794,0.017193056195245138,0.06775085091147393,0.011288853684882305,0.14938760136157114,55.30643099224381,-0.4342745344295843,0.266953038523291,0.028559070029994214,235062500.0,0.012135391636480142,0.004495786002208686,0.017335860770083047,1,0.0020337006352117992,train
2024-08-14,220.57000732421875,223.02999877929688,219.6999969482422,221.72000122070312,41960600.0,9303504283.221436,0.0020337006352117992,0.05671524869454525,-0.0016210401989523726,-0.05098188120211944,55.833760257162865,-0.007017739047245813,0.380841078816695,0.027538096143990883,213506700.0,0.015857307339655735,0.006768489408751508,0.016529540500609122,1,0.01353057903429189,train
2024-08-15,224.6000061035156,225.3500061035156,222.75999450683597,224.72000122070312,46414000.0,10430154136.657717,0.01353057903429189,0.053490243273643046,0.029126216305982222,0.100870052815349,59.28289454575595,0.4532651051820353,0.7033164491628351,0.02638353496113305,212759600.0,0.029475090418142447,0.006258825027521688,0.016212181861962046,1,0.0059184844421056315,train
2024-08-16,223.9199981689453,226.8300018310547,223.6499938964844,226.0500030517578,44340200.0,10023102345.315552,0.0059184844421056315,0.045366247268726845,0.028154291022569833,-0.04570942207498874,60.746466576896644,0.8025107851491226,0.8201427475888746,0.02535969000658107,214898200.0,0.03515545019183297,0.006222127255966767,0.016261820037027513,0,-0.0007078241979617816,train
2024-08-19,225.72000122070312,225.9900054931641,223.0399932861328,225.88999938964844,40687800.0,9190967117.166138,-0.0007078241979617816,0.03843148373679495,0.07941890752555714,-0.08596341953991526,60.464885925128534,0.9669347319992184,0.7746909071635005,0.024516757214019923,136182300.0,0.03396582975424911,0.007583360338455205,0.01625721296703013,1,0.0027446771387080737,train
2024-08-20,225.7700042724609,227.1699981689453,225.4499969482422,226.50999450683597,30299000.0,6863026323.562622,0.0027446771387080737,0.02368143052920435,0.09303671850983286,-0.29481357611612324,61.21510387470572,1.0544704821623452,0.8158168379951034,0.02324563927982909,122326000.0,0.036447922308600056,0.005469020840182408,0.016237013179546112,0,-0.00048563247988708813,train
2024-08-21,226.5200042724609,227.97999572753903,225.0500030517578,226.3999938964844,34765500.0,7870908987.808228,-0.00048563247988708813,0.02110767025985516,0.0790200457225505,0.13751080281797456,60.993956002177725,1.0402354580897517,0.729050300273612,0.022520128638526725,45599900.0,0.03408503485513381,0.005877345246836986,0.014719582112288139,0,-0.008259695969967784,train
2024-08-22,227.7899932861328,228.33999633789065,223.8999938964844,224.52999877929688,43695300.0,9810905655.66101,-0.008259695969967784,-0.0008455074776350102,0.05259950939533975,0.2286150232230746,57.210162579592385,0.8482690630527128,0.5022250405942992,0.022498184667633703,-44509400.0,0.023897621913811395,0.005277222873516049,0.014821998590794604,1,0.010288146667049247,train
2024-08-23,225.66000366210935,228.22000122070312,224.3300018310547,226.83999633789065,38677300.0,8773558590.359497,0.010288146667049247,0.0034947722869613784,0.049019564259406456,-0.12198767722816584,60.472269748422534,0.8197912741226567,0.6571632775007124,0.02190333224176401,-50172300.0,0.03234143016331292,0.006704025597275574,0.014946179457326672,1,0.0014988376978464224,train
2024-08-26,226.75999450683597,227.27999877929688,223.88999938964844,227.17999267578125,30602200.0,6952207571.862793,0.0014988376978464224,0.005710714461102162,0.04436166942783437,-0.23418095601143563,60.944213647637966,0.767688483189209,0.6270858952307661,0.021374232846504283,21117700.0,0.03178979357524181,0.006659350855432285,0.014945636134294817,1,0.0037415535298863656,train
2024-08-27,226.0,228.8500061035156,224.88999938964844,228.02999877929688,35934600.0,8194166794.1345215,0.0037415535298863656,0.006710539531689541,0.03055088523662719,0.1606287130014472,62.160582877654626,0.7343072275146865,0.6401875063977812,0.02101395864978391,26753300.0,0.033484100799183514,0.006733270554702164,0.014949804358971221,0,-0.006753467940081359,train
2024-08-28,227.9199981689453,229.8600006103516,225.67999267578125,226.4900054931641,38052200.0,8618442987.026978,-0.006753467940081359,0.00039757773456861045,0.021513639934147566,0.057258280097951086,58.599706113898286,0.5602123557467926,0.4790027801033467,0.020963894612413107,23466600.0,0.025479678502073,0.007679037761487181,0.01475825799908272,1,0.014570125448949867,train
2024-08-29,230.1000061035156,232.9199981689453,228.8800048828125,229.7899932861328,51906300.0,11927548328.507996,0.014570125448949867,0.02342668924167368,0.022561374323108563,0.31048126177811497,63.43365060940769,0.6146467044554416,0.6863281075158736,0.021185634879086188,119068200.0,0.03773582045287993,0.00823088625594354,0.014423584759483975,0,-0.0034378924636161434,train
2024-08-30,230.19000244140625,230.3999938964844,227.47999572753903,229.0,52990800.0,12134893200.0,-0.0034378924636161434,0.00952214643352356,0.013050196453953333,0.020678143096336754,61.57997600067888,0.5470512610078822,0.5694696405706434,0.020651031760793873,27400100.0,0.03203825486134626,0.008177057740836503,0.014449196102504154,0,-0.027205221517637934,train
2024-09-03,228.5500030517578,229.0,221.1699981689453,222.7700042724609,50190600.0,11180960176.437378,-0.027205221517637934,-0.019411869643001678,-0.013812010826586896,-0.05429055435799768,49.3359030359321,0.05809828533454198,0.018044118589043822,0.022222831380761567,-53392700.0,0.000916603028104257,0.015419091947834189,0.010942914314696824,0,-0.00861874638471094,train
2024-09-04,221.66000366210935,221.77999877929688,217.47999572753903,220.8500061035156,43840200.0,9682108437.579346,-0.00861874638471094,-0.03148705308168931,-0.024987808664440836,-0.13527655060879695,46.281729415991265,-0.3944001480397752,-0.25512083480422465,0.022525809295710953,-133167500.0,-0.010736959588456108,0.01488593043724641,0.010875347855271673,1,0.006927773316790287,train
2024-09-05,221.6300048828125,225.47999572753903,221.5200042724609,222.3800048828125,36615400.0,8142532830.786133,0.006927773316790287,-0.018146498788776055,-0.017756135698086317,-0.1800822832344906,48.991592554564896,-0.5792592018160092,-0.19652979218690897,0.022260067923668688,-58499900.0,-0.006677811802065836,0.01599528761885214,0.010695720404570125,0,-0.007015008203708928,train
2024-09-06,223.9499969482422,225.2400054931641,219.7700042724609,220.82000732421875,48423000.0,10692767214.660645,-0.007015008203708928,-0.039035581287235166,-0.01652336647774577,0.2795059838618208,46.42030390868831,-0.7825525590288023,-0.5360690279903655,0.02258546750457835,-158829200.0,-0.015297594237662748,0.012387091016880595,0.010408545895993208,1,0.0004075551802624755,train
2024-09-09,220.82000732421875,221.2700042724609,216.7100067138672,220.91000366210935,67180000.0,14840734046.020508,0.0004075551802624755,-0.03532749492528675,-0.026141742071571272,0.32740067095893366,46.59444501923586,-0.8796608554292118,-0.6290715822115674,0.02243809589728452,-38658400.0,-0.015920941930395283,0.012842074918122911,0.010022508106379667,0,-0.0036213980285899616,train
2024-09-10,218.9199981689453,221.47999572753903,216.72999572753903,220.1100006103516,51591000.0,11355695041.488647,-0.0036213980285899616,-0.0119405827135326,-0.031120663321437703,-0.2640283410161324,45.18846188055338,-0.9599165923176463,-0.8578484987001485,0.02245253925539285,-40058800.0,-0.020047814989073154,0.006252026790713372,0.010007649118867055,1,0.011585130365211693,train
2024-09-11,221.4600067138672,223.08999633789065,217.88999938964844,222.66000366210935,44587100.0,9927763849.282837,0.011585130365211693,0.008195596597563082,-0.023549511669229917,-0.14590265610480913,50.3330133944625,-0.8094249256619541,-0.39396422589694285,0.02227815804550228,48368500.0,-0.009001576854155147,0.007598933282328301,0.00958919150802834,1,0.0004940295003250661,train
2024-09-12,222.5,223.5500030517578,219.82000732421875,222.7700042724609,37455600.0,8343984172.027588,0.0004940295003250661,0.0017537520509269822,-0.016424571197316995,-0.1742883437557019,50.5486353051771,-0.6760646910112059,-0.38895111408161825,0.02187262525577168,49208700.0,-0.008743615069099042,0.007004740309062348,0.009581199964869112,0,-0.001212031545013037,train
2024-09-13,223.5800018310547,224.0399932861328,221.91000366210935,222.5,36766600.0,8180568500.0,-0.001212031545013037,0.007607973100528964,-0.03172458983910309,-0.018566406641209454,49.97512765446836,-0.5831432055936262,-0.414158433028404,0.021018726261906897,60865100.0,-0.009455804117646238,0.005862900314581769,0.009061115603775908,0,-0.027775247981039364,train
2024-09-16,216.5399932861328,217.22000122070312,213.9199981689453,216.32000732421875,59357400.0,12840193202.746582,-0.027775247981039364,-0.02077767535105013,-0.05537114705581336,0.4789869626561938,39.053413853776874,-0.8962715943437707,-1.2971855677944537,0.022908081015772675,-65672300.0,-0.034878114604253274,0.01445869146890972,0.010782165963439208,1,0.0021726421320320544,train
2024-09-17,215.75,216.8999938964844,214.5,216.7899932861328,45519300.0,9868128741.389463,0.0021726421320320544,-0.01508340064064606,-0.026843878761227624,-0.2654403803952192,40.1250895110075,-1.02106058481488,-1.0397293549901314,0.02201643040216816,31438000.0,-0.030813797045032176,0.01473674188750576,0.010821493587018925,1,0.017989802463465043,train
2024-09-18,217.5500030517578,222.7100067138672,217.5399932861328,220.69000244140625,59894900.0,13218205627.227783,0.017989802463465043,-0.008847575623382342,-0.0007244901864948972,0.27445494247671576,48.256003620932525,-0.8000371734479162,-0.40753279358127054,0.021998619933502977,46745800.0,-0.012093111880946528,0.01648977250227113,0.011676289450428753,1,0.03706553348719566,train
2024-09-19,224.9900054931641,229.82000732421875,224.6300048828125,228.8699951171875,66781300.0,15284235804.919434,0.03706553348719566,0.027382460509656203,0.02918423460686137,0.10883173991717499,60.40214065566552,-0.09888966455009521,0.779434055767746,0.022546607167170666,76071500.0,0.023958097576117332,0.02406051303006507,0.014484613660110217,0,-0.002927418111763669,train
2024-09-20,229.97000122070312,233.08999633789065,227.6199951171875,228.1999969482422,318679900.0,72722752207.46613,-0.002927418111763669,0.025617963812324396,0.033420837692427874,1.5627640376491172,59.1768601844241,0.30187466515359734,0.6343212974630189,0.02270976165341877,-205841800.0,0.020123050032462064,0.02419464238822258,0.014360681389872095,0,-0.007581050616453089,train
2024-09-23,227.33999633789065,229.4499969482422,225.80999755859372,226.47000122070312,54146000.0,12262444686.096191,-0.007581050616453089,0.04692119800676431,0.02516860923644737,-1.7725030335512457,56.01706019981082,0.42502130786617126,0.39449256483956274,0.02239677820050658,-200630400.0,0.012473176588273738,0.01824627861773808,0.014302174864788615,1,0.0039740093241191765,train
2024-09-24,228.6499938964844,229.3500061035156,225.72999572753903,227.3699951171875,43556100.0,9903350244.32373,0.0039740093241191765,0.048802999025377325,0.03298348319796651,-0.21763433496939655,57.29458642213497,0.5345780963561854,0.5192950184599342,0.02185191880228926,-202593600.0,0.01645358368371852,0.018086365918517457,0.01432637649629238,0,-0.004398117700115112,train
2024-09-25,224.92999267578125,227.2899932861328,224.0200042724609,226.3699951171875,42308700.0,9577420212.41455,-0.004398117700115112,0.02573742631268172,0.016662136863646815,-0.029057023036067164,55.3701379215184,0.5074022962549523,0.39729468084846453,0.021437757097453658,-304797200.0,0.012358737772207862,0.018292387661879995,0.014334263490357671,1,0.005080219022304933,train
2024-09-26,227.3000030517578,228.5,225.41000366210935,227.5200042724609,36636700.0,8335582140.52887,0.005080219022304933,-0.005898505149333211,0.02132243977600523,-0.14394226475630845,57.152532466429726,0.5320018479283819,0.5490780321471257,0.02077595680704699,-334941800.0,0.01726744990154705,0.0054803490069832315,0.014296650780283391,1,0.0011866605511687833,train
2024-09-27,228.4600067138672,229.5200042724609,227.3000030517578,227.7899932861328,34026000.0,7750782311.553955,0.0011866605511687833,-0.001796685659914199,0.0237752507241924,-0.07392552989340473,57.58085379451247,0.5303902685175763,0.6226341018630613,0.019965224315900778,17764100.0,0.018930176160902645,0.0054594180864830765,0.01390251657208694,1,0.02287197360475246,train
2024-09-30,230.0399932861328,233.0,229.6499938964844,233.0,54541900.0,12708262700.0,0.02287197360475246,0.028833835581310252,0.07710795169667972,0.47184426431296345,64.87727114038174,0.8264860637283373,1.2405580806418826,0.01972177338480823,126452000.0,0.04130354675533421,0.010253936326547823,0.014809658820784478,0,-0.029141602086406926,train
2024-10-01,229.5200042724609,229.6499938964844,223.7400054931641,226.2100067138672,63285000.0,14315700274.887083,-0.029141602086406926,-0.005101765528571445,0.0434522520386873,0.148679118083745,52.26076151965029,0.5259615482094644,0.3043406177648863,0.021786722843374278,19610900.0,0.010181778390017548,0.018808554245612008,0.015008545107045197,1,0.002519747352073054,train
2024-10-02,225.88999938964844,227.3699951171875,223.0200042724609,226.77999877929688,32880600.0,7456662427.862549,0.002519747352073054,0.0018112102794238805,0.027595252483209043,-0.6547655014362093,53.08554037001569,0.3357392701876267,0.34282299921554665,0.021549791044107036,94800200.0,0.011388029824303869,0.01873939038364257,0.014843538518621122,0,-0.004894614235498862,train
2024-10-03,225.13999938964844,226.80999755859372,223.32000732421875,225.6699981689453,34044200.0,7682754551.663208,-0.004894614235498862,-0.008131179978795089,-0.013981723321153106,0.0347768611116237,51.2293605173367,0.11664563835177777,0.17230132446868818,0.021213589819830927,24119300.0,0.005699862296825842,0.01866112822964474,0.014848485048181252,1,0.005007333238716605,train
2024-10-04,227.8999938964844,228.0,224.1300048828125,226.8000030517578,37245100.0,8447188793.663025,0.005007333238716605,-0.0043460655145260985,-0.006134942660853349,0.08986070967659643,53.02991770233647,0.03362730999998065,0.28828408422811547,0.020819008035108826,27338400.0,0.009390728994334463,0.01887520940591427,0.014756861739442635,0,-0.022530866585506182,train
2024-10-07,224.5,225.69000244140625,221.3300018310547,221.69000244140625,39505400.0,8757952222.44873,-0.022530866585506182,-0.048540762054050446,-0.02110654282479818,0.05891697733907009,44.94847740230837,-0.35804891261591765,-0.41858811624070885,0.021539976866389268,-66708900.0,-0.01352294385196584,0.015258344579357808,0.01570244630893971,1,0.018404085823098937,train
2024-10-08,224.3000030517578,225.97999572753903,223.25,225.7700042724609,31855700.0,7192061525.102234,0.018404085823098937,-0.0019451060003849996,-0.007036948054214176,-0.21522103544617366,51.32647958962794,-0.335353056668831,0.1081497770144168,0.02099720950001769,28431800.0,0.0033687269873494685,0.015010691942450442,0.016178595305691205,1,0.01669836090857424,train
2024-10-09,225.22999572753903,229.75,224.8300018310547,229.5399932861328,33591100.0,7710500868.473816,0.01669836090857424,0.012170361238611482,0.014003614601415082,0.053044819408562205,56.35784569012149,-0.07314652017929157,0.5861096689639165,0.02070819313666709,29142300.0,0.018566151044596912,0.01689702582413954,0.016387164134276558,0,-0.0021782696463562568,train
2024-10-10,227.77999877929688,229.5,227.1699981689453,229.0399932861328,28183500.0,6455148650.779724,-0.0021782696463562568,0.014933288184212135,0.006680682951516026,-0.17552444489811236,55.537877430459524,0.053101363198642115,0.4692543596718218,0.020010122272554488,35003000.0,0.014935532233822268,0.01664007106666353,0.016407968317763633,0,-0.006505371454991304,train
2024-10-11,229.3000030517578,229.41000366210935,227.33999633789065,227.5500030517578,31759200.0,7226806056.921387,-0.006505371454991304,0.0033068782623819626,-0.0010535591617211182,0.11944574283045029,53.060391433791025,0.024214981393430035,0.22964916260328888,0.019352275487298797,-34001300.0,0.007206043223967118,0.017096981338289467,0.016496749656431137,1,0.01647989430765695,train
2024-10-14,228.6999969482422,231.72999572753903,228.6000061035156,231.3000030517578,39882100.0,9224729851.71051,0.01647989430765695,0.043348822700705725,-0.0072961242413828176,0.22774514812332924,58.1235790102014,0.2339564638327507,0.7477381834480017,0.018969466483179258,45386200.0,0.020421685719391514,0.01191781831496825,0.01532473694835798,1,0.011024656368842312,train
2024-10-15,233.6100006103516,237.4900054931641,232.3699951171875,233.8500061035156,64751400.0,15142115285.211182,0.011024656368842312,0.035788641883993,0.03377392318153394,0.48462771065612387,61.189283760360276,0.505156037568983,1.181551048887141,0.019313140386681957,78281900.0,0.027803688064020227,0.010801692260428812,0.015413033164109302,0,-0.008851859184054955,train
2024-10-16,231.6000061035156,232.1199951171875,229.83999633789065,231.77999877929688,34082200.0,7899572274.395752,-0.008851859184054955,0.009758671946860975,0.022047799748275088,-0.6417800542021688,57.50875193449746,0.5046700006973444,0.7687561137994204,0.019329574861910784,10608600.0,0.016229057900959187,0.011165501541987945,0.015290387395015634,1,0.0015963203000093351,train
2024-10-17,233.42999267578125,233.8500061035156,230.5200042724609,232.1499938964844,32993800.0,7659510468.621826,0.0015963203000093351,0.013578417313636404,0.02871447591667864,-0.032455587873140956,57.995096417806636,0.48848717588169777,0.7735410144113883,0.01894486887866621,71785900.0,0.017119924475437198,0.010938189312901227,0.012957182488343738,1,0.01227657195109133,train
2024-10-18,236.17999267578125,236.17999267578125,234.00999450683597,235.0,46431500.0,10911402500.0,0.01227657195109133,0.0327400432798397,0.036155188879652966,0.34165843440944244,61.637483334128355,0.6204693852027132,1.1330756016736148,0.01860324143114699,149976600.0,0.02807520397993568,0.01016323168652331,0.013171730539243778,1,0.00629785415974049,train
2024-10-21,234.4499969482422,236.8500061035156,234.4499969482422,236.47999572753903,36254500.0,8573464005.104065,0.00629785415974049,0.022395125842787467,0.06671475088301215,-0.24741459063531224,63.41178189137183,0.7495548051462968,1.1695339017373405,0.017891248066155607,146349000.0,0.0322895907862899,0.008558286852100479,0.013030080994716418,0,-0.002621765597043413,train
2024-10-22,233.88999938964844,236.22000122070312,232.6000061035156,235.8600006103516,38846600.0,9162359099.710085,-0.002621765597043413,0.00859522965308912,0.04469148313304716,0.06905704352863751,62.11569695623888,0.7343328058420471,0.9382903384298061,0.01783200050054906,42751000.0,0.027678838050932075,0.008109045956824565,0.01306745481044542,0,-0.021623022514703494,train
2024-10-23,234.0800018310547,235.13999938964844,227.75999450683597,230.75999450683597,52287000.0,12065747832.77893,-0.021623022514703494,-0.004400743281702035,0.005314983255150452,0.2971272106942031,52.593026063115566,0.3418821461795596,0.1551161719463199,0.019431484484233173,24546200.0,0.0044966192221149726,0.012884434589350164,0.014037157169578877,0,-0.0008233107433688325,train
2024-10-24,229.97999572753903,230.82000732421875,228.41000366210935,230.57000732421875,31109500.0,7172917642.852783,-0.0008233107433688325,-0.006805886770646086,0.006680117372229066,-0.5192345224105246,52.27154084781915,0.04613150067707661,0.10458658618133475,0.01880498702618999,-39557100.0,0.003003780275641077,0.012816495492558302,0.014010099263248794,1,0.0036431292501519774,train
2024-10-25,229.7400054931641,233.22000122070312,229.57000732421875,231.41000366210935,38802300.0,8979240385.098267,0.0036431292501519774,-0.015276580161236786,0.016963307222956026,0.22096627807217928,53.62139939060441,-0.1078797127705351,0.20551950833644284,0.018525020803953803,-47186300.0,0.005865862781515574,0.010980391972846509,0.014024799845658931,1,0.008599413175243376,train
2024-10-28,233.32000732421875,234.72999572753903,232.5500030517578,233.3999938964844,36087100.0,8422728919.741821,0.008599413175243376,-0.013024365217780498,0.009079078326932333,-0.07254406052658169,56.742652356749694,-0.0913420702894161,0.5033745278097775,0.018071174662346753,-47353700.0,0.014427532387692787,0.011504672053592305,0.013184984734868567,1,0.0011568306748999113,train
2024-10-29,233.1000061035156,234.3300018310547,232.32000732421875,233.6699981689453,35417200.0,8275937059.14917,0.0011568306748999113,-0.00928517949520502,-0.0007697580922474412,-0.018737882386506755,57.16388861017953,-0.07833193837232244,0.49274177501590727,0.017375404776844273,26910100.0,0.013957256328114065,0.01162351066303214,0.011236705207946736,0,-0.015277922255336307,train
2024-10-30,232.6100006103516,233.47000122070312,229.5500030517578,230.1000061035156,47070900.0,10831014377.297974,-0.015277922255336307,-0.002860064218370484,-0.007248221091678331,0.28445739085226407,50.2028291324438,-0.3130958553709262,-0.08167459718305704,0.01766357299277255,32126200.0,-0.002252601649190944,0.008960933189969216,0.011854755043833825,0,-0.01820948426885871,train
2024-10-31,229.33999633789065,229.8300018310547,225.3699951171875,225.91000366210935,64370100.0,14541849526.730349,-0.01820948426885871,-0.020210797215947873,-0.026879131589197747,0.31299425818350457,43.506464671890384,-0.7297070385412054,-0.7455743133210616,0.01820164077601942,-1134400.0,-0.02047203689449717,0.011967194359082441,0.012544811303231004,0,-0.013279624414008095,train
2024-11-01,220.97000122070312,225.3500061035156,220.2700042724609,222.91000366210935,65276700.0,14550829436.050417,-0.013279624414008095,-0.03673134205732598,-0.05144679292719423,0.013985918109696627,39.44913719705226,-1.1608507928485654,-1.0999464250530637,0.018936253569847506,-105213400.0,-0.03266401056938517,0.011647715895707076,0.012833578683757898,0,-0.004037544930633241,train
2024-11-04,220.9900054931641,222.7899932861328,219.7100067138672,222.00999450683597,44944500.0,9978128198.112488,-0.004037544930633241,-0.04880034142031742,-0.06118911316868725,-0.37320675572172846,38.29530628173747,-1.4418396896480448,-1.244956856350083,0.01868450036645001,-186245000.0,-0.03663656092811107,0.008154890496872007,0.01180979827078922,1,0.006486205472888695,train
2024-11-05,221.8000030517578,223.9499969482422,221.13999938964844,223.4499969482422,28111300.0,6281469899.211121,0.006486205472888695,-0.043736899476988,-0.05261597400998541,-0.4692567511959709,41.255842160197645,-1.4613642107489764,-0.97313112163897,0.01813633412454131,-193550900.0,-0.029899679938854895,0.01008585259098061,0.011120190393642643,0,-0.0032669310248778505,train
2024-11-06,222.6100006103516,226.07000732421875,221.19000244140625,222.72000122070312,54561100.0,12151848258.602903,-0.0032669310248778505,-0.032073032103668964,-0.034841365390545054,0.6631495266411704,40.20278950153377,-1.4511378879007746,-0.9507949325084858,0.01846114725390885,-201041100.0,-0.0316353270954296,0.009594606050160616,0.010369882676926541,1,0.02137210165565251,train
2024-11-07,224.6300048828125,227.8800048828125,224.57000732421875,227.47999572753903,42137700.0,9585483815.968325,0.02137210165565251,0.006949634987293063,-0.013401619892107863,-0.25837834230367207,49.291747436274235,-1.0691346052556043,-0.3163241786067927,0.018404026843482708,-94533300.0,-0.010603799192124841,0.013148933471833211,0.011553105831180521,0,-0.0022858669924306074,train
2024-11-08,227.1699981689453,228.66000366210935,226.41000366210935,226.9600067138672,38328800.0,8699104705.334473,-0.0022858669924306074,0.01816878105612929,-0.019229924712934054,-0.09474125272444667,48.42581794011263,-0.8086534092785702,-0.3784117006804806,0.017836724420878726,-67585400.0,-0.012738755949230018,0.010773737546118965,0.011471643815226558,0,-0.0120285993371948,train
2024-11-11,225.0,225.6999969482422,221.5,224.22999572753903,42005600.0,9418915508.532717,-0.0120285993371948,0.00999955531567176,-0.039288767818101866,0.09160136861270374,44.05045918287425,-0.7771901122560567,-0.6618079300469513,0.018503611740100744,-64646500.0,-0.02311196167643137,0.012632298325705471,0.011071548760794312,0,0.0,train
2024-11-12,224.5500030517578,225.58999633789065,223.3600006103516,224.22999572753903,40398300.0,9058510636.39984,0.0,0.0034907083909136993,-0.04039886384807123,-0.03901523690760911,44.05045918287425,-0.7149258586855742,-0.5970966219182899,0.017892291383307158,-52359500.0,-0.02106055172672827,0.012394334084602398,0.010683170994541203,1,0.003969136184303723,train
2024-11-13,224.00999450683597,226.6499938964844,222.75999450683597,225.1199951171875,48566200.0,10933222706.860352,0.003969136184303723,0.010775834605470047,-0.021642811187443933,0.18414010666481673,45.898619873156214,-0.5781930148303664,-0.4420715271923835,0.017782849169625695,50767800.0,-0.015744090143771317,0.01222819716028009,0.010637722035881505,1,0.013770460957508002,train
2024-11-14,225.0200042724609,228.8699951171875,225.0,228.22000122070312,44923900.0,10252532512.838743,0.013770460957508002,0.00325305744268789,0.010225299991800219,-0.07795786691563933,51.86317635029462,-0.25959717855865105,-0.037889112980880636,0.017499583345389785,53554000.0,-0.001332453595418559,0.009393424864466723,0.011154146579889944,0,-0.014109198157391867,train
2024-11-15,226.3999938964844,226.9199981689453,224.2700042724609,225.0,47923700.0,10782832500.0,-0.014109198157391867,-0.00863591230122851,0.009375964755079735,0.06464021433651368,46.16937889463263,-0.24645089036508894,-0.391900185432156,0.01773613049842816,43959100.0,-0.013263923473991968,0.011565361622729756,0.011087030570358663,1,0.013422241210937269,val
2024-11-18,225.25,229.7400054931641,225.1699981689453,228.0200042724609,44633700.0,10177376464.69574,0.013422241210937269,0.01690232625936039,0.0270708973214262,-0.07112098222728136,51.542650153121606,-0.02665932730197318,0.0602880133471497,0.017735971199330586,130598400.0,0.0018387591189350516,0.01147221819521478,0.011479024110512636,1,0.0011402267431119828,val
2024-11-19,226.97999572753903,230.16000366210935,226.66000366210935,228.27999877929688,36211800.0,8266429659.796143,0.0011402267431119828,0.01806182548689428,0.021615582443590187,-0.20910414130354482,51.98698426767606,0.13505504038447314,0.17290326931043887,0.017545505291831083,126411900.0,0.004654023842686872,0.011398571229966382,0.01149492286409673,1,0.0031540267415159917,val
2024-11-20,228.05999755859372,229.92999267578125,225.88999938964844,229.0,35169600.0,8053838400.0,0.0031540267415159917,0.01723527437353023,0.028196833445029323,-0.02920295865688871,53.26502804403527,0.28093914884019644,0.3110832188994495,0.017501165418574646,113015300.0,0.008213194723510009,0.011398490441145536,0.010513110097519974,0,-0.002096051211961103,val
2024-11-21,228.8800048828125,230.16000366210935,225.7100067138672,228.5200042724609,42108300.0,9622588895.906069,-0.002096051211961103,0.0013145344411231719,0.004571868139858548,0.18006279312357165,52.266186988689235,0.33203235249239305,0.2536017142941143,0.017676153803996338,25983100.0,0.006554161101423928,0.00992988786035621,0.010520101518020158,1,0.005907539031537068,val
2024-11-22,228.05999755859372,230.72000122070312,228.05999755859372,229.8699951171875,38168300.0,8773746934.631348,0.005907539031537068,0.021644422743055447,0.01282159110520742,-0.09823954027880077,54.83165463044426,0.4370627622208891,0.5097083056172906,0.01714373232403818,112075100.0,0.012843936378712284,0.005873802062853683,0.010577862209984447,1,0.013050855108212911,val
2024-11-25,231.4600067138672,233.25,229.7400054931641,232.8699951171875,90152800.0,20993882095.80078,0.013050855108212911,0.02127002347974405,0.038531862615503565,0.8595006652347159,59.97921167051378,0.6746976752716698,1.0553733391474343,0.016790723612702556,157594200.0,0.02618223592146096,0.005730291321307063,0.010818636375698696,1,0.009404399395912533,val
2024-11-26,233.3300018310547,235.57000732421875,233.3300018310547,235.05999755859372,45986200.0,10809516059.729004,0.009404399395912533,0.029700362780586076,0.04829863103692067,-0.6731646463790604,63.26997213941714,0.9297593828467909,1.3652755551947129,0.01626658761810702,167368600.0,0.035515722609951395,0.005807141064115104,0.011022647393010574,0,-0.000553071063399746,val
2024-11-27,234.47000122070312,235.69000244140625,233.80999755859372,234.92999267578125,33498400.0,7869778866.650391,-0.000553071063399746,0.025895164523062286,0.043576749162095085,-0.3168436668771868,62.93912219761926,1.0321965542601288,1.1745492441922545,0.015684647428865467,98700600.0,0.03384312063525585,0.006444519082334571,0.010397601664873331,1,0.01021584825308186,val
2024-11-29,234.80999755859372,237.80999755859372,233.97000122070312,237.3300018310547,28481400.0,6759490714.151001,0.01021584825308186,0.038552412891125876,0.03991762580678282,-0.1622464285989622,66.42918485267982,1.1927086980384647,1.2600692091918142,0.015572746600965312,169290300.0,0.04178693726133975,0.005223676908942233,0.009526894243893925,1,0.009522582435425697,val
2024-12-02,237.2700042724609,240.7899932861328,237.16000366210935,239.58999633789065,48137100.0,11533167612.716677,0.009522582435425697,0.04228477586101609,0.06484442816840286,0.5248019326009121,69.35567305592012,1.3695529654388499,1.289148125278874,0.015406208864272297,179259100.0,0.04787124977331092,0.0051799714625687466,0.008880069843051444,1,0.01277180852859261,val
2024-12-03,239.80999755859372,242.75999450683597,238.8999938964844,242.6499938964844,38861000.0,9429621412.81128,0.01277180852859261,0.041997676748244395,0.06416099179851842,-0.21406200759761873,72.81161672148149,1.5952962603711685,1.3578739597612979,0.015261622485142736,127967300.0,0.05648595120979638,0.005117494172621774,0.008909409609018926,1,0.0014836209330593153,val
2024-12-04,242.8699951171875,244.1100006103516,241.25,243.00999450683597,44383900.0,10785731295.191956,0.0014836209330593153,0.03382113941467457,0.06452600230552918,0.13288561084351613,73.19462250805336,1.663911181461217,1.185954370791132,0.014991160152301362,126365000.0,0.05356711578298157,0.005852605586096939,0.008920703499347388,1,0.00012344668933361724,val
2024-12-05,243.9900054931641,244.5399932861328,242.1300048828125,243.0399932861328,40033900.0,9729838787.217712,0.00012344668933361724,0.03452092479968649,0.061310014349925,-0.10315019342898779,73.22846639467389,1.6055918382943792,1.046679277812727,0.01462693162782442,199897300.0,0.04907614692067397,0.00564757624611202,0.008801919741764435,0,-0.0008228972752097885,val
2024-12-06,242.91000366210935,244.6300048828125,242.0800018310547,242.83999633789065,36870600.0,8953656368.97583,-0.0008228972752097885,0.023216594886129593,0.06266406352923148,-0.08231210753889329,72.57062133947468,1.4524324951567502,0.9076043663704216,0.014343390570874985,134545300.0,0.044749464937821504,0.0061271567830274,0.007904430010828004,1,0.016101151873964437,val
2024-12-09,241.8300018310547,247.2400054931641,241.75,246.75,44649200.0,11017190100.0,0.016101151873964437,0.029884401567466412,0.0734328326505036,0.19142189979702806,76.9334216158168,1.5068383930331213,1.0769526901058069,0.014697044831761152,131057400.0,0.05707114205871111,0.007895420096196988,0.008280634465175879,1,0.004133755916761572,val
2024-12-10,246.88999938964844,248.2100067138672,245.33999633789065,247.7700042724609,36914800.0,9146380153.71704,0.004133755916761572,0.02110039359061644,0.06398423784814034,-0.1902238306915187,77.92005728995143,1.5006227167202724,1.0247052732599238,0.014418456942390771,129111200.0,0.05611562570029127,0.006907753444101534,0.007347373740763083,0,-0.005166076430661359,val
2024-12-11,247.9600067138672,250.8000030517578,246.25999450683597,246.4900054931641,45205800.0,11142777890.322876,-0.005166076430661359,0.014320443870592392,0.04862591701389429,0.2026128375771492,73.66201955129264,1.306535403911084,0.8391637402023789,0.014773709221933093,39521500.0,0.045698703776807514,0.008099690635746407,0.007619274545017147,1,0.005963735599591624,val
2024-12-12,246.88999938964844,248.7400054931641,245.67999267578125,247.9600067138672,32777500.0,8127509120.063782,0.005963735599591624,0.020243637111781787,0.05546339098587638,-0.3214830844110317,75.3293930716551,1.1773888837041109,0.8645849009810008,0.014518598370478166,32265100.0,0.046863158288858564,0.008024657746778947,0.007621277346410468,1,0.0006855870476785153,val
2024-12-13,247.82000732421875,249.2899932861328,246.2400054931641,248.1300048828125,33155300.0,8226824750.891113,0.0006855870476785153,0.021783926143538856,0.04550626961797222,0.011460278449821004,75.52238130300933,1.010069403035459,0.7925702766996455,0.014350311632279907,102291000.0,0.043196418190339925,0.007821826905202183,0.007374736365463155,1,0.011727676403724852,val
2024-12-16,247.9900054931641,251.3800048828125,247.6499938964844,251.0399932861328,51694800.0,12977462244.92798,0.011727676403724852,0.017385991027893954,0.047789962532886365,0.4441546021793883,78.60732836132793,1.0001526370969938,0.9316113283225551,0.014232128620396927,109336600.0,0.049684807740995485,0.006268637704637736,0.006158213268057418,1,0.009719576588042456,val
2024-12-17,250.0800018310547,253.8300018310547,249.77999877929688,253.47999572753903,51356400.0,13017820052.581787,0.009719576588042456,0.02304553156805511,0.04463219494526238,-0.006567632590492423,80.79316653807618,1.057139740324832,1.0076815952026223,0.01422959237582757,123778200.0,0.05427554866816786,0.006884248718659358,0.0059602576443631315,0,-0.021421779893107673,val
2024-12-18,252.16000366210935,254.27999877929688,247.7400054931641,248.0500030517578,56774100.0,14082815678.260803,-0.021421779893107673,0.006328847108719726,0.020739922879098094,0.10029067049321583,64.90056115470438,0.6484193965438889,0.5389911137247861,0.015385698107802855,112209900.0,0.027466787488562794,0.01339801112965895,0.008420906535588264,1,0.007014675319362729,val
2024-12-19,247.5,252.0,247.08999633789065,249.7899932861328,60882300.0,15207789308.244324,0.007014675319362729,0.00738016826389809,0.027773206823838104,0.06986225507070642,67.13171618936876,0.42532212300202676,0.6294445124444482,0.015591238680867764,140314700.0,0.03023814365127464,0.01349666179476317,0.008440008636798542,1,0.018815854651340835,val
2024-12-20,248.0399932861328,255.0,245.69000244140625,254.4900054931641,147495300.0,37536079707.21588,0.018815854651340835,0.025631727260696735,0.0479740130578139,0.8848538091424984,72.26100503130063,0.5181972134911188,0.9677003404419053,0.016823270219774523,254654700.0,0.04403158521843964,0.015495456542337926,0.008878366672875079,1,0.0030649485734628445,val
2024-12-23,254.7700042724609,255.6499938964844,253.4499969482422,255.2700042724609,40858800.0,10430026050.567629,0.0030649485734628445,0.016849948611601384,0.03452889269487702,-1.2836740727881732,73.01367315571285,0.552901819278655,0.9792584591676826,0.01618946876367382,243818700.0,0.04180357845062166,0.015057199656680073,0.008893126156487659,1,0.011478073747525075,val
2024-12-24,255.4900054931641,258.2099914550781,255.2899932861328,258.20001220703125,23234700.0,5999199823.626709,0.011478073747525075,0.018620863811934285,0.0420955230847917,-0.5644753509202971,75.68289255598583,0.685275405812293,1.1486242971978755,0.015675804854979863,215697000.0,0.04834277990679525,0.01525975803532989,0.008827616597690359,1,0.003175742710589624,val
2024-12-26,258.19000244140625,260.1000061035156,257.6300048828125,259.0199890136719,27237100.0,7054953342.764282,0.003175742710589624,0.04422489750836678,0.05083363723181589,0.15893315730509627,76.38679565533403,0.7357076367380859,1.1127499604098798,0.015191163567368087,299708200.0,0.046581356193375,0.006617387428826702,0.008781721682189016,0,-0.013242192962953814,val
2024-12-27,257.8299865722656,258.70001220703125,253.05999755859372,255.58999633789065,42355300.0,10825590971.89026,-0.013242192962953814,0.02321951722507154,0.030771049433097053,0.44151353321533193,67.57501959271548,0.4592369223692918,0.7376743866324927,0.015960994320594456,196470600.0,0.028429779921310017,0.01195941115505859,0.009615366109085411,0,-0.013263427513676596,val
2024-12-30,252.22999572753903,253.5,250.75,252.1999969482422,35557500.0,8967601391.487122,-0.013263427513676596,-0.00899842231715231,0.016402659836934674,-0.17494245187154078,60.18531908420924,-0.00613158900507127,0.3377170188624446,0.01639093499420379,13417800.0,0.011762431155539987,0.011034693546171339,0.010262413232888432,0,-0.007057885808230857,val
2024-12-31,252.44000244140625,253.27999877929688,249.42999267578125,250.4199981689453,39480700.0,9886756821.70868,-0.007057885808230857,-0.01899951432734326,-0.0024697065558030307,0.10466083764767475,56.680397450696596,-0.4627417408034997,0.077248239645183,0.016426496442070584,-66921700.0,0.0024438574649108258,0.01085592212584236,0.010384681174847324,0,-0.02623589215505573,val
2025-01-02,248.92999267578125,249.1000061035156,241.82000732421875,243.8500061035156,55740700.0,13592370035.214231,-0.02623589215505573,-0.055577093048351456,-0.03799112271713356,0.3448986279882007,46.026161198863825,-1.1945575630205258,-0.7745216592496991,0.01818324819334888,-145897100.0,-0.02409055073429134,0.010703359720965897,0.01186494456168976,0,-0.0020094545044054835,val
2025-01-03,243.3600006103516,244.17999267578125,241.88999938964844,243.3600006103516,40244100.0,9793804200.56305,-0.0020094545044054835,-0.06045860963453942,-0.01890748794075847,-0.3257471641040439,45.34160809848976,-1.669770795762192,-0.8440859566961677,0.0175905773087228,-213378300.0,-0.026119804780290967,0.009074428633240423,0.01187252649695282,1,0.006738984983297502,val
2025-01-06,244.30999755859372,247.3300018310547,243.1999969482422,245.0,45045600.0,11036172000.0,0.006738984983297502,-0.04143353217897716,-0.019176081568031078,0.11271189811019866,48.1226503625797,-1.8195013527812325,-0.6615700397357226,0.017428852082345868,-125977400.0,-0.01994119886465351,0.012385427379846676,0.011963868983618115,0,-0.011387727698501271,val
2025-01-07,242.97999572753903,245.5500030517578,241.3500061035156,242.2100067138672,40856000.0,9895732034.301758,-0.011387727698501271,-0.03961138126589747,-0.04825336364585353,-0.09762161840618688,44.01930496607496,-2.0359413227551175,-1.0168304611928274,0.01760894889776162,-131275900.0,-0.03097973975280377,0.012227386200619401,0.01225368379956127,1,0.0020229974847978394,val
2025-01-08,241.9199981689453,243.7100067138672,240.0500030517578,242.6999969482422,37628900.0,9132533915.16571,0.0020229974847978394,-0.030828213709573005,-0.04924200694885483,-0.08228131506389857,44.90778509557819,-2.0688861117744377,-0.885439869317415,0.017395323916969983,-54166300.0,-0.028232135209668274,0.013047431368341083,0.011666864068650506,0,-0.02410379447171629,val
2025-01-10,240.00999450683597,240.16000366210935,233.0,236.8500061035156,61710900.0,14616227041.653442,-0.02410379447171629,-0.02870617110843321,-0.08268785861402939,0.49468819401970165,37.296908014547334,-2.384980027159911,-1.3491788708742136,0.019477059345653542,-60136500.0,-0.04957763653074776,0.012237561412545261,0.012705559541286271,0,-0.010344150913639494,val
2025-01-13,233.52999877929688,234.6699981689453,229.72000122070312,234.3999938964844,49630700.0,11633435777.078247,-0.010344150913639494,-0.036817910467600745,-0.0950505604256201,-0.2178509787562959,34.64844129756294,-2.639561618475158,-1.349438139434954,0.020447601095105895,-69523100.0,-0.05712179405876239,0.012168498658914988,0.012821962342222125,0,-0.004778136289893209,val
2025-01-14,234.75,236.1199951171875,232.47000122070312,233.27999877929688,39435300.0,9199466735.861206,-0.004778136289893209,-0.04783673967633928,-0.08728822676259951,-0.22994823438674317,33.4780934210047,-2.7513482106937217,-1.2305759759951076,0.0201958170059907,-154004000.0,-0.05884821590198008,0.009648632201209668,0.0126758751689469,1,0.019675910330543056,val
2025-01-15,234.63999938964844,238.9600067138672,234.42999267578125,237.8699951171875,39832000.0,9474837645.507812,0.019675910330543056,-0.017918382710780056,-0.05681999208745259,0.010009254811009782,42.10842579451355,-2.397104431800086,-0.765557716097249,0.020097007210705287,-73316000.0,-0.03833988401738608,0.016129309919519656,0.013638801750135722,0,-0.040400222002010544,val
2025-01-16,237.3500061035156,238.00999450683597,228.02999877929688,228.25999450683597,71759100.0,16379731771.81549,-0.040400222002010544,-0.05949733260394585,-0.08849134982885487,0.5886440553560597,32.57849730637865,-2.6700790346219136,-1.2767106035666003,0.02257018079487367,-182704000.0,-0.07292220881365707,0.022423951509077205,0.0156985519947911,1,0.007535272330218001,val
2025-01-17,232.1199951171875,232.2899932861328,228.47999572753903,229.97999572753903,68488300.0,15750938941.386414,0.007535272330218001,-0.029005742870760187,-0.05687927016121819,-0.04665174744035738,35.39665732224785,-2.5927322899854914,-1.00603677842898,0.022052942980666526,-52504800.0,-0.06145745464465313,0.0226142959022702,0.015600783832965776,0,-0.031915803436166734,val
2025-01-21,224.0,224.4199981689453,219.3800048828125,222.63999938964844,98070400.0,21834393796.14258,-0.031915803436166734,-0.05017062633555103,-0.08514135917462606,0.3590226559509233,29.69278356166012,-2.8721440728163996,-1.244178650840286,0.024553589258985865,-100944500.0,-0.0866763211750482,0.025592413375318646,0.016349992101346904,1,0.00534496247156202,val
2025-01-22,219.7899932861328,224.1199951171875,219.7899932861328,223.8300018310547,64126500.0,14353434612.419128,0.00534496247156202,-0.040509246389283105,-0.08640815579161354,-0.4248278876875595,31.616735313492242,-2.80960716996125,-1.0168386013404622,0.024060334527964286,2617300.0,-0.0768792890054113,0.02649111752384713,0.01628815853505459,0,-0.0007594967946864539,val
2025-01-23,224.7400054931641,227.02999877929688,222.3000030517578,223.66000366210935,60234800.0,13472115588.586426,-0.0007594967946864539,-0.05973847793656173,-0.07658644373711498,-0.06260743563809967,31.48418893769876,-2.6164101420278,-0.9067921071702567,0.023869302858491058,-97449500.0,-0.0716786286773099,0.022427815928550112,0.015319278885336641,0,-0.003934565270516277,val
2025-01-24,224.77999877929688,225.6300048828125,221.41000366210935,222.77999877929688,54697900.0,12185598095.230104,-0.003934565270516277,-0.024007692365799027,-0.08207663131200371,-0.09642493923794149,30.765177529677374,-2.390793228264576,-0.8504575611044343,0.02360493708262964,-80388300.0,-0.06905413925555215,0.01586983007557341,0.01517277042291581,1,0.031780240011890504,val
2025-01-27,224.0200042724609,232.1499938964844,223.97999572753903,229.8600006103516,94863400.0,21805301181.900024,0.031780240011890504,-0.0005217632812273276,-0.02951237202041279,0.5506126368941473,42.20164108088102,-1.6432452357476839,-0.43632528513143926,0.024155447731749154,-54013200.0,-0.03374696658539533,0.02276606747343441,0.017017992353558303,1,0.036543956643956044,val
2025-01-28,230.8500061035156,240.19000244140625,230.80999755859372,238.25999450683597,75707600.0,18038092360.12573,0.036543956643956044,0.07015808102770671,0.016467579824495315,-0.2255594077285643,52.27440782165951,-0.519764557425332,0.08506231246098395,0.02473613151541855,119764800.0,0.005953114943285875,0.018964162798104586,0.01939875595667438,1,0.004616830894303092,val
2025-01-29,234.1199951171875,239.8600006103516,234.00999450683597,239.3600006103516,45486100.0,10887552923.762512,0.004616830894303092,0.0693830078731752,0.026063108122728273,-0.5094717581507382,53.41923696243961,0.31576521343124675,0.22131360522599147,0.02460943562596145,101124400.0,0.014071861867440694,0.01904788393486057,0.019361428079699712,0,-0.0073947370820001135,val
2025-01-30,238.6699981689453,240.7899932861328,237.2100067138672,237.58999633789065,55658300.0,13223855293.173218,-0.0073947370820001135,0.06228200146516061,-0.0011771084417725453,0.20182442425493718,51.287353115317565,0.7431360326671541,0.16655933377521695,0.024098139246968953,105700900.0,0.009697914747258007,0.020479999718807478,0.01924334501726558,0,-0.006692185539787787,val
2025-01-31,247.19000244140625,247.19000244140625,233.44000244140625,236.0,100959800.0,23826512800.0,-0.006692185539787787,0.05934105975913884,0.03390872548598178,0.5954911966951748,49.38087792365253,0.902071172352557,0.11377906545338332,0.026689224758076672,59439000.0,0.006023353771617224,0.021056269258479896,0.01923926268536874,0,-0.03385595547950859,val
2025-02-03,229.9900054931641,231.8300018310547,225.6999969482422,228.00999450683597,73063300.0,16659162631.651306,-0.03385595547950859,-0.008048403804938986,-0.008565967724588397,-0.32339622532468937,41.11075504333324,0.47393475053555134,-0.476798110016187,0.028877977416522323,-108487700.0,-0.024743918610227622,0.02546207841802295,0.01979552619017863,1,0.02100788851507218,val
2025-02-04,227.25,233.1300048828125,226.6499938964844,232.8000030517578,45067300.0,10491667577.534485,0.02100788851507218,-0.022916106694199967,0.045634224263215506,-0.483169252103135,46.856868433341816,0.5147873124325226,-0.040379638912870275,0.028251744881170403,-139128000.0,-0.0020019805805846502,0.020054423895552665,0.020522050959544996,0,-0.0014175336199687694,val
2025-02-05,228.52999877929688,232.6699981689453,228.2700042724609,232.47000122070312,39620300.0,9210531189.364624,-0.0014175336199687694,-0.028785090959556503,0.038600720720941784,-0.12881531187079176,46.520090597032606,0.5195311193617882,-0.01603494139328017,0.02766288741888166,-224234400.0,-0.0007328813982764304,0.019546488637573873,0.02041972141221053,1,0.00322622272147699,val
2025-02-06,231.2899932861328,233.8000030517578,230.42999267578125,233.22000122070312,29925300.0,6979178502.529907,0.00322622272147699,-0.018393009741759947,0.042743438263715516,-0.2806373285417081,47.44461224346649,0.5691330572875031,0.10323206312399015,0.026636498663807826,-138650800.0,0.004431706592892937,0.019886419329925388,0.02034336688151707,0,-0.023968769010513147,val
2025-02-07,232.6000061035156,234.0,227.25999450683597,227.6300048828125,39707200.0,9038550129.882812,-0.023968769010513147,-0.03546608100503179,0.02177038392176489,0.28282824676225005,41.66343321006526,0.23835006286792693,-0.4131691836188279,0.027456253844842952,-77398200.0,-0.016451501449849415,0.021962256454434108,0.02091570500794227,1,8.781361526666309e-05,val
2025-02-10,229.57000732421875,230.58999633789065,227.1999969482422,227.6499938964844,33115600.0,7538766137.878418,8.781361526666309e-05,-0.001578880834281926,-0.009614577168706617,-0.18152805598784738,41.6907941598393,0.043962264476991475,-0.36660248285278546,0.02655651696427207,28780700.0,-0.01440618566747176,0.01603147149806618,0.020321584246263836,1,0.021831765227118938,val
2025-02-11,228.1999969482422,235.22999572753903,228.1300048828125,232.6199951171875,53718400.0,12495973945.703123,0.021831765227118938,-0.0007732299493582451,-0.02367161722353961,0.48375110511416963,48.19656383588389,0.2610524781733172,0.1923036428750972,0.026460286445899737,37431800.0,0.007499275361416036,0.01630599520500133,0.020874199447332438,1,0.018270140526221557,val
2025-02-12,231.1999969482422,236.9600067138672,230.67999267578125,236.8699951171875,45243300.0,10716780250.08545,0.018270140526221557,0.01892714704426357,-0.01040276356456693,-0.1717009907741378,53.02337680292602,0.6781251232112182,0.6280125720998627,0.026023167610622143,122295400.0,0.025109477080757836,0.018163862555782964,0.021239620282837164,1,0.01967325435120615,val
2025-02-13,236.91000366210935,242.33999633789065,235.57000732421875,241.52999877929688,53614100.0,12949413507.5531,0.01967325435120615,0.03563158183302528,0.016583200059496317,0.16975749684850427,57.679598918275445,1.2232991362238308,1.056997229437317,0.02570026440255545,145984200.0,0.044449538163648716,0.019456950925793227,0.02123949723779334,1,0.012710666748373622,val
2025-02-14,241.25,245.5500030517578,240.9900054931641,244.6000061035156,40896200.0,10003210769.610596,0.012710666748373622,0.07455080989625906,0.03644070382845599,-0.2707749381868254,60.46011333398078,1.715927684385407,1.158269190240044,0.024896623705844945,226587600.0,0.054001443005883276,0.008741324939694154,0.018995244796229868,0,-0.0005314999164695022,val
2025-02-18,244.1499938964844,245.17999267578125,241.83999633789065,244.47000122070312,48822500.0,11935636634.597778,-0.0005314999164695022,0.07388538447256465,0.07218984742080536,0.17715411900806544,60.279499940344486,1.9416691010985243,0.9982281161586822,0.0241064582745183,144649500.0,0.05016270584932703,0.008997492052247948,0.0189937012223541,1,0.001636167605379324,val
2025-02-19,244.66000366210935,246.00999450683597,243.16000366210935,244.8699951171875,32204200.0,7885842296.75293,0.001636167605379324,0.05266099328146234,0.051847044274935916,-0.41609438277821553,60.668810745888194,2.0176949234788126,0.9328275000436661,0.023179345576553833,123135300.0,0.046882463831531274,0.009348293231156346,0.017114784736741016,1,0.003920475080696484,val
2025-02-20,244.94000244140625,246.77999877929688,244.2899932861328,245.8300018310547,32316900.0,7944463586.174011,0.003920475080696484,0.037826685095486035,0.05746978337074893,0.0034934342757075854,61.64057174547771,2.027036487413442,0.9172562869664656,0.0221631226053347,110208900.0,0.046067311762227,0.008471127957570828,0.017115837920397003,0,-0.001138993520771736,val
2025-02-21,245.9499969482422,248.69000244140625,245.22000122070312,245.5500030517578,53197400.0,13062621732.34558,-0.001138993520771736,0.016643912941573413,0.052868543720598016,0.49841919761612274,61.16589465651624,1.9103376699485026,0.8224384174386624,0.021612905842792362,3397400.0,0.040032036551527206,0.005614649513371081,0.01712257846605962,1,0.006312372357947238,val
2025-02-24,244.92999267578125,248.8600006103516,244.4199981689453,247.1000061035156,51326400.0,12682753753.271484,0.006312372357947238,0.010220768346759446,0.0855335448010317,-0.03580428259926194,62.870454840412144,1.8331891237460343,0.8988809734073521,0.021226697945053125,13827600.0,0.04123433862259174,0.003109302328714439,0.016999745320000977,0,-0.00024286853865007618,val
2025-02-25,248.0,250.0,244.91000366210935,247.0399932861328,48013300.0,11861205309.64508,-0.00024286853865007618,0.010512504816938772,0.08517460974967261,-0.0667271824832234,62.75560043167543,1.6779485153216764,0.8057795368747002,0.021187003210147066,14636800.0,0.03722703833200147,0.00305177939485999,0.015846402874639245,0,-0.02704012652738441,val
2025-02-26,244.3300018310547,244.97999572753903,239.1300048828125,240.3600006103516,44433600.0,10680060123.120115,-0.02704012652738441,-0.018417913981978673,0.03327317365502003,-0.07748211418387996,51.481776523367614,1.0556032512443172,0.1887486673749529,0.02257104548852214,-62001000.0,0.008735580468006043,0.013431045496224077,0.015284886985567058,0,-0.012730893454915404,val
2025-02-27,239.41000366210935,242.4600067138672,237.05999755859372,237.3000030517578,41153600.0,9765749405.59082,-0.012730893454915404,-0.03469877035252622,0.0018153752836342907,-0.07668453009702958,47.29071163984603,0.40172390351846987,-0.07937446104751097,0.022854524945815944,-135471500.0,-0.0036758469053013165,0.01314984984633979,0.015532211744432227,1,0.019131872009047646,val
2025-02-28,236.9499969482422,242.08999633789065,230.1999969482422,241.83999633789065,56833400.0,13744589247.869871,0.019131872009047646,-0.015108966270650614,0.001283474351676972,0.3228127662632083,53.35765635773462,0.24645508968023688,0.31105623265553534,0.0243354300214328,-25440700.0,0.014480580467666426,0.017725142743471853,0.0160208994150094,0,-0.01575420780800285,val
2025-03-03,241.7899932861328,244.02999877929688,236.1100006103516,238.02999877929688,47184000.0,11231207462.402344,-0.01575420780800285,-0.036705815864768065,-0.026860209158941162,-0.18606932540404486,48.33012305608364,-0.1215934830290073,-0.04156035700415459,0.025335534715420494,-123951100.0,-0.0019267132752449623,0.017600313062905066,0.01637442630713151,0,-0.00882244302938795,val
2025-03-04,237.7100067138672,240.07000732421875,234.67999267578125,235.92999267578125,53798100.0,12692585338.970947,-0.00882244302938795,-0.04497247778615121,-0.03493274635856902,0.13118329588045796,45.77022985618298,-0.49430977606188375,-0.2858284240163766,0.025367101051629454,-129735900.0,-0.012372064868979349,0.01714941317943248,0.014449064937884747,0,-0.0008052693108766551,val
2025-03-05,235.4199981689453,236.5500030517578,229.22999572753903,235.7400054931641,47227600.0,11133434683.428955,-0.0008052693108766551,-0.019221147884239675,-0.03728504841785152,-0.13025968051590908,45.53524490439122,-0.7273937244521118,-0.32453460804880974,0.025792090829428842,-132529900.0,-0.013774253316447327,0.01398863797246327,0.013728839567946927,0,-0.0017392197020258404,val
2025-03-06,234.44000244140625,237.8600006103516,233.16000366210935,235.3300018310547,45170400.0,10629950314.709473,-0.0017392197020258404,-0.008301732808125739,-0.04271244324041479,-0.044536461430375596,44.99833487329742,-0.8731232389087027,-0.38719012078578086,0.02541809238582357,-136546700.0,-0.016078143031803438,0.013066816319806386,0.013731660594845721,1,0.015892599600832114,val
2025-03-07,235.1100006103516,241.3699951171875,234.75999450683597,239.07000732421875,46273600.0,11062629890.917969,0.015892599600832114,-0.01145380853298461,-0.02638971959683989,0.024129598494976534,50.70786840807546,-0.689627390970303,-0.04122234243225961,0.025208192007600366,-147106500.0,-0.0016619870139146231,0.0118010868921585,0.014140255083822205,0,-0.04847957184759577,val
2025-03-10,235.5399932861328,236.16000366210935,224.22000122070312,227.47999572753903,72071200.0,16394756268.078611,-0.04847957184759577,-0.044322157315725086,-0.07940109223533287,0.4430829074559064,37.66085118324161,-1.2861526962366854,-1.2375448720833637,0.02926310704752936,-171993700.0,-0.05003123215140093,0.02396853830018662,0.01718344333717373,0,-0.029189377151217055,val
2025-03-11,223.80999755859372,225.83999633789065,217.4499969482422,220.83999633789065,76137400.0,16814183137.176514,-0.029189377151217055,-0.0639596355119949,-0.10605569001087267,0.05488508273105808,32.50136622394514,-2.0214796895192206,-1.6505574770601534,0.031233999223922226,-194333000.0,-0.07644698636777914,0.02564713746275461,0.018390052355046645,0,-0.017478720677235104,val
2025-03-12,220.13999938964844,221.75,214.91000366210935,216.97999572753903,62547500.0,13571556282.76825,-0.017478720677235104,-0.07957923699195402,-0.0972707805934564,-0.196613331806212,29.93401542136712,-2.6232374471301876,-1.5710209330793414,0.03177064041557707,-209652900.0,-0.08961224824583369,0.02475570092653065,0.01787498707452027,0,-0.03364366852013567,val
2025-03-13,215.9499969482422,216.83999633789065,208.4199981689453,209.67999267578125,61368300.0,12867704694.525146,-0.03364366852013567,-0.10899591618448967,-0.11639279401927494,-0.019032852595081806,25.78560863643294,-3.3232854900460156,-1.5803748955279797,0.03344440353640299,-225850800.0,-0.11519402381731247,0.024202481379994038,0.01833804978071159,1,0.018170607356297053,val
2025-03-14,211.25,213.9499969482422,209.5800018310547,213.4900054931641,60107600.0,12832371854.180908,0.018170607356297053,-0.10699795477215135,-0.11722622921775483,-0.02075712539142316,31.1487158723928,-3.3316526067984435,-1.1438846509831797,0.03196338483914633,-212016800.0,-0.09375508359926865,0.02511211105420229,0.01823045344880333,1,0.002388844881322738,val
2025-03-17,213.30999755859372,215.22000122070312,209.97000122070312,214.0,48073400.0,10287707600.0,0.002388844881322738,-0.05925793907471544,-0.10095365669256529,-0.22340727569866203,31.858560661437153,-3.1090548499514745,-0.9701602240902583,0.031361889740842155,-91872200.0,-0.08565178144153274,0.021858817384079493,0.01781451141176964,0,-0.006121483918662407,val
2025-03-18,214.16000366210935,215.1499938964844,211.4900054931641,212.69000244140625,42432400.0,9024947259.594728,-0.006121483918662407,-0.03690451925209559,-0.09850375516398102,-0.12481678545775665,30.97516620294833,-2.8624232039870874,-0.905297247256956,0.03053027028566999,-58167200.0,-0.08503703807951646,0.01963162549242189,0.017759588890169535,1,0.011989294383784488,val
2025-03-19,214.22000122070312,218.75999450683597,213.75,215.2400054931641,54385400.0,11705913794.747925,0.011989294383784488,-0.00801912742481492,-0.08696020837496099,0.24818350894173236,34.767012175461815,-2.3607961575806558,-0.7053693359163227,0.030028032547353197,58765700.0,-0.06812826746460754,0.020239654305717076,0.01816429516773469,0,-0.005296410335227875,val
2025-03-20,213.9900054931641,217.4900054931641,212.22000122070312,214.1000061035156,48862900.0,10461547188.235474,-0.005296410335227875,0.02107980533254228,-0.09021372354715862,-0.10707731608737703,33.87118484303102,-1.9557456562399382,-0.6792348711831063,0.029789831955254177,71271100.0,-0.06665298235208361,0.01067523623666938,0.01800842349960933,1,0.019476870855058115,val
2025-03-21,211.55999755859372,218.83999633789065,211.27999877929688,218.2700042724609,94127800.0,20545275308.15735,0.019476870855058115,0.0223898011911845,-0.08700381651617872,0.6556350061895415,39.96484849539857,-1.2891316999181281,-0.4425679022215787,0.029607510171671673,105291300.0,-0.04278247913031852,0.011108982312962963,0.018912608212893485,1,0.011270405492856295,val
2025-03-24,221.0,221.47999572753903,218.5800018310547,220.72999572753903,44299500.0,9778228445.732117,0.011270405492856295,0.03144857816607027,-0.029672938837596585,-0.7536800310981242,43.285073593904066,-0.599710284140972,-0.28565776289297823,0.028225045781537884,101517400.0,-0.02636444504469626,0.011395902187193002,0.019109804156701438,1,0.013681893403326706,val
2025-03-25,220.7700042724609,224.1000061035156,220.0800018310547,223.75,34493600.0,7717943000.0,0.013681893403326706,0.05200055212581356,0.013176977496671238,-0.2501995843060705,47.1493724626681,0.10497136629880721,-0.09263557229716135,0.027138544078036956,178443400.0,-0.007947505692942114,0.009255633564163486,0.019557958340535073,0,-0.009921793165153625,val
2025-03-26,223.50999450683597,225.0200042724609,220.47000122070312,221.52999877929688,34466100.0,7635275090.927124,-0.009921793165153625,0.02922316077683118,0.02096968910199104,-0.00079756729394731,44.736334938570145,0.4476330996951523,-0.16594148330776584,0.026919683112510064,89591900.0,-0.01367314228968386,0.012741689228350306,0.018894689131987823,1,0.010472655337889769,val
2025-03-27,221.38999938964844,224.9900054931641,220.55999755859372,223.8500061035156,37094800.0,8303671206.408691,0.010472655337889769,0.04553946624030436,0.06757923465614013,0.07350056374342628,47.746067878971466,0.8341373609617335,-0.004405408105316161,0.02615135501185484,175549600.0,-0.0003505327038182404,0.011147225893018451,0.01903570015666116,0,-0.026580353115021604,val
2025-03-28,221.6699981689453,223.80999755859372,217.67999267578125,217.8999938964844,39818600.0,8676472696.966553,-0.026580353115021604,-0.0016951957150952435,0.020656650381047914,0.07085733989721987,41.50321372920521,0.6981855832977777,-0.2938207641291552,0.02696904492869074,41603200.0,-0.021692065748941225,0.017525822660364027,0.019015793413255055,1,0.019412625538381745,val
2025-03-31,217.00999450683597,225.6199951171875,216.22999572753903,222.1300048828125,65299300.0,14504933827.844238,0.019412625538381745,0.006342632095193812,0.03799067702248826,0.4946471668641266,46.8261582347537,0.8899692905594803,0.012695170717297616,0.02758526504220869,62603000.0,0.0008718905318285675,0.019161778195306234,0.019588686926630797,1,0.0047719692760685994,val
2025-04-01,219.80999755859372,223.67999267578125,218.8999938964844,223.19000244140625,36412700.0,8126950601.898193,0.0047719692760685994,-0.002502782384776525,0.049367623675177885,-0.5840636894313427,48.10062957542403,1.0727863603748258,0.1334744723531708,0.027023002059876112,64522100.0,0.008542727818836804,0.018121635231665958,0.019621570247882962,1,0.003136327526256366,val
2025-04-02,221.32000732421875,225.19000244140625,221.0200042724609,223.88999938964844,35905900.0,8038971929.084778,0.003136327526256366,0.010653187484114701,0.04018766807158003,-0.014015987107224959,48.97045027032877,1.2149802476176021,0.24601860904873923,0.02634470659647633,134894100.0,0.014421829152059917,0.017324135418109326,0.01966015845018292,0,-0.09245610346452682,val
2025-04-03,205.5399932861328,207.4900054931641,201.25,203.19000244140625,103419000.0,21013706862.487797,-0.09245610346452682,-0.0922939606825629,-0.05095751214894617,1.0578870520356354,31.92886619022468,-0.044208529443290345,-1.196711713499976,0.03491387746366005,-5619700.0,-0.07261523626714828,0.044670338779878374,0.028138790446618937,0,-0.07288743235713335,val
2025-04-04,193.88999938964844,199.8800048828125,187.33999633789065,188.3800048828125,125910900.0,23719095956.79932,-0.07288743235713335,-0.1354749419024568,-0.13694048107653622,0.19678581461189992,25.177914408415873,-1.7397612936756746,-1.7757090535190405,0.04097870729159805,-91712000.0,-0.1301476720652598,0.051137361020230525,0.031187306689105042,0,-0.036734249865053914,val
2025-04-07,177.1999969482422,194.1499938964844,174.6199951171875,181.4600067138672,160466300.0,29118215875.349422,-0.036734249865053914,-0.18309097049001233,-0.17790961706058872,0.24250943601499486,22.756734164521262,-3.1124482771468056,-1.5766129378769826,0.04719040496116773,-317477600.0,-0.15310279721604658,0.04388155687474496,0.030555819640877904,0,-0.049818186985832624,val
2025-04-08,186.6999969482422,190.33999633789065,169.2100067138672,172.4199981689453,120859500.0,20838594768.69965,-0.049818186985832624,-0.22747436586363012,-0.2294078294125349,-0.28345523572712494,20.04492376214273,-4.339010934511936,-1.462733454131312,0.054870671551488545,-474749800.0,-0.18609729764786231,0.03648811474594457,0.03154231021998913,1,0.15328852926139636,val
2025-04-09,171.9499969482422,200.6100006103516,171.88999938964844,198.8500061035156,184395900.0,36667125840.46326,0.15328852926139636,-0.11184060634416426,-0.10237887780777088,0.42245635984421526,41.85929923201112,-3.1361841829680683,-0.4397974249354132,0.0544956394675697,-326259800.0,-0.057301448270564825,0.09905131669375715,0.04848775295012037,0,-0.04239380274487825,val
2025-04-10,189.07000732421875,194.77999877929688,183.0,190.4199981689453,121880000.0,23208389376.83105,-0.04239380274487825,-0.06284760135353318,-0.14934110798777978,-0.4140481197028052,38.27256132213617,-2.6912541561843017,-0.6766966801503578,0.058788829482268254,-344720800.0,-0.0931258332602879,0.09215084942883767,0.04881461482792778,1,0.04059445332354672,val
2025-04-11,186.1000061035156,199.5399932861328,186.05999755859372,198.1499938964844,87435900.0,17325423051.33362,0.04059445332354672,0.0518631954582951,-0.09063790983574982,-0.33213099741191954,43.088118940755415,-1.7072554871893093,-0.37654378330789307,0.05731927293760485,-131374000.0,-0.05285199596497303,0.08650204925986768,0.049594850843497455,1,0.02205405253890369,val
2025-04-14,211.44000244140625,212.94000244140625,201.16000366210935,202.5200042724609,101352900.0,20525989741.026302,0.02205405253890369,0.11605861776364801,-0.08828163768643993,0.14770253115963072,45.66863655771058,-0.6474971079614491,-0.20727287288697455,0.057292959317443104,130445200.0,-0.02930024198688519,0.08192858623729665,0.04989272394783134,0,-0.0018763819612666044,val
2025-04-15,201.8600006103516,203.50999450683597,199.8000030517578,202.13999938964844,51343900.0,10378655914.66217,-0.0018763819612666044,0.17236980359773613,-0.09431427403332748,-0.6800623398751355,45.47554061390276,0.10253260449409751,-0.20133251985280728,0.05461158697525282,199960800.0,-0.02866575906034563,0.07338003456512844,0.04988151828700351,0,-0.03893338844835548,val
2025-04-16,198.3600006103516,200.6999969482422,192.3699951171875,194.2700042724609,59732400.0,11604213603.204346,-0.03893338844835548,-0.023032445011193392,-0.13229708873971713,0.15132844729710726,41.55662968546835,0.14088522084510657,-0.42412380096449037,0.05635728660166266,-44167500.0,-0.06175592774237526,0.03662769707563166,0.05045890269071203,1,0.013949613401343264,val
2025-04-17,197.1999969482422,198.8300018310547,194.4199981689453,196.97999572753903,52164700.0,10275402383.128357,0.013949613401343264,0.03445015030812848,-0.030562560358539215,-0.13546856340099467,43.36646611628824,0.4060308336583045,-0.30342220098363865,0.05326534048423771,129877200.0,-0.044718528064136676,0.0299668606575113,0.05061489046128216,0,-0.019392791899099593,val
2025-04-21,193.2700042724609,193.8000030517578,189.80999755859372,193.16000366210935,46742500.0,9028781471.176147,-0.019392791899099593,-0.025182893707187737,0.025374236412566198,-0.10975220363988925,41.41937259413178,0.3817728123393511,-0.3857267628924385,0.05309021406390656,-4301200.0,-0.05750551844042817,0.024795491290364194,0.05045342844130703,1,0.03406503264808891,val
2025-04-22,196.1199951171875,201.58999633789065,195.97000122070312,199.7400054931641,52976400.0,10581506427.008057,0.03406503264808891,-0.013727032987599253,0.10073844430151202,0.12519271379056462,45.9232982260348,0.8402270221160411,-0.13882553290889382,0.05068866885404151,-52677700.0,-0.02038292027271904,0.028375689532549205,0.05109179430670644,1,0.024331633507028494,val
2025-04-23,206.0,208.0,202.8000030517578,204.6000061035156,52929200.0,10829314643.0542,0.024331633507028494,0.01216981656918481,0.18663732905877173,-0.0008913598947337675,49.03977247851043,1.4655214724047267,0.05785824521589697,0.048833684287652675,51595400.0,0.008187230859457051,0.030820541161005324,0.05133824779279383,1,0.01842614321215863,val
2025-04-24,204.88999938964844,208.8300018310547,202.94000244140625,208.3699951171875,47311000.0,9858192838.989258,0.01842614321215863,0.07257935108166036,0.04787522615773043,-0.11221234261022417,51.38050729565643,2.089706971365146,0.2199469611300471,0.04654421047532999,158638800.0,0.03010420437925032,0.020270911074650948,0.051535182932199934,1,0.0043672490446504675,val
2025-04-25,206.3699951171875,209.75,206.1999969482422,209.27999877929688,38222300.0,7999162897.341919,0.0043672490446504675,0.06244290444990708,0.09904422220201115,-0.21332370665513878,51.95418002488254,2.4931961172623582,0.2946243448573275,0.04424333211523919,144696400.0,0.03834245030303207,0.020756627882913672,0.05147653109197568,1,0.0041093301575299,val
2025-04-28,210.0,211.5,207.4600067138672,210.13999938964844,38743100.0,8141475010.353088,0.0041093301575299,0.08790637505496135,0.06050974444858048,0.01353356015734164,52.52429896781814,2.728331920676397,0.3515756343902137,0.04228819291607731,230182000.0,0.044620299156125975,0.012968615120818107,0.051165921437261896,1,0.005091878401668248,val
2025-04-29,208.69000244140625,212.2400054931641,208.3699951171875,211.2100067138672,36827600.0,7778357643.255615,0.005091878401668248,0.05742465657985396,0.042909353437081466,-0.05070511001992983,53.26732356375442,2.852804620742769,0.43722558045195087,0.04037746366757232,214033200.0,0.052796883007994344,0.00947244546581791,0.050970960701688973,1,0.006107633374967891,val
2025-04-30,209.3000030517578,213.5800018310547,206.6699981689453,212.5,52286500.0,11110881250.0,0.006107633374967891,0.03861189472539639,0.051251610970777906,0.3504906394619667,54.19800611407812,2.908927638280826,0.5469922825972414,0.03958844386629539,213390500.0,0.062056583759602546,0.006090085657611277,0.05098023031254515,1,0.0038588579963234615,val
2025-05-01,209.0800018310547,214.55999755859372,208.8999938964844,213.32000732421875,57365700.0,12237251544.158936,0.0038588579963234615,0.0237558781159799,0.09805941541567309,0.09270835049026971,54.81403271406611,2.882644897025668,0.6575497437382807,0.038514597751700866,223445200.0,0.06897850400571603,0.0009085551779164573,0.05098375700872458,0,-0.03736171454649251,val
2025-05-02,206.08999633789065,206.9900054931641,202.16000366210935,205.3500061035156,101010600.0,20742527326.51977,-0.03736171454649251,-0.01877863483708153,0.042491677111994086,0.5657788905581285,48.04961616331536,2.2385616662568717,0.2705674347674237,0.04103347793804966,84212300.0,0.02848301403858544,0.018872606277114245,0.04713760128913977,0,-0.03145851727226501,val
2025-05-05,203.1000061035156,204.1000061035156,198.2100067138672,198.88999938964844,69018500.0,13727089422.87445,-0.03145851727226501,-0.053535738234870234,0.029664504135972436,-0.3808508726378399,43.37702662144103,1.332279151651222,-0.06388914779776064,0.041904327601426566,-23549300.0,-0.0064863982624896455,0.02171168842370904,0.04453299479600608,0,-0.0019106284075550706,val
2025-05-06,198.2100067138672,200.6499938964844,197.0200042724609,198.50999450683597,51216500.0,10166987133.659365,-0.0019106284075550706,-0.06012978459035001,-0.006158060240817553,-0.2983128338124956,43.111443077834934,0.6941390117434372,-0.1377021415883004,0.04029180419358651,-111593400.0,-0.012589504668694351,0.02063321830049624,0.04354216771566682,0,-0.01138478952886246,val
2025-05-07,199.1699981689453,199.44000244140625,193.25,196.25,68536700.0,13450327375.0,-0.01138478952886246,-0.07647058823529407,-0.040811367812428,0.2913076175316647,41.484652210424954,0.13595904910142131,-0.45541134515919635,0.04009762992546607,-232416600.0,-0.02958229357097364,0.018089124150365666,0.04179194997502523,1,0.006318499328224592,val
2025-05-08,197.72000122070312,200.0500030517578,194.67999267578125,197.4900054931641,50478900.0,9969078238.28888,0.006318499328224592,-0.07420776902091097,-0.05221476162105054,-0.30581393581312,42.760893870939015,-0.11979076233880726,-0.3535324437202663,0.038941966583666915,-239303400.0,-0.02312223792753776,0.018772864642502326,0.023826351310890403,1,0.0052660552797887394,val
2025-05-09,199.0,200.5399932861328,197.5399932861328,198.52999877929688,36453900.0,7237192722.50061,0.0052660552797887394,-0.033211624648215476,-0.051366590513681976,-0.32550697094985637,43.86669080692081,-0.1850676707384178,-0.3307792445444958,0.03706831927353887,-101838900.0,-0.0199437350894055,0.015576548499120374,0.021655169316499755,1,0.06175386381009962,val
2025-05-12,210.97000122070312,211.2700042724609,206.75,210.7899932861328,63775800.0,13443300453.817747,0.06175386381009962,0.05983203747298993,0.003093146941906655,0.559325347681785,54.922423334456155,0.5889181424113548,0.6075185768891855,0.03673570272639194,30955400.0,0.03734211302793877,0.028694189392654765,0.02401252012646617,1,0.010152281691776288,val
2025-05-13,210.42999267578125,213.3999938964844,209.0,212.92999267578125,51909300.0,11053046868.804932,0.010152281691776288,0.072641169553046,0.008143487085080059,-0.20587583959456524,56.53176030420324,1.2011872451336982,0.7014231580177709,0.0352448955103323,134081200.0,0.04519624507771147,0.027721941920925895,0.02367012595197526,0,-0.0028177845553216674,val
2025-05-14,212.42999267578125,213.94000244140625,210.5800018310547,212.3300018310547,49325800.0,10473347204.318235,-0.0028177845553216674,0.08193631506269905,-0.0007999913832720251,-0.05105069312849153,55.92887023337328,1.5024017642941794,0.5966844419217789,0.03395019854451787,153292100.0,0.039650990391278285,0.02593539733636924,0.023680793979011,0,-0.004144515024837148,val
2025-05-15,210.9499969482422,212.9600067138672,209.5399932861328,211.4499969482422,45029500.0,9521487637.580872,-0.004144515024837148,0.07068707816488118,-0.00876622122525239,-0.09112943825556385,55.002356080773225,1.5715690145066692,0.48645892788479234,0.03281167759287519,57783700.0,0.031005731946680326,0.027311035894311834,0.021650260604555372,0,-0.0008985691376137694,val
2025-05-16,212.3600006103516,212.57000732421875,209.7700042724609,211.25999450683597,54737900.0,11563928453.315737,-0.0008985691376137694,0.06412127036625259,0.028780074154666435,0.19523850522331188,54.791305552947925,1.5321200906548635,0.42788518696664185,0.031442090355564514,-33408100.0,0.026505644632401015,0.02793820576039825,0.021562356376877468,0,-0.011739069355409137,val
2025-05-19,207.91000366210935,209.47999572753903,204.25999450683597,208.77999877929688,46140500.0,9633213533.676147,-0.011739069355409137,-0.009535530959040917,0.0497259762682829,-0.17086524703003647,51.98730013980551,1.2770265976373079,0.19190804178756377,0.03193789991214735,-143324400.0,0.010620268157636614,0.00788903149547577,0.021195283937615585,0,-0.009196274452395903,val
2025-05-20,207.6699981689453,208.47000122070312,205.02999877929688,206.8600006103516,42496600.0,8790846701.937866,-0.009196274452395903,-0.028506984803555402,0.0420634040329293,-0.08226701468263897,49.859881283564064,0.9329708228233401,-0.007453263908614628,0.03122675477337964,-237730300.0,-0.0003962424573817902,0.004540296880646243,0.020159164921775805,0,-0.02305909435553888,val
2025-05-21,205.1699981689453,207.0399932861328,200.7100067138672,202.08999633789065,59211800.0,11966112445.159912,-0.02305909435553888,-0.048226842202505726,0.029757943123009722,0.33169676697886175,44.939624011138925,0.3671840248879142,-0.4235915633732436,0.031918011373269,-247616300.0,-0.022853606970750562,0.008531526207955723,0.020174320877355007,0,-0.003612230891026025,val
2025-05-22,200.7100067138672,202.75,199.6999969482422,201.3600006103516,46742400.0,9412049692.529297,-0.003612230891026025,-0.04771812004499765,0.019595903638381706,-0.23646916617214941,44.220430481463566,-0.05093298335631691,-0.44851426106819337,0.0308275310773582,-249329200.0,-0.024730459265599025,0.00862268893277314,0.019686393033863853,0,-0.03024432021966139,val
2025-05-23,193.6699981689453,197.6999969482422,193.4600067138672,195.2700042724609,78432900.0,15315592718.1015,-0.03024432021966139,-0.07568868053652089,-0.016420664518615458,0.5175917978696098,38.66166572838351,-0.696521674225663,-0.8546226384005263,0.032408095659926604,-273024200.0,-0.05100707169907126,0.0108364068883898,0.02063914384207297,1,0.025298316860348224,val
2025-05-27,198.3000030517578,200.7400054931641,197.42999267578125,200.2100067138672,56288500.0,11269520962.913511,0.025298316860348224,-0.0410479553383325,-0.05019207224843936,-0.33175322576850164,44.730882818550064,-0.7453461151517546,-0.4092089281875802,0.03130223086907581,-170595200.0,-0.024645677254024778,0.02151113206521125,0.021560523418547715,1,0.0010488559414427723,val
2025-05-28,200.58999633789065,202.72999572753903,199.8999938964844,200.4199981689453,45339700.0,9086982590.98053,0.0010488559414427723,-0.031132178393138865,-0.05875167866033948,-0.21630721873011538,44.980100944600615,-0.7177302840011124,-0.35153326086431963,0.03004449965186512,-82758900.0,-0.021049734658676655,0.021872971795130817,0.021507454694702343,0,-0.0023450814539321962,val
2025-05-29,203.5800018310547,203.80999755859372,198.50999450683597,199.9499969482422,51396800.0,10276790003.149414,-0.0023450814539321962,-0.01058933855424704,-0.05830549039726818,0.1253928827310098,44.496480330105335,-0.6854105301911477,-0.3478269632465297,0.029857373513085515,-74943900.0,-0.020342783132420994,0.019716423255081716,0.021414300128582992,1,0.0045011711378339925,val
2025-05-30,199.3699951171875,201.9600067138672,196.77999877929688,200.8500061035156,70819900.0,14224177347.250366,0.0045011711378339925,-0.002532749827622749,-0.05013001181230192,0.32056411560237663,45.70044372846903,-0.562843652845685,-0.2327934657441066,0.02944264307956583,42618400.0,-0.012917794778714908,0.019880754088646476,0.021425328587798057,1,0.004231968229508221,val
2025-06-02,200.27999877929688,202.1300048828125,200.1199951171875,201.6999969482422,35423300.0,7144879501.896668,0.004231968229508221,0.03292872707069483,-0.04525228536955417,-0.6927702248258711,46.87254140640573,-0.3920460022789021,-0.14133146716264797,0.02793619466967759,156474600.0,-0.007850632594708862,0.010844991614683205,0.01985419456176815,1,0.0077838738124602624,val
2025-06-03,201.3500061035156,203.7700042724609,200.9600067138672,203.2700042724609,46381600.0,9427988030.163574,0.0077838738124602624,0.015283939143796,-0.0263913906459049,0.2695330264742033,49.059800739017994,-0.15312841074139594,-0.022062309407871426,0.026727818346793147,146567700.0,-0.0012038184798284224,0.003841348025261578,0.018552095266436412,0,-0.0022137892398476078,val
2025-06-04,202.91000366210935,206.2400054931641,202.1000061035156,202.82000732421875,43604000.0,8843763599.365234,-0.0022137892398476078,0.011974898598942962,-0.019530084473618037,-0.06175393822113051,48.444176952147295,-0.012601957794408314,-0.08376822837510961,0.026331766884681147,57624000.0,-0.004469103576354327,0.004487750653634044,0.018554937322827675,0,-0.010797763348392997,val
2025-06-05,203.5,204.75,200.1499938964844,200.6300048828125,55126100.0,11059949712.17041,-0.010797763348392997,0.0034008899472317555,-0.007224461782052161,0.23447439415688365,45.454745777938555,-0.05212615642799889,-0.31826000324081,0.02635552412871131,53894700.0,-0.016276065336641388,0.007378917494634615,0.01853437687279518,1,0.0163983113495636,val
2025-06-06,203.0,205.6999969482422,202.0500030517578,203.9199981689453,46607700.0,9504242098.658752,0.0163983113495636,0.01528499861656707,0.012713535711332824,-0.16785752136786058,50.40595838451862,0.1474086396083436,-0.03509145253043216,0.025854049514660447,29682500.0,-0.0017183141006763547,0.01026459199830104,0.018813981693565802,0,-0.012112599268742419,val
2025-06-09,204.38999938964844,206.0,200.0200042724609,201.4499969482422,72862600.0,14678170547.640991,-0.012112599268742419,-0.0012394645700671836,0.03164844851008608,0.4468097045544823,46.959560105073756,0.11839567130142536,-0.3043459688852044,0.02642202862900113,-78603400.0,-0.014514462453269594,0.01222214653371232,0.019043850762058938,1,0.0060560994747325125,val
2025-06-10,200.6000061035156,204.3500061035156,200.57000732421875,202.6699981689453,54672600.0,11080495741.89148,0.0060560994747325125,-0.002951769030866691,0.012287055454694995,-0.2872128014008126,48.82089308345196,0.1828717873585537,-0.14330702269551063,0.025719264978757362,-70312400.0,-0.006573184248342745,0.011962055317756386,0.012688386782051973,0,-0.019193760422328232,val
2025-06-11,203.5,204.5,198.41000366210935,198.77999877929688,60989900.0,12123572247.549438,-0.019193760422328232,-0.019919181535496655,-0.008182813115615306,0.10934560494764511,43.57059029748643,-0.02395999708892038,-0.5184179651245338,0.026537881366114284,-87698300.0,-0.022249993624142483,0.014663440178382987,0.012917787777833195,1,0.002112879422097258,val
2025-06-12,199.0800018310547,199.67999267578125,197.3600006103516,199.1999969482422,43904600.0,8745796186.013794,0.002112879422097258,-0.007127587597904772,-0.0037509377916826736,-0.32868917212267235,44.26748920906906,-0.11489126862190702,-0.4365096983767181,0.02542225813392244,11332400.0,-0.017009889965070912,0.014283536888812174,0.01297545769142623,0,-0.013805221095031128,val
2025-06-13,199.72999572753903,200.3699951171875,195.6999969482422,196.4499969482422,51447300.0,10106821927.9953,-0.013805221095031128,-0.0366320188690582,-0.0219069406102268,0.15853888123883308,40.72134514722586,-0.33045159352264175,-0.7486063181589989,0.025634831807153965,-86722600.0,-0.026979118909814304,0.010884496578940701,0.013194118504267015,1,0.010028003315378786,val
2025-06-16,197.3000030517578,198.69000244140625,196.55999755859372,198.4199981689453,43020700.0,8536167215.226746,0.010028003315378786,-0.015040947258367798,-0.016261769107208,-0.17887658375283166,44.17155492521315,-0.31085434903352716,-0.4678079691282931,0.024373810355981632,29160700.0,-0.014086617137122337,0.01281470037437383,0.013533257750039593,0,-0.014010678383989505,val
2025-06-17,197.1999969482422,198.38999938964844,195.2100067138672,195.63999938964844,38856200.0,7601826944.284058,-0.014010678383989505,-0.03468692378156868,-0.037536305025040906,-0.10181374047713021,40.581978750393255,-0.44731761894213995,-0.9012926559546998,0.024126405621801572,-64368100.0,-0.02471610353915743,0.012421176103501796,0.013619341201205414,1,0.004804755900321256,val
2025-06-18,195.94000244140625,197.57000732421875,195.07000732421875,196.5800018310547,45394700.0,8923690209.120178,0.004804755900321256,-0.011067496537641164,-0.030766222600461135,0.1555277021972188,42.28972251641125,-0.43602165113647096,-0.7043179169887033,0.023204354882697523,42016500.0,-0.017512637485886273,0.011083337869503381,0.013652348525610048,1,0.022484475164182616,val
2025-06-20,198.2400054931641,201.6999969482422,196.8600006103516,201.0,96813500.0,19459513500.0,0.022484475164182616,0.009036160036817176,0.001844166416701265,0.7573910775240087,49.62176927947885,-0.10962623003362038,0.19762669479417683,0.02289255605773493,94925400.0,0.004851781449000336,0.015795777271523172,0.013832116856300987,1,0.0024875621890547706,val
2025-06-23,201.6300048828125,202.3000030517578,198.9600067138672,201.5,55814300.0,11246581450.0,0.0024875621890547706,0.02570630252077999,-0.011867390107273224,-0.5507563308244627,50.38962073028371,0.1472419716297102,0.29754660989433845,0.022388601672014178,202187000.0,0.007316162033752294,0.013215690683803192,0.013819682552153894,0,-0.005955319842392948,val
2025-06-24,202.58999633789065,203.44000244140625,200.1999969482422,200.3000030517578,54064000.0,10829019364.990234,-0.005955319842392948,0.009474876021376533,-0.005708582347508484,-0.031861578404559054,48.47981127456103,0.23824097555736845,0.002727700758413648,0.022069376874010303,105102300.0,5.992652304320778e-05,0.01366875882904663,0.011951291656524225,1,0.0062905366332437485,val
2025-06-25,201.4499969482422,203.6699981689453,200.6199951171875,201.55999755859372,39525700.0,7966799995.501709,0.0062905366332437485,0.030259651336200788,-0.00547688666492363,-0.3132174299198951,50.59707429548731,0.37695396991006835,0.2717065072608773,0.021559141259555027,183484200.0,0.0060118016620092085,0.01035030584199425,0.010628363415031912,0,-0.002778316954637483,val
2025-06-26,201.42999267578125,202.63999938964844,199.4600067138672,201.0,50799100.0,10210619100.0,-0.002778316954637483,0.022484475164182616,0.011168131775511014,0.25092753902881526,49.6210393017891,0.4212948085814612,0.1385856273649469,0.021205038610916136,87290400.0,0.003071594247832321,0.011101629582359919,0.010650301843965638,1,0.00039801905997349785,val
2025-06-27,201.88999938964844,203.22000122070312,200.0,201.0800018310547,73188600.0,14716763822.01233,0.00039801905997349785,0.00039801905997349785,0.009437775660714465,0.3651610272198518,49.77011287542505,0.44404363813551706,0.1437501367530413,0.020826382739331732,63665500.0,0.0031879778272723147,0.004718658643464185,0.010633473024984737,1,0.020340144721736175,val
2025-06-30,202.00999450683597,207.38999938964844,199.25999450683597,205.1699981689453,91912800.0,18857749007.70264,0.020340144721736175,0.01821339041660197,0.044387891861360274,0.22780062757347608,56.80688740342303,0.7069628995215385,0.9223214124906138,0.02178367885617498,99764000.0,0.02249110771191276,0.01036452804733895,0.011513454909287693,1,0.012916163079025322,val
2025-07-01,206.6699981689453,210.19000244140625,206.13999938964844,207.82000732421875,78788900.0,16373909775.06714,0.012916163079025322,0.0375437052315859,0.04737430320541458,-0.15406817568108266,60.65308231281179,1.0131257431960958,1.185655583651889,0.0216951646381158,232616900.0,0.03412074272018728,0.009377188212087436,0.01179696222871929,1,0.022230752354752248,val
2025-07-02,208.91000366210935,213.33999633789065,208.13999938964844,212.44000244140625,67941800.0,14433556157.873535,0.022230752354752248,0.05397898895910491,0.08587202568068864,-0.14812066562447512,66.28902898395881,1.453754047646132,1.454472068302482,0.02156338221163484,261033000.0,0.054703703541951754,0.01138603235273275,0.012612144531765334,1,0.005225007520218483,val
2025-07-03,212.1499938964844,214.6499938964844,211.80999755859372,213.5500030517578,34955800.0,7464811196.676636,0.005225007520218483,0.06243782612814841,0.08632618304321471,-0.6645670361871652,67.4937578299068,1.7282511850804465,1.2616041469809367,0.020868990217136195,346787900.0,0.05739808701879823,0.009425042292117432,0.012582172114820453,0,-0.016857907057220234,val
2025-07-07,212.67999267578125,216.22999572753903,208.8000030517578,209.9499969482422,50229000.0,10545578396.713257,-0.016857907057220234,0.044111771615359174,0.04452734800120495,0.36250813417327876,60.004073952626776,1.5797102729109676,0.7708752390491524,0.022238438282973772,223370300.0,0.037179371862069654,0.015824090490995278,0.012989595078045025,1,0.00028577070476720756,val
2025-07-08,210.1000061035156,211.42999267578125,208.4499969482422,210.00999450683597,42848900.0,8998697253.623962,0.00028577070476720756,0.02359017585946077,0.04223322335898749,-0.1589125719443878,60.08357384742937,1.4037764709522624,0.7091380006318986,0.021657634683544466,174306400.0,0.03591747049780358,0.01465707209266582,0.012565370609333722,1,0.0053807195484483206,val
2025-07-09,209.52999877929688,211.3300018310547,207.22000122070312,211.13999938964844,48749400.0,10292948286.245728,0.0053807195484483206,0.015975324552126358,0.05411880265967617,0.12901291308193308,61.63049582392863,1.2849819541450156,0.7315639860529568,0.02139344153004299,144266900.0,0.03900832956071021,0.013980559009239146,0.012167002481976157,1,0.0060149866256140605,val
2025-07-10,210.50999450683597,213.47999572753903,210.02999877929688,212.41000366210935,44443600.0,9440265238.757324,0.0060149866256140605,-0.0001412105957077081,0.05383015595821039,-0.09247191809719268,63.34961069125774,1.2142343393530992,0.7575691189429327,0.020906717428931042,120768700.0,0.04275897723175914,0.009704420820503065,0.01216635963073773,0,-0.005884845244805148,val
2025-07-11,210.57000732421875,212.1300048828125,209.8600006103516,211.16000366210935,39765800.0,8396946473.626709,-0.005884845244805148,-0.011191755352348065,0.05054728190104152,-0.11121372054332923,60.477494444139616,1.013722027640791,0.586728251935282,0.02039088471831506,46047100.0,0.033481973824237565,0.009481085683726952,0.011251543005951312,0,-0.01202883359003093,val
2025-07-14,209.92999267578125,210.91000366210935,207.5399932861328,208.6199951171875,38840100.0,8102821472.351074,-0.01202883359003093,-0.0063348504424249885,0.03749747969700068,-0.023554027716667036,55.018911596545124,0.6577510953719372,0.33209654083100976,0.02040436561489652,57436000.0,0.018702060460696,0.0076936669525808354,0.011749224642142158,1,0.0023487944810316463,val
2025-07-15,209.22000122070312,211.88999938964844,208.9199981689453,209.1100006103516,42296300.0,8844579318.815613,0.0023487944810316463,-0.004285481262917168,0.019203599339908894,0.0852463915883348,55.846850440701175,0.41487156540547554,0.3351556577882053,0.020019493026818828,56883400.0,0.017948332312511805,0.007850109461538772,0.011116343072376354,1,0.0050212952450527926,val
2025-07-16,210.3000030517578,212.3999938964844,208.63999938964844,210.16000366210935,47490500.0,9980603653.915403,0.0050212952450527926,-0.004641449892829441,0.011259725990866665,0.11583007667474376,57.645879835168614,0.29039984147342346,0.38865519991791136,0.019774588096397067,55624500.0,0.0201446679261319,0.007780310060664831,0.011010020365935628,0,-0.0006661562010320532,val
2025-07-17,210.57000732421875,211.8000030517578,209.58999633789065,210.0200042724609,48068100.0,10095262567.36908,-0.0006661562010320532,-0.011251821234607773,-0.011391442953936126,0.012089064142056571,57.31058130556089,0.17006379414321504,0.339135585777429,0.019125989075080688,-36887200.0,0.015919408522102385,0.0068074695857969075,0.01031116272905037,1,0.005523228167424898,val
2025-07-18,210.8699951171875,211.7899932861328,209.6999969482422,211.17999267578125,48974600.0,10342455669.299316,0.005523228167424898,9.466287803205908e-05,-0.01109815191808794,0.018683040546807916,59.416884790627826,0.14120269738410585,0.4266487629936966,0.018369205084314336,51853200.0,0.017936036864811822,0.00718270536871604,0.010316820401264495,1,0.006155900638530776,val
2025-07-21,212.1000061035156,215.77999877929688,211.6300048828125,212.47999572753903,51377400.0,10916669732.492064,0.006155900638530776,0.018502543862985332,0.012050482572383947,0.04789658973391653,61.69775386004776,0.1798028521153383,0.526374185260887,0.018499125614236382,142070700.0,0.02137639480524456,0.002827886643062008,0.009347513634115954,1,0.009036136142469342,val
2025-07-22,213.13999938964844,214.9499969482422,212.22999572753903,214.3999938964844,46404100.0,9949038756.77185,0.009036136142469342,0.025297658030186687,0.020903764127785607,-0.1018105675702543,64.84069589629595,0.2978197613312723,0.6887864319976934,0.017930112760530144,146178500.0,0.027420207314148515,0.003535712700411592,0.009449307262758869,0,-0.0011660448093142595,val
2025-07-23,215.0,215.1499938964844,212.41000366210935,214.1499938964844,46989300.0,10062758308.200071,-0.0011660448093142595,0.018985488032204678,0.014255917947982866,0.01253209855136106,64.1031057980652,0.3202639071956952,0.6198213328035607,0.017582735932850244,51698700.0,0.02282792699809555,0.004487268720773272,0.009265314952090629,0,-0.0018211505989440546,val
2025-07-24,213.8999938964844,215.69000244140625,213.52999877929688,213.75999450683597,46022600.0,9837790723.190308,-0.0018211505989440546,0.017807780965108044,0.006355589762495839,-0.02078733558374779,62.90102479513017,0.27196395711958976,0.5334729172728001,0.017078386067370128,53744200.0,0.01799926780077632,0.00479250139601696,0.00930906825465305,1,0.0005614258002457628,val
2025-07-25,214.6999969482422,215.2400054931641,213.3999938964844,213.8800048828125,40268800.0,8612691140.625,0.0005614258002457628,0.012785359885756353,0.012881233062751907,-0.13355560152013268,63.130146182460855,0.21378271233920243,0.5381978298430753,0.016464103611674927,45038400.0,0.01545644205038288,0.004794340478126822,0.009229886452876672,1,0.0007948296477664485,val
2025-07-28,214.02999877929688,214.8500061035156,213.05999755859372,214.0500030517578,37858000.0,8103505015.533447,0.0007948296477664485,0.0073889653416219225,0.026028223859942745,-0.061734655796254145,63.474268445861405,0.15516087058345507,0.6113510297985636,0.015873280995051985,31519000.0,0.013144147546632512,0.004367710309341259,0.00922408260479333,0,-0.012987613826965005,val
2025-07-29,214.17999267578125,214.80999755859372,210.82000732421875,211.2700042724609,51411700.0,10861750078.65448,-0.012987613826965005,-0.014598832617200075,0.010329509137796844,0.30602344786959534,54.51376204986175,-0.08927963152379137,-0.08356265334543535,0.016282406146187846,-66296800.0,-0.0014557071417939937,0.005734999848560637,0.008965847451593033,0,-0.010507886476113781,val
2025-07-30,211.8999938964844,212.38999938964844,207.72000122070312,209.0500030517578,45512500.0,9514388263.893127,-0.010507886476113781,-0.02381504081289776,-0.005281692953032935,-0.12187875699457962,48.61212196583624,-0.40143247272169225,-0.7418934725132417,0.016875590137993633,-64820000.0,-0.012235412655275502,0.0064910943540540745,0.008926487476736555,0,-0.007079625476841711,val
2025-07-31,208.4900054931641,209.83999633789065,207.16000366210935,207.57000732421875,80698400.0,16750567479.052734,-0.007079625476841711,-0.0289576503634279,-0.011665540893255888,0.5727317254796667,45.10625622588484,-0.6915221609192241,-0.9928916409229324,0.016704154595342753,-99495800.0,-0.018098699057151002,0.006312950269271559,0.007421296799511314,0,-0.025003624118486445,val
2025-08-01,210.8699951171875,213.5800018310547,201.5,202.3800048828125,104434500.0,21135454619.93408,-0.025003624118486445,-0.0537684670724643,-0.04167055638873485,0.25784132925102554,35.45087467671749,-1.1877639537861602,-1.6098901179617597,0.020172327814785933,-244199100.0,-0.04011380858332847,0.009417699793838013,0.008974101575100658,1,0.004792969647692047,val
2025-08-04,204.50999450683597,207.8800048828125,201.67999267578125,203.3500061035156,75109300.0,15273476613.430786,0.004792969647692047,-0.049988305515954234,-0.04296870203127612,-0.32961569090030096,38.11707568405462,-1.391379880112493,-1.1723966737138936,0.020819907917204443,-206947800.0,-0.03400113696036289,0.010741619640132042,0.008460409729546411,0,-0.00211461972787641,val
2025-08-05,203.3999938964844,205.33999633789065,202.16000366210935,202.9199981689453,44155100.0,8959952811.149597,-0.00211461972787641,-0.039522913497683,-0.053544757716186386,-0.5312359409891094,37.37996902357415,-1.4870837764977844,-1.0514100206890584,0.020493108623952216,-199691200.0,-0.034417792988282514,0.011119308309264598,0.008449844682577048,1,0.05090677076812433,val
2025-08-06,205.6300048828125,215.3800048828125,205.58999633789065,213.25,108483100.0,23134021075.0,0.05090677076812433,0.02009087245601382,-0.004202633304390524,0.89888595138315,58.26130367791354,-0.8200654960975847,0.4282456039972562,0.02228102731592569,-45695600.0,0.014227721205378074,0.02829213542899252,0.01445249633882874,1,0.03179366367782821,val
2025-08-07,218.8800048828125,220.8500061035156,216.5800018310547,220.02999877929688,90224800.0,19852162633.862305,0.03179366367782821,0.060027899096308124,0.02933198181879826,-0.1842900647686676,66.22261934738131,0.0653622617127888,1.1694493834444062,0.022519196883847056,125227600.0,0.04458089927579478,0.02968976995033807,0.016025279671458784,1,0.04235789381413957,val
2025-08-08,220.8300018310547,231.0,219.25,229.3500061035156,113854000.0,26112415594.909668,0.04235789381413957,0.13326415935368718,0.07233028271707442,0.23261258969461807,73.66017422923191,1.2032177001026043,1.6018107100688126,0.023720353542726745,343516100.0,0.0841460158543712,0.023241342004157582,0.018268208214073437,0,-0.00946157998685615,val
2025-08-11,227.9199981689453,229.55999755859372,224.75999450683597,227.17999267578125,61806100.0,14041109345.318604,-0.00946157998685615,0.11718704626020493,0.061340758873283274,-0.6109148533500921,69.8060296380054,1.7036329979148763,1.1582317335371706,0.023745622562988653,206600700.0,0.06919804128903628,0.026994823304993223,0.018156140256124075,1,0.010872441677679756,val
2025-08-12,228.00999450683597,230.8000030517578,227.07000732421875,229.6499938964844,55626200.0,12774556490.48462,0.010872441677679756,0.13172676901605573,0.08699762982122183,-0.10534775000927254,71.62588556624749,2.0705125388036856,1.125859926780388,0.02297250236999241,306382000.0,0.07562384685068246,0.024522274624212505,0.018204832380974627,1,0.01602441991019199,val
2025-08-13,231.07000732421875,235.0,230.42999267578125,233.3300018310547,69878500.0,16304750532.951357,0.01602441991019199,0.09416179053249563,0.11614445551232788,0.22810370271226432,74.12787333708751,2.4069627072824247,1.1465382647165525,0.022632954215993786,267777400.0,0.08696210018542927,0.019949385433894583,0.01837572528755872,0,-0.0023571895917441354,val
2025-08-14,234.05999755859372,235.1199951171875,230.8500061035156,232.77999877929688,51916300.0,12085076250.62561,-0.0023571895917441354,0.05794664396098548,0.12145295835395342,-0.2971252083408551,73.09052415090204,2.4312676869013385,0.9635346599095845,0.022376217774188398,125636300.0,0.07868146309005564,0.020027996248878147,0.018408969496894467,0,-0.005112133549474263,val
2025-08-15,234.0,234.27999877929688,229.33999633789065,231.58999633789065,56038700.0,12978002327.780151,-0.005112133549474263,0.00976668922940438,0.14433239821291677,0.07640971569266242,70.78251845037427,2.212267385460986,0.7976023686248195,0.022408311144189837,-44256400.0,0.06811607932663155,0.010912603996468734,0.01855569262616946,0,-0.0030225698834630554,val
2025-08-18,231.6999969482422,233.1199951171875,230.1100006103516,230.88999938964844,37476200.0,8652879795.126343,-0.0030225698834630554,0.016330692990037754,0.13543148492512747,-0.40233644982147254,69.39437907759293,1.878477206106023,0.6860314299951683,0.021801978597974364,-19926500.0,0.060385821226395686,0.009513064749074696,0.018633322764925162,0,-0.00142925995897214,val
2025-08-19,231.27999877929688,232.8699951171875,229.3500061035156,230.55999755859372,39402600.0,9084663359.802246,-0.00142925995897214,0.003962567760918301,0.136211313025127,0.050125737846251184,68.71025713237528,1.5095675823608614,0.6096703133060116,0.02136417990706649,-114955300.0,0.054955501013919106,0.0086064458183081,0.018641014375881563,0,-0.01973457277905044,val
2025-08-20,229.97999572753903,230.47000122070312,225.7700042724609,226.00999450683597,42263900.0,9552063806.837463,-0.01973457277905044,-0.03137190788486277,0.059835847628773475,0.07010148808678451,59.936587766641885,0.865233394232316,0.3473627494453504,0.02175138376705758,-227097700.0,0.03133802978471345,0.007614219148881173,0.01935038728522163,0,-0.004911289931109564,val
2025-08-21,226.2700042724609,226.5200042724609,223.77999877929688,224.8999938964844,30621200.0,6886707693.103027,-0.004911289931109564,-0.033851726626580425,0.022133323384110115,-0.3222407052496017,57.99114877821523,0.29960636527561846,0.26382727831409797,0.021167629719918497,-205802600.0,0.023670939694103943,0.007362477730538214,0.019402114420410687,1,0.012716766064777785,val
2025-08-22,226.1699981689453,229.08999633789065,225.41000366210935,227.75999450683597,42477800.0,9674743494.662476,0.012716766064777785,-0.016537855225260634,-0.006932686088362172,0.32728899786648924,61.46204667821159,0.06563590213699744,0.3731864493619921,0.020722879148367308,-107286100.0,0.033424283198628,0.011541252454957154,0.019520985257525363,0,-0.0026343118159348755,val
2025-08-25,226.47999572753903,229.3000030517578,226.22999572753903,227.16000366210935,30983100.0,7038121109.463501,-0.0026343118159348755,-0.016154860485076195,-8.798756191719104e-05,-0.31553968324104176,60.335785319292775,-0.1691517014965882,0.3107042948834415,0.020258836823174118,-100793000.0,0.02764547173539844,0.011544691040029684,0.019559417016534075,1,0.009464667467088184,val
2025-08-26,226.8699951171875,229.4900054931641,224.69000244140625,229.30999755859372,54575100.0,12514616047.76001,0.009464667467088184,-0.005421582291968652,-0.0014804979182535538,0.5661358262824834,62.955382800668424,-0.2162603861492931,0.379202960042065,0.020130568896149448,-6815300.0,0.03315595841479979,0.012909399364089523,0.01922559744387546,1,0.005145907056533172,val
2025-08-27,228.6100006103516,230.8999938964844,228.25999450683597,230.4900054931641,31259500.0,7205002326.713562,0.005145907056533172,0.019822180855779026,-0.012171586660968403,-0.5572543911244736,64.34713687072504,-0.2046753820970082,0.3967203660876935,0.019415105413349856,66708100.0,0.0334808783610423,0.007592321088718384,0.018907984459646632,1,0.008980832210058853,val
2025-08-28,230.82000732421875,233.41000366210935,229.33999633789065,232.55999755859372,38074700.0,8854652139.04419,0.008980832210058853,0.034059599244075756,-0.0009451036251260092,0.19722668385448117,66.70990375831451,-0.0996464114422908,0.4619558358070604,0.019117907750846663,135404000.0,0.03695280744608631,0.005886119096613172,0.018705202635979596,0,-0.001805977697602379,val
2025-08-29,232.50999450683597,233.3800048828125,231.3699951171875,232.13999938964844,39418400.0,9150587351.940918,-0.001805977697602379,0.01923079113299253,0.0023748998681070166,0.03468269190743456,65.75768576411619,-0.1002326103839648,0.4074451433071797,0.018402933408745582,53507800.0,0.028257824612658133,0.005778488836065587,0.017361376500204754,0,-0.010424735828844955,val
2025-09-02,229.25,230.8500061035156,226.97000122070312,229.72000122070312,44075600.0,10125046885.803225,-0.010424735828844955,0.011269578787301171,-0.005067340170809342,0.11167362630299138,60.40726918778136,-0.29439249924701816,0.207860772867659,0.018876003768537656,40415300.0,0.011630325444937473,0.008408912524784734,0.017792401583636985,1,0.038089848308826335,val
2025-09-03,237.2100067138672,238.8500061035156,234.3600006103516,238.47000122070312,66427800.0,15841037547.088623,0.038089848308826335,0.03994594112613359,0.03430778862711947,0.41020929457637223,69.93317603590268,0.11381172344596724,1.0751412999181205,0.019619283486176173,52268000.0,0.04200668347319381,0.018372090917084714,0.01902461693199912,1,0.005493343195739575,val
2025-09-04,238.4499969482422,239.8999938964844,236.7400054931641,239.77999877929688,47549400.0,11401395073.9563,0.005493343195739575,0.04030540615527167,0.060926528061326035,-0.3343464669693077,71.05596233485593,0.40310438710339813,1.2945146947684754,0.019059711273643275,68557900.0,0.0416929146724756,0.018359263337884055,0.016163233438180623,0,-0.00037532879451496193,val
2025-09-05,240.0,241.32000732421875,238.4900054931641,239.69000244140625,54870400.0,13151886309.960938,-0.00037532879451496193,0.03065877604774281,0.06576260091731845,0.14320486758114015,70.8601901904701,0.5124372935241697,1.2091047834362068,0.018548300273014167,-24387200.0,0.03687395051104292,0.018716130433374556,0.015021896676632073,0,-0.007551410322323426,val
2025-09-08,239.3000030517578,240.1499938964844,236.33999633789065,237.8800048828125,48999500.0,11656001299.255371,-0.007551410322323426,0.02472648189995663,0.04443278284182073,-0.11316394484185466,66.86977513889714,0.3923090909741269,0.8462195451851005,0.018498505874643446,-33968300.0,0.02714900584715174,0.019490544157458135,0.012278275107895557,0,-0.014839409394816094,val
2025-09-09,237.0,238.77999877929688,233.3600006103516,234.3500061035156,66313900.0,15540662869.747925,-0.014839409394816094,0.02015499241776597,0.031651709480076784,0.3025894290041755,59.79719585918689,0.02399581815853047,0.3298734102500486,0.01908790795790863,-56206600.0,0.010342730397857602,0.020443313384875185,0.012594952510847834,0,-0.03225949486019397,val
2025-09-10,232.19000244140625,232.4199981689453,225.9499969482422,226.7899932861328,83440800.0,18923538471.78955,-0.03225949486019397,-0.04897894022217286,-0.010989508958574756,0.22973786696933018,48.07085599494859,-0.7378082305723028,-0.6701344733883525,0.020960951487275843,-206075200.0,-0.02164725180574023,0.01464184770359316,0.014480545401396552,1,0.014286368839370622,val
2025-09-11,226.8800048828125,230.4499969482422,226.6499938964844,230.02999877929688,50208600.0,11549484196.710203,0.014286368839370622,-0.04066227395794719,-0.001995777269747423,-0.507951063675879,52.38080021707645,-1.0153960954398746,-0.21517061491959918,0.02036956235887977,-203416000.0,-0.00696330341681517,0.01724971294043714,0.014380858497366271,1,0.017562963814985233,val
2025-09-12,229.22000122070312,234.50999450683597,229.0200042724609,234.07000732421875,55824200.0,13066770902.868652,0.017562963814985233,-0.023446931703216767,0.006492990116430342,0.10602113835689764,57.15580384053229,-0.9215664036145821,0.3133698951925138,0.020263450926066934,-92721400.0,0.010196077522333757,0.020775514162882678,0.014933000037387567,1,0.011235910376080627,val
2025-09-15,237.0,238.19000244140625,235.02999877929688,236.6999969482422,42699500.0,10106971519.691467,0.011235910376080627,-0.0049605175313142125,0.019643308221689804,-0.2680202510562033,59.969874505048544,-0.6877417675225663,0.6104173036378989,0.019850279241988827,-1022400.0,0.020421348355165625,0.02177421008381842,0.015063294393531126,1,0.0061258849469241206,val
2025-09-16,237.17999267578125,241.22000122070312,236.32000732421875,238.1499938964844,63421100.0,15103734577.908323,0.0061258849469241206,0.016215010428846766,0.03669681625886012,0.3956093954300002,61.47236950826149,-0.4521653596040771,0.7215683111896403,0.019789835054592527,128712600.0,0.025068199252650025,0.020368686853294925,0.015067242631076422,1,0.0035272375318422533,val
2025-09-17,238.97000122070312,240.1000061035156,237.72999572753903,238.9900054931641,46508000.0,11114947175.476074,0.0035272375318422533,0.053794314423912803,0.002180585691278214,-0.3101722671055853,62.3539230353951,-0.26573754339834466,0.7435606399181119,0.019020026893020667,258661400.0,0.026820935347724673,0.005755530953631915,0.015054567918938487,0,-0.0046445482440199415,val
2025-09-18,239.97000122070312,241.1999969482422,236.6499938964844,237.8800048828125,44249600.0,10526095064.0625,-0.0046445482440199415,0.034126010282021335,-0.00792390485510519,-0.04977800784390496,60.38763547622741,-0.24372752034868217,0.5574863142790473,0.019110101749010296,164203200.0,0.0194522373242505,0.008331481943703263,0.0142707108646377,1,0.03203293660995743,val
2025-09-19,241.22999572753903,246.3000030517578,240.2100067138672,245.5,163741300.0,40198489150.0,0.03203293660995743,0.04883151329998969,0.024239632439463366,1.3084413949759934,67.87658797322254,0.23175825026422814,1.2957012513524855,0.019644120580360278,272120300.0,0.04748454073555508,0.013763652579085474,0.015571015152670656,1,0.04309566831880085,val
2025-09-22,248.3000030517578,256.6400146484375,248.1199951171875,256.0799865722656,105517400.0,27020894375.14038,0.04309566831880085,0.08187574936159026,0.07650908574017823,-0.43941187173622254,74.95615150670292,1.1549196000172568,1.7891507372636202,0.020594632634948595,334938200.0,0.08606490720001103,0.02043582551687674,0.017744165906502456,0,-0.006443275472520216,val
2025-09-23,255.8800048828125,257.3399963378906,253.5800018310547,254.42999267578125,60275200.0,15335818694.53125,-0.006443275472520216,0.06836027376248088,0.08568374674330514,-0.5599551189263465,72.28074760662008,1.5271606090163043,1.3629367452683667,0.020303184378735767,211241900.0,0.07286298350815978,0.0226151898959192,0.01786205073377735,0,-0.008332331793480918,val
2025-09-24,255.22000122070312,255.7400054931641,251.0399932861328,252.30999755859372,42303700.0,10673646443.719482,-0.008332331793480918,0.05573451508126204,0.1125270295337204,-0.3540461824628771,68.87896994016762,1.5011068449030507,1.0466045388988714,0.020341932143681036,122430200.0,0.05878920879057681,0.024470261383443062,0.018113242856116717,1,0.018072995928489988,val
2025-09-25,253.2100067138672,257.1700134277344,251.7100067138672,256.8699951171875,55202100.0,14179763157.458496,0.018072995928489988,0.07983012377913012,0.11668041768605297,0.2661264378382455,71.93820704800193,1.6496556153668864,1.1850318836281508,0.020071897160206017,221881900.0,0.07199120258479152,0.022862606453056804,0.018349888423639358,0,-0.005489112898051984,val
2025-09-26,254.1000061035156,257.6000061035156,253.77999877929688,255.4600067138672,46076300.0,11770651907.35016,-0.005489112898051984,0.04057029211351204,0.09138291417242694,-0.18070227442487763,69.65804317923991,1.5151042439254443,0.9606179616412958,0.019809165285654393,12064300.0,0.061036851654002966,0.02230648556867133,0.01849391008163062,0,-0.004031997224675621,val
2025-09-29,254.55999755859372,255.0,253.00999450683597,254.42999267578125,40127700.0,10209690417.095947,-0.004031997224675621,-0.006443275472520216,0.07490492588141429,-0.13823184590165383,67.96334073832526,1.2309604405793895,0.8037521305549558,0.019156506036075955,-133580800.0,0.05188955379345006,0.010911200140532994,0.018542822638890715,1,0.0007861188255666729,val
2025-09-30,254.8600006103516,255.9199981689453,253.1100006103516,254.6300048828125,37704300.0,9600646093.103027,0.0007861188255666729,0.0007861188255666729,0.06920013188617324,-0.06229272099897898,68.12550811705488,0.9436420802552856,0.7439977389386679,0.018562469427784754,-35601300.0,0.04732351282655989,0.01052216712721016,0.018226495033561704,1,0.003220327729275496,val
2025-10-01,255.0399932861328,258.7900085449219,254.92999267578125,255.4499969482422,48713900.0,12443965606.336975,0.003220327729275496,0.012445005826292155,0.06887313727246602,0.2561902580088997,68.82229230545319,0.7068105873349486,0.7214413711698214,0.018344463915026706,55416300.0,0.0470399354157891,0.009387048191717819,0.01651386631711934,1,0.00657666061710982,val
2025-10-02,256.5799865722656,258.17999267578125,254.1499938964844,257.1300048828125,42630200.0,10961503534.155272,0.00657666061710982,0.0010122231890352662,0.08092315287063823,-0.13340148508087069,70.25688253655045,0.5673116223275363,0.7478710533877553,0.01804234928701223,42844400.0,0.050191778743974735,0.005010058703381843,0.016522268900177363,1,0.0034612223931820285,val
2025-10-03,254.6699981689453,259.239990234375,253.9499969482422,258.0199890136719,49155600.0,12683127371.96045,0.0034612223931820285,0.010021068787773313,0.05099791858929481,0.14242785161874494,71.01768579157891,0.4444210749725226,0.726028143057963,0.0181602693486683,138076300.0,0.0498967076694814,0.003950590483085617,0.016495595442682306,0,-0.005154587353288997,val
2025-10-06,257.989990234375,259.07000732421875,255.0500030517578,256.69000244140625,44664100.0,11464827938.043213,-0.005154587353288997,0.008882638960356015,0.0023821301980913034,-0.09582072803965502,68.20978205732452,0.1956962180587869,0.5884539501374947,0.01806911787053796,133539900.0,0.040502978053319705,0.004387062977768487,0.016417156405648062,0,-0.0008180741481198517,val
2025-10-07,256.8099975585937,257.3999938964844,255.42999267578125,256.4800109863281,31955800.0,8196023935.076904,-0.0008180741481198517,0.007265467808348136,0.00805729815493561,-0.3348163400466859,67.75427881233583,-0.0478311376730618,0.5229947217023905,0.017340840663561796,63879800.0,0.035009501302412094,0.00453393335211891,0.015863057535191814,1,0.006160271773965942,test
2025-10-08,256.5199890136719,258.5199890136719,256.1099853515625,258.0599975585937,36496900.0,9418389924.89624,0.006160271773965942,0.01021726616375851,0.022789425926987406,0.13287362358644828,69.4095426961174,-0.16099346113105995,0.5831652576073822,0.016670688788499005,51662800.0,0.0348561095110238,0.004987693534486008,0.01327440770298501,0,-0.015577789314471846,test
2025-10-09,257.8099975585937,258.0,253.13999938964844,254.0399932861328,38322000.0,9735320622.711182,-0.015577789314471846,-0.012017312402292202,-0.011017253415540385,0.04879681702788119,60.85063986203299,-0.5435247484098493,0.2650921738302576,0.017108242959995478,-29289400.0,0.013854472158972397,0.008534862966962242,0.014018542506456736,0,-0.03452208016630676,test
2025-10-10,254.94000244140625,256.3800048828125,244.0,245.2700042724609,61999100.0,15206519521.888733,-0.03452208016630676,-0.049414717014561904,-0.03988883650511987,0.48109571503778525,47.1818248726249,-1.3767324879936034,-0.49697790765766436,0.020059618475845725,-140444100.0,-0.023328672750901003,0.01582231635621719,0.016237566330340316,1,0.009744360696440912,test
2025-10-13,249.3800048828125,249.69000244140625,245.55999755859372,247.66000366210935,38142900.0,9446470753.683472,0.009744360696440912,-0.03517861503530173,-0.02660845501142961,-0.4857802257829569,50.44850000017676,-1.7333951303521955,-0.3781321082950304,0.01972182265386497,-57637100.0,-0.015958961313693676,0.018185336856255886,0.01619853610192777,1,0.0004441597703503941,test
2025-10-14,246.6000061035156,248.8500061035156,244.6999969482422,247.7700042724609,35478000.0,8790384211.57837,0.0004441597703503941,-0.033959787666772656,-0.026941053602495657,-0.07242684490377727,50.59993701653084,-1.9142251303832865,-0.4606620684356741,0.019501379363247244,9796700.0,-0.017399821253277548,0.018301047016329855,0.016179370357189013,1,0.0063364896410273985,test
2025-10-15,249.4900054931641,251.82000732421875,247.47000122070312,249.33999633789065,33893600.0,8451030099.87793,0.0063364896410273985,-0.033790596385335214,-0.023918577738677782,-0.04568657874638404,52.81636527120884,-1.8778310791018953,-0.401663169993813,0.019240551087994624,7193400.0,-0.013198784641297201,0.01833226831850713,0.0162045385694153,0,-0.007580008893106949,test
2025-10-16,248.25,249.0399932861328,245.1300048828125,247.4499969482422,39777000.0,9842818528.61023,-0.007580008893106949,-0.0259407829950149,-0.03764635690409601,0.1600626454339995,49.91308174417566,-1.9237216517102524,-0.8579746621743316,0.019217936803340212,5738400.0,-0.022529816566695504,0.01770377152292732,0.01628333588817361,1,0.019559492412937862,test
2025-10-17,248.0200042724609,253.3800048828125,247.2700042724609,252.2899932861328,49147000.0,12399296300.03357,0.019559492412937862,0.028621473850808377,-0.02220756519463085,0.21152694649670067,56.50653590121835,-1.5849038172003702,-0.19888849202732936,0.019232748498471675,116884500.0,-0.004745713789344963,0.010159109103809136,0.015284744471685152,1,0.03943873008454002,test
2025-10-20,255.88999938964844,264.3800048828125,255.6300048828125,262.239990234375,90483000.0,23728261036.376957,0.03943873008454002,0.05887097777870354,0.021621363279372918,0.6103461713711269,66.32176779332632,-0.6929989794521365,1.2589531885155159,0.02047443025475875,169224600.0,0.0332504268709104,0.018428039481723328,0.014773988665820331,1,0.002021044840732289,test
2025-10-21,261.8800048828125,265.2900085449219,261.8299865722656,262.7699890136719,46695900.0,12270281129.98352,0.002021044840732289,0.060539954322784695,0.024524242661854156,-0.6615056110053708,66.75217194372414,-0.10076784000290928,1.160947328452897,0.019914159614447015,180442500.0,0.03364038171702144,0.018200627875985042,0.014661530524788682,0,-0.016440145325788524,test
2025-10-22,262.6499938964844,262.8500061035156,255.42999267578125,258.45001220703125,45015300.0,11634204834.503174,-0.016440145325788524,0.03653652042568911,0.001511333225324929,-0.03665393360521563,60.01917504273505,-0.03669654512532894,0.5260909317652216,0.02085149805284462,101533600.0,0.015420933038938989,0.02233841889666028,0.015060641540400438,1,0.004372119604812541,test
2025-10-23,259.94000244140625,260.6199951171875,258.010009765625,259.5799865722656,32754900.0,8502516502.175903,0.004372119604812541,0.04901996271416653,0.021807563503959626,-0.3179498544581385,61.1237600070947,0.04086245873974814,0.6457849670569786,0.01999600952978479,174065500.0,0.019317828188678554,0.020929768234379007,0.014561375479791687,1,0.012481781799657865,test
2025-10-24,261.19000244140625,264.1300048828125,259.17999267578125,262.82000732421875,38253700.0,10053837714.178469,0.012481781799657865,0.04173773957868954,0.07155380905144115,0.15518771402176057,64.17967184288351,0.25737462329320415,0.9616832948192371,0.01968412403295173,163172200.0,0.030551520788132835,0.020334749926220662,0.014717836944467226,1,0.022791226190727487,test
2025-10-27,264.8800048828125,269.1199951171875,264.6499938964844,268.8099975585937,44888200.0,12066396932.409668,0.022791226190727487,0.025053415073523988,0.0853993118943015,0.15993466248837862,69.02700407903846,0.7245400306708474,1.3988786756443188,0.01954485896933351,117577400.0,0.05107576230806665,0.014503816823847854,0.015391618367650352,1,0.0007068280314421749,test
2025-10-28,268.989990234375,269.8900146484375,268.1499938964844,269.0,41534800.0,11172861200.0,0.0007068280314421749,0.02370898978879965,0.08568428527043759,-0.07764332211053215,69.16952257404576,0.9525274076739114,1.213632578889581,0.01859801278431703,112416300.0,0.048871979975292135,0.014584009632438609,0.015392192243173041,1,0.0026022758625696696,test
2025-10-29,269.2799987792969,271.4100036621094,267.1099853515625,269.70001220703125,51086700.0,13778083613.616943,0.0026022758625696696,0.04352872690517873,0.08165563555054334,0.20699255479491896,69.72228963760114,1.04902778298068,1.1159411048562144,0.018363596027065433,208518300.0,0.0486880226110491,0.009118779290222628,0.01539205349798229,1,0.006303231785351748,test
2025-10-30,271.989990234375,274.1400146484375,268.4800109863281,271.3999938964844,69886500.0,18967195673.44665,0.006303231785351748,0.04553512572483376,0.09678721860421646,0.31334830291440596,71.07843729053778,1.1194807135610914,1.1091939047583197,0.018434733177698153,245649900.0,0.05237849523087834,0.008934458984343762,0.015388671757400099,0,-0.0037951319176879883,test
2025-10-31,276.989990234375,277.32000732421875,269.1600036621094,270.3699951171875,86167100.0,23296998406.262207,-0.0037951319176879883,0.02872683807384191,0.07166357093897657,0.2094159340377466,69.0601245868911,0.9931418525935118,0.9224293335959441,0.019338955906706173,121229100.0,0.04588030918577424,0.01021220765985558,0.015458056705862677,0,-0.0048822256465500535,test
2025-11-03,270.4200134277344,270.8500061035156,266.25,269.04998779296875,50194600.0,13504856517.27295,-0.0048822256465500535,0.0008927876066913143,0.02596857005869846,-0.5403809747736368,66.45572684881822,0.7293093620331108,0.7469389181585575,0.01926693492422656,26146300.0,0.03829191891576822,0.004611574925991666,0.015451119665759697,1,0.003679690752169673,test
2025-11-04,268.3299865722656,271.489990234375,267.6199951171875,270.0400085449219,49274800.0,13306167413.049316,0.003679690752169673,0.0038662027692262235,0.027666856320002875,-0.018494656641468765,67.44728858788993,0.5388874148702056,0.746937838627109,0.01884879085176569,33886300.0,0.03939296935280412,0.004879231603777156,0.01543350651327745,1,0.00037033809935982376,test
2025-11-05,268.6099853515625,271.70001220703125,266.92999267578125,270.1400146484375,43683100.0,11800553273.88916,0.00037033809935982376,0.0016314513218060878,0.04523119322603075,-0.12045149196505278,67.55163106378342,0.3464331181869529,0.6910760167462866,0.018757225100025574,26482700.0,0.03736620712091332,0.004771934319382686,0.015419326361312276,0,-0.001369754996301431,test
2025-11-06,267.8900146484375,273.3999938964844,267.8900146484375,269.7699890136719,51204000.0,13813302517.456057,-0.001369754996301431,-0.006005913483676073,0.03925573221558598,0.1588563510171177,66.69973218049681,0.1320078378354097,0.6045713255442678,0.01890022293534914,-94607800.0,0.03282588514454088,0.003413196962645073,0.014864646047689742,0,-0.004818874767062664,test
2025-11-07,269.79998779296875,272.2900085449219,266.7699890136719,268.4700012207031,48227400.0,12947610136.871338,-0.004818874767062664,-0.007027384439093787,0.02149757909988348,-0.05989032851650933,63.662165890529316,-0.1445967868539073,0.4649803418671897,0.019103833719621398,-56668100.0,0.023304221177531392,0.0036315555641215276,0.012140819581301403,1,0.003575786682732396,test
2025-11-10,268.9599914550781,273.7300109863281,267.4599914550781,269.42999267578125,41312400.0,11130799629.418943,0.003575786682732396,0.0014123950940481134,0.00230644366957522,-0.15476462376718203,64.93222141150903,-0.30111798725346084,0.4893486341124766,0.01933831287228905,34838900.0,0.022720133719015934,0.0035758987304715627,0.012081415262333119,1,0.021601185771556786,test
2025-11-11,269.8099975585937,275.9100036621094,269.79998779296875,275.25,46208300.0,12718834575.0,0.021601185771556786,0.01929340575550831,0.02323420074349447,0.11199673603279692,71.44769135380184,-0.06332695605860739,0.9092322627502167,0.019258905002824594,31772400.0,0.03939113709858866,0.010364370528739805,0.012640293157820027,0,-0.006466843884820661,test
2025-11-12,275.0,275.7300109863281,271.70001220703125,273.4700012207031,48398000.0,13235401119.07959,-0.006466843884820661,0.01232689121083852,0.013978453255604206,0.04629905394406464,67.32755856924973,-0.07572435556778956,0.7146700086140729,0.01905227924714999,-60308700.0,0.027986102017800718,0.011346340194844994,0.012908937720623759,0,-0.0019014480979659965,test
2025-11-13,274.1099853515625,276.70001220703125,272.0899963378906,272.95001220703125,49602800.0,13539084865.50293,-0.0019014480979659965,0.01178790570806676,0.0057111950825543545,0.02458879269384795,66.12787495779169,-0.1637016535654343,0.6724952565725802,0.01893150535431781,-58707500.0,0.0211373474975578,0.01139411600006992,0.012684958730830944,0,-0.0019784155368063328,test
2025-11-14,271.04998779296875,275.9599914550781,269.6000061035156,272.4100036621094,47431300.0,12920760606.698608,-0.0019784155368063328,0.014675764232471078,0.007545247556178136,-0.04476493450061625,64.83582283465833,-0.2953435429062967,0.6072648912647005,0.019281753447077367,-57911400.0,0.01529598260935039,0.011008631026008962,0.012291231653821684,0,-0.018171183658773127,test
2025-11-17,268.82000732421875,270.489990234375,265.7300109863281,267.4599914550781,45018300.0,12040594133.322144,-0.018171183658773127,-0.0073117369047837055,-0.005909668872068896,-0.05221327342629323,54.35237143797397,-0.7282156502771855,-0.17198347999414043,0.020019828845815272,-144242100.0,-0.0041219076154968,0.014461886826218646,0.010079375995812207,0,-7.473646268785217e-05,test
2025-11-18,269.989990234375,270.7099914550781,265.32000732421875,267.44000244140625,45677300.0,12215937223.516846,-7.473646268785217e-05,-0.028374196398160745,-0.00962822552674858,0.014532382679771416,54.31417945038813,-1.0109188378176723,-0.22170063922602068,0.02003080149423456,-236127700.0,-0.005061367238541781,0.007349141663349183,0.010079469295353954,1,0.004187836924032462,test
2025-11-19,265.5299987792969,272.2099914550781,265.5,268.5599975585937,40424500.0,10856403621.307371,0.004187836924032462,-0.0179544507265601,-0.005848882076578188,-0.12216541712311013,56.172455994710624,-1.1096240748882478,-0.14877707466031562,0.020307109067393078,-147305200.0,-0.0027700912639969655,0.00852805846597814,0.009227999964686727,0,-0.008601420835542384,test
2025-11-20,270.8299865722656,275.42999267578125,265.9200134277344,266.25,45823600.0,12200533500.0,-0.008601420835542384,-0.02454666388492166,-0.013048111936177942,0.12536320253226307,51.51800927208682,-1.3041937313664702,-0.8621984514025233,0.021571504318804086,-143526000.0,-0.012570489197151757,0.008721075499659154,0.009501498749917662,1,0.019680714495305063,test
2025-11-21,265.95001220703125,273.3299865722656,265.6700134277344,271.489990234375,59030800.0,16026271315.527344,0.019680714495305063,-0.0033773114620105904,0.011248888143704505,0.25326009445942077,59.679573586435176,-1.0638545816992089,0.4422134669278579,0.021659399564634828,-37063900.0,0.005246695018986447,0.01420629970484815,0.010066477462052463,1,0.0163174457722548,test
2025-11-24,270.8999938964844,277.0,270.8999938964844,275.9200134277344,65585800.0,18096434816.6687,0.0163174457722548,0.0316309812418325,0.024087966924168258,0.10529986581898498,65.03813016327483,-0.6127874578303292,1.4929707060816018,0.021368521511978305,73540200.0,0.02030670973690607,0.011689135570973203,0.00943598007724008,1,0.003805406428931457,test
2025-11-25,275.2699890136719,280.3800048828125,275.25,276.9700012207031,46914200.0,12993826031.26831,0.003805406428931457,0.03563415604359643,0.006248869103371968,-0.3350388015544219,66.18520664411272,-0.26759510250080343,1.4647809914551164,0.021089968530654358,166131700.0,0.022682379466471447,0.011281654575611554,0.009450320863559975,1,0.0020940411225383038,test
2025-11-26,276.9599914550781,279.5299987792969,276.6300048828125,277.54998779296875,33431400.0,9278884661.901855,0.0020940411225383038,0.03347479265750897,0.014919320415597959,-0.33882481477728277,66.83254047375695,-0.03624303115555971,1.350295630049856,0.020288943894194677,159138600.0,0.023340831337516965,0.01145330643035721,0.009447892909478142,1,0.004683906927485104,test
2025-11-28,277.260009765625,279.0,275.989990234375,278.8500061035156,20135600.0,5614812182.897949,0.004683906927485104,0.04732396658597415,0.021615657199565375,-0.507006165638888,68.29751826449923,0.1576616463809306,1.3733636469222212,0.019522927787485222,225097800.0,0.026723932558817554,0.00806887796998136,0.009411230942613844,1,0.015241168753721723,test
2025-12-01,278.010009765625,283.4200134277344,276.1400146484375,283.1000061035156,46587700.0,13188978154.348757,0.015241168753721723,0.04276406603100824,0.03924232699862906,0.8388471368776713,72.56394797265543,0.5058318162879569,1.6966139420324462,0.019693088767629197,212654700.0,0.03993522251593773,0.006785430377009057,0.009812572057956171,1,0.010914857899228636,test
2025-12-02,283.0,287.3999938964844,282.6300048828125,286.19000244140625,53669500.0,15359674336.029053,0.010914857899228636,0.03722089197549883,0.07002920655321243,0.14150830932825187,75.17934861792764,0.8572593357988163,1.7052980365347765,0.01927951573349667,200738400.0,0.047986807392020436,0.005528924695776475,0.009835655876463682,0,-0.00712816145749029,test
2025-12-03,286.20001220703125,288.6199951171875,283.29998779296875,284.1499938964844,43538700.0,12371521339.260864,-0.00712816145749029,0.025923358645833616,0.06248127169658968,-0.20919466785983332,70.4074219980018,0.8629672932304517,1.2402485724493124,0.019368258588804296,110285500.0,0.037835405533482414,0.008593224461456397,0.010097766943692096,0,-0.012141410394363561,test
2025-12-04,284.1000061035156,284.7300109863281,278.5899963378906,280.70001220703125,43989100.0,12347740906.976318,-0.012141410394363561,0.011349394893190201,0.04520410619153692,0.010291677962445789,63.11160533053272,0.55973763714006,0.7491104501636272,0.019768280458902433,32865000.0,0.023261283240357367,0.011670649190035211,0.01061725484911936,0,-0.00684009028940924,test
2025-12-05,280.5400085449219,281.1400146484375,278.04998779296875,278.7799987792969,47265800.0,13176759666.30249,-0.00684009028940924,-0.00025105728056806775,0.047061028279049344,0.0718451120457324,59.42124017866731,0.17513091452536855,0.4732781645805014,0.01927440545655622,-34536400.0,0.014595863209652782,0.01221104300727279,0.01077714642416062,0,-0.00319242461710445,test
2025-12-08,278.1300048828125,279.6700134277344,276.1499938964844,277.8900146484375,38211800.0,10618677661.743164,-0.00319242461710445,-0.018403360447731942,0.02357370306189721,-0.21264261612862967,57.73597103911987,-0.17498475230818222,0.32146595519107474,0.01885976443633408,-119335900.0,0.009626175040067242,0.008756697838915271,0.01073141460819596,0,-0.002555046727945598,test
2025-12-09,278.1600036621094,280.0299987792969,276.9200134277344,277.17999267578125,32193300.0,8923338658.209229,-0.002555046727945598,-0.03148261535610308,0.004566465594119995,-0.17138600717801467,56.362584874654765,-0.473244861628455,0.19360026651036538,0.018358933863321627,-205198700.0,0.005630746020245381,0.0038326170960781302,0.010764938617716584,1,0.00577244442526248,test
2025-12-10,277.75,279.75,276.44000244140625,278.7799987792969,33038300.0,9210417233.670044,0.00577244442526248,-0.018898452340434635,0.006534994947526629,0.025909137384378056,58.7441697258862,-0.5748684083846776,0.3686514640724675,0.01779782236422322,-128621700.0,0.010788429565279145,0.006564519158615886,0.009740399917979278,0,-0.0026902934331158868,test
2025-12-11,279.1000061035156,279.5899963378906,273.8099975585937,278.0299987792969,33248000.0,9243941399.414062,-0.0026902934331158868,-0.009511981872537656,0.0017294577821642676,0.006327120181378376,57.16912498629161,-0.696578351060114,0.24799383597928587,0.01805606762592734,-117880600.0,0.00723645784376914,0.004636671785568756,0.009630497582922233,1,0.0008991835452922814,test
2025-12-12,277.8999938964844,279.2200012207031,276.82000732421875,278.2799987792969,39532900.0,11001215363.742064,0.0008991835452922814,-0.0017935289554106282,-0.002044135957476545,0.1731386169228486,57.57743355288219,-0.7590925144653307,0.24736079507563827,0.017367313541661607,-31081900.0,0.007169762561724857,0.0037902280709862734,0.00960839667173542,0,-0.014984955605960026,test
2025-12-15,280.1499938964844,280.1499938964844,272.8399963378906,274.1099853515625,50409100.0,13817637662.58545,-0.014984955605960026,-0.013602609297268753,-0.03175563602307352,0.24303847225571218,49.159241221224605,-1.0615716201029337,-0.28649888784414296,0.018276992341984034,-43279200.0,-0.00822773490954487,0.007675887379624572,0.010240746539244146,1,0.0018240853187405648,test
2025-12-16,272.82000732421875,275.5,271.7900085449219,274.6099853515625,37648600.0,10338681494.506836,0.0018240853187405648,-0.009271979912435113,-0.04046268909136552,-0.2918759386513763,50.10128936706822,-1.1981507646865759,-0.2885163438496443,0.017905594549110716,26562700.0,-0.007702184104017351,0.007943404982963339,0.009265949508093457,0,-0.010086993049891024,test
2025-12-17,275.010009765625,276.1600036621094,271.6400146484375,271.8399963378906,50138700.0,13629704024.386597,-0.010086993049891024,-0.024894190658564685,-0.04332218132328469,0.28649738941443204,45.113994114015426,-1.4295395548608458,-0.7401889845761113,0.017983715650655478,-56614300.0,-0.018491749588319117,0.0072849122219107885,0.009611599542893558,1,0.001287544541755281,test
2025-12-18,273.6099853515625,273.6300048828125,266.95001220703125,272.19000244140625,51630700.0,14053360359.051514,0.001287544541755281,-0.02100491444639563,-0.030317097953485028,0.029323291241450278,45.84752222900679,-1.505854402077313,-0.7574127568108426,0.018430666499197747,28264400.0,-0.017871628867629608,0.007800250459793302,0.009580577573651647,1,0.005437418615868328,test
2025-12-19,272.1499938964844,274.6000061035156,269.8999938964844,273.6700134277344,144632000.0,39581441382.08008,0.005437418615868328,-0.016565996017624873,-0.01832981337950268,1.030076116116934,48.954152434545755,-1.4054249372250025,-0.6871916163656119,0.018248351729384424,133363500.0,-0.013851504832462114,0.008749937951696006,0.009374132807704922,0,-0.009865941003960987,test
2025-12-22,272.8599853515625,273.8800048828125,270.510009765625,270.9700012207031,36571800.0,9909860690.64331,-0.009865941003960987,-0.011455197908358472,-0.02490198662405696,-1.374915113327667,43.995486774974445,-1.46303630735733,-1.1527055405073587,0.018002082841570555,147200800.0,-0.023489301361171555,0.0072046005932066845,0.008644136373728947,1,0.005129660569795913,test
2025-12-23,270.8399963378906,272.5,269.5599975585937,272.3599853515625,29642000.0,8073294685.791016,0.005129660569795913,-0.008193438403630848,-0.017389448919773676,-0.21008517069551047,46.97330801721437,-1.352335960884445,-0.8436194137979193,0.01740194787738592,139194200.0,-0.017850109081001153,0.007802313829340254,0.007854417322195002,1,0.005323881205087977,test
2025-12-24,272.3399963378906,275.42999267578125,272.20001220703125,273.8099975585937,17910600.0,4904101342.272949,0.005323881205087977,0.007246914535175231,-0.01782768219551434,-0.5037995360887777,49.96226548441449,-1.135031087479876,-0.5594949585066128,0.016915980983577827,207243500.0,-0.012058369977561711,0.006567390928866267,0.007906609836486953,0,-0.0014974020881819428,test
2025-12-26,274.1600036621094,275.3699951171875,272.8599853515625,273.3999938964844,21521800.0,5884059988.641357,-0.0014974020881819428,0.0044453927191487885,-0.016652896820993246,0.18367364920102602,49.11916958523676,-0.9784149444013923,-0.5819650659205502,0.016387018606822432,134091000.0,-0.012798612430337974,0.006702644833910536,0.007884297944269163,1,0.0013168100847762432,test
2025-12-29,272.69000244140625,274.3599853515625,272.3500061035156,273.760009765625,23715200.0,6492273383.59375,0.0013168100847762432,0.00032884983182279726,-0.016242593910806624,0.09704981355906739,49.91832689332624,-0.8166765456215777,-0.47714158888067376,0.01572094361349563,13174200.0,-0.010589430881082551,0.006243736684200689,0.007798236502608577,0,-0.0024840121606569676,test
2025-12-30,272.8099975585937,274.0799865722656,272.2799987792969,273.0799865722656,22139600.0,6045881670.715332,-0.0024840121606569676,0.00778678577723424,-0.0037576113032724567,-0.06874832950407139,48.37283617794817,-0.7247177025306331,-0.530264079954098,0.015105187500153603,27606400.0,-0.011256827240346046,0.0036287097243200748,0.0068132661283518015,0,-0.004467559984957958,test
2025-12-31,273.0599975585937,273.67999267578125,271.75,271.8599853515625,27293600.0,7420037696.191406,-0.004467559984957958,-0.001835805650211797,-0.01001420249332663,0.20928437367369312,45.64261327810886,-0.7141243255789336,-0.7238890818095033,0.014596276672193096,-29329200.0,-0.013113876118478474,0.0038011624567811154,0.006139964702497494,0,-0.0031265196488491354,test
2026-01-02,272.260009765625,277.8399963378906,269.0,271.010009765625,37838100.0,10254503850.512695,-0.0031265196488491354,-0.010226024681109447,-0.003053217272832698,0.32666427882336535,43.78829016961088,-0.7298427634629526,-0.8909860996146981,0.015926101954661893,-85077900.0,-0.013847430764442503,0.0021698281561133245,0.0060473291878324125,0,-0.013837127282653072,test
2026-01-05,270.6400146484375,271.510009765625,266.1400146484375,267.260009765625,45647200.0,12199671117.773438,-0.013837127282653072,-0.022457879546201154,-0.01811232092127457,0.18762573287793316,36.70343305624171,-0.944638274483803,-1.5484747197285065,0.01643122333311798,-109203300.0,-0.02510907064657386,0.0056339816335077815,0.006201791414370404,0,-0.01833429707033085,test
2026-01-06,267.0,267.54998779296875,262.1199951171875,262.3599853515625,52352100.0,13735096189.123535,-0.01833429707033085,-0.041642402131057965,-0.04132724639617269,0.1370497794137151,29.896581237618534,-1.3441903522930794,-1.9688164947859597,0.017020863365632168,-185270600.0,-0.040108341995086394,0.007185275765565931,0.007099411135960995,0,-0.007737455757884204,test
2026-01-07,263.20001220703125,263.67999267578125,259.8099975585937,260.3299865722656,48309800.0,12576489585.308838,-0.007737455757884204,-0.046689617060699296,-0.03926639332953796,-0.08035761089873006,27.611936432794906,-1.6523770738664068,-1.7962305309613962,0.016990169985830358,-211440800.0,-0.04446597289907028,0.0064402783817488615,0.007177981457086915,0,-0.004955164959399183,test
2026-01-08,257.0199890136719,259.2900085449219,255.6999969482422,259.0400085449219,50419300.0,13060615902.82898,-0.004955164959399183,-0.04715654196060581,-0.048905777364641856,0.04273959878960554,26.239705102796222,-1.836149605833659,-1.5992418675847306,0.017131840363896523,-234566500.0,-0.04602490832307571,0.006348044710425664,0.00718609462409167,1,0.00127388264893602,test
2026-01-09,259.0799865722656,260.2099914550781,256.2200012207031,259.3699951171875,39997000.0,10374021694.702148,0.00127388264893602,-0.04295049713663357,-0.052737308973957786,-0.23156958181429133,27.235904420515894,-1.824740761682862,-1.3392991407903903,0.016986711856993568,-156731400.0,-0.041383471679174,0.007642590315122314,0.006951993683698716,1,0.0033928553779511983,test
2026-01-12,259.1600036621094,261.29998779296875,256.79998779296875,260.25,45263800.0,11779903950.0,0.0033928553779511983,-0.026229175744521105,-0.0480980036212556,0.12370314181654152,29.952889887460387,-1.652334245796522,-1.0945033612835477,0.016955115638334406,-65820400.0,-0.03496020045064685,0.008583862179383402,0.007123858927358654,1,0.003073920434077726,test
2026-01-13,258.7200012207031,261.8099975585937,258.3900146484375,261.04998779296875,45730800.0,11938024781.762695,0.003073920434077726,-0.004993130171273452,-0.046427606367846486,0.01026443525077525,32.42319609117287,-1.3893958425208077,-0.9084861009710666,0.016631565035669014,32262500.0,-0.0288914876559061,0.005052245213676291,0.007207031457355224,0,-0.004175431483854575,test
2026-01-14,259.489990234375,261.82000732421875,256.7099914550781,259.9599914550781,40019400.0,10403442882.037354,-0.004175431483854575,-0.001421254316720022,-0.048044513557625845,-0.13340769184315704,30.827936430728172,-1.2009451294213322,-0.9228952126723342,0.01691241672794887,40552900.0,-0.030394374045034422,0.00400576877098164,0.006658476405195848,0,-0.006731805114335909,test
2026-01-15,260.6499938964844,261.0400085449219,257.04998779296875,258.2099914550781,39388600.0,10170530069.42749,-0.006731805114335909,-0.0032042042250775005,-0.05020964699469299,-0.015887901803832705,28.41102797357148,-1.1084434501894211,-0.9954758443903112,0.016914580872848774,51583600.0,-0.0339670002800756,0.004564241892360647,0.006632358733637527,0,-0.010379120733008063,test
2026-01-16,257.8999938964844,258.8999938964844,254.92999267578125,255.52999877929688,72142800.0,18434649595.93506,-0.010379120733008063,-0.014805090836184198,-0.0571197019612506,0.6051710422784247,25.15810411050161,-1.1377534505189333,-1.120213879347148,0.016980863495279296,-60556200.0,-0.04106786735943013,0.006072767707853356,0.006648965395412365,0,-0.03455563680678142,test
2026-01-20,252.72999572753903,254.7899932861328,243.4199981689453,246.6999969482422,80267500.0,19801992005.04303,-0.03455563680678142,-0.052065333532210656,-0.0769288784933182,0.10671731722888111,17.890142550709058,-1.631762219552653,-1.601555832339383,0.019838601489608455,-186087500.0,-0.06975516504268164,0.014292696358955975,0.009592334445415107,1,0.0038508186461045923,test
2026-01-21,248.6999969482422,251.55999755859372,245.17999267578125,247.6499938964844,54641700.0,13532016671.49353,0.0038508186461045923,-0.05133114163219765,-0.05606796873146147,-0.38456747341329844,20.54950432897671,-1.76328262771119,-1.2926974728438267,0.02019104861653577,-177176600.0,-0.061569250705748146,0.014480866245895781,0.009508889303666017,1,0.0028266191168322408,test
2026-01-22,249.1999969482422,251.0,248.1499938964844,248.3500061035156,39708300.0,9861556547.36023,0.0028266191168322408,-0.0446606621525788,-0.046018442310426955,-0.3192370867823051,22.540297023516203,-1.67264240110703,-1.0787993614318203,0.019659488133124577,-97448900.0,-0.0548660604947554,0.015533429197957032,0.009586017074229904,0,-0.0012482899527433977,test
2026-01-23,247.32000732421875,249.41000366210935,244.67999267578125,248.0399932861328,41689000.0,10340539280.10559,-0.0012482899527433977,-0.03938654004686193,-0.04246454175391012,0.048677069989441435,22.274109014349833,-1.5081528501374146,-0.9765946667540895,0.019640165988344012,-99749300.0,-0.051657241986513336,0.015922125721571055,0.009359048246571949,1,0.02971299216040002,test
2026-01-26,251.47999572753903,256.5599975585937,249.8000030517578,255.41000366210935,55969200.0,14295093576.965332,0.02971299216040002,-0.0004695930722841135,-0.015267731540377194,0.29456422827199447,40.318483642541096,-0.8124402637435262,-0.39187589086518315,0.020093773473686148,28362700.0,-0.020032126293557107,0.022919761935592232,0.011952866398129666,1,0.01119762464490659,test
2026-01-27,259.1700134277344,261.95001220703125,258.2099914550781,258.2699890136719,49648300.0,12822665895.547483,0.01119762464490659,0.04689903611088031,-0.007608111378782367,-0.1198373869277134,45.59663989311492,-0.10620531875185968,-0.12743434488427657,0.02026062744295217,158278500.0,-0.0061741627906771734,0.012279563831536961,0.012388589555328424,0,-0.007085556394896275,test
2026-01-28,257.6499938964844,258.8599853515625,254.50999450683597,256.44000244140625,41288000.0,10587894820.80078,-0.007085556394896275,0.03549367559684247,-0.017659396924463944,-0.18439224530238363,42.97753623863373,0.27054184579800555,-0.22007099162149504,0.0201593373298138,62348800.0,-0.009916638608696737,0.014294420371271361,0.012385196816226742,1,0.007175153331668849,test
2026-01-29,258.0,259.6499938964844,254.41000366210935,258.2799987792969,67253000.0,17370104757.904053,0.007175153331668849,0.03998386322423664,-0.006462504735354813,0.4878897169550811,46.316519563544546,0.6546158598804244,0.0010868398876757203,0.020035171480492532,89893500.0,4.4535339548179564e-05,0.014101877307524581,0.01260060889181699,1,0.004646167774132071,test
2026-01-30,255.1699981689453,261.8999938964844,252.17999267578125,259.4800109863281,92443400.0,23987214447.613525,0.004646167774132071,0.04612166590005673,0.004918553012194238,0.31813493414005123,48.43711991069821,0.9808141127631087,0.19345778478834913,0.021193731092059156,224025900.0,0.007104663563477498,0.01336791944779646,0.01269798787201488,1,0.04058115590203082,test
2026-02-02,260.0299987792969,270.489990234375,259.2099914550781,270.010009765625,73913400.0,19957357855.810547,0.04058115590203082,0.05716301591237016,0.05666657948382259,-0.22370242499938797,62.45300877387095,1.8468195810633201,1.3347045264483353,0.021896421900130622,241970100.0,0.04817754645029382,0.017725074447210394,0.0158974214430244,0,-0.0019628856713753695,test
2026-02-03,269.20001220703125,271.8800048828125,267.6099853515625,269.4800109863281,64394700.0,17353084463.461304,-0.0019628856713753695,0.04340427633681765,0.09233893117098502,-0.13786280404607254,61.546199506065456,2.2957358351122523,1.2262907497004811,0.02150419495956358,127927100.0,0.04566951299481947,0.018695209781549715,0.015574478257569411,1,0.026012984125945104,test
2026-02-04,272.2900085449219,278.95001220703125,272.2900085449219,276.489990234375,90545700.0,25034979708.76465,0.026012984125945104,0.07818588208581057,0.11645466201765986,0.34082335955386256,68.13621572575707,2.935647054786863,1.5846480335856952,0.021908403620232206,259760800.0,0.06993731860861008,0.017545860758252835,0.01590111315063669,0,-0.0020976765624461935,test
2026-02-05,278.1300048828125,279.5,273.2300109863281,275.9100036621094,52977400.0,14616994628.009031,-0.0020976765624461935,0.06825927275103294,0.11097240540073283,-0.5359892802770894,67.11143806462744,3.1706601946233777,1.3057332349043498,0.02200947871831134,139530400.0,0.06448403745313458,0.019044172052510997,0.01575475640285694,1,0.008009827210848641,test
2026-02-06,277.1199951171875,280.9100036621094,276.92999267578125,278.1199951171875,50453400.0,14032099361.645508,0.008009827210848641,0.07183591545262225,0.12127077344480952,-0.04881526858506291,69.02324859688564,3.31039458893109,1.2617748602521592,0.02155910631402227,97540400.0,0.06907552084746205,0.018712573704656413,0.015675538018354106,0,-0.01258449612198953,test
2026-02-09,277.9100036621094,278.20001220703125,271.70001220703125,274.6199951171875,44623400.0,12254477890.112305,-0.01258449612198953,0.017073386855413597,0.07521236905227768,-0.1227917502828717,62.797332090406854,3.0111416295736837,0.9142110140690791,0.02196496003769868,-20996400.0,0.0525367574310589,0.01455213150293285,0.016088169658926676,0,-0.003422920610733904,test
2026-02-10,274.8900146484375,275.3699951171875,272.94000244140625,273.67999267578125,34376900.0,9408269740.216064,-0.003422920610733904,0.01558550363004918,0.05966625747327403,-0.2608735512492224,61.20068189582044,2.608937298862075,0.778181351836928,0.02110029927478195,9021400.0,0.046241339896033073,0.01470241562351388,0.016151094833555577,1,0.0066501292492171515,test
2026-02-11,274.70001220703125,280.17999267578125,274.45001220703125,275.5,51931300.0,14307073150.0,0.0066501292492171515,-0.0035805644664959058,0.0743253680281366,0.41253685422248054,63.15406319348583,2.333480338230482,0.8157919414464626,0.02114894652909736,-29593000.0,0.050298034346107245,0.008373976542372416,0.016175903573332873,0,-0.049981811301894274,test
2026-02-12,275.5899963378906,275.7200012207031,260.17999267578125,261.7300109863281,81077200.0,21220336446.740723,-0.049981811301894274,-0.051393543139329756,0.013357643732913704,0.44548008902932423,44.78339095869055,1.1516704637922617,-0.04118084752784064,0.024912520729411525,-57692800.0,-0.0025343040426436536,0.02371555457961106,0.020007644969551583,0,-0.022733396848946263,test
2026-02-13,262.010009765625,262.2300109863281,255.4499969482422,255.77999877929688,56290700.0,14398035177.285769,-0.022733396848946263,-0.08032502779412731,-0.014259334246853439,-0.364872446762746,39.44419571223811,-0.039843670617604854,-0.3996339812157944,0.025564553435893075,-164436900.0,-0.024758510792082133,0.021691703670775376,0.020623800505592982,1,0.031667863563111576,test
2026-02-17,258.04998779296875,266.2900085449219,255.5399932861328,263.8800048828125,58469100.0,15428826393.493652,0.031667863563111576,-0.039108551545170456,-0.02270288011964261,0.0379690738982994,48.45383422914253,-0.2782489504061385,0.07405257166983019,0.025919717916442365,-61344400.0,0.0045262476253240536,0.03077218892058415,0.021656247482464565,1,0.0017811172199722058,test
2026-02-18,263.6000061035156,266.82000732421875,262.45001220703125,264.3500061035156,34203300.0,9041642563.760376,0.0017811172199722058,-0.03409086093961766,-0.019036680546494322,-0.5361762667845902,48.92865229167913,-0.393061367088843,0.051749166544801044,0.025206309745711357,7235800.0,0.002946067328899016,0.03103416263671628,0.01989541697189987,0,-0.014261469431454121,test
2026-02-19,262.6000061035156,264.4800109863281,260.04998779296875,260.5799865722656,30845300.0,8037667859.817505,-0.014261469431454121,-0.05415612859431718,-0.0575427835511253,-0.10333773879483843,45.32226957744981,-0.6940818675317323,-0.2606215443119338,0.024958820883622782,-75540800.0,-0.013776450984753885,0.030213247921779388,0.020294015292244238,1,0.015350373037534393,test
2026-02-20,258.9700012207031,264.75,258.1600036621094,264.5799865722656,42070500.0,11131012325.0885,0.015350373037534393,0.010888990434063661,-0.04106417650488292,0.3103623851713202,49.569473703588756,-0.598587548103066,-0.0352889706935176,0.024604764614154003,47606900.0,-0.0017036197954560794,0.0219885627714338,0.020488972322605215,1,0.006047343656806037,test
2026-02-23,263.489990234375,269.42999267578125,263.3800048828125,266.17999267578125,37308200.0,9930696402.746582,0.006047343656806037,0.04065991846945849,-0.04293111840583508,-0.12013363782054043,51.20229400787377,-0.4113690929151722,0.021326836225237934,0.02433344194423837,141205800.0,0.0009080792198064014,0.016971944807046422,0.020467348811543405,1,0.022390946489790453,test
2026-02-24,267.8599853515625,274.8900146484375,267.7099914550781,272.1400146484375,47014600.0,12794553932.69043,0.022390946489790453,0.031302143446955144,-0.009030589588684967,0.23124504460529494,56.8117575225968,0.10270959314073658,0.49450373123008834,0.02438660698587847,129751300.0,0.02011063498617749,0.014000701983357755,0.02003923056298436,1,0.007679856784716499,test
2026-02-25,271.7799987792969,274.94000244140625,271.04998779296875,274.2300109863281,33714300.0,9245472859.396362,0.007679856784716499,0.03737471025040806,0.002009713260985313,-0.3325361036798071,58.60861736564333,0.547498994507901,0.6242795223276426,0.023485354214372374,129262300.0,0.024879228697821443,0.01377548176147804,0.01998225795142272,0,-0.004667610137537803,test
2026-02-26,274.95001220703125,276.1099853515625,270.79998779296875,272.95001220703125,32345100.0,8828595439.837646,-0.004667610137537803,0.047471126994379054,-0.009255854057962809,-0.04145953728431806,57.04330131830637,0.7092295427774246,0.45301567574559554,0.023299675464277206,127762500.0,0.016958032899611064,0.010201232215102185,0.01992402611596201,0,-0.03213049693728531,test
2026-02-27,272.8099975585937,272.8099975585937,262.8900146484375,264.17999267578125,72366500.0,19117781439.971924,-0.03213049693728531,-0.0015118070783298743,0.00936072130291965,0.8052809268701893,47.65251286590258,0.2054539991733486,-0.4727355723783297,0.025073653045204276,13325500.0,-0.01679798202943661,0.020316052759576087,0.0214065032285987,1,0.002044093269336189,test
2026-03-02,262.4100036621094,266.5299987792969,260.20001220703125,264.7200012207031,41827900.0,11072681739.059448,0.002044093269336189,-0.005484978192393464,0.0349519215109555,-0.5481798940479656,48.217791704141696,-0.09536315270125484,-0.46438615763763164,0.02494318346011781,17845200.0,-0.01574795667037321,0.020089063740587852,0.021393310843523215,0,-0.0036642536122324376,test
2026-03-03,263.4800109863281,265.5599975585937,260.1300048828125,263.75,38568900.0,10172547375.0,-0.0036642536122324376,-0.03082977216443561,-0.0004926666682086855,-0.08111732673165761,47.23116719660491,-0.34934852808821815,-0.5274389567973091,0.024717255762740448,-67738300.0,-0.01821193705246904,0.015344141489886151,0.019293241205763714,0,-0.004663548763329417,test
2026-03-04,264.6499938964844,266.1499938964844,261.4200134277344,262.5199890136719,39803100.0,10449109374.710085,-0.004663548763329417,-0.04270146046575496,-0.006922704927523782,0.0314985456618011,45.94728312128594,-0.5764633000368495,-0.6083974826562747,0.02434624706414432,-141255700.0,-0.02152302864929656,0.013437825341530004,0.019309825925332185,0,-0.00849451684471103,test
2026-03-05,260.7900085449219,261.5599975585937,257.25,260.2900085449219,49658600.0,12925637418.328856,-0.00849451684471103,-0.04638213261007962,-0.0011128177231037872,0.22122678428846854,43.631620784462626,-0.8373322064753783,-0.7633918151451591,0.02424709822737854,-158569200.0,-0.026896854112537838,0.01326455570456124,0.018270722878284157,0,-0.010872553678353492,test
2026-03-06,258.6300048828125,258.7699890136719,254.3699951171875,257.4599914550781,41120000.0,10586754848.632812,-0.010872553678353492,-0.025437207233745207,-0.026910558162126064,-0.18867696265056821,40.81997375518689,-1.1420668572347135,-0.954989837113967,0.024405073356640022,-127322700.0,-0.03414593255345255,0.004953041986802843,0.0183567593494703,1,0.009399570838394267,test
2026-03-09,255.69000244140625,261.1499938964844,253.67999267578125,259.8800048828125,38218500.0,9932223966.61377,0.009399570838394267,-0.01828345540787224,-0.02366814924607208,-0.07317492772649103,44.13518508645217,-1.1206733287833943,-0.6471439501280348,0.02450397140928263,-130932100.0,-0.021720290296207367,0.007857369120249926,0.01840436436020248,1,0.0036554627966916,test
2026-03-10,257.6499938964844,262.4800109863281,256.95001220703125,260.8299865722656,30590800.0,7978997953.234863,0.0036554627966916,-0.011071140958234582,-0.04155959236932749,-0.22262037489170794,45.42756889425865,-0.987250209937904,-0.4857540737823474,0.024185211508655862,-61772400.0,-0.01558916520443121,0.008510869096453261,0.01832770427675295,0,-7.663617950770529e-05,test
2026-03-11,261.0899963378906,262.1300048828125,259.54998779296875,260.8099975585937,26218900.0,6838151244.989014,-7.663617950770529e-05,-0.006513757148561838,-0.048937070670953986,-0.1542187799596917,45.403767310987796,-0.8502544958846721,-0.435067697872127,0.02316601220135684,-48188200.0,-0.013268167619677418,0.008425058226936852,0.01833325634378941,0,-0.019362766377938323,test
2026-03-12,258.6600036621094,258.95001220703125,254.17999267578125,255.75999450683597,40794000.0,10433473215.911863,-0.019362766377938323,-0.01740371850387068,-0.06297862953439526,0.4420544733977039,39.73892956956259,-1.0372669329691364,-1.0005968803535605,0.02378766514533801,-39323600.0,-0.028747218503625938,0.011568157622044727,0.018589996985178686,0,-0.022051921765652516,test
2026-03-13,255.47999572753903,256.3299865722656,249.5200042724609,250.1199951171875,36930000.0,9236931419.677734,-0.022051921765652516,-0.028509269717626462,-0.053221280749481625,-0.09951078034305993,34.55375964531507,-1.452845947917596,-1.4427018384828127,0.02453140046105962,-35133600.0,-0.04806670875390373,0.014152735274978127,0.01575014687831689,1,0.01079486750256109,test
2026-03-16,252.1100006103516,253.88999938964844,249.8800048828125,252.82000732421875,32074200.0,8108999478.918457,0.01079486750256109,-0.02716637458036575,-0.04495313479000429,-0.14097225611762454,38.67880557369748,-1.454349341017326,-1.0770887200212114,0.02366881886770132,-41277900.0,-0.03724842349529012,0.014533223571917863,0.01521916375614875,1,0.005577044389181163,test
2026-03-17,252.9600067138672,255.1300048828125,252.17999267578125,254.22999572753903,32361600.0,8227289429.736328,0.005577044389181163,-0.02530380395084675,-0.03609480292876199,0.00892056580143219,40.77804195372265,-1.2752508950588255,-0.8306342420994665,0.02268513214616465,-39507100.0,-0.030097028560688854,0.01485467486017882,0.013318832051061777,0,-0.016874457610149274,test
2026-03-18,252.6300048828125,254.94000244140625,249.0,249.94000244140625,35757900.0,8937329613.29956,-0.016874457610149274,-0.0416778314441163,-0.04792010932017243,0.09979868608803955,36.66529765702626,-1.3531963121786648,-1.111534651775606,0.023123874096301605,-49046100.0,-0.043835355436094514,0.015347418224169351,0.013704270871803592,0,-0.0039209238936004365,test
2026-03-19,249.3999938964844,251.8300018310547,247.3000030517578,248.9600067138672,34864100.0,8679766570.072937,-0.0039209238936004365,-0.02658737855418214,-0.04352837780593988,-0.025313576545418215,35.777592571883446,-1.373845295794272,-1.0645515503874328,0.022856382997850463,-43116200.0,-0.045462796204933875,0.014087685545994409,0.013437961396461532,0,-0.003896213024359052,test
2026-03-20,247.97999572753903,249.1999969482422,246.0,247.9900054931641,88331100.0,21905229974.217224,-0.003896213024359052,-0.008515871044317946,-0.03678235949746145,0.9296345901315064,34.877491020778095,-1.353730433657077,-1.010308953929012,0.022228495296057388,-94517300.0,-0.04614826442983466,0.010595878968142364,0.01278906814299238,1,0.01411347200480817,test
2026-03-23,253.97000122070312,254.6000061035156,250.27999877929688,251.4900054931641,40546100.0,10196938911.72638,0.01411347200480817,-0.005260666848051487,-0.03228412818228055,-0.7786526422598854,40.67691148089698,-1.0207695763832474,-0.6456653283052032,0.022230869622241346,-86045400.0,-0.029945576827982046,0.011625325795391706,0.013214621434022801,1,0.0005964209042430557,test
2026-03-24,250.3500061035156,254.8300018310547,249.5500030517578,251.63999938964844,45152300.0,11362124744.441223,0.0005964209042430557,-0.010187611145092146,-0.035233629780795916,0.10760161897877296,40.9197324297654,-0.7206402914781522,-0.5773223595953221,0.02212938516837816,-73254700.0,-0.025514228550368778,0.011123402989086284,0.011861557954281498,1,0.00389443542328749,test
2026-03-25,254.1000061035156,255.0,251.6000061035156,252.6199951171875,28476700.0,7193783814.953613,0.00389443542328749,0.010722544008974877,-0.031402179816999665,-0.4609549978594032,42.57363160091186,-0.4022112103182427,-0.4498021446748569,0.021430351480733772,-9020100.0,-0.01760855407426698,0.007449729149106245,0.011697113420990618,1,0.0010688159198788405,test
2026-03-26,252.1199951171875,257.0,250.7700042724609,252.88999938964844,41796700.0,10569967437.48932,0.0010688159198788405,0.015785638535501967,-0.01122143876614301,0.3837311688109679,43.046692079636564,-0.13339802529161515,-0.38509706579223374,0.021638022922424716,67640700.0,-0.012707644325712142,0.006731511137919339,0.011750863659618999,0,-0.016173025219509918,test
2026-03-27,253.8999938964844,255.4900054931641,248.07000732421875,248.8000030517578,47900000.0,11917520146.1792,-0.016173025219509918,0.003266250819192962,-0.005277435195899627,0.1362981123225815,37.94725077062258,-0.18771576620641994,-0.7909601591987239,0.022552971994937363,108071800.0,-0.025750252228364467,0.010896919091703613,0.010155380189741338,0,-0.008721857485242457,test
2026-03-30,250.07000732421875,250.8699951171875,245.50999450683597,246.6300048828125,39446200.0,9728616498.608398,-0.008721857485242457,-0.019324826053509714,-0.024483831429797154,-0.194177781751673,35.54155673343821,-0.31876064580203245,-0.9633549230398273,0.022678660507995954,28079500.0,-0.03081482508752953,0.008359607985569527,0.010162318925922663,1,0.029031294901536553,test
2026-03-31,247.91000366210935,255.47999572753903,247.1000061035156,253.7899932861328,49598100.0,12587501466.004944,0.029031294901536553,0.008543927442772103,-0.0017307259127588015,0.2290148031655974,47.392331948315736,0.10511744614136465,-0.024680974804939113,0.02295544938056189,32525300.0,-0.0007225399991339643,0.017177032964342545,0.012494039662805633,1,0.007250134541771258,test
2026-04-01,254.0800018310547,256.17999267578125,253.3300018310547,255.6300048828125,40059400.0,10240384617.60254,0.007250134541771258,0.011915168331108061,0.022765473256887603,-0.21358916915288262,49.93948580501719,0.5148420407091301,0.29377803718880224,0.021958693876163792,44108000.0,0.007889495249113754,0.017343105495826773,0.01263597986530157,1,0.0011344258521832629,test
2026-04-02,254.1999969482422,256.1300048828125,250.6499938964844,255.9199981689453,31289400.0,8007583190.707397,0.0011344258521832629,0.01198148913207242,0.027956263124130354,-0.2470839635535107,50.34752240310663,0.7941250804292994,0.38963843603541565,0.021896609667037055,33600700.0,0.009902899052811165,0.017341785147210482,0.012528534575395519,1,0.011487914987700076,test
2026-04-06,256.510009765625,262.1600036621094,256.4599914550781,258.8599853515625,29329900.0,7592337484.362793,0.011487914987700076,0.04043401196306218,0.04383233040695278,-0.06467190640113074,54.40506072847641,1.144315850119804,0.8193947452065596,0.02182347709884738,110830600.0,0.02122248496246537,0.013980282741105188,0.012577322318434614,0,-0.020706117804507373,test
2026-04-07,256.1600036621094,256.20001220703125,245.6999969482422,253.5,62148000.0,15754518000.0,-0.020706117804507373,0.027855471682984412,0.00799234348456257,0.7509111457202806,46.88295351709388,0.9882996482588693,0.05502479636499924,0.024401215246824908,88128800.0,0.0013370950080018318,0.018016391431033705,0.013221825719102935,1,0.02130175107094434,test
2026-04-08,258.45001220703125,259.75,256.5299987792969,258.8999938964844,41032800.0,10623391669.555664,0.02130175107094434,0.02013476002022796,0.02885071739169054,-0.41514688207475814,53.81158729678482,1.2076055541203652,0.9917235810627156,0.023910005763119458,79563500.0,0.02305729563910064,0.015688712363902776,0.014118395784570957,1,0.006141353323192211,test
2026-04-09,259.0,261.1199951171875,256.07000732421875,260.489990234375,28121600.0,7325395309.375,0.006141353323192211,0.01901179540246245,0.031153492476067468,-0.37783377135772156,55.646149960030186,1.4047621872618739,1.2758369788142916,0.023451378857150235,67625700.0,0.029405337462916847,0.01564070438740695,0.014191307003883576,0,-3.8309525974056235e-05,test
2026-04-10,259.9800109863281,262.19000244140625,259.0199890136719,260.4800109863281,31291500.0,8150810263.778687,-3.8309525974056235e-05,0.01781811835733338,0.030013095080858143,0.10680852723997702,55.63121498726552,1.472392367631284,1.1407396438402349,0.022646392590543445,5044800.0,0.02840677949049697,0.01570069557502799,0.013439064552530558,0,-0.004914000020385667,test
2026-04-13,259.7300109863281,260.17999267578125,256.6600036621094,259.20001220703125,36234700.0,9392034682.318115,-0.004914000020385667,0.0013135551058884865,0.041800679371816196,0.1466707237089686,53.64249029679959,1.3708870314116077,0.8403494027720864,0.022185330470952204,-60519800.0,0.021522160527236434,0.015360143092214913,0.01239788594617085,0,-0.001427567968129817,test
2026-04-14,259.25,261.92999267578125,257.19000244140625,258.8299865722656,48370700.0,12519787631.491089,-0.001427567968129817,0.021025588056274636,0.04946673741197882,0.2888770283470343,53.05206446584597,1.2236397389218912,0.7140049635998126,0.02193819645383365,-46742500.0,0.018857252176489148,0.010355381790834894,0.01223430475801254,1,0.029362927395561567,test
2026-04-15,258.1600036621094,266.5599975585937,257.8099975585937,266.42999267578125,49913500.0,13298453439.422607,0.029362927395561567,0.029084584614967435,0.04980495576670596,0.03139724810078093,62.24403809113435,1.5612811044058406,1.4863625323789522,0.0221359195087822,-37861800.0,0.04626159951875497,0.013751712326108213,0.013740815832151181,0,-0.011372588907376024,test
2026-04-16,266.79998779296875,267.1600036621094,261.2699890136719,263.3999938964844,43323100.0,11411304275.576782,-0.011372588907376024,0.011171268652170108,0.030395449928633633,-0.14160552414967498,57.4173564027594,1.5032010151056887,0.9791833349086494,0.02238848137142601,-109306500.0,0.0316364395655524,0.01573803940308801,0.013384329884474142,1,0.025930209749845057,test
2026-04-17,266.9599914550781,272.29998779296875,266.7200012207031,270.2300109863281,61436200.0,16601905000.958252,0.025930209749845057,0.03743089522716492,0.05591596170587687,0.34931325111042355,64.16330293480995,1.8259521173932745,1.4854891060207125,0.022616349710961183,-16578800.0,0.05399675382483027,0.018759280746802602,0.014242787794707184,1,0.010435468645202839,test
2026-04-20,270.3299865722656,274.2799987792969,270.2900085449219,273.04998779296875,36590200.0,9990953663.342283,0.010435468645202839,0.0534335452687984,0.05481728828090038,-0.5182187819251993,66.5215233402029,2.110408569622578,1.4884631591301212,0.021843462769040266,56246100.0,0.05981621367419532,0.01742516769360512,0.014174206848872726,0,-0.025196757637106715,test
2026-04-21,271.5,272.79998779296875,265.3999938964844,266.1700134277344,50209800.0,13364343140.203856,-0.025196757637106715,0.028358487177912117,0.0499803291034886,0.31642977436463937,56.71566888648982,1.7321127288617502,0.7451503435652109,0.02286042586927425,54407000.0,0.030177358523671316,0.023651723947080927,0.015496128678852403,1,0.026298980526972437,test
2026-04-22,267.82000732421875,273.739990234375,266.8699951171875,273.1700134277344,43249200.0,11814384544.73877,0.026298980526972437,0.025297530072581065,0.055117882841494215,-0.14923148746604653,62.73466651497015,1.840087186135997,1.2200894151173145,0.02266298085805168,47742700.0,0.05288317742696558,0.022917954034648542,0.01633345979408359,1,0.0009517122497622044,test
2026-04-23,275.04998779296875,275.7699890136719,271.6499938964844,273.42999267578125,33399600.0,9132452383.374023,0.0009517122497622044,0.038078963597997006,0.049675622582516565,-0.2584348054152876,62.94078408540657,1.8128599367470266,1.0918956328635405,0.02210046070614366,124465400.0,0.04967558569024666,0.021292487942186987,0.016349976704504374,0,-0.008667648687676222,test
2026-04-24,272.760009765625,273.0599975585937,269.6499938964844,271.0599975585937,38157100.0,10342863432.843018,-0.008667648687676222,0.003071407832298645,0.04061726860423431,0.13316792028905766,59.69909611335753,1.5303474799285102,0.8055281729407776,0.021697376974540623,24872100.0,0.03696080232457688,0.0194198655093243,0.016587958094335418,0,-0.012727854490168444,test
2026-04-27,266.0899963378906,268.3599853515625,265.07000732421875,267.6099853515625,41466800.0,11096929740.576172,-0.012727854490168444,-0.019923100840901542,0.032445882517219804,0.0831812570889916,55.23901411312469,1.0302248315843614,0.4680848569723154,0.02200611153065397,-53184900.0,0.02009227362443733,0.019298483692041693,0.016388446276355835,1,0.011584044965448959,test
2026-04-28,272.3399963378906,273.2300109863281,268.6600036621094,270.7099914550781,40018900.0,10833516077.041626,0.011584044965448959,0.017056684819142243,0.045898873774795845,-0.03554126367240684,58.25679354476697,0.8355843623994237,0.709789559663988,0.02168312575539859,37043800.0,0.027194779503887156,0.015835350201241438,0.01620124577915885,0,-0.0019946734305643643,test
2026-04-29,267.54998779296875,271.0400085449219,267.0400085449219,270.1700134277344,30047900.0,8118041546.47522,-0.0019946734305643643,-0.010982171733844526,0.014037536519037275,-0.28655905921716496,57.529223872074034,0.6084178306129333,0.5992780164261547,0.021232107892949915,-36253300.0,0.02196993027153793,0.009389319806110494,0.015213518956320154,1,0.004367593060422559,test
2026-04-30,270.5,276.0,268.1400146484375,271.3500061035156,91848200.0,24923009630.596924,0.004367593060422559,-0.007607016889079721,0.030182279389708633,1.1173444168953495,58.74184660035045,0.48115084269541963,0.6579770844649482,0.021698809883493153,22195300.0,0.023390737707018383,0.009789084883745329,0.015187176872078122,1,0.032393618379240596,test
2026-05-01,278.8599853515625,287.2200012207031,278.3699951171875,280.1400146484375,79915400.0,22387501326.635742,0.032393618379240596,0.03349818184765918,0.03667247625805237,-0.13916863754786846,66.43085672988381,0.9077272935912948,1.3748366342840648,0.023563123747088157,140267800.0,0.0517384996699779,0.01690038391925982,0.016524154286602255,0,-0.011815620415119188,test
2026-05-04,279.6600036621094,280.6300048828125,274.8599853515625,276.8299865722656,46668400.0,12919212545.34912,-0.011815620415119188,0.034453128528035615,0.0138436145331855,-0.5379012901031395,61.76301423631732,0.8848152763819725,0.9387754105320746,0.023630460103219217,135066200.0,0.035817467754401866,0.016640818479685845,0.01683605492527827,1,0.026550613950909296,test
2026-05-05,276.92999267578125,284.57000732421875,276.5,284.17999267578125,49311700.0,14013398544.830322,0.026550613950909296,0.049758049742830934,0.06766344193365192,0.055094098150153314,67.26369784865541,1.259655485774875,1.4784899289196565,0.023403443771529156,144359000.0,0.05725066970348891,0.018886931757450647,0.016574836105711623,1,0.01171798569803939,test
2026-05-06,281.9200134277344,288.0299987792969,281.07000732421875,287.510009765625,58336100.0,16772212680.688477,0.01171798569803939,0.06418179470731222,0.05249476748180548,0.1680597341576906,69.41076246368236,1.6047320248110646,1.5140939969326432,0.02320919633019015,232743000.0,0.06397706195552177,0.017685239439460775,0.016240007973912902,0,-0.00024349525874178823,test
2026-05-07,289.2699890136719,292.1300048828125,285.7799987792969,287.44000244140625,45224300.0,12999272902.410889,-0.00024349525874178823,0.05929609720278606,0.05123801390082816,-0.254586554735333,69.3078472445289,1.6924246655806492,1.3088583470362818,0.023134616103452722,95670500.0,0.05843992667137399,0.018333004774956935,0.01628692072768181,1,0.02045645989726541,test
2026-05-08,290.010009765625,294.760009765625,290.0,293.32000732421875,52692800.0,15455852481.933594,0.02045645989726541,0.04704787601414795,0.08212207616807499,0.1528442676918189,72.93731219762934,1.990055572721226,1.5114131163342333,0.022834054568190522,68447900.0,0.07360051364775044,0.015530930057097221,0.016591182465373607,0,-0.0021819672455212213,test
2026-05-11,291.9800109863281,293.8800048828125,290.2300109863281,292.67999267578125,42247300.0,12364939454.571531,-0.0021819672455212213,0.057255380097264164,0.09368113559471247,-0.22093837269480332,71.9401099152119,1.9830412603519845,1.2968720724722762,0.022140197450677915,72869000.0,0.06473420071515146,0.012565870315087987,0.0165068945979251,1,0.007243389265544797,test
2026-05-12,292.5599975585937,295.2699890136719,292.5599975585937,294.79998779296875,45748100.0,13486539321.551514,0.007243389265544797,0.03737066433562686,0.08898820545339259,0.07960981255746091,73.24498327716171,1.9570665513934866,1.3020834127464027,0.021067528061554496,69305400.0,0.06547537328923059,0.00921110439751896,0.016409012254054355,1,0.013805995565634221,test
2026-05-13,293.5,300.9200134277344,293.5,298.8699951171875,52684300.0,15745756483.75244,0.013805995565634221,0.03951161686795901,0.10622933805764445,0.14116723476670145,75.59172108769937,2.0405541432656182,1.368293631276394,0.021069649505496477,63653600.0,0.07388987438060135,0.009498736352574427,0.015625943369706605,0,-0.00220833028705536,test
2026-05-14,299.82000732421875,300.45001220703125,295.3800048828125,298.2099914550781,35324900.0,10534238127.15149,-0.00220833028705536,0.037468650578192486,0.09898649252772018,-0.3997293914111282,74.45129423785637,1.8817649405051107,1.1857719645837583,0.020822365925725207,73553000.0,0.06485884253165497,0.009945650910403708,0.01522266530267763,1,0.0067738157309671365,test
2026-05-15,297.8999938964844,303.20001220703125,296.5199890136719,300.2300109863281,54862800.0,16471459046.740725,0.0067738157309671365,0.023557900891743255,0.07171412610619954,0.44024741542379076,75.66155760406181,1.746189225181765,1.1609593633033235,0.020794226411473576,75723000.0,0.06636030416588712,0.0068697579288906465,0.014510853749395161,0,-0.007960612067346995,test
2026-05-18,300.239990234375,300.6600036621094,294.9100036621094,297.8399963378906,34483000.0,10270416593.719482,-0.007960612067346995,0.01763018925528481,0.07589499253954712,-0.46436906347172524,71.35467444894671,1.3468523799239946,0.9111308454007447,0.020842845099046155,83487300.0,0.05323458825262306,0.00858589368874888,0.01475434241578075,1,0.003793999787491842,test
2026-05-19,296.9700012207031,300.510009765625,296.3500061035156,298.9700012207031,42243600.0,12629569143.566896,0.003793999787491842,0.014145229309381335,0.05204451026147949,0.20298640874036167,72.16153329373176,1.0246987396895921,0.8966043898680396,0.020274808059872407,79982800.0,0.05113457207888361,0.008348307246395197,0.01300844218021509,1,0.0109709963070026,test
2026-05-20,298.17999267578125,302.79998779296875,298.0799865722656,302.25,38229800.0,11554957050.0,0.0109709963070026,0.011309281420127881,0.05126774628261077,-0.09983754435267045,74.41431397539003,0.9026819552243026,0.9871214715264522,0.01973774625925265,65528300.0,0.05726179267735665,0.007467179097533689,0.012168190996392212,1,0.009065310949131433,test
2026-05-21,301.0599975585937,305.5400085449219,300.3999938964844,304.989990234375,42965100.0,13103925429.418943,0.009065310949131433,0.02273565263931876,0.061056177441921156,0.11677283915438608,76.15056201120997,0.8759839175764732,1.033923525145985,0.019367041726296344,143818300.0,0.060989750360205264,0.007477420437126758,0.012156434782288547,1,0.012557845216167651,test
2026-05-22,306.1199951171875,311.3999938964844,305.8399963378906,308.82000732421875,43670200.0,13486231483.850098,0.012557845216167651,0.028611384683597807,0.05284330974009288,0.01627778867592511,78.36104586942288,0.9779958019258483,1.1340313895695873,0.01924324894750497,132625700.0,0.06730353361104457,0.008312383377250635,0.011770622715867238,0,-0.001586751960143129,test
2026-05-26,309.5599975585937,311.82000732421875,307.6700134277344,308.3299865722656,48000500.0,14799993520.462036,-0.001586751960143129,0.03522022012944981,0.05347134853122948,0.09454547816445924,77.37295513502431,0.8774091673850464,1.0268436396938696,0.018858528453628065,119108200.0,0.05816415362607641,0.005807900280073879,0.01104890619081673,1,0.008173125031610828,test
2026-05-27,308.3299865722656,313.260009765625,308.29998779296875,310.8500061035156,50430900.0,15676445572.805786,0.008173125031610828,0.039736444574058005,0.05444375500387877,0.04939265392500758,78.84995996187695,0.845204569680611,1.0897822830631614,0.018509264485510202,127295500.0,0.05951486309365128,0.0055348246863404,0.011003328526701812,1,0.005340207912225559,test
2026-05-28,310.67999267578125,312.79998779296875,309.57000732421875,312.510009765625,48220400.0,15069357674.902344,0.005340207912225559,0.03394544173904057,0.04563862171272581,-0.04482191350854947,79.78600357416732,0.8007381303159438,1.1237860109903584,0.01783413622153595,137286100.0,0.057542012763916794,0.005305608863163638,0.010808478162162759,0,-0.001439992937726342,test
2026-05-29,311.7799987792969,315.0,309.5299987792969,312.0599975585937,70026800.0,21852563037.036133,-0.001439992937726342,0.023181112661388115,0.046443803025969066,0.37309585143148993,78.76826530988347,0.6144358828204037,1.0522532001536866,0.017836199295954255,24294200.0,0.04879486815365475,0.006152224198826039,0.010969930220930504,0,-0.018425943872925732,test
2026-06-01,309.6300048828125,310.94000244140625,305.0199890136719,306.3099975585937,48849900.0,14963212749.737549,-0.018425943872925732,-0.008127743365376916,0.02025109532618452,-0.36012568832670766,67.0069135621107,0.009366707394271145,0.5800503051372606,0.018514750507539326,-68225900.0,0.024962352760790063,0.01032978567288125,0.010677343526183053,1,0.02902293336585271,test
2026-06-02,307.4599914550781,315.45001220703125,306.69000244140625,315.20001220703125,44534700.0,14037337983.636477,0.02902293336585271,0.022281406071269272,0.058286382227342726,-0.09248366883395676,73.57622843981126,0.10781144490895755,1.230495632487057,0.018778621921480887,24309300.0,0.04798212732678553,0.017149698786252696,0.011275253988357693,0,-0.015672595971098935,test
2026-06-03,314.17999267578125,316.94000244140625,308.8500061035156,310.260009765625,50836700.0,15772595038.452148,-0.015672595971098935,-0.0018980097355834058,0.037763014679815576,0.13234987132459963,65.74275453854744,-0.24080066741040973,0.7564286130923731,0.019577423043059695,-76958300.0,0.027104450549885195,0.01909051743935555,0.011290358939557316,1,0.0031264139436979477,test
2026-06-04,313.2300109863281,313.5400085449219,309.6499938964844,311.2300109863281,44869100.0,13964610485.946655,0.0031264139436979477,-0.00409586489807745,0.029710540897694315,-0.12486917023669619,66.49703001496385,-0.47363306899371693,0.786822548242497,0.019015152037899132,-80309600.0,0.026286189166315754,0.01895406988891365,0.01116239758111741,0,-0.012498841728371679,test
2026-06-05,312.8599853515625,315.1700134277344,307.1499938964844,307.3399963378906,65310500.0,20072528830.82581,-0.012498841728371679,-0.0151253004474462,0.007705190920232141,0.37540345086356197,60.722813392925396,-0.9307668850000113,0.34491658866941627,0.01974433578752695,-75593300.0,0.01014448796140277,0.019695955823000814,0.011731259829655864,0,-0.01887156849768501,test
2026-06-08,308.739990234375,317.3999938964844,301.1700134277344,301.5400085449219,77949100.0,23504772280.06897,-0.01887156849768501,-0.015572423530705648,-0.02357359823404792,0.1769032274111133,53.29234515524703,-1.6242933901460113,-0.3737134361015374,0.022531218536652086,-104692500.0,-0.010255516733792658,0.019784642509286163,0.012017508886249195,0,-0.03644631040831148,test
2026-06-09,300.2799987792969,300.75,287.7799987792969,290.54998779296875,70108800.0,20370110984.179688,-0.03644631040831148,-0.07820438914790317,-0.05766548682779393,-0.10600772702797556,42.64407400074756,-2.7571441331415745,-1.6204835334321648,0.025095961807751338,-219336000.0,-0.04599456386538814,0.014181468438320778,0.014704673003471332,1,0.003544996808021894,test
2026-06-10,290.739990234375,294.75,287.3800048828125,291.5799865722656,52793300.0,15393469705.10559,0.003544996808021894,-0.060207640705840726,-0.0619913757532079,-0.28366402771240473,43.777894376490266,-3.3325952346820795,-1.4234111620278855,0.025026507790440307,-115706000.0,-0.04210624133833374,0.016697921778472236,0.01462837967616973,1,0.013889904990249002,test
2026-06-11,293.7200012207031,297.0,289.5899963378906,295.6300048828125,42572500.0,12585708382.873535,0.013889904990249002,-0.05012372056948233,-0.05401428547991827,-0.21517577925493825,48.1206505214434,-3.328186692130765,-0.9326643980169941,0.024710902248520655,-118002600.0,-0.02828404263242512,0.019611996415797764,0.014632693959510942,0,-0.015221729613622226,test
2026-06-12,296.0299987792969,297.1400146484375,289.6199951171875,291.1300048828125,38742100.0,11278987762.17041,-0.015221729613622226,-0.052742863435375376,-0.06707041222690291,-0.09428163854914828,44.04930803146952,-3.4986210449792408,-1.295746024338707,0.025145544158812594,-91434200.0,-0.04196049224908249,0.01973350691202015,0.015000065161510704,1,0.018170605764429082,test
2026-06-15,294.1199951171875,297.7799987792969,291.70001220703125,296.4200134277344,45732600.0,13556057906.085203,0.018170605764429082,-0.01697948853252995,-0.032287500276472314,0.16588452351711425,49.46244389559298,-3.1369595478370647,-0.7249872847591332,0.024535186656656563,32247500.0,-0.023940452343640617,0.022605867500837908,0.015522052199757351,1,0.009513449426140408,test
2026-06-16,295.25,300.4800109863281,293.9700012207031,299.239990234375,39874400.0,11932015066.601562,0.009513449426140408,0.029908803326463396,-0.050634585515730635,-0.1370768743273274,52.121676033854975,-2.6112314633693012,-0.45372315763760945,0.024121913065570447,142230700.0,-0.01488182580654207,0.013029824522246854,0.015573099409865515,0,-0.010994446379867018,test
2026-06-17,300.8500061035156,302.07000732421875,294.3599853515625,295.95001220703125,42745100.0,12650412866.790771,-0.010994446379867018,0.01498739912206748,-0.046122597525229625,0.06952005327626054,48.88953665797738,-2.3942006742095328,-0.7560851316269634,0.024508761416366633,46692300.0,-0.0252280952978855,0.015157611050799288,0.015751050850776827,1,0.006960626705947437,test
2026-06-18,298.1099853515625,300.57000732421875,295.6199951171875,298.010009765625,85962200.0,25617596061.47461,0.006960626705947437,0.00805062017894942,-0.04247662742679359,0.6986530840541718,50.94093212487923,-2.0351526708730634,-0.5251259064188868,0.023787264108935512,90082000.0,-0.017757207401748465,0.0142082539325571,0.01562383273860476,0,-0.0033555919842641613,test
2026-06-22,297.3099975585937,302.4200134277344,296.760009765625,297.010009765625,44879900.0,13329779537.280272,-0.0033555919842641613,0.020197179212700478,-0.03361094128767028,-0.6499176210493793,49.8940298732601,-1.7965562895260088,-0.5746751836242634,0.02352372863063592,83944200.0,-0.019764102085146895,0.011389581813140506,0.015465917296501635,0,-0.00912434558954689,test
2026-06-23,297.5400085449219,301.6400146484375,294.17999267578125,294.29998779296875,52010900.0,15306807235.101318,-0.00912434558954689,-0.007152100191380906,-0.02401014972072779,0.14746327589688946,47.070787239818,-1.7509991600601666,-0.7538468368447013,0.02385520202016677,-13799300.0,-0.026375255065935854,0.009280984772721906,0.015207763194073352,0,-0.004145434153267291,test
2026-06-24,295.3599853515625,299.70001220703125,292.94000244140625,293.0799865722656,53081900.0,15557242539.230349,-0.004145434153267291,-0.020585496134004844,0.008707619637208897,0.02038269146202154,45.81397688624661,-1.7297429491820642,-0.7840691074796804,0.023890997065694638,-106755600.0,-0.027959323087915156,0.006994033918135478,0.015212255058079993,0,-0.06117781321571136,test
2026-06-25,287.3999938964844,288.79998779296875,273.75,275.1499938964844,107013700.0,29444818901.84021,-0.06117781321571136,-0.0702822012252402,-0.05634814950411293,0.7011208503050277,32.20454522937402,-2.7872825519901054,-1.9107725261115067,0.028648176140282856,-171024200.0,-0.08199185087758742,0.026921830578590645,0.019863020174683978,1,0.03136472859984596,test
2026-06-26,275.0,285.95001220703125,274.2099914550781,283.7799987792969,261775500.0,74286651070.44983,0.03136472859984596,-0.047750110801712875,-0.04008390862833078,0.894530397035421,41.2506330667389,-2.764202721650579,-1.107997152551314,0.028747901446574645,4789100.0,-0.04863916024173387,0.03319210481732357,0.021428214968198026,0,-0.007188697419469814,test
2026-06-29,286.7300109863281,288.3699951171875,279.8500061035156,281.739990234375,66427000.0,18715142331.29883,-0.007188697419469814,-0.05141247442569297,-0.03225368217273661,-1.371383654636638,39.89547639981137,-2.7396566012532295,-1.1308998586287093,0.02904781147549013,-16758000.0,-0.05065331304302201,0.03306486323357792,0.021422306119310983,1,0.02704619642688466,test
2026-06-30,281.1700134277344,289.94000244140625,280.70001220703125,289.3599853515625,65100200.0,18837392918.38379,0.02704619642688466,-0.016785601924256266,-0.02381764980890222,-0.020175978625015745,46.91115314202025,-2.0927550890905073,-0.4989819062939566,0.02854355614032031,100353100.0,-0.022184724671580724,0.037037352815785116,0.02230349580941443,1,0.017348699838890536,test
2026-07-01,293.44000244140625,296.5899963378906,289.20001220703125,294.3800048828125,50164200.0,14767337440.942385,0.017348699838890536,0.004435711649066532,-0.016241095809941708,-0.26062599195607916,50.971355632623876,-1.250839476327,-0.04284525613931936,0.02784586031992502,203599200.0,-0.0017091288493186196,0.03807785084614096,0.021573048190456467,1,0.0484068203126522,test
2026-07-02,294.1199951171875,309.4200134277344,293.67999267578125,308.6300048828125,75352800.0,23256135031.933598,0.0484068203126522,0.1216791267635784,0.04284504866622885,0.40687945276208737,60.26197765404544,0.26105929580510434,1.194219622577245,0.02830584409377773,385965700.0,0.046904302106637985,0.020459467592224685,0.024217438817482187,1,0.01305770247720095,test
2026-07-06,307.3599853515625,314.20001220703125,307.0,312.6600036621094,53590000.0,16755449596.25244,0.01305770247720095,0.10176899361139702,0.049159402088561066,-0.34081859540641446,62.43022221838759,1.4608226915084117,1.5112957026591898,0.027590088092924334,177780200.0,0.06031730399280888,0.020314361194575324,0.024385775453554914,0,-0.006396724801939757,test
2026-07-07,315.2900085449219,315.4800109863281,310.1499938964844,310.6600036621094,42490000.0,13199943555.603027,-0.006396724801939757,0.10264788255183888,0.045958026489598014,-0.23209372450528676,60.66124159379064,2.013902155289384,1.2886830946312469,0.027009807984681212,201717200.0,0.05294198856010768,0.02005336974536474,0.02425220311221471,1,0.008787777487112347,test
2026-07-08,311.9100036621094,314.82000732421875,307.04998779296875,313.3900146484375,41323500.0,12950372270.324709,0.008787777487112347,0.0830454468943913,0.0648658771569437,-0.027837408054704582,62.234299891775265,2.4299274800760577,1.3514864610012882,0.026633014474443644,177940500.0,0.06006618004429165,0.020087418253520634,0.023855646753371484,1,0.009030238488741738,test
2026-07-09,310.510009765625,316.5299987792969,308.1600036621094,316.2200012207031,48124500.0,15217929448.745728,0.009030238488741738,0.07418980900752659,0.07895460525664988,0.15236005411605902,63.8481363523452,2.7390831028289977,1.3506291538815542,0.026399966799251294,175900800.0,0.0650150238811078,0.020315903867725197,0.022079129211903834,0,-0.0028461004775477416,test
2026-07-10,314.7200012207031,316.9100036621094,312.1700134277344,315.32000732421875,34132300.0,10762597085.992432,-0.0028461004775477416,0.021676448613434207,0.1459931467156308,-0.3435472443837142,62.927177747848795,2.7207668541051118,1.1401078845076709,0.025657960969071487,66415700.0,0.05775522500388419,0.008436465447951179,0.02213947787427843,1,0.0063110179758709695,test
2026-07-13,317.0199890136719,323.45001220703125,315.7799987792969,317.3099975585937,43257800.0,13726132412.390137,0.0063110179758709695,0.014872365643255003,0.11815490493878666,0.23693340771607296,64.1582324952993,2.6763886062347666,1.131096952503685,0.02550594855044767,56083500.0,0.06057414412439188,0.007129125518106696,0.022028690379056207,0,-0.0077211944971219415,test
2026-07-14,313.760009765625,316.19000244140625,311.9100036621094,314.8599853515625,36336800.0,11441004315.722656,-0.0077211944971219415,0.01351954432480218,0.11755517947464789,-0.17434655768151686,61.45262887701185,2.3285509691225457,0.8845325691495713,0.02509342047307513,62236700.0,0.04822824013298033,0.007575159532852076,0.021750304788724355,1,0.040144874663333496,test
2026-07-15,317.6199951171875,328.7300109863281,317.32000732421875,327.5,60957600.0,19963614000.0,0.040144874663333496,0.04502372345012695,0.13180818557928342,0.5173475275556108,68.76990027711426,2.766448111716499,1.419738509801212,0.02542680647071212,81870800.0,0.08469748751619766,0.01868931433271276,0.023014006250525736,1,0.017587816078244334,test
2026-07-16,328.010009765625,334.67999267578125,326.7900085449219,333.260009765625,62970600.0,20985582770.947266,0.017587816078244334,0.05388656150509896,0.13207420421876126,0.03248940975304038,71.43127250573059,3.228502166695761,1.4809195056257094,0.024893607152822197,96716900.0,0.09759133073369286,0.019082340992797295,0.023163051948612894,1,0.0014402582208634662,test
2026-07-17,331.9800109863281,334.989990234375,329.0,333.739990234375,63407100.0,21161484934.79004,0.0014402582208634662,0.05841679082297002,0.08135950800084002,0.006907891643354702,71.64809261571735,3.3371581251787106,1.313069283838651,0.024364253285810666,194256300.0,0.09237423338216977,0.018406213599049013,0.022857506209451078,0,-0.021423845225929217,test
2026-07-20,333.510009765625,333.7099914550781,323.67999267578125,326.5899963378906,53468000.0,17462113924.194336,-0.021423845225929217,0.029245844286968303,0.04455316482000482,-0.17049249551386936,63.87160823132129,2.7240818809645297,0.8900061901838283,0.02531947709764476,97530500.0,0.0639947542459629,0.023776456327367253,0.023679222319411847,1,0.0035212159263280363,test
2026-07-21,323.1300048828125,329.6000061035156,322.2200012207031,327.739990234375,41338900.0,13548410682.299805,0.0035212159263280363,0.0409070872198356,0.0549796767235049,-0.2572793933336186,64.5382814320084,2.2142534411889603,0.8557611190922443,0.025036865335236084,175206200.0,0.06242308831213417,0.022659152834613307,0.023603495014869785,0,-0.0056446440503478135,test
2026-07-22,327.8699951171875,329.0,323.3399963378906,325.8900146484375,38755900.0,12630160818.71338,-0.0056446440503478135,-0.004915985806297707,0.03988640165840174,-0.0645209414020691,62.539015555681004,1.599366998875281,0.7039286711165433,0.024621051936669136,75492700.0,0.05104451591772907,0.014235194927118205,0.023504960846457548,0,-0.012979872951588756,test
2026-07-23,321.7300109863281,323.29998779296875,319.3500061035156,321.6600036621094,40840800.0,13136851877.563477,-0.012979872951588756,-0.03480767497928616,0.017203220607191927,0.05239857815220361,58.10661581290561,0.7953320192748929,0.4617833841739257,0.024615348499040266,-28318700.0,0.032642905279082424,0.010338950803448542,0.023774758162622787,1,0.035316748188238156,test
2026-07-24,321.7900085449219,334.3699951171875,321.6199951171875,333.0199890136719,47489400.0,15814919466.26587,0.035316748188238156,-0.002157371731800861,0.0561333923579852,0.1508249430712425,65.23309295119307,0.9079956658137673,0.9399734934414279,0.024812120671604338,-44236400.0,0.059272738298178584,0.021901477712883838,0.018954841519993933,1,0.011681024493330971,test
2026-07-27,334.5400085449219,339.57000732421875,334.0199890136719,336.9100036621094,49604300.0,16712184894.656372,0.011681024493330971,0.03159927566655063,0.061769267449243825,0.04357099438138334,67.28534165311572,1.1105366524428595,1.0758383745341429,0.02416247982012457,58835900.0,0.06266678817535043,0.0186614953975751,0.018272664587055513,1,0.009408990162653286,test
2026-07-28,340.0299987792969,342.8900146484375,335.6000061035156,340.0799865722656,51859000.0,17636208023.651123,0.009408990162653286,0.03765178710436268,0.08009909926325909,0.04445097284236965,68.89658936897247,1.3103116003438444,1.234516309444629,0.02375860473001115,69356000.0,0.06288614154159178,0.018621812611848816,0.017882272368822855,0,-0.005557469435084728,test
2026-07-29,339.7300109863281,344.57000732421875,337.3500061035156,338.19000244140625,56090800.0,18969347788.94043,-0.005557469435084728,0.037742757495155876,0.03264122882872145,0.07844330751519735,66.78464503160396,1.1719785751377163,1.1001575369531342,0.023709778129488452,52021100.0,0.04897480596094472,0.018606397413855273,0.017693617402620952,0,-0.014074957069287408,test
2026-07-30,333.1000061035156,334.75,329.5899963378906,333.42999267578125,74817800.0,24946498506.018063,-0.014074957069287408,0.03659139737508599,0.0005100609289299118,0.2880840139120906,61.658269191218935,0.6431481610466232,0.7480044166858566,0.024172847928594244,18044100.0,0.027984920137219982,0.018912744724543667,0.018205112192036115,0,-0.07353864245054431,test
2026-07-31,304.8099975585937,310.69000244140625,300.0,308.9100036621094,132489100.0,40927208366.189575,-0.07353864245054431,-0.07239801257267076,-0.07439919487870872,0.5714445474884435,43.24393150615827,-1.3652178644988808,-1.2766950909997974,0.03195784570598669,-161934400.0,-0.047652801189734584,0.034723052745325986,0.023146877331806953,0,-0.01777213482662099,test
2026-08-03,309.5799865722656,311.79998779296875,302.5599975585937,303.4200134277344,75052000.0,22772278847.77832,-0.01777213482662099,-0.09940337143554356,-0.07094517030516923,-0.5683191654900206,40.33906246546346,-2.9780846099933855,-1.5726055757831097,0.03238727581495944,-286590700.0,-0.0632438117909293,0.03154148213713428,0.02327910866325191,1,0.019642710405777475,test
2026-08-04,302.7300109863281,310.4200134277344,301.32000732421875,309.3800048828125,68001000.0,21038149712.036133,0.019642710405777475,-0.09027282669258019,-0.056019972840155474,-0.09865879429322888,44.683326301459935,-3.521012189504777,-1.1011921472950756,0.03159552366444429,-270448700.0,-0.04465461589806552,0.03417400564296852,0.02369967866340737,1,0.005236263144417164,test
2026-08-05,309.3599853515625,311.7099914550781,305.6700134277344,311.0,49438800.0,15375466800.0,0.005236263144417164,-0.08039859914580738,-0.04569030648116201,-0.31878686441875814,45.83777689885426,-3.633804795334826,-0.9567255985634969,0.03057310070737117,-164919100.0,-0.03929766681601399,0.035492506051589656,0.02364412685945456,1,0.004533773833149013,test
2026-08-06,314.3399963378906,316.2900085449219,309.2300109863281,312.4100036621094,46139900.0,14414566327.96936,0.004533773833149013,-0.06304168633717111,-0.028757072358044033,-0.06905745413762432,46.876963187356644,-3.4762033458951587,-0.8233506601031071,0.0298753566025415,-43961400.0,-0.03437381920787208,0.03671279449248678,0.023573895885189256,1,0.0029447933784836344,test
2026-08-07,311.45001220703125,314.8099975585937,310.739990234375,313.3299865722656,34437200.0,10790207413.586426,0.0029447933784836344,0.014308319114815449,-0.0591255873250236,-0.29254070261981724,47.58361936213266,-3.1807348784423093,-0.7419999528097432,0.028587772852737083,122964900.0,-0.031232307879806798,0.013377064327156827,0.023577015189404988,0,-0.0161809498736607,test
2026-08-10,306.8299865722656,308.260009765625,304.6099853515625,308.260009765625,44812500.0,13813901687.62207,-0.0161809498736607,0.015951473613138534,-0.08503752807891618,0.26334973619524504,44.10190224382063,-3.1893586776325726,-1.0399523315749577,0.02900294777796214,153204400.0,-0.04557259014853943,0.012766833566670122,0.02379320492415456,0,-0.010867469011185404,test
2026-08-11,307.75,309.9700012207031,302.7900085449219,304.9100036621094,37476700.0,11427020734.243774,-0.010867469011185404,-0.014448255059005155,-0.10341679692663353,-0.17876770745631276,41.91930122492931,-3.2710958388293334,-1.1830446462216841,0.028909192816167127,47726700.0,-0.05448838636860853,0.009943339912098358,0.023849122378586104,0,-0.008723897642456846,test
2026-08-12,305.1000061035156,305.6600036621094,300.57000732421875,302.25,41657800.0,12591070050.0,-0.008723897642456846,-0.02813504823151125,-0.10627162891260544,0.10576921677543893,40.21733235951283,-3.342884408905986,-1.200537118600032,0.028283380237431294,-43369900.0,-0.05905317004823285,0.009015972974997838,0.021790895131619664,1,0.009958675816790663,test
2026-08-13,304.2099914550781,306.0,302.04998779296875,305.260009765625,40349300.0,12317027712.036133,0.009958675816790663,-0.022886571533149547,-0.08448544980639461,-0.031914578848336816,43.03578070457599,-3.035207998799693,-0.9075324145179384,0.026928445148242434,-49160500.0,-0.045522593927820765,0.010715428222962226,0.021461582297019496,1,0.002194794236790587,test
2026-08-14,306.0,307.489990234375,304.29998779296875,305.92999267578125,28229400.0,8636220135.2417,0.002194794236790587,-0.023617254056779058,-0.009646858149623738,-0.35721004766736186,43.67233730210714,-2.6482363905999033,-0.7804106113907702,0.02569502632539254,-55368300.0,-0.039250593700173475,0.010588363608402733,0.021472594201429475,0,-0.0011113534012042736,test
2026-08-17,306.2099914550781,307.6600036621094,302.94000244140625,305.5899963378906,38169300.0,11664156247.219849,-0.0011113534012042736,-0.008661562781901,0.007151746141073501,0.3016675302998806,43.40724792561076,-2.290268429277795,-0.7252041762259955,0.02498946588187927,-48725100.0,-0.03714336041892563,0.008438272776706987,0.021087811646167673,1,0.014529279409058127,test
2026-08-18,307.5799865722656,311.489990234375,305.739990234375,310.0299987792969,53424500.0,16563197669.784546,0.014529279409058127,0.016791823999521283,0.002100956384464947,0.33623790718670676,47.85831938048397,-1.6589763238010788,-0.400660080948751,0.024231501685523113,42176100.0,-0.020420679123889784,0.009160597166331363,0.021410924376854785,1,0.021933322000267097,test
2026-08-19,310.1400146484375,319.2799987792969,309.6000061035156,316.8299865722656,50505600.0,16001688569.82422,0.021933322000267097,0.04823816897358357,0.018745937531400747,-0.05618521994281167,53.84556162982646,-0.7350734208678158,0.049611231052760996,0.024200089033527848,134339500.0,0.0024996430329795594,0.009301322199527059,0.022078766838288206,0,-0.017454152112068244,test
2026-08-20,317.4599914550781,320.2799987792969,310.6499938964844,311.29998779296875,40959200.0,12750598460.009766,-0.017454152112068244,0.01978633897044424,-0.0035530740249315462,-0.2095077673171879,48.9254164058298,-0.46139581267970775,-0.2653154981404667,0.025080328955767273,53031000.0,-0.013381034672723446,0.015183324885933748,0.022226885935825398,0,-0.006263995393247401,test
2026-08-21,312.04998779296875,312.3800048828125,307.010009765625,309.3500061035156,46876800.0,14501338366.11328,-0.006263995393247401,0.01117907204135693,-0.012702200999941904,0.1349464311807722,47.28468061563025,-0.38009351324362495,-0.32810099464532827,0.024675603749737547,-22075200.0,-0.01586981345233085,0.01589201795928078,0.02048896847351231,1,0.0032002269754076718,test
2026-08-24,311.4700012207031,313.3599853515625,309.9700012207031,310.3399963378906,34673600.0,10760604897.021484,0.0032002269754076718,0.015543702532552661,0.006747506995302688,-0.30154428556951274,48.23383138538886,-0.23514188141650916,-0.19372508262994328,0.023762913644026478,50767700.0,-0.008530087710908796,0.015775380513450007,0.0202451188562302,0,-0.0014178077160482694,test
