timestamps,open,high,low,close,volume,amount
2016-08-26,26.852500915527344,26.987499237060547,26.577499389648438,26.735000610351562,111065200.0,2969328189.7888184
2016-08-29,26.655000686645508,26.860000610351562,26.572500228881836,26.704999923706055,99881200.0,2667327438.379669
2016-08-30,26.450000762939453,26.625,26.375,26.5,99455600.0,2635573400.0
2016-08-31,26.415000915527344,26.642499923706055,26.40999984741211,26.524999618530273,118649600.0,3147180594.7387695
2016-09-01,26.53499984741211,26.700000762939453,26.405000686645508,26.6825008392334,106806000.0,2849851184.6351624
2016-09-02,26.924999237060547,27.0,26.704999923706055,26.9325008392334,107210000.0,2887433414.9742126
2016-09-06,26.975000381469727,27.075000762939453,26.877500534057617,26.924999237060547,107521600.0,2895018997.9675293
2016-09-07,26.957500457763672,27.190000534057617,26.767499923706055,27.09000015258789,169457200.0,4590595573.857117
2016-09-08,26.8125,26.8174991607666,26.309999465942383,26.3799991607666,212008000.0,5592770862.075806
2016-09-09,26.15999984741211,26.43000030517578,25.782499313354492,25.782499313354492,186228000.0,4801423282.12738
2016-09-12,25.662500381469727,26.43000030517578,25.63249969482422,26.360000610351562,181171200.0,4775672942.578125
2016-09-13,26.877500534057617,27.197500228881836,26.809999465942383,26.987499237060547,248704800.0,6711920600.253296
2016-09-14,27.1825008392334,28.25749969482422,27.149999618530273,27.9424991607666,443554800.0,12394029626.753998
2016-09-15,28.46500015258789,28.9325008392334,28.372499465942383,28.892499923706055,359934400.0,10399404624.539185
2016-09-16,28.780000686645508,29.032499313354492,28.510000228881836,28.729999542236328,319547600.0,9180602401.722717
2016-09-19,28.797500610351562,29.045000076293945,28.3125,28.395000457763672,188092000.0,5340872426.101685
2016-09-20,28.262500762939453,28.530000686645508,28.127500534057617,28.392499923706055,138057200.0,3919789040.4670715
2016-09-21,28.462499618530273,28.497499465942383,28.110000610351562,28.387500762939453,144012800.0,4088163469.873047
2016-09-22,28.587499618530273,28.735000610351562,28.5,28.655000686645508,124296000.0,3561701965.34729
2016-09-23,28.604999542236328,28.697500228881836,27.887500762939453,28.177499771118164,209924800.0,5915156003.952026
2016-09-26,27.90999984741211,28.34749984741211,27.887500762939453,28.219999313354492,119477600.0,3371657789.9612427
2016-09-27,28.25,28.295000076293945,28.084999084472656,28.272499084472656,98429600.0,2782850775.88501
2016-09-28,28.422500610351562,28.65999984741211,28.357500076293945,28.487499237060547,118564400.0,3377603254.5425415
2016-09-29,28.290000915527344,28.450000762939453,27.950000762939453,28.045000076293945,143548000.0,4025803670.9518433
2016-09-30,28.114999771118164,28.342500686645508,27.950000762939453,28.262500762939453,145516400.0,4112657366.0202026
2016-10-03,28.177499771118164,28.262500762939453,28.06999969482422,28.1299991607666,86807200.0,2441886463.1484985
2016-10-04,28.264999389648438,28.577499389648438,28.157499313354492,28.25,118947200.0,3360258400.0
2016-10-05,28.350000381469727,28.415000915527344,28.172500610351562,28.262500762939453,85812400.0,2425273020.4696655
2016-10-06,28.424999237060547,28.584999084472656,28.282499313354492,28.47249984741211,115117200.0,3277674459.4345093
2016-10-07,28.577499389648438,28.639999389648438,28.377500534057617,28.514999389648438,97433600.0,2778319044.53125
2016-10-10,28.7549991607666,29.1875,28.68000030517578,29.012500762939453,144944000.0,4205187910.583496
2016-10-11,29.424999237060547,29.672500610351562,29.049999237060547,29.075000762939453,256164000.0,7447968495.437622
2016-10-12,29.337499618530273,29.4950008392334,29.1875,29.334999084472656,150347200.0,4410434974.353027
2016-10-13,29.197500228881836,29.360000610351562,28.93000030517578,29.2450008392334,140769600.0,4116807070.13855
2016-10-14,29.469999313354492,29.542499542236328,29.282499313354492,29.407499313354492,142608800.0,4193768188.078308
2016-10-17,29.332500457763672,29.459999084472656,29.19499969482422,29.387500762939453,94499600.0,2777107067.097473
2016-10-18,29.545000076293945,29.552499771118164,29.362499237060547,29.36750030517578,98214000.0,2884299674.972534
2016-10-19,29.3125,29.440000534057617,28.450000762939453,29.280000686645508,80138400.0,2346452407.0266724
2016-10-20,29.21500015258789,29.344999313354492,29.082500457763672,29.264999389648438,96503200.0,2824166089.099121
2016-10-21,29.202499389648438,29.227500915527344,29.06999969482422,29.149999618530273,92770800.0,2704268784.6107483
2016-10-24,29.274999618530273,29.434999465942383,29.25,29.412500381469727,94154800.0,2769328090.917206
2016-10-25,29.487499237060547,29.59000015258789,29.327499389648438,29.5625,192516000.0,5691254250.0
2016-10-26,28.577499389648438,28.924999237060547,28.327499389648438,28.897499084472656,264536800.0,7644451935.809326
2016-10-27,28.84749984741211,28.96500015258789,28.524999618530273,28.6200008392334,138248000.0,3956657876.022339
2016-10-28,28.467500686645508,28.802499771118164,28.362499237060547,28.43000030517578,151446800.0,4305632570.2178955
2016-10-31,28.412500381469727,28.5575008392334,28.299999237060547,28.385000228881836,105677600.0,2999658700.187683
2016-11-01,28.364999771118164,28.4424991607666,27.63249969482422,27.872499465942383,175303200.0,4886138348.377991
2016-11-02,27.850000381469727,28.087499618530273,27.8075008392334,27.897499084472656,113326800.0,3161534299.246216
2016-11-03,27.7450008392334,27.864999771118164,27.387500762939453,27.457500457763672,107730400.0,2958007507.3150635
2016-11-04,27.13249969482422,27.5625,27.02750015258789,27.209999084472656,123348000.0,3356298967.071533
2016-11-07,27.520000457763672,27.627500534057617,27.364999771118164,27.602500915527344,130240000.0,3594949719.2382812
2016-11-08,27.577499389648438,27.93000030517578,27.424999237060547,27.764999389648438,97016800.0,2693671392.7856445
2016-11-09,27.469999313354492,27.829999923706055,27.012500762939453,27.719999313354492,236705600.0,6561479069.467163
2016-11-10,27.772499084472656,27.772499084472656,26.457500457763672,26.947500228881836,228538000.0,6158527807.308197
2016-11-11,26.780000686645508,27.217500686645508,26.637500762939453,27.107500076293945,136575600.0,3702223087.4198914
2016-11-14,26.927499771118164,26.952499389648438,26.020000457763672,26.427499771118164,204702000.0,5409762058.14743
2016-11-15,26.642499923706055,26.920000076293945,26.540000915527344,26.77750015258789,129058000.0,3455850614.692688
2016-11-16,26.674999237060547,27.5575008392334,26.649999618530273,27.497499465942383,235362000.0,6471866469.303131
2016-11-17,27.452499389648438,27.587499618530273,27.207500457763672,27.487499237060547,110528000.0,3038138315.673828
2016-11-18,27.43000030517578,27.635000228881836,27.415000915527344,27.514999389648438,113715600.0,3128884664.593506
2016-11-21,27.530000686645508,27.997499465942383,27.502500534057617,27.9325008392334,117058400.0,3269733856.239319
2016-11-22,27.987499237060547,28.104999542236328,27.850000381469727,27.950000762939453,103862000.0,2902942979.2404175
2016-11-23,27.84000015258789,27.877500534057617,27.582500457763672,27.8075008392334,109705600.0,3050638564.0686035
2016-11-25,27.782499313354492,27.967500686645508,27.737499237060547,27.947500228881836,45903600.0,1282890871.5065002
2016-11-28,27.857500076293945,28.11750030517578,27.84749984741211,27.892499923706055,108776000.0,3034034571.70105
2016-11-29,27.69499969482422,28.00749969482422,27.517499923706055,27.864999771118164,114115200.0,3179820021.8811035
2016-11-30,27.899999618530273,28.049999237060547,27.5674991607666,27.6299991607666,144649200.0,3996657274.6055603
2016-12-01,27.592500686645508,27.735000610351562,27.25749969482422,27.372499465942383,148347600.0,4060644601.773834
2016-12-02,27.292499542236328,27.522499084472656,27.212499618530273,27.475000381469727,106112000.0,2915427240.4785156
2016-12-05,27.5,27.50749969482422,27.0625,27.27750015258789,137298000.0,3745146215.950012
2016-12-06,27.375,27.59000015258789,27.297500610351562,27.487499237060547,104782000.0,2880195145.057678
2016-12-07,27.315000534057617,27.797500610351562,27.290000915527344,27.75749969482422,119994800.0,3330755624.380493
2016-12-08,27.71500015258789,28.107500076293945,27.649999618530273,28.030000686645508,108273200.0,3034897870.3453064
2016-12-09,28.077499389648438,28.674999237060547,28.077499389648438,28.487499237060547,137610400.0,3920176165.0115967
2016-12-12,28.322500228881836,28.75,28.122499465942383,28.325000762939453,105497600.0,2988219600.4882812
2016-12-13,28.459999084472656,28.979999542236328,28.4375,28.797500610351562,174935200.0,5037696528.771973
2016-12-14,28.760000228881836,29.049999237060547,28.7450008392334,28.797500610351562,136127200.0,3920123125.085449
2016-12-15,28.844999313354492,29.1825008392334,28.8075008392334,28.954999923706055,186098000.0,5388467575.801849
2016-12-16,29.11750030517578,29.125,28.912500381469727,28.99250030517578,177404400.0,5143397121.139526
2016-12-19,28.950000762939453,29.344999313354492,28.9375,29.15999984741211,111117600.0,3240189199.0448
2016-12-20,29.184999465942383,29.375,29.170000076293945,29.237499237060547,85700000.0,2505653684.616089
2016-12-21,29.200000762939453,29.350000381469727,29.19499969482422,29.264999389648438,95132800.0,2784061333.935547
2016-12-22,29.087499618530273,29.127500534057617,28.90999984741211,29.072500228881836,104343600.0,3033529334.8823547
2016-12-23,28.897499084472656,29.1299991607666,28.897499084472656,29.1299991607666,56998000.0,1660351692.1653748
2016-12-27,29.1299991607666,29.450000762939453,29.122499465942383,29.315000534057617,73187600.0,2145494533.0863953
2016-12-28,29.3799991607666,29.5049991607666,29.049999237060547,29.190000534057617,83623600.0,2440972928.6598206
2016-12-29,29.112499237060547,29.27750015258789,29.100000381469727,29.1825008392334,60158000.0,1755560885.4866028
2016-12-30,29.162500381469727,29.299999237060547,28.857500076293945,28.954999923706055,122345200.0,3542505256.665802
2017-01-03,28.950000762939453,29.082500457763672,28.690000534057617,29.037500381469727,115127600.0,3343017728.917694
2017-01-04,28.962499618530273,29.127500534057617,28.9375,29.0049991607666,84472400.0,2450121891.1079407
2017-01-05,28.979999542236328,29.21500015258789,28.952499389648438,29.15250015258789,88774400.0,2587995709.5458984
2017-01-06,29.19499969482422,29.540000915527344,29.11750030517578,29.477500915527344,127007600.0,3743866645.2789307
2017-01-09,29.487499237060547,29.857500076293945,29.485000610351562,29.747499465942383,134247600.0,3993530409.3040466
2017-01-10,29.6924991607666,29.844999313354492,29.575000762939453,29.77750015258789,97848400.0,2913680745.930481
2017-01-11,29.684999465942383,29.982500076293945,29.649999618530273,29.9375,110354400.0,3303734850.0
2017-01-12,29.725000381469727,29.825000762939453,29.552499771118164,29.8125,108344800.0,3230029350.0
2017-01-13,29.77750015258789,29.905000686645508,29.702499389648438,29.760000228881836,104447600.0,3108360599.9061584
2017-01-17,29.584999084472656,30.059999465942383,29.55500030517578,30.0,137759200.0,4132776000.0
2017-01-18,30.0,30.125,29.927499771118164,29.997499465942383,94852000.0,2845322819.343567
2017-01-19,29.850000381469727,30.022499084472656,29.842500686645508,29.94499969482422,102389200.0,3066044562.753296
2017-01-20,30.112499237060547,30.112499237060547,29.9325008392334,30.0,130391600.0,3911748000.0
2017-01-23,30.0,30.202499389648438,29.9424991607666,30.020000457763672,88200800.0,2647788056.375122
2017-01-24,29.887500762939453,30.024999618530273,29.875,29.99250030517578,92844000.0,2784623698.33374
2017-01-25,30.104999542236328,30.524999618530273,30.06999969482422,30.469999313354492,129510400.0,3946181799.0722656
2017-01-26,30.417499542236328,30.610000610351562,30.399999618530273,30.485000610351562,105350400.0,3211607008.3007812
2017-01-27,30.53499984741211,30.587499618530273,30.399999618530273,30.487499237060547,82251600.0,2507645592.2470093
2017-01-30,30.232500076293945,30.407499313354492,30.165000915527344,30.407499313354492,121510000.0,3694815241.5657043
2017-01-31,30.287500381469727,30.34749984741211,30.155000686645508,30.337499618530273,196804000.0,5970541274.925232
2017-02-01,31.75749969482422,32.622501373291016,31.752500534057617,32.1875,447940000.0,14418068750.0
2017-02-02,31.9950008392334,32.34749984741211,31.94499969482422,32.13249969482422,134841600.0,4332797670.849609
2017-02-03,32.07749938964844,32.29750061035156,32.040000915527344,32.27000045776367,98029200.0,3163402328.8742065
2017-02-06,32.282501220703125,32.625,32.224998474121094,32.5724983215332,107383600.0,3497752130.760193
2017-02-07,32.6349983215332,33.022499084472656,32.61249923706055,32.88249969482422,152735200.0,5022315167.388916
2017-02-08,32.837501525878906,33.05500030517578,32.80500030517578,33.0099983215332,92016400.0,3037461209.553528
2017-02-09,32.912498474121094,33.11249923706055,32.779998779296875,33.10499954223633,113399600.0,3754093706.0897827
2017-02-10,33.1150016784668,33.23500061035156,33.01250076293945,33.029998779296875,80262000.0,2651053762.023926
2017-02-13,33.27000045776367,33.45500183105469,33.1875,33.3224983215332,92141600.0,3070388311.343384
2017-02-14,33.36750030517578,33.772499084472656,33.3125,33.755001068115234,132904800.0,4486201665.957642
2017-02-15,33.880001068115234,34.067501068115234,33.654998779296875,33.877498626708984,142492400.0,4827286085.316467
2017-02-16,33.91749954223633,33.974998474121094,33.709999084472656,33.837501525878906,90338400.0,3056825747.845459
2017-02-17,33.775001525878906,33.95750045776367,33.775001525878906,33.93000030517578,88792800.0,3012739731.097412
2017-02-21,34.057498931884766,34.1875,33.994998931884766,34.17499923706055,98028800.0,3350134165.209961
2017-02-22,34.10749816894531,34.279998779296875,34.02750015258789,34.27750015258789,83347600.0,2856947371.7178345
2017-02-23,34.345001220703125,34.369998931884766,34.07500076293945,34.13249969482422,83152800.0,2838212920.6237793
2017-02-24,33.977500915527344,34.165000915527344,33.81999969482422,34.165000915527344,87106400.0,2975990235.748291
2017-02-27,34.28499984741211,34.36000061035156,34.06999969482422,34.23249816894531,81029600.0,2773845633.630371
2017-02-28,34.27000045776367,34.36000061035156,34.17499923706055,34.247501373291016,93931600.0,3216922599.9954224
2017-03-01,34.47249984741211,35.037498474121094,34.400001525878906,34.9474983215332,145658400.0,5090396689.517212
2017-03-02,35.0,35.06999969482422,34.689998626708984,34.7400016784668,104844000.0,3642280735.977173
2017-03-03,34.69499969482422,34.95750045776367,34.647499084472656,34.94499969482422,84432400.0,2950490192.2332764
2017-03-06,34.842498779296875,34.942501068115234,34.650001525878906,34.834999084472656,87000000.0,3030644920.349121
2017-03-07,34.76499938964844,34.994998931884766,34.6974983215332,34.880001068115234,69785200.0,2434107850.5386353
2017-03-08,34.73749923706055,34.95000076293945,34.70500183105469,34.75,74828800.0,2600300800.0
2017-03-09,34.685001373291016,34.6974983215332,34.26250076293945,34.66999816894531,88623600.0,3072580049.725342
2017-03-10,34.8125,34.84000015258789,34.65999984741211,34.78499984741211,78451200.0,2728924980.029297
2017-03-13,34.712501525878906,34.85749816894531,34.70500183105469,34.79999923706055,69686800.0,2425100586.833191
2017-03-14,34.82500076293945,34.912498474121094,34.709999084472656,34.747501373291016,61236400.0,2127811893.095398
2017-03-15,34.852500915527344,35.1875,34.75749969482422,35.1150016784668,102767200.0,3608670400.491333
2017-03-16,35.18000030517578,35.255001068115234,35.064998626708984,35.17250061035156,76928000.0,2705750126.953125
2017-03-17,35.25,35.25,34.97249984741211,34.997501373291016,175540000.0,6143461391.067505
2017-03-20,35.099998474121094,35.375,35.057498931884766,35.3650016784668,86168000.0,3047331464.630127
2017-03-21,35.52750015258789,35.70000076293945,34.932498931884766,34.959999084472656,158119600.0,5527861071.237183
2017-03-22,34.962501525878906,35.400001525878906,34.939998626708984,35.35499954223633,103440800.0,3657149436.6485596
2017-03-23,35.314998626708984,35.39500045776367,35.15250015258789,35.22999954223633,81385200.0,2867200558.744812
2017-03-24,35.375,35.435001373291016,35.087501525878906,35.15999984741211,89582400.0,3149717170.3308105
2017-03-27,34.84749984741211,35.30500030517578,34.654998779296875,35.220001220703125,94300400.0,3321260203.112793
2017-03-28,35.227500915527344,36.0099983215332,35.154998779296875,35.95000076293945,133499200.0,4799296341.851807
2017-03-29,35.91999816894531,36.122501373291016,35.79750061035156,36.029998779296875,116760000.0,4206862657.470703
2017-03-30,36.04750061035156,36.125,35.875,35.98249816894531,84829200.0,3052366533.6730957
2017-03-31,35.93000030517578,36.067501068115234,35.752498626708984,35.915000915527344,78646800.0,2824599894.003296
2017-04-03,35.9275016784668,36.029998779296875,35.76250076293945,35.92499923706055,79942800.0,2871945029.008484
2017-04-04,35.8125,36.22249984741211,35.79249954223633,36.192501068115234,79565600.0,2879678062.9852295
2017-04-05,36.05500030517578,36.3650016784668,35.95249938964844,36.005001068115234,110871600.0,3991932076.423645
2017-04-06,36.0724983215332,36.130001068115234,35.86249923706055,35.915000915527344,84596000.0,3038265417.449951
2017-04-07,35.932498931884766,36.04499816894531,35.817501068115234,35.834999084472656,66688800.0,2389793086.94458
2017-04-10,35.900001525878906,35.970001220703125,35.724998474121094,35.79249954223633,75733600.0,2710694843.331909
2017-04-11,35.73500061035156,35.837501525878906,35.01499938964844,35.407501220703125,121517600.0,4302634570.336914
2017-04-12,35.400001525878906,35.537498474121094,35.252498626708984,35.45000076293945,81400000.0,2885630062.1032715
2017-04-13,35.477500915527344,35.595001220703125,35.26250076293945,35.26250076293945,71291600.0,2513920099.3911743
2017-04-17,35.369998931884766,35.470001220703125,35.217498779296875,35.45750045776367,66328400.0,2351839273.362732
2017-04-18,35.352500915527344,35.5099983215332,35.27750015258789,35.29999923706055,58790000.0,2075286955.1467896
2017-04-19,35.470001220703125,35.5,35.11249923706055,35.16999816894531,69313600.0,2437759185.083008
2017-04-20,35.30500030517578,35.72999954223633,35.290000915527344,35.61000061035156,93278400.0,3321643880.932617
2017-04-21,35.61000061035156,35.66999816894531,35.462501525878906,35.567501068115234,69283600.0,2464244517.0028687
2017-04-24,35.875,35.98749923706055,35.79499816894531,35.90999984741211,68537200.0,2461170841.542053
2017-04-25,35.977500915527344,36.224998474121094,35.967498779296875,36.13249969482422,75486000.0,2727497871.963501
2017-04-26,36.11750030517578,36.150001525878906,35.845001220703125,35.91999816894531,80164800.0,2879519469.213867
2017-04-27,35.97999954223633,36.040000915527344,35.82749938964844,35.9474983215332,56985200.0,2048475381.352234
2017-04-28,36.022499084472656,36.07500076293945,35.817501068115234,35.912498474121094,83441600.0,2996596332.6782227
2017-05-01,36.275001525878906,36.79999923706055,36.2400016784668,36.64500045776367,134411600.0,4925513143.528748
2017-05-02,36.8849983215332,37.022499084472656,36.709999084472656,36.877498626708984,181408800.0,6689902772.872925
2017-05-03,36.397499084472656,36.872501373291016,36.067501068115234,36.76499938964844,182788000.0,6720200708.435059
2017-05-04,36.630001068115234,36.78499984741211,36.45249938964844,36.63249969482422,93487600.0,3424684478.4698486
2017-05-05,36.689998626708984,37.244998931884766,36.689998626708984,37.2400016784668,109310800.0,4070734375.4745483
2017-05-08,37.25749969482422,38.42499923706055,37.25749969482422,38.252498626708984,195009600.0,7459604456.195068
2017-05-09,38.467498779296875,38.720001220703125,38.36249923706055,38.497501373291016,156521600.0,6025690510.949707
2017-05-10,38.407501220703125,38.48500061035156,38.02750015258789,38.314998626708984,103222800.0,3954981440.245056
2017-05-11,38.11249923706055,38.51750183105469,38.07749938964844,38.48749923706055,109020400.0,4195922561.8240356
2017-05-12,38.67499923706055,39.10499954223633,38.66749954223633,39.025001525878906,130108000.0,5077464898.529053
2017-05-15,39.002498626708984,39.162498474121094,38.76250076293945,38.92499923706055,104038800.0,4049710210.624695
2017-05-16,38.98500061035156,39.01499938964844,38.68000030517578,38.86750030517578,80194000.0,3116940319.4732666
2017-05-17,38.400001525878906,38.64250183105469,37.4275016784668,37.5625,203070800.0,7627846925.0
2017-05-18,37.817501068115234,38.334999084472656,37.782501220703125,38.1349983215332,134272800.0,5120493002.627563
2017-05-19,38.345001220703125,38.494998931884766,38.157501220703125,38.26499938964844,107843200.0,4126619982.1777344
2017-05-22,38.5,38.64500045776367,38.227500915527344,38.497501373291016,91865600.0,3536596062.158203
2017-05-23,38.724998474121094,38.724998474121094,38.32749938964844,38.45000076293945,79675600.0,3063526880.7876587
2017-05-24,38.459999084472656,38.54249954223633,38.16749954223633,38.334999084472656,76712000.0,2940754449.7680664
2017-05-25,38.432498931884766,38.587501525878906,38.25749969482422,38.467498779296875,76942400.0,2959781678.076172
2017-05-26,38.5,38.560001373291016,38.32749938964844,38.40250015258789,87710400.0,3368298649.383545
2017-05-30,38.35499954223633,38.60749816894531,38.33250045776367,38.41749954223633,80507600.0,3092900686.1465454
2017-05-31,38.49250030517578,38.54249954223633,38.095001220703125,38.189998626708984,97804800.0,3735165177.685547
2017-06-01,38.29249954223633,38.33250045776367,38.05500030517578,38.29499816894531,65616400.0,2512779917.852783
2017-06-02,38.39500045776367,38.86249923706055,38.22249984741211,38.86249923706055,111082800.0,4316955230.250549
2017-06-05,38.584999084472656,38.61249923706055,38.3650016784668,38.48249816894531,101326800.0,3899308395.465088
2017-06-06,38.474998474121094,38.95249938964844,38.44499969482422,38.61249923706055,106499600.0,4112215723.7472534
2017-06-07,38.755001068115234,38.994998931884766,38.619998931884766,38.842498779296875,84278400.0,3273583649.1210938
2017-06-08,38.8125,38.8849983215332,38.599998474121094,38.747501373291016,85003200.0,3293661608.734131
2017-06-09,38.79750061035156,38.79750061035156,36.505001068115234,37.244998931884766,259530800.0,9666224368.791199
2017-06-12,36.435001373291016,36.522499084472656,35.627498626708984,36.35499954223633,289229200.0,10514927433.60138
2017-06-13,36.790000915527344,36.86249923706055,36.287498474121094,36.647499084472656,136661600.0,5008305860.882568
2017-06-14,36.875,36.875,35.959999084472656,36.290000915527344,126124800.0,4577069107.470703
2017-06-15,35.83000183105469,36.119998931884766,35.5525016784668,36.0724983215332,128661600.0,4641145350.045776
2017-06-16,35.94499969482422,36.125,35.54999923706055,35.567501068115234,201444400.0,7164873912.1658325
2017-06-19,35.915000915527344,36.685001373291016,35.915000915527344,36.584999084472656,130165600.0,4762108356.829834
2017-06-20,36.717498779296875,36.717498779296875,36.23500061035156,36.252498626708984,99600400.0,3610763364.2196655
2017-06-21,36.380001068115234,36.51750183105469,36.15250015258789,36.467498779296875,85063200.0,3102042142.163086
2017-06-22,36.442501068115234,36.67499923706055,36.279998779296875,36.407501220703125,76425200.0,2782450562.2924805
2017-06-23,36.282501220703125,36.790000915527344,36.27750015258789,36.56999969482422,141757600.0,5184075388.739014
2017-06-26,36.79249954223633,37.06999969482422,36.345001220703125,36.45500183105469,102769600.0,3746465956.176758
2017-06-27,36.252498626708984,36.540000915527344,35.904998779296875,35.932498931884766,99047600.0,3559027781.2057495
2017-06-28,36.122501373291016,36.52750015258789,35.790000915527344,36.45750045776367,88329600.0,3220276432.434082
2017-06-29,36.1775016784668,36.282501220703125,35.56999969482422,35.91999816894531,125997600.0,4525833561.291504
2017-06-30,36.11249923706055,36.2400016784668,35.94499969482422,36.005001068115234,92096400.0,3315930980.369568
2017-07-03,36.220001220703125,36.32500076293945,35.775001525878906,35.875,57111200.0,2048864300.0
2017-07-05,35.92250061035156,36.1974983215332,35.68000030517578,36.022499084472656,86278400.0,3107963585.0097656
2017-07-06,35.755001068115234,35.875,35.602500915527344,35.682498931884766,96515200.0,3443903520.9106445
2017-07-07,35.724998474121094,36.1875,35.724998474121094,36.04499816894531,76806800.0,2768500965.362549
2017-07-10,36.02750015258789,36.48749923706055,35.842498779296875,36.26499938964844,84362400.0,3059402384.5092773
2017-07-11,36.182498931884766,36.462501525878906,36.095001220703125,36.38249969482422,79127200.0,2878845329.852295
2017-07-12,36.467498779296875,36.54499816894531,36.20500183105469,36.435001373291016,99538000.0,3626667166.694641
2017-07-13,36.375,37.122501373291016,36.36000061035156,36.942501068115234,100797600.0,3723715445.663452
2017-07-14,36.99250030517578,37.33250045776367,36.83250045776367,37.2599983215332,80528400.0,3000488048.8357544
2017-07-17,37.20500183105469,37.724998474121094,37.14250183105469,37.38999938964844,95174000.0,3558555801.9104004
2017-07-18,37.29999923706055,37.532501220703125,37.16749954223633,37.52000045776367,71475200.0,2681749536.71875
2017-07-19,37.619998931884766,37.85499954223633,37.48749923706055,37.755001068115234,83692000.0,3159791549.3927
2017-07-20,37.875,37.935001373291016,37.54750061035156,37.584999084472656,68974800.0,2592417794.8516846
2017-07-21,37.497501373291016,37.61000061035156,37.220001220703125,37.567501068115234,105010400.0,3944978314.163208
2017-07-24,37.64500045776367,38.11000061035156,37.474998474121094,38.022499084472656,85972800.0,3268900709.289551
2017-07-25,37.95000076293945,38.459999084472656,37.95000076293945,38.185001373291016,75415600.0,2879744789.567566
2017-07-26,38.337501525878906,38.48249816894531,38.26499938964844,38.3650016784668,63124000.0,2421752365.951538
2017-07-27,38.4375,38.497501373291016,36.82500076293945,37.63999938964844,129905200.0,4889631648.712158
2017-07-28,37.47249984741211,37.557498931884766,37.29750061035156,37.375,68854800.0,2573448150.0
2017-07-31,37.474998474121094,37.58250045776367,37.032501220703125,37.182498931884766,79383600.0,2951680622.2091675
2017-08-01,37.275001525878906,37.55500030517578,37.102500915527344,37.51250076293945,141474400.0,5307058537.936401
2017-08-02,39.81999969482422,39.9375,39.040000915527344,39.28499984741211,279747200.0,10989868709.313965
2017-08-03,39.26250076293945,39.3025016784668,38.755001068115234,38.89250183105469,108389200.0,4215527159.4665527
2017-08-04,39.01750183105469,39.349998474121094,38.92250061035156,39.09749984741211,82239600.0,3215362748.451233
2017-08-07,39.26499938964844,39.72999954223633,39.16749954223633,39.70249938964844,87481200.0,3473222289.605713
2017-08-08,39.650001525878906,40.45750045776367,39.567501068115234,40.02000045776367,144823600.0,5795840538.294983
2017-08-09,39.814998626708984,40.317501068115234,39.77750015258789,40.26499938964844,104526000.0,4208739326.2023926
2017-08-10,39.974998474121094,40.0,38.657501220703125,38.83000183105469,163217200.0,6337724174.859619
2017-08-11,39.150001525878906,39.64250183105469,39.01750183105469,39.369998931884766,105028400.0,4134967995.817566
2017-08-14,39.83000183105469,40.0525016784668,39.6875,39.962501525878906,88490800.0,3536313730.026245
2017-08-15,40.165000915527344,40.54999923706055,40.03499984741211,40.400001525878906,117862000.0,4761624979.84314
2017-08-16,40.48500061035156,40.627498626708984,40.037498474121094,40.23749923706055,110686400.0,4453743935.5529785
2017-08-17,40.130001068115234,40.1775016784668,39.459999084472656,39.46500015258789,111762400.0,4410703133.053589
2017-08-18,39.46500015258789,39.875,39.18000030517578,39.375,109712400.0,4319925750.0
2017-08-21,39.375,39.47249984741211,38.77750015258789,39.3025016784668,105474000.0,4145392062.034607
2017-08-22,39.557498931884766,40.0,39.505001068115234,39.94499969482422,86418400.0,3451982961.6271973
2017-08-23,39.76750183105469,40.11750030517578,39.720001220703125,39.994998931884766,77596400.0,3103467935.118103
2017-08-24,40.10749816894531,40.185001373291016,39.63750076293945,39.817501068115234,79275600.0,3156556287.675476
2017-08-25,39.912498474121094,40.13999938964844,39.817501068115234,39.96500015258789,101920400.0,4073248801.551819
2017-08-28,40.03499984741211,40.5,39.98249816894531,40.36750030517578,103864000.0,4192730051.6967773
2017-08-29,40.025001525878906,40.779998779296875,40.0,40.727500915527344,118067600.0,4808598287.094116
2017-08-30,40.95000076293945,40.97249984741211,40.65250015258789,40.837501525878906,109078400.0,4454489326.44043
2017-08-31,40.90999984741211,41.130001068115234,40.869998931884766,41.0,107140400.0,4392756400.0
2017-09-01,41.20000076293945,41.23500061035156,40.907501220703125,41.01250076293945,66364400.0,2721770005.632019
2017-09-05,40.9375,41.0625,40.13999938964844,40.52000045776367,117874000.0,4776254533.958435
2017-09-06,40.6775016784668,40.747501373291016,40.130001068115234,40.477500915527344,86606800.0,3505626826.2908936
2017-09-07,40.522499084472656,40.560001373291016,40.09000015258789,40.314998626708984,87714000.0,3536189789.543152
2017-09-08,40.21500015258789,40.287498474121094,39.63249969482422,39.657501220703125,114446000.0,4538642384.70459
2017-09-11,40.125,40.51250076293945,39.97249984741211,40.375,126323200.0,5100299200.0
2017-09-12,40.65250015258789,40.9900016784668,39.692501068115234,40.21500015258789,286856000.0,11535914083.770752
2017-09-13,39.967498779296875,39.9900016784668,39.477500915527344,39.912498474121094,179629600.0,7169466135.906982
2017-09-14,39.747501373291016,39.849998474121094,39.522499084472656,39.56999969482422,95042800.0,3760843566.9952393
2017-09-15,39.61750030517578,40.24250030517578,39.5,39.970001220703125,196458400.0,7852442487.817383
2017-09-18,40.02750015258789,40.125,39.5,39.66749954223633,113077600.0,4485505646.237183
2017-09-19,39.877498626708984,39.942501068115234,39.61000061035156,39.682498931884766,83242400.0,3303266449.0875244
2017-09-20,39.474998474121094,39.564998626708984,38.45750045776367,39.01750183105469,211805600.0,8264125385.827637
2017-09-21,38.95000076293945,38.95000076293945,38.1875,38.34749984741211,150046800.0,5753919640.104675
2017-09-22,37.8849983215332,38.067501068115234,37.63999938964844,37.97249984741211,186581600.0,7084969777.529907
2017-09-25,37.497501373291016,37.95750045776367,37.290000915527344,37.63750076293945,177549200.0,6682508150.45929
2017-09-26,37.94499969482422,38.47999954223633,37.92250061035156,38.28499984741211,146640000.0,5614112377.624512
2017-09-27,38.45000076293945,38.68000030517578,38.3849983215332,38.557498931884766,102016800.0,3933512657.0343018
2017-09-28,38.47249984741211,38.56999969482422,38.17499923706055,38.31999969482422,88022000.0,3373003013.1378174
2017-09-29,38.3025016784668,38.532501220703125,38.0,38.529998779296875,105199200.0,4053325047.583008
2017-10-02,38.564998626708984,38.61249923706055,38.18000030517578,38.45249938964844,74795200.0,2876062382.348633
2017-10-03,38.502498626708984,38.772499084472656,38.477500915527344,38.619998931884766,64921200.0,2507256674.6566772
2017-10-04,38.407501220703125,38.46500015258789,38.1150016784668,38.369998931884766,80655200.0,3094739937.850952
2017-10-05,38.54499816894531,38.86000061035156,38.51250076293945,38.84749984741211,85135200.0,3307289669.0093994
2017-10-06,38.74250030517578,38.872501373291016,38.63999938964844,38.82500076293945,69630400.0,2703400333.1237793
2017-10-09,38.95249938964844,39.182498931884766,38.872501373291016,38.959999084472656,65051600.0,2534410276.4434814
2017-10-10,39.01499938964844,39.5,38.775001525878906,38.974998474121094,62468000.0,2434690204.6813965
2017-10-11,38.99250030517578,39.244998931884766,38.9375,39.13750076293945,67622400.0,2646571731.591797
2017-10-12,39.087501525878906,39.342498779296875,38.932498931884766,39.0,64500400.0,2515515600.0
2017-10-13,39.182498931884766,39.31999969482422,39.102500915527344,39.247501373291016,65576800.0,2573725548.0560303
2017-10-16,39.474998474121094,40.0,39.412498474121094,39.970001220703125,96486000.0,3856545537.7807617
2017-10-17,39.94499969482422,40.217498779296875,39.807498931884766,40.11750030517578,75989200.0,3048496754.1900635
2017-10-18,40.10499954223633,40.1775016784668,39.900001525878906,39.939998626708984,65496800.0,2615942102.053833
2017-10-19,39.1875,39.27000045776367,38.755001068115234,38.994998931884766,170336800.0,6642283334.060669
2017-10-20,39.15250015258789,39.4375,38.9900016784668,39.0625,95896400.0,3745953125.0
2017-10-23,39.22249984741211,39.42250061035156,38.875,39.04249954223633,87937200.0,3433288090.7455444
2017-10-24,39.0724983215332,39.35499954223633,39.04999923706055,39.275001525878906,71028800.0,2789656228.3813477
2017-10-25,39.227500915527344,39.38750076293945,38.817501068115234,39.102500915527344,84828400.0,3317002588.6627197
2017-10-26,39.307498931884766,39.45750045776367,39.19499969482422,39.352500915527344,68002000.0,2676048767.2576904
2017-10-27,39.8224983215332,40.900001525878906,39.67499923706055,40.76250076293945,177816800.0,7248257445.663452
2017-10-30,40.97249984741211,42.01750183105469,40.93000030517578,41.68000030517578,178803200.0,7452517430.566406
2017-10-31,41.974998474121094,42.412498474121094,41.73500061035156,42.2599983215332,144187200.0,6093350829.986572
2017-11-01,42.467498779296875,42.48500061035156,41.40250015258789,41.72249984741211,134551200.0,5613812421.469116
2017-11-02,41.650001525878906,42.125,41.31999969482422,42.02750015258789,165573600.0,6958644499.264526
2017-11-03,43.5,43.564998626708984,42.779998779296875,43.125,237594400.0,10246258500.0
2017-11-06,43.092498779296875,43.747501373291016,42.93000030517578,43.5625,140105200.0,6103332775.0
2017-11-07,43.477500915527344,43.8125,43.400001525878906,43.70249938964844,97446000.0,4258633755.5236816
2017-11-08,43.665000915527344,44.060001373291016,43.58250045776367,44.060001373291016,97638000.0,4301930414.085388
2017-11-09,43.77750015258789,44.025001525878906,43.28499984741211,43.970001220703125,117930400.0,5185399831.958008
2017-11-10,43.77750015258789,43.845001220703125,43.567501068115234,43.66749954223633,100582000.0,4392164438.957214
2017-11-13,43.375,43.625,43.349998474121094,43.49250030517578,67928400.0,2954375957.7301025
2017-11-14,43.2599983215332,43.369998931884766,42.79499816894531,42.834999084472656,99130000.0,4246233459.2437744
2017-11-15,42.49250030517578,42.58000183105469,42.095001220703125,42.27000045776367,116632400.0,4930051601.390076
2017-11-16,42.79499816894531,42.967498779296875,42.57500076293945,42.775001525878906,94550000.0,4044376394.2718506
2017-11-17,42.7599983215332,42.84749984741211,42.40999984741211,42.537498474121094,87598000.0,3726199791.3360596
2017-11-20,42.5724983215332,42.63999938964844,42.38999938964844,42.494998931884766,65049600.0,2764282682.5195312
2017-11-21,42.69499969482422,43.42499923706055,42.69499969482422,43.28499984741211,100525200.0,4351233266.661072
2017-11-22,43.34000015258789,43.75,43.26250076293945,43.7400016784668,102355600.0,4477034115.800476
2017-11-24,43.775001525878906,43.875,43.662498474121094,43.74250030517578,56106800.0,2454251716.1224365
2017-11-27,43.76250076293945,43.77000045776367,43.334999084472656,43.522499084472656,82867200.0,3606587636.1328125
2017-11-28,43.57500076293945,43.717498779296875,42.96500015258789,43.26750183105469,105715200.0,4574032609.5703125
2017-11-29,43.157501220703125,43.22999954223633,41.790000915527344,42.369998931884766,166665600.0,7061621293.981934
2017-11-30,42.60749816894531,43.03499984741211,42.11000061035156,42.962501525878906,166108800.0,7136449573.461914
2017-12-01,42.48749923706055,42.91749954223633,42.125,42.76250076293945,159037200.0,6800828386.335754
2017-12-04,43.119998931884766,43.154998779296875,42.407501220703125,42.45000076293945,130169600.0,5525699619.311523
2017-12-05,42.26499938964844,42.880001068115234,42.099998474121094,42.40999984741211,109400800.0,4639687911.306763
2017-12-06,41.875,42.54999923706055,41.6150016784668,42.252498626708984,114240000.0,4826925443.115234
2017-12-07,42.25749969482422,42.61000061035156,42.227500915527344,42.33000183105469,102693200.0,4347003344.036865
2017-12-08,42.622501373291016,42.75,42.20500183105469,42.342498779296875,93420800.0,3955670109.9609375
2017-12-11,42.29999923706055,43.22249984741211,42.1974983215332,43.16749954223633,141095200.0,6090726981.411743
2017-12-12,43.037498474121094,43.09749984741211,42.8650016784668,42.92499923706055,77636800.0,3332559580.7678223
2017-12-13,43.125,43.3849983215332,43.0,43.067501068115234,95273600.0,4103195869.7631836
2017-12-14,43.099998474121094,43.282501220703125,42.912498474121094,43.05500030517578,81906000.0,3526462854.9957275
2017-12-15,43.407501220703125,43.54249954223633,43.1150016784668,43.49250030517578,160677200.0,6988253170.03479
2017-12-18,43.720001220703125,44.29999923706055,43.71500015258789,44.10499954223633,117684400.0,5190470408.128357
2017-12-19,43.75749969482422,43.84749984741211,43.522499084472656,43.6349983215332,109745600.0,4788749071.795654
2017-12-20,43.717498779296875,43.85499954223633,43.3125,43.587501525878906,93902400.0,4092971003.2836914
2017-12-21,43.54249954223633,44.005001068115234,43.525001525878906,43.752498626708984,83799600.0,3666441883.918762
2017-12-22,43.66999816894531,43.85499954223633,43.625,43.752498626708984,65397600.0,2861308404.1900635
2017-12-26,42.70000076293945,42.86750030517578,42.41999816894531,42.64250183105469,132742000.0,5660450978.057861
2017-12-27,42.525001525878906,42.69499969482422,42.4275016784668,42.650001525878906,85992800.0,3667593051.2145996
2017-12-28,42.75,42.962501525878906,42.619998931884766,42.77000045776367,65920800.0,2819432646.1761475
2017-12-29,42.630001068115234,42.647499084472656,42.30500030517578,42.307498931884766,103999600.0,4399962965.916443
2018-01-02,42.540000915527344,43.07500076293945,42.314998626708984,43.064998626708984,102223600.0,4402259193.617249
2018-01-03,43.13249969482422,43.63750076293945,42.9900016784668,43.057498931884766,118071600.0,5083867790.885925
2018-01-04,43.1349983215332,43.36750030517578,43.02000045776367,43.25749969482422,89738400.0,3881858810.6140137
2018-01-05,43.36000061035156,43.842498779296875,43.26250076293945,43.75,94640000.0,4140500000.0
2018-01-08,43.587501525878906,43.90250015258789,43.48249816894531,43.587501525878906,82271200.0,3585996055.5358887
2018-01-09,43.63750076293945,43.76499938964844,43.352500915527344,43.58250045776367,86336000.0,3762738759.5214844
2018-01-10,43.290000915527344,43.57500076293945,43.25,43.5724983215332,95839600.0,4175970810.1364136
2018-01-11,43.647499084472656,43.872501373291016,43.622501373291016,43.81999969482422,74670800.0,3272074433.2122803
2018-01-12,44.04499816894531,44.34000015258789,43.912498474121094,44.272499084472656,101672400.0,4501291235.916138
2018-01-16,44.474998474121094,44.84749984741211,44.03499984741211,44.04750061035156,118263600.0,5209215993.182373
2018-01-17,44.037498474121094,44.8125,43.76750183105469,44.775001525878906,137547200.0,6158676089.880371
2018-01-18,44.842498779296875,45.025001525878906,44.5625,44.814998626708984,124773600.0,5591728712.649536
2018-01-19,44.65250015258789,44.89500045776367,44.352500915527344,44.6150016784668,129700400.0,5786583563.697815
2018-01-22,44.32500076293945,44.44499969482422,44.150001525878906,44.25,108434400.0,4798222200.0
2018-01-23,44.32500076293945,44.86000061035156,44.20500183105469,44.2599983215332,130756400.0,5787278044.529724
2018-01-24,44.3125,44.32500076293945,43.29999923706055,43.55500030517578,204420400.0,8903530584.384155
2018-01-25,43.627498626708984,43.73749923706055,42.63249969482422,42.77750015258789,166116000.0,7106027215.34729
2018-01-26,43.0,43.0,42.51499938964844,42.877498626708984,156572000.0,6713415714.981079
2018-01-29,42.540000915527344,42.540000915527344,41.76750183105469,41.9900016784668,202561600.0,8505561923.99292
2018-01-30,41.38249969482422,41.842498779296875,41.17499923706055,41.74250030517578,184192800.0,7688668010.211182
2018-01-31,41.717498779296875,42.11000061035156,41.625,41.85749816894531,129915600.0,5437941989.117432
2018-02-01,41.79249954223633,42.154998779296875,41.689998626708984,41.94499969482422,188923200.0,7924383566.345215
2018-02-02,41.5,41.70000076293945,40.025001525878906,40.125,346375200.0,13898304900.0
2018-02-05,39.775001525878906,40.970001220703125,39.0,39.122501373291016,290954000.0,11382848264.564514
2018-02-06,38.70750045776367,40.93000030517578,38.5,40.75749969482422,272975200.0,11125786630.69458
2018-02-07,40.772499084472656,40.849998474121094,39.76750183105469,39.8849983215332,206434400.0,8233635697.506714
2018-02-08,40.0724983215332,40.25,38.75749969482422,38.787498474121094,217562000.0,8438685743.026733
2018-02-09,39.26750183105469,39.47249984741211,37.560001373291016,39.102500915527344,282690400.0,11053901624.810791
2018-02-12,39.625,40.97249984741211,39.377498626708984,40.6775016784668,243278000.0,9895941253.334045
2018-02-13,40.48749923706055,41.1875,40.412498474121094,41.084999084472656,130196800.0,5349135408.80127
2018-02-14,40.7599983215332,41.8849983215332,40.720001220703125,41.842498779296875,162579600.0,6802736714.538574
2018-02-15,42.4474983215332,43.272499084472656,42.25,43.247501373291016,204588800.0,8847954408.95996
2018-02-16,43.09000015258789,43.70500183105469,42.942501068115234,43.10749816894531,160704400.0,6927564628.741455
2018-02-20,43.01250076293945,43.564998626708984,42.85499954223633,42.962501525878906,135722000.0,5830956632.095337
2018-02-21,43.20750045776367,43.529998779296875,42.752498626708984,42.76750183105469,149886400.0,6410266886.450195
2018-02-22,42.95000076293945,43.48749923706055,42.9275016784668,43.125,123967600.0,5346102750.0
2018-02-23,43.41749954223633,43.912498474121094,43.3849983215332,43.875,135249600.0,5934076200.0
2018-02-26,44.087501525878906,44.84749984741211,44.0525016784668,44.74250030517578,152648800.0,6829888980.584717
2018-02-27,44.775001525878906,45.119998931884766,44.540000915527344,44.59749984741211,155712400.0,6944383735.240173
2018-02-28,44.814998626708984,45.154998779296875,44.51250076293945,44.529998779296875,151128400.0,6729747467.51709
2018-03-01,44.6349983215332,44.94499969482422,43.165000915527344,43.75,195208000.0,8540350000.0
2018-03-02,43.20000076293945,44.07500076293945,43.11249923706055,44.0525016784668,153816000.0,6775979598.175049
2018-03-05,43.8025016784668,44.435001373291016,43.630001068115234,44.20500183105469,113605600.0,5021935756.018066
2018-03-06,44.477500915527344,44.5625,44.032501220703125,44.16749954223633,95154000.0,4202714251.4419556
2018-03-07,43.73500061035156,43.962501525878906,43.567501068115234,43.75749969482422,126814000.0,5549063566.299438
2018-03-08,43.869998931884766,44.279998779296875,43.76750183105469,44.23500061035156,95096400.0,4206589312.0422363
2018-03-09,44.4900016784668,45.0,44.34749984741211,44.994998931884766,128740800.0,5792692158.48999
2018-03-12,45.0724983215332,45.59749984741211,45.0525016784668,45.43000030517578,128828400.0,5852674251.315308
2018-03-13,45.647499084472656,45.875,44.810001373291016,44.99250030517578,126774000.0,5703879233.6883545
2018-03-14,45.08000183105469,45.130001068115234,44.45249938964844,44.61000061035156,117473600.0,5240497367.700195
2018-03-15,44.625,45.060001373291016,44.51750183105469,44.662498474121094,90975200.0,4063179731.1828613
2018-03-16,44.662498474121094,44.779998779296875,44.404998779296875,44.505001068115234,157618800.0,7014824862.3550415
2018-03-19,44.33000183105469,44.36750030517578,43.415000915527344,43.82500076293945,133787200.0,5863224142.071533
2018-03-20,43.810001373291016,44.20000076293945,43.73500061035156,43.810001373291016,78597600.0,3443360963.937378
2018-03-21,43.7599983215332,43.772499084472656,42.814998626708984,42.817501068115234,148219600.0,6346392881.315613
2018-03-22,42.5,43.16999816894531,42.150001525878906,42.212501525878906,165963200.0,7005721833.239746
2018-03-23,42.09749984741211,42.47999954223633,41.23500061035156,41.23500061035156,164115200.0,6767290372.167969
2018-03-26,42.01750183105469,43.275001525878906,41.61000061035156,43.192501068115234,150164800.0,6485993284.393311
2018-03-27,43.41999816894531,43.787498474121094,41.72999954223633,42.084999084472656,163690400.0,6888910334.136963
2018-03-28,41.8125,42.505001068115234,41.29750061035156,41.619998931884766,166674000.0,6936971701.972961
2018-03-29,41.95249938964844,42.9375,41.724998474121094,41.94499969482422,153594000.0,6442500283.126831
2018-04-02,41.65999984741211,42.23500061035156,41.11750030517578,41.66999816894531,150347200.0,6264967548.706055
2018-04-03,41.90999984741211,42.1875,41.220001220703125,42.09749984741211,121112000.0,5098512401.519775
2018-04-04,41.220001220703125,43.002498626708984,41.192501068115234,42.90250015258789,138422000.0,5938649876.121521
2018-04-05,43.14500045776367,43.557498931884766,43.02000045776367,43.20000076293945,107732800.0,4654057042.1936035
2018-04-06,42.74250030517578,43.119998931884766,42.04999923706055,42.095001220703125,140021200.0,5894192584.924316
2018-04-09,42.470001220703125,43.272499084472656,42.462501525878906,42.51250076293945,116070800.0,4934459973.554993
2018-04-10,43.25,43.5,42.88249969482422,43.3125,113634400.0,4921789950.0
2018-04-11,43.057498931884766,43.47999954223633,42.92499923706055,43.11000061035156,89726400.0,3868105158.7646484
2018-04-12,43.352500915527344,43.75,43.2599983215332,43.53499984741211,91557200.0,3985942688.02948
2018-04-13,43.69499969482422,43.959999084472656,43.462501525878906,43.682498931884766,100497200.0,4389968831.65741
2018-04-16,43.75749969482422,44.04750061035156,43.70750045776367,43.95500183105469,86313600.0,3793914446.044922
2018-04-17,44.122501373291016,44.73500061035156,44.102500915527344,44.560001373291016,106421600.0,4742146642.147827
2018-04-18,44.45249938964844,44.70500183105469,44.220001220703125,44.459999084472656,83018000.0,3690980203.994751
2018-04-19,43.439998626708984,43.84749984741211,43.165000915527344,43.20000076293945,139235200.0,6014960746.228027
2018-04-20,42.650001525878906,42.80500030517578,41.35749816894531,41.43000030517578,261964400.0,10853185171.94519
2018-04-23,41.70750045776367,41.72999954223633,41.022499084472656,41.310001373291016,146062000.0,6033821420.585632
2018-04-24,41.41749954223633,41.58250045776367,40.30500030517578,40.73500061035156,134768000.0,5489774562.255859
2018-04-25,40.654998779296875,41.35499954223633,40.602500915527344,40.912498474121094,113528400.0,4644730491.769409
2018-04-26,41.029998779296875,41.432498931884766,40.842498779296875,41.05500030517578,111852000.0,4592083894.1345215
2018-04-27,41.0,41.08250045776367,40.157501220703125,40.58000183105469,142623200.0,5787649717.150879
2018-04-30,40.532501220703125,41.814998626708984,40.459999084472656,41.314998626708984,169709600.0,7011551890.939331
2018-05-01,41.602500915527344,42.29999923706055,41.317501068115234,42.275001525878906,214277600.0,9058585866.96167
2018-05-02,43.807498931884766,44.4375,43.45000076293945,44.14250183105469,266157600.0,11748862345.349121
2018-05-03,43.970001220703125,44.375,43.61000061035156,44.22249984741211,136272800.0,6026323877.206421
2018-05-04,44.5625,46.0625,44.54249954223633,45.95750045776367,224805200.0,10331485081.907654
2018-05-07,46.29499816894531,46.91749954223633,46.1875,46.290000915527344,169805600.0,7860301379.46167
2018-05-08,46.247501373291016,46.55500030517578,45.91749954223633,46.51250076293945,113611200.0,5284341026.678467
2018-05-09,46.63750076293945,46.849998474121094,46.30500030517578,46.84000015258789,92844800.0,4348850446.166992
2018-05-10,46.935001373291016,47.592498779296875,46.912498474121094,47.5099983215332,111957200.0,5319086384.083557
2018-05-11,47.372501373291016,47.51499938964844,46.86249923706055,47.147499084472656,104848800.0,4943358702.008057
2018-05-14,47.252498626708984,47.38249969482422,46.96500015258789,47.037498474121094,83115200.0,3909531093.1762695
2018-05-15,46.69499969482422,46.76750183105469,46.275001525878906,46.61000061035156,94780800.0,4417733145.849609
2018-05-16,46.51750183105469,47.1150016784668,46.5,47.04499816894531,76732400.0,3609875617.4987793
2018-05-17,47.0,47.227500915527344,46.59000015258789,46.747501373291016,69176000.0,3233805154.9987793
2018-05-18,46.79750061035156,46.95249938964844,46.532501220703125,46.57749938964844,73190800.0,3409044442.327881
2018-05-21,47.0,47.317501068115234,46.727500915527344,46.907501220703125,73603200.0,3452542193.8476562
2018-05-22,47.095001220703125,47.220001220703125,46.69499969482422,46.790000915527344,60962800.0,2852449467.8131104
2018-05-23,46.587501525878906,47.125,46.439998626708984,47.09000015258789,80233600.0,3778200236.242676
2018-05-24,47.192501068115234,47.209999084472656,46.5525016784668,47.037498474121094,92936000.0,4371476958.190918
2018-05-25,47.057498931884766,47.412498474121094,46.912498474121094,47.14500045776367,69844000.0,3292795411.972046
2018-05-29,46.900001525878906,47.1875,46.717498779296875,46.974998474121094,90056400.0,4230399252.584839
2018-05-30,46.93000030517578,47.0,46.69499969482422,46.875,74762000.0,3504468750.0
2018-05-31,46.80500030517578,47.057498931884766,46.53499984741211,46.717498779296875,109931200.0,5135710701.806641
2018-06-01,46.997501373291016,47.564998626708984,46.9375,47.560001373291016,93770000.0,4459701328.773499
2018-06-04,47.90999984741211,48.35499954223633,47.837501525878906,47.95750045776367,105064800.0,5038645194.094849
2018-06-05,48.26750183105469,48.48500061035156,48.09000015258789,48.32749938964844,86264000.0,4168923407.348633
2018-06-06,48.407501220703125,48.52000045776367,47.97999954223633,48.494998931884766,83734400.0,4060699638.5620117
2018-06-07,48.53499984741211,48.54999923706055,48.084999084472656,48.3650016784668,85388800.0,4129829455.3222656
2018-06-08,47.79249954223633,48.0,47.442501068115234,47.92499923706055,106627200.0,5110108478.649902
2018-06-11,47.837501525878906,47.99250030517578,47.5525016784668,47.807498931884766,73234000.0,3501134376.777649
2018-06-12,47.84749984741211,48.15250015258789,47.787498474121094,48.06999969482422,67644400.0,3251666287.3565674
2018-06-13,48.10499954223633,48.220001220703125,47.61000061035156,47.67499923706055,86553600.0,4126442813.9648438
2018-06-14,47.88750076293945,47.89250183105469,47.55500030517578,47.70000076293945,86440400.0,4123207145.9487915
2018-06-15,47.50749969482422,47.540000915527344,47.064998626708984,47.209999084472656,246876800.0,11655053501.97754
2018-06-18,46.970001220703125,47.30500030517578,46.79999923706055,47.185001373291016,73939600.0,3488840127.5405884
2018-06-19,46.28499984741211,46.58250045776367,45.86249923706055,46.42250061035156,134314000.0,6235191746.97876
2018-06-20,46.587501525878906,46.79999923706055,46.432498931884766,46.625,82514800.0,3847252550.0
2018-06-21,46.8125,47.087501525878906,46.23500061035156,46.3650016784668,102847600.0,4768529146.626282
2018-06-22,46.529998779296875,46.537498474121094,46.17499923706055,46.22999954223633,108801600.0,5029897918.19458
2018-06-25,45.849998474121094,46.22999954223633,45.182498931884766,45.54249954223633,126652400.0,5768066869.023132
2018-06-26,45.747501373291016,46.63249969482422,45.6349983215332,46.10749816894531,98276800.0,4531297376.049805
2018-06-27,46.307498931884766,46.81999969482422,46.00749969482422,46.040000915527344,101141200.0,4656540940.597534
2018-06-28,46.025001525878906,46.5525016784668,45.95000076293945,46.375,69460800.0,3221244600.0
2018-06-29,46.5724983215332,46.79750061035156,45.727500915527344,46.27750015258789,90950800.0,4208975660.8779907
2018-07-02,45.95500183105469,46.82500076293945,45.85499954223633,46.79499816894531,70925200.0,3318944604.13208
2018-07-03,46.9474983215332,46.98749923706055,45.8849983215332,45.97999954223633,55819200.0,2566566790.447998
2018-07-05,46.314998626708984,46.602500915527344,46.06999969482422,46.349998474121094,66416800.0,3078418578.656006
2018-07-06,46.35499954223633,47.10749816894531,46.29999923706055,46.99250030517578,69940800.0,3286693065.3442383
2018-07-09,47.375,47.66999816894531,47.32500076293945,47.64500045776367,79026400.0,3765212864.175415
2018-07-10,47.6775016784668,47.81999969482422,47.54499816894531,47.587501525878906,63756400.0,3034007782.284546
2018-07-11,47.125,47.44499969482422,46.90250015258789,46.970001220703125,75326000.0,3538062311.9506836
2018-07-12,47.38249969482422,47.852500915527344,47.32749938964844,47.75749969482422,72164400.0,3446391310.977173
2018-07-13,47.77000045776367,47.959999084472656,47.724998474121094,47.83250045776367,50055600.0,2394284509.9136353
2018-07-16,47.880001068115234,48.162498474121094,47.60499954223633,47.727500915527344,60172400.0,2871878276.0894775
2018-07-17,47.4375,47.967498779296875,47.29999923706055,47.86249923706055,62138000.0,2974079977.5924683
2018-07-18,47.94499969482422,47.95000076293945,47.48249816894531,47.599998474121094,65573600.0,3121303259.942627
2018-07-19,47.42250061035156,48.13750076293945,47.42250061035156,47.970001220703125,81147200.0,3892631283.0566406
2018-07-20,47.94499969482422,48.10749816894531,47.54249954223633,47.86000061035156,82704800.0,3958251778.479004
2018-07-23,47.66999816894531,47.9900016784668,47.38999938964844,47.90250015258789,63957600.0,3063728943.7591553
2018-07-24,48.11249923706055,48.415000915527344,48.01250076293945,48.25,74791600.0,3608694700.0
2018-07-25,48.26499938964844,48.712501525878906,48.10749816894531,48.70500183105469,66839600.0,3255422840.386963
2018-07-26,48.65250015258789,48.9900016784668,48.40250015258789,48.5525016784668,76304000.0,3704750088.0737305
2018-07-27,48.747501373291016,48.79750061035156,47.525001525878906,47.744998931884766,96096000.0,4588103417.358398
2018-07-30,47.974998474121094,48.04999923706055,47.26750183105469,47.477500915527344,84118000.0,3993712422.012329
2018-07-31,47.57500076293945,48.03499984741211,47.334999084472656,47.5724983215332,157492000.0,7492287905.654907
2018-08-01,49.782501220703125,50.439998626708984,49.32749938964844,50.375,271742800.0,13689043550.0
2018-08-02,50.14500045776367,52.095001220703125,50.087501525878906,51.84749984741211,249616000.0,12941965521.911621
2018-08-03,51.75749969482422,52.185001373291016,51.369998931884766,51.997501373291016,133789600.0,6956724909.732056
2018-08-06,52.0,52.3125,51.76750183105469,52.26750183105469,101701600.0,5315688564.221191
2018-08-07,52.33000183105469,52.375,51.689998626708984,51.77750015258789,102349600.0,5299406429.61731
2018-08-08,51.51250076293945,51.95249938964844,51.130001068115234,51.8125,90102000.0,4668409875.0
2018-08-09,52.38249969482422,52.44499969482422,51.79999923706055,52.220001220703125,93970400.0,4907134402.709961
2018-08-10,51.84000015258789,52.275001525878906,51.66749954223633,51.88249969482422,98444800.0,5107562305.957031
2018-08-13,52.32749938964844,52.73749923706055,51.92499923706055,52.217498779296875,103563600.0,5407832156.57959
2018-08-14,52.540000915527344,52.63999938964844,52.064998626708984,52.4375,82992000.0,4351893000.0
2018-08-15,52.30500030517578,52.685001373291016,52.08250045776367,52.560001373291016,115230400.0,6056509982.244873
2018-08-16,52.9375,53.45249938964844,52.86750030517578,53.33000183105469,114001600.0,6079705536.743164
2018-08-17,53.36000061035156,54.48749923706055,53.290000915527344,54.39500045776367,141708000.0,7708206724.868774
2018-08-20,54.525001525878906,54.79499816894531,53.77750015258789,53.8650016784668,121150800.0,6525788045.347595
2018-08-21,54.20000076293945,54.29750061035156,53.50749969482422,53.7599983215332,104639200.0,5625403216.366577
2018-08-22,53.525001525878906,54.09000015258789,53.459999084472656,53.76250076293945,76072400.0,4089842463.0386353
2018-08-23,53.662498474121094,54.26250076293945,53.650001525878906,53.872501373291016,75532800.0,4069140871.7285156
2018-08-24,54.150001525878906,54.224998474121094,53.77750015258789,54.040000915527344,73905600.0,3993858691.6625977
2018-08-27,54.287498474121094,54.685001373291016,54.08250045776367,54.48500061035156,82100400.0,4473240344.110107
2018-08-28,54.752498626708984,55.1349983215332,54.72999954223633,54.92499923706055,91107200.0,5004062890.490723
2018-08-29,55.037498474121094,55.872501373291016,54.852500915527344,55.744998931884766,109019200.0,6077275187.554932
2018-08-30,55.8125,57.064998626708984,55.599998474121094,56.25749969482422,195175200.0,10980068754.437256
2018-08-31,56.627498626708984,57.217498779296875,56.5,56.907501220703125,173360400.0,9865507174.621582
2018-09-04,57.102500915527344,57.29499816894531,56.657501220703125,57.09000015258789,109560400.0,6254803252.71759
2018-09-05,57.247501373291016,57.41749954223633,56.275001525878906,56.717498779296875,133332000.0,7562257547.241211
2018-09-06,56.557498931884766,56.837501525878906,55.32500076293945,55.775001525878906,137160000.0,7650099209.289551
2018-09-07,55.462501525878906,56.342498779296875,55.1775016784668,55.32500076293945,150479200.0,8325261854.806519
2018-09-10,55.23749923706055,55.462501525878906,54.11750030517578,54.58250045776367,158066000.0,8627637517.356873
2018-09-11,54.502498626708984,56.07500076293945,54.13999938964844,55.962501525878906,142996000.0,8002413868.19458
2018-09-12,56.23500061035156,56.25,54.959999084472656,55.26750183105469,197114800.0,10894042569.927979
2018-09-13,55.880001068115234,57.087501525878906,55.64250183105469,56.602500915527344,166825600.0,9442746176.733398
2018-09-14,56.4375,56.709999084472656,55.630001068115234,55.959999084472656,127997200.0,7162723194.815063
2018-09-17,55.537498474121094,55.73749923706055,54.317501068115234,54.470001220703125,148780400.0,8104068569.616699
2018-09-18,54.4474983215332,55.462501525878906,54.279998779296875,54.560001373291016,126286800.0,6890207981.428528
2018-09-19,54.625,54.904998779296875,53.82500076293945,54.592498779296875,108495200.0,5923024073.55957
2018-09-20,55.060001373291016,55.56999969482422,54.787498474121094,55.00749969482422,106435200.0,5854734231.518555
2018-09-21,55.19499969482422,55.34000015258789,54.3224983215332,54.415000915527344,384986800.0,20949057074.465942
2018-09-24,54.20500183105469,55.314998626708984,54.157501220703125,55.1974983215332,110773600.0,6114425600.07019
2018-09-25,54.9375,55.70500183105469,54.92499923706055,55.54750061035156,98217600.0,5455742195.947266
2018-09-26,55.25,55.9375,54.939998626708984,55.10499954223633,95938800.0,5286707530.082703
2018-09-27,55.95500183105469,56.61000061035156,55.8849983215332,56.23749923706055,120724800.0,6789260847.894287
2018-09-28,56.1974983215332,56.459999084472656,56.005001068115234,56.435001373291016,91717600.0,5176082881.954956
2018-10-01,56.98749923706055,57.35499954223633,56.587501525878906,56.814998626708984,94403200.0,5363517678.356934
2018-10-02,56.8125,57.5,56.657501220703125,57.31999969482422,99152800.0,5683438465.740967
2018-10-03,57.51250076293945,58.36750030517578,57.44499969482422,58.01750183105469,114619200.0,6649919645.874023
2018-10-04,57.69499969482422,58.087501525878906,56.682498931884766,56.997501373291016,128168000.0,7305255756.011963
2018-10-05,56.9900016784668,57.102500915527344,55.14500045776367,56.0724983215332,134322000.0,7531770119.544983
2018-10-08,55.5525016784668,56.20000076293945,55.04999923706055,55.942501068115234,118655600.0,6637891029.737854
2018-10-09,55.90999984741211,56.817501068115234,55.5625,56.717498779296875,107564000.0,6100761038.696289
2018-10-10,56.3650016784668,56.587501525878906,54.01250076293945,54.09000015258789,167962400.0,9085086241.629028
2018-10-11,53.630001068115234,54.875,53.08000183105469,53.61249923706055,212497600.0,11392527417.877197
2018-10-12,55.10499954223633,55.720001220703125,54.209999084472656,55.52750015258789,161351600.0,8959450993.6203
2018-10-15,55.290000915527344,55.45750045776367,54.317501068115234,54.34000015258789,123164000.0,6692731778.793335
2018-10-16,54.73249816894531,55.747501373291016,54.189998626708984,55.537498474121094,116736000.0,6483225421.875
2018-10-17,55.57500076293945,55.65999984741211,54.834999084472656,55.29750061035156,91541600.0,5062021681.872559
2018-10-18,54.46500015258789,54.935001373291016,53.25,54.005001068115234,130325200.0,7038212565.202332
2018-10-19,54.51499938964844,55.314998626708984,54.35749816894531,54.82749938964844,132314800.0,7254489616.241455
2018-10-22,54.9474983215332,55.84000015258789,54.73500061035156,55.162498474121094,115168400.0,6352976689.266968
2018-10-23,53.95750045776367,55.8125,53.67499923706055,55.682498931884766,155071200.0,8634751928.366089
2018-10-24,55.650001525878906,56.057498931884766,53.6349983215332,53.772499084472656,163702000.0,8802665645.126343
2018-10-25,54.4275016784668,55.345001220703125,54.1875,54.95000076293945,119423200.0,6562304931.112671
2018-10-26,53.974998474121094,55.04750061035156,53.16749954223633,54.07500076293945,189033600.0,10221992064.221191
2018-10-29,54.79750061035156,54.92250061035156,51.522499084472656,53.060001373291016,183742000.0,9749350772.331238
2018-10-30,52.787498474121094,53.79499816894531,52.317501068115234,53.32500076293945,146640000.0,7819578111.877441
2018-10-31,54.220001220703125,55.11249923706055,54.154998779296875,54.71500015258789,153435600.0,8395228877.412415
2018-11-01,54.76250076293945,55.59000015258789,54.20249938964844,55.55500030517578,233292800.0,12960581575.195312
2018-11-02,52.38750076293945,53.412498474121094,51.35749816894531,51.869998931884766,365314800.0,18948878285.801697
2018-11-05,51.07500076293945,51.09749984741211,49.54249954223633,50.397499084472656,264654800.0,13337940040.701294
2018-11-06,50.47999954223633,51.18000030517578,50.42250061035156,50.942501068115234,127531600.0,6496778669.218445
2018-11-07,51.49250030517578,52.51499938964844,51.032501220703125,52.48749923706055,133697600.0,7017452677.996826
2018-11-08,52.494998931884766,52.529998779296875,51.6875,52.122501373291016,101450400.0,5287848613.320923
2018-11-09,51.38750076293945,51.502498626708984,50.5625,51.11750030517578,137463200.0,7026775167.950439
2018-11-12,49.75,49.962501525878906,48.4474983215332,48.54249954223633,204542000.0,9928979941.368103
2018-11-13,47.907501220703125,49.29499816894531,47.86249923706055,48.057498931884766,187531600.0,9012299666.694641
2018-11-14,48.474998474121094,48.619998931884766,46.48249816894531,46.70000076293945,243204000.0,11357626985.549927
2018-11-15,47.09749984741211,47.99250030517578,46.724998474121094,47.852500915527344,185915200.0,8896507278.21045
2018-11-16,47.625,48.74250030517578,47.3650016784668,48.38249969482422,147713200.0,7146733853.921509
2018-11-19,47.5,47.67499923706055,46.247501373291016,46.46500015258789,167701200.0,7792236283.589172
2018-11-20,44.592498779296875,45.36750030517578,43.877498626708984,44.244998931884766,271300800.0,12003703606.219482
2018-11-21,44.932498931884766,45.067501068115234,44.13750076293945,44.19499969482422,124496800.0,5502136038.006592
2018-11-23,43.73500061035156,44.150001525878906,43.025001525878906,43.0724983215332,94496000.0,4070178801.3916016
2018-11-26,43.560001373291016,43.73749923706055,42.564998626708984,43.654998779296875,179994000.0,7857637850.280762
2018-11-27,42.877498626708984,43.692501068115234,42.720001220703125,43.560001373291016,165549600.0,7211340803.347778
2018-11-28,44.182498931884766,45.3224983215332,43.73249816894531,45.23500061035156,184250000.0,8334548862.457275
2018-11-29,45.665000915527344,45.70000076293945,44.42499923706055,44.88750076293945,167080000.0,7499803627.471924
2018-11-30,45.0724983215332,45.08250045776367,44.25749969482422,44.64500045776367,158126000.0,7059535342.384338
2018-12-03,46.1150016784668,46.23500061035156,45.3025016784668,46.20500183105469,163210000.0,7541118348.846436
2018-12-04,45.23749923706055,45.59749984741211,44.067501068115234,44.17250061035156,165377200.0,7305124467.938232
2018-12-06,42.939998626708984,43.69499969482422,42.60499954223633,43.68000030517578,172393600.0,7530152500.610352
2018-12-07,43.372501373291016,43.622501373291016,42.07500076293945,42.122501373291016,169126400.0,7124027016.259766
2018-12-10,41.25,42.522499084472656,40.83250045776367,42.400001525878906,248104000.0,10519609978.57666
2018-12-11,42.915000915527344,42.9474983215332,41.75,42.157501220703125,189126800.0,7973113301.867676
2018-12-12,42.599998474121094,42.97999954223633,42.255001068115234,42.275001525878906,142510800.0,6024644287.454224
2018-12-13,42.622501373291016,43.14250183105469,42.38750076293945,42.73749923706055,127594400.0,5453065572.653198
2018-12-14,42.25,42.27000045776367,41.31999969482422,41.369998931884766,162814800.0,6735648102.095032
2018-12-17,41.36249923706055,42.087501525878906,40.682498931884766,40.98500061035156,177151600.0,7260558434.124756
2018-12-18,41.345001220703125,41.88249969482422,41.09749984741211,41.51750183105469,135366000.0,5620058152.862549
2018-12-19,41.5,41.86249923706055,39.772499084472656,40.22249984741211,196189200.0,7891220067.063904
2018-12-20,40.099998474121094,40.52750015258789,38.82500076293945,39.20750045776367,259092000.0,10158349708.602905
2018-12-21,39.21500015258789,39.540000915527344,37.407501220703125,37.682498931884766,382978400.0,14431583148.934937
2018-12-24,37.037498474121094,37.88750076293945,36.647499084472656,36.70750045776367,148676800.0,5457553704.058838
2018-12-26,37.07500076293945,39.307498931884766,36.68000030517578,39.29249954223633,234330000.0,9207411417.732239
2018-12-27,38.959999084472656,39.192501068115234,37.51750183105469,39.037498474121094,212468400.0,8294234840.79895
2018-12-28,39.375,39.630001068115234,38.63750076293945,39.057498931884766,169165600.0,6607185241.3116455
2018-12-31,39.63249969482422,39.84000015258789,39.119998931884766,39.435001373291016,140014000.0,5521452282.279968
2019-01-02,38.72249984741211,39.712501525878906,38.557498931884766,39.47999954223633,148158800.0,5849309356.178284
2019-01-03,35.994998931884766,36.43000030517578,35.5,35.54750061035156,365248800.0,12983681940.930176
2019-01-04,36.13249969482422,37.13750076293945,35.95000076293945,37.064998626708984,234428400.0,8689088324.061584
2019-01-07,37.17499923706055,37.20750045776367,36.474998474121094,36.98249816894531,219111200.0,8103279552.79541
2019-01-08,37.38999938964844,37.95500183105469,37.130001068115234,37.6875,164101200.0,6184563975.0
2019-01-09,37.8224983215332,38.63249969482422,37.407501220703125,38.32749938964844,180396400.0,6914142910.894775
2019-01-10,38.125,38.49250030517578,37.71500015258789,38.45000076293945,143122800.0,5503071769.194031
2019-01-11,38.220001220703125,38.42499923706055,37.877498626708984,38.0724983215332,108092800.0,4115362946.569824
2019-01-14,37.712501525878906,37.817501068115234,37.30500030517578,37.5,129756800.0,4865880000.0
2019-01-15,37.567501068115234,38.34749984741211,37.51250076293945,38.26750183105469,114843600.0,4394777673.284912
2019-01-16,38.27000045776367,38.970001220703125,38.25,38.73500061035156,122278800.0,4736469392.633057
2019-01-17,38.54999923706055,39.415000915527344,38.314998626708984,38.96500015258789,119284800.0,4647932250.201416
2019-01-18,39.375,39.470001220703125,38.994998931884766,39.20500183105469,135004000.0,5292832067.199707
2019-01-22,39.102500915527344,39.182498931884766,38.154998779296875,38.32500076293945,121576000.0,4659400292.755127
2019-01-23,38.537498474121094,38.78499984741211,37.92499923706055,38.47999954223633,92522400.0,3560261909.6466064
2019-01-24,38.52750015258789,38.619998931884766,37.935001373291016,38.17499923706055,101766000.0,3884916972.3587036
2019-01-25,38.869998931884766,39.532501220703125,38.58000183105469,39.439998626708984,134142000.0,5290560295.783997
2019-01-28,38.9474983215332,39.08250045776367,38.415000915527344,39.07500076293945,104768400.0,4093825309.931946
2019-01-29,39.0625,39.532501220703125,38.52750015258789,38.66999816894531,166348800.0,6432707791.40625
2019-01-30,40.8125,41.537498474121094,40.057498931884766,41.3125,244439200.0,10098394450.0
2019-01-31,41.52750015258789,42.25,41.13999938964844,41.61000061035156,162958400.0,6780699123.461914
2019-02-01,41.7400016784668,42.244998931884766,41.48249816894531,41.630001068115234,130672400.0,5439892151.573181
2019-02-04,41.852500915527344,42.915000915527344,41.81999969482422,42.8125,125982000.0,5393604375.0
2019-02-05,43.21500015258789,43.77000045776367,43.087501525878906,43.54499816894531,144406400.0,6288176423.583984
2019-02-06,43.662498474121094,43.89250183105469,43.212501525878906,43.560001373291016,112958400.0,4920468059.124756
2019-02-07,43.099998474121094,43.48500061035156,42.584999084472656,42.73500061035156,126966800.0,5425926275.494385
2019-02-08,42.247501373291016,42.665000915527344,42.10499954223633,42.602500915527344,95280000.0,4059166287.2314453
2019-02-11,42.76250076293945,42.8025016784668,42.3125,42.35749816894531,83973600.0,3556911608.239746
2019-02-12,42.525001525878906,42.75,42.42499923706055,42.72249984741211,89134000.0,3808027301.399231
2019-02-13,42.84749984741211,43.119998931884766,42.47999954223633,42.54499816894531,89960800.0,3827382071.2768555
2019-02-14,42.4275016784668,42.814998626708984,42.345001220703125,42.70000076293945,87342800.0,3729537626.637268
2019-02-15,42.8125,42.92499923706055,42.4375,42.60499954223633,98507200.0,4196899210.9069824
2019-02-19,42.4275016784668,42.86000061035156,42.372501373291016,42.73249816894531,75891200.0,3243020565.0390625
2019-02-20,42.79750061035156,43.33000183105469,42.747501373291016,43.00749969482422,104457600.0,4492460200.12207
2019-02-21,42.95000076293945,43.092498779296875,42.57500076293945,42.76499938964844,68998800.0,2950733639.8864746
2019-02-22,42.89500045776367,43.25,42.845001220703125,43.24250030517578,75652800.0,3271416227.0874023
2019-02-25,43.540000915527344,43.967498779296875,43.48749923706055,43.557498931884766,87493600.0,3811002388.546753
2019-02-26,43.4275016784668,43.82500076293945,43.29249954223633,43.58250045776367,68280800.0,2975847997.2564697
2019-02-27,43.3025016784668,43.75,43.182498931884766,43.717498779296875,111341600.0,4867576262.084961
2019-02-28,43.58000183105469,43.727500915527344,43.22999954223633,43.287498474121094,112861600.0,4885496337.786865
2019-03-01,43.56999969482422,43.787498474121094,43.22249984741211,43.74250030517578,103544800.0,4529308445.599365
2019-03-04,43.92250061035156,44.4375,43.49250030517578,43.962501525878906,109744800.0,4824655937.457275
2019-03-05,43.98500061035156,44.0,43.6349983215332,43.88249969482422,78949600.0,3464505797.906494
2019-03-06,43.66749954223633,43.872501373291016,43.48500061035156,43.630001068115234,83241600.0,3631831096.911621
2019-03-07,43.467498779296875,43.61000061035156,43.005001068115234,43.125,99185600.0,4277379000.0
2019-03-08,42.58000183105469,43.26750183105469,42.375,43.227500915527344,95997600.0,4149736341.8884277
2019-03-11,43.872501373291016,44.779998779296875,43.837501525878906,44.724998474121094,128044000.0,5726767704.620361
2019-03-12,45.0,45.66749954223633,44.842498779296875,45.227500915527344,129870400.0,5873713634.899902
2019-03-13,45.5625,45.82500076293945,45.22999954223633,45.4275016784668,124130000.0,5638915783.3480835
2019-03-14,45.974998474121094,46.025001525878906,45.63999938964844,45.932498931884766,94318000.0,4332261434.257507
2019-03-15,46.212501525878906,46.83250045776367,45.935001373291016,46.529998779296875,156171600.0,7266664357.36084
2019-03-18,46.45000076293945,47.09749984741211,46.4474983215332,47.005001068115234,104879200.0,4929846908.023071
2019-03-19,47.087501525878906,47.247501373291016,46.47999954223633,46.63249969482422,126585600.0,5903002953.369141
2019-03-20,46.557498931884766,47.372501373291016,46.182498931884766,47.040000915527344,124140800.0,5839583345.654297
2019-03-21,47.505001068115234,49.08250045776367,47.45249938964844,48.772499084472656,204136800.0,9956261891.107178
2019-03-22,48.834999084472656,49.42250061035156,47.69499969482422,47.76250076293945,169630800.0,8101991214.41803
2019-03-25,47.877498626708984,47.994998931884766,46.650001525878906,47.185001373291016,175381200.0,8275362162.849426
2019-03-26,47.915000915527344,48.220001220703125,46.14500045776367,46.6974983215332,199202000.0,9302235060.646057
2019-03-27,47.1875,47.439998626708984,46.63750076293945,47.11750030517578,119393600.0,5625527984.436035
2019-03-28,47.23749923706055,47.38999938964844,46.88249969482422,47.18000030517578,83121600.0,3921677113.366699
2019-03-29,47.45750045776367,47.52000045776367,47.1349983215332,47.48749923706055,94256000.0,4475981728.088379
2019-04-01,47.90999984741211,47.91999816894531,47.095001220703125,47.810001373291016,111448000.0,5328329033.050537
2019-04-02,47.772499084472656,48.6150016784668,47.76250076293945,48.505001068115234,91062800.0,4417001211.265564
2019-04-03,48.3125,49.125,48.287498474121094,48.837501525878906,93087200.0,4546146272.039795
2019-04-04,48.6974983215332,49.092498779296875,48.28499984741211,48.92250061035156,76457200.0,3740477413.6657715
2019-04-05,49.11249923706055,49.275001525878906,48.98249816894531,49.25,74106400.0,3649740200.0
2019-04-08,49.10499954223633,50.057498931884766,49.084999084472656,50.025001525878906,103526800.0,5178928327.96936
2019-04-09,50.08000183105469,50.712501525878906,49.807498931884766,49.875,143072800.0,7135755900.0
2019-04-10,49.66999816894531,50.185001373291016,49.54499816894531,50.154998779296875,86781200.0,4352510980.065918
2019-04-11,50.212501525878906,50.25,49.61000061035156,49.73749923706055,83603200.0,4158214096.2158203
2019-04-12,49.79999923706055,50.03499984741211,49.0525016784668,49.717498779296875,111042800.0,5520770273.449707
2019-04-15,49.64500045776367,49.962501525878906,49.502498626708984,49.807498931884766,70146400.0,3493816743.0755615
2019-04-16,49.8650016784668,50.342498779296875,49.63999938964844,49.8125,102785600.0,5120007700.0
2019-04-17,49.8849983215332,50.845001220703125,49.65250015258789,50.782501220703125,115627200.0,5871838425.146484
2019-04-18,50.779998779296875,51.037498474121094,50.630001068115234,50.96500015258789,96783200.0,4932555802.767944
2019-04-22,50.70750045776367,51.23500061035156,50.584999084472656,51.13249969482422,77758000.0,3975960911.2701416
2019-04-23,51.10749816894531,51.9375,50.974998474121094,51.869998931884766,93292000.0,4839055940.353394
2019-04-24,51.84000015258789,52.119998931884766,51.76250076293945,51.790000915527344,70162400.0,3633710760.2355957
2019-04-25,51.70750045776367,51.939998626708984,51.279998779296875,51.31999969482422,74172800.0,3806548073.364258
2019-04-26,51.224998474121094,51.25,50.529998779296875,51.07500076293945,74596400.0,3810011186.9125366
2019-04-29,51.099998474121094,51.49250030517578,50.96500015258789,51.15250015258789,88818800.0,4543303680.552673
2019-04-30,50.76499938964844,50.849998474121094,49.77750015258789,50.16749954223633,186139600.0,9338158297.792053
2019-05-01,52.470001220703125,53.82749938964844,52.307498931884766,52.630001068115234,259309200.0,13647443472.972107
2019-05-02,52.459999084472656,53.162498474121094,52.032501220703125,52.287498474121094,127985200.0,6692025949.710083
2019-05-03,52.72249984741211,52.959999084472656,52.557498931884766,52.9375,83569600.0,4423965700.0
2019-05-06,51.0724983215332,52.209999084472656,50.875,52.119998931884766,129772400.0,6763737349.388123
2019-05-07,51.470001220703125,51.85499954223633,50.20750045776367,50.71500015258789,155054800.0,7863604205.659485
2019-05-08,50.474998474121094,51.334999084472656,50.4375,50.724998474121094,105358000.0,5344284389.23645
2019-05-09,50.099998474121094,50.41999816894531,49.165000915527344,50.18000030517578,139634400.0,7006854234.613037
2019-05-10,49.35499954223633,49.712501525878906,48.192501068115234,49.29499816894531,164834800.0,8125531164.178467
2019-05-13,46.9275016784668,47.369998931884766,45.712501525878906,46.43000030517578,229722400.0,10666011102.105713
2019-05-14,46.602500915527344,47.42499923706055,46.352500915527344,47.165000915527344,146118800.0,6891693335.775757
2019-05-15,46.567501068115234,47.9375,46.505001068115234,47.72999954223633,106178800.0,5067914075.395203
2019-05-16,47.477500915527344,48.11750030517578,47.209999084472656,47.52000045776367,132125600.0,6278608572.4823
2019-05-17,46.73249816894531,47.724998474121094,46.689998626708984,47.25,131516400.0,6214149900.0
2019-05-20,45.880001068115234,46.087501525878906,45.06999969482422,45.772499084472656,154449200.0,7069525865.597534
2019-05-21,46.30500030517578,47.0,46.17499923706055,46.650001525878906,113459200.0,5292871853.125
2019-05-22,46.165000915527344,46.4275016784668,45.63750076293945,45.69499969482422,118994400.0,5437449071.685791
2019-05-23,44.95000076293945,45.1349983215332,44.45249938964844,44.915000915527344,146118800.0,6562926035.775757
2019-05-24,45.04999923706055,45.53499984741211,44.654998779296875,44.74250030517578,94858800.0,4244219887.9486084
2019-05-28,44.72999954223633,45.147499084472656,44.477500915527344,44.557498931884766,111792800.0,4981207566.592407
2019-05-29,44.10499954223633,44.837501525878906,44.0,44.345001220703125,113924800.0,5051995395.068359
2019-05-30,44.48749923706055,44.807498931884766,44.16749954223633,44.57500076293945,84873600.0,3783240784.753418
2019-05-31,44.057498931884766,44.497501373291016,43.747501373291016,43.76750183105469,108174400.0,4734523250.073242
2019-06-03,43.900001525878906,44.47999954223633,42.567501068115234,43.32500076293945,161584400.0,7000644253.279114
2019-06-04,43.86000061035156,44.95750045776367,43.630001068115234,44.90999984741211,123872000.0,5563091501.098633
2019-06-05,46.06999969482422,46.247501373291016,45.28499984741211,45.6349983215332,119093600.0,5434836236.105347
2019-06-06,45.77000045776367,46.36750030517578,45.537498474121094,46.30500030517578,90105200.0,4172321313.497925
2019-06-07,46.627498626708984,47.97999954223633,46.442501068115234,47.537498474121094,122737600.0,5834638472.717285
2019-06-10,47.95249938964844,48.842498779296875,47.904998779296875,48.14500045776367,104883600.0,5049620970.011902
2019-06-11,48.71500015258789,49.0,48.400001525878906,48.70249938964844,107731600.0,5246798183.24585
2019-06-12,48.48749923706055,48.99250030517578,48.34749984741211,48.54750061035156,73012800.0,3544588952.5634766
2019-06-13,48.67499923706055,49.1974983215332,48.400001525878906,48.537498474121094,86698400.0,4208123457.70874
2019-06-14,47.88750076293945,48.397499084472656,47.57500076293945,48.185001373291016,75046000.0,3616091613.0599976
2019-06-17,48.224998474121094,48.7400016784668,48.04249954223633,48.47249984741211,58676400.0,2844191790.046692
2019-06-18,49.01250076293945,50.0724983215332,48.8025016784668,49.61249923706055,106204000.0,5269045868.972778
2019-06-19,49.91999816894531,49.970001220703125,49.32749938964844,49.467498779296875,84496800.0,4179845350.854492
2019-06-20,50.092498779296875,50.15250015258789,49.50749969482422,49.8650016784668,86056000.0,4291182584.4421387
2019-06-21,49.70000076293945,50.212501525878906,49.537498474121094,49.69499969482422,191202400.0,9501803209.649658
2019-06-24,49.6349983215332,50.040000915527344,49.54249954223633,49.64500045776367,72881600.0,3618207065.362549
2019-06-25,49.60749816894531,49.814998626708984,48.8224983215332,48.89250183105469,84281200.0,4120718725.3234863
2019-06-26,49.442501068115234,50.247501373291016,49.337501525878906,49.95000076293945,104270000.0,5208286579.551697
2019-06-27,50.0724983215332,50.39250183105469,49.89250183105469,49.935001373291016,83598800.0,4174506192.805481
2019-06-28,49.66999816894531,49.875,49.26250076293945,49.47999954223633,124442400.0,6157409895.03479
2019-07-01,50.79249954223633,51.122501373291016,50.162498474121094,50.38750076293945,109012000.0,5492842233.169556
2019-07-02,50.352500915527344,50.782501220703125,50.34000015258789,50.682498931884766,67740800.0,3433273023.6450195
2019-07-03,50.81999969482422,51.11000061035156,50.67250061035156,51.102500915527344,45448000.0,2322506461.6088867
2019-07-05,50.837501525878906,51.27000045776367,50.724998474121094,51.057498931884766,69062000.0,3526132991.2338257
2019-07-08,50.20249938964844,50.349998474121094,49.602500915527344,50.005001068115234,101354400.0,5068226880.258179
2019-07-09,49.79999923706055,50.377498626708984,49.70249938964844,50.310001373291016,82312000.0,4141116833.03833
2019-07-10,50.462501525878906,50.932498931884766,50.38999938964844,50.807498931884766,71588400.0,3637227556.5353394
2019-07-11,50.82749938964844,51.09749984741211,50.4275016784668,50.4375,80767200.0,4073695650.0
2019-07-12,50.61249923706055,51.0,50.54999923706055,50.82500076293945,70380800.0,3577104213.696289
2019-07-15,51.022499084472656,51.467498779296875,51.0,51.3025016784668,67789600.0,3477776067.782593
2019-07-16,51.147499084472656,51.52750015258789,50.875,51.125,67467200.0,3449260600.0
2019-07-17,51.01250076293945,51.272499084472656,50.817501068115234,50.837501525878906,56430000.0,2868760211.1053467
2019-07-18,51.0,51.470001220703125,50.92499923706055,51.415000915527344,74162400.0,3813059863.897705
2019-07-19,51.4474983215332,51.625,50.59000015258789,50.647499084472656,83717200.0,4240066810.3546143
2019-07-22,50.912498474121094,51.807498931884766,50.90250015258789,51.80500030517578,89111600.0,4616426465.194702
2019-07-23,52.1150016784668,52.227500915527344,51.8224983215332,52.209999084472656,73420800.0,3833299900.78125
2019-07-24,51.91749954223633,52.287498474121094,51.79249954223633,52.16749954223633,59966400.0,3128297144.5495605
2019-07-25,52.22249984741211,52.310001373291016,51.682498931884766,51.755001068115234,55638400.0,2879565451.4282227
2019-07-26,51.869998931884766,52.432498931884766,51.78499984741211,51.935001373291016,70475600.0,3660150382.7835083
2019-07-29,52.1150016784668,52.65999984741211,52.11000061035156,52.41999816894531,86693600.0,4544478353.259277
2019-07-30,52.189998626708984,52.540000915527344,51.82749938964844,52.19499969482422,135742800.0,7085095404.574585
2019-07-31,54.10499954223633,55.342498779296875,52.82500076293945,53.2599983215332,277125600.0,14759708990.853882
2019-08-01,53.474998474121094,54.50749969482422,51.685001373291016,52.10749816894531,216071600.0,11258950501.361084
2019-08-02,51.38249969482422,51.60749816894531,50.407501220703125,51.005001068115234,163448400.0,8336685816.581726
2019-08-05,49.497501373291016,49.662498474121094,48.14500045776367,48.334999084472656,209572000.0,10129662428.131104
2019-08-06,49.07749938964844,49.51750183105469,48.5099983215332,49.25,143299200.0,7057485600.0
2019-08-07,48.852500915527344,49.88999938964844,48.45500183105469,49.7599983215332,133457600.0,6640849951.99585
2019-08-08,50.04999923706055,50.88249969482422,49.84749984741211,50.85749816894531,108038000.0,5494542387.176514
2019-08-09,50.32500076293945,50.689998626708984,49.8224983215332,50.247501373291016,98478800.0,4948313638.240051
2019-08-12,49.904998779296875,50.51250076293945,49.787498474121094,50.119998931884766,89927600.0,4507171215.94696
2019-08-13,50.255001068115234,53.03499984741211,50.119998931884766,52.24250030517578,188874000.0,9867250002.63977
2019-08-14,50.790000915527344,51.61000061035156,50.647499084472656,50.6875,146189600.0,7409985350.0
2019-08-15,50.8650016784668,51.28499984741211,49.91749954223633,50.435001373291016,108909600.0,5492855825.564575
2019-08-16,51.06999969482422,51.790000915527344,50.959999084472656,51.625,110481600.0,5703612600.0
2019-08-19,52.654998779296875,53.182498931884766,52.50749969482422,52.587501525878906,97654400.0,5135400909.008789
2019-08-20,52.720001220703125,53.337501525878906,52.58000183105469,52.59000015258789,107537200.0,5655381364.4088745
2019-08-21,53.247501373291016,53.412498474121094,52.900001525878906,53.15999984741211,86141600.0,4579287442.855835
2019-08-22,53.29750061035156,53.61000061035156,52.6875,53.1150016784668,89014800.0,4728021251.408386
2019-08-23,52.35749816894531,53.01250076293945,50.25,50.65999984741211,187272000.0,9487199491.42456
2019-08-26,51.46500015258789,51.79750061035156,51.26499938964844,51.622501373291016,104174400.0,5377743107.061768
2019-08-27,51.96500015258789,52.13750076293945,50.88249969482422,51.040000915527344,103493200.0,5282293022.7508545
2019-08-28,51.025001525878906,51.43000030517578,50.83000183105469,51.38249969482422,63755200.0,3275901544.543457
2019-08-29,52.125,52.33000183105469,51.665000915527344,52.252498626708984,83962000.0,4387224289.69574
2019-08-30,52.540000915527344,52.61249923706055,51.79999923706055,52.185001373291016,84573600.0,4413473432.144165
2019-09-03,51.60749816894531,51.744998931884766,51.05500030517578,51.42499923706055,80092000.0,4118731038.8946533
2019-09-04,52.09749984741211,52.369998931884766,51.83000183105469,52.29750061035156,76752400.0,4013958685.8459473
2019-09-05,53.0,53.49250030517578,52.877498626708984,53.31999969482422,95654800.0,5100313906.808472
2019-09-06,53.51250076293945,53.60499954223633,53.127498626708984,53.314998626708984,77449200.0,4129203991.6397095
2019-09-09,53.709999084472656,54.11000061035156,52.76750183105469,53.54249954223633,109237600.0,5848854147.994995
2019-09-10,53.46500015258789,54.19499969482422,52.9275016784668,54.17499923706055,127111600.0,6886270833.021545
2019-09-11,54.51750183105469,55.9275016784668,54.432498931884766,55.897499084472656,177158400.0,9902711501.80664
2019-09-12,56.20000076293945,56.60499954223633,55.71500015258789,55.772499084472656,128906800.0,7189454384.9823
2019-09-13,55.0,55.1974983215332,54.255001068115234,54.6875,159053200.0,8698221875.0
2019-09-16,54.432498931884766,55.032501220703125,54.38999938964844,54.974998474121094,84632400.0,4652666060.861206
2019-09-17,54.9900016784668,55.20500183105469,54.779998779296875,55.17499923706055,73274800.0,4042937034.095764
2019-09-18,55.26499938964844,55.712501525878906,54.86000061035156,55.692501068115234,101360000.0,5644991908.26416
2019-09-19,55.502498626708984,55.939998626708984,55.092498779296875,55.2400016784668,88242400.0,4874510324.111938
2019-09-20,55.345001220703125,55.63999938964844,54.36750030517578,54.432498931884766,221652400.0,12065094026.249695
2019-09-23,54.73749923706055,54.959999084472656,54.412498474121094,54.68000030517578,76662000.0,4191878183.3953857
2019-09-24,55.25749969482422,55.622501373291016,54.29750061035156,54.41999816894531,124763200.0,6789613115.551758
2019-09-25,54.63750076293945,55.375,54.28499984741211,55.25749969482422,87613600.0,4841308475.262451
2019-09-26,55.0,55.23500061035156,54.70750045776367,54.97249984741211,75334000.0,4141298303.504944
2019-09-27,55.1349983215332,55.2400016784668,54.31999969482422,54.70500183105469,101408000.0,5547524825.683594
2019-09-30,55.224998474121094,56.14500045776367,55.1974983215332,55.99250030517578,103909600.0,5818158309.710693
2019-10-01,56.26750183105469,57.05500030517578,56.04999923706055,56.147499084472656,139223200.0,7817034494.5373535
2019-10-02,55.76499938964844,55.89500045776367,54.48249816894531,54.7400016784668,138449200.0,7578709440.382385
2019-10-03,54.60749816894531,55.2400016784668,53.782501220703125,55.20500183105469,114426000.0,6316887539.520264
2019-10-04,56.40999984741211,56.872501373291016,55.97249984741211,56.752498626708984,138478800.0,7859017906.828308
2019-10-07,56.567501068115234,57.48249816894531,56.459999084472656,56.76499938964844,122306000.0,6942700015.350342
2019-10-08,56.45500183105469,57.01499938964844,56.08250045776367,56.099998474121094,111820000.0,6273101829.376221
2019-10-09,56.75749969482422,56.9474983215332,56.40999984741211,56.75749969482422,74770400.0,4243780955.181885
2019-10-10,56.98249816894531,57.61000061035156,56.82500076293945,57.522499084472656,113013600.0,6500824702.532959
2019-10-11,58.23749923706055,59.40999984741211,58.07749938964844,59.0525016784668,166795600.0,9849697448.960876
2019-10-14,58.724998474121094,59.532501220703125,58.66749954223633,58.967498779296875,96427600.0,5686094385.290527
2019-10-15,59.09749984741211,59.412498474121094,58.720001220703125,58.83000183105469,87360000.0,5139388959.9609375
2019-10-16,58.342498779296875,58.810001373291016,58.29999923706055,58.592498779296875,73903200.0,4330173155.786133
2019-10-17,58.772499084472656,59.037498474121094,58.380001068115234,58.81999969482422,67585200.0,3975361443.374634
2019-10-18,58.647499084472656,59.39500045776367,58.5724983215332,59.102500915527344,97433600.0,5758569433.203125
2019-10-21,59.380001068115234,60.247501373291016,59.33000183105469,60.127498626708984,87247200.0,5245955898.184204
2019-10-22,60.290000915527344,60.54999923706055,59.904998779296875,59.9900016784668,82293600.0,4936793202.127075
2019-10-23,60.525001525878906,60.810001373291016,60.30500030517578,60.79499816894531,75828800.0,4610011757.15332
2019-10-24,61.127498626708984,61.20000076293945,60.45249938964844,60.89500045776367,69275200.0,4218513335.71167
2019-10-25,60.790000915527344,61.682498931884766,60.720001220703125,61.64500045776367,73477200.0,4529502027.635193
2019-10-28,61.85499954223633,62.3125,61.68000030517578,62.26250076293945,96572800.0,6012864033.679199
2019-10-29,62.24250030517578,62.4375,60.64250183105469,60.8224983215332,142839600.0,8687861331.248474
2019-10-30,61.189998626708984,61.32500076293945,60.3025016784668,60.814998626708984,124522000.0,7572805258.995056
2019-10-31,61.810001373291016,62.29249954223633,59.314998626708984,62.189998626708984,139162000.0,8654484588.890076
2019-11-01,62.3849983215332,63.98249816894531,62.290000915527344,63.95500183105469,151125200.0,9665212442.718506
2019-11-04,64.3324966430664,64.4625015258789,63.845001220703125,64.375,103272000.0,6648135000.0
2019-11-05,64.26249694824219,64.54750061035156,64.08000183105469,64.28250122070312,79897600.0,5136017569.53125
2019-11-06,64.19249725341797,64.37249755859375,63.842498779296875,64.30999755859375,75864400.0,4878839378.78418
2019-11-07,64.68499755859375,65.0875015258789,64.52749633789062,64.85749816894531,94940400.0,6157596819.158936
2019-11-08,64.67250061035156,65.11000061035156,64.2125015258789,65.03500366210938,69986400.0,4551565780.297852
2019-11-11,64.57499694824219,65.61750030517578,64.56999969482422,65.55000305175781,81821200.0,5363379909.698486
2019-11-12,65.38749694824219,65.69750213623047,65.2300033569336,65.48999786376953,87388800.0,5723092325.317383
2019-11-13,65.28250122070312,66.19499969482422,65.26750183105469,66.11750030517578,102734400.0,6792541723.352051
2019-11-14,65.9375,66.22000122070312,65.5250015258789,65.66000366210938,89182800.0,5855742974.597168
2019-11-15,65.91999816894531,66.44499969482422,65.75250244140625,66.44000244140625,100206400.0,6657713460.644531
2019-11-18,66.44999694824219,66.85749816894531,66.05750274658203,66.7750015258789,86703200.0,5789606312.298584
2019-11-19,66.9749984741211,67.0,66.34750366210938,66.57250213623047,76167200.0,5070641084.710693
2019-11-20,66.38500213623047,66.5199966430664,65.0999984741211,65.79750061035156,106234400.0,6989957998.840332
2019-11-21,65.92250061035156,66.00250244140625,65.29499816894531,65.50250244140625,121395200.0,7951689384.375
2019-11-22,65.64749908447266,65.79499816894531,65.20999908447266,65.44499969482422,65325200.0,4275207694.064331
2019-11-25,65.67749786376953,66.61000061035156,65.62999725341797,66.59249877929688,84020400.0,5595128384.436035
2019-11-26,66.73500061035156,66.79000091552734,65.625,66.07250213623047,105207600.0,6951329375.747681
2019-11-27,66.3949966430664,66.99500274658203,66.32749938964844,66.95999908447266,65235600.0,4368175716.275024
2019-11-29,66.6500015258789,67.0,66.4749984741211,66.8125,46617600.0,3114638400.0
2019-12-02,66.81749725341797,67.0625,65.86250305175781,66.04000091552734,94487200.0,6239934774.505615
2019-12-03,64.57749938964844,64.88249969482422,64.07250213623047,64.86250305175781,114430400.0,7422242169.213867
2019-12-04,65.26750183105469,65.82749938964844,65.16999816894531,65.43499755859375,67181600.0,4396027831.982422
2019-12-05,65.94750213623047,66.47250366210938,65.68250274658203,66.3949966430664,74424400.0,4941407788.162231
2019-12-06,66.87000274658203,67.75,66.82499694824219,67.67749786376953,106075600.0,7178931192.398071
2019-12-09,67.5,67.69999694824219,66.22750091552734,66.7300033569336,128042400.0,8544269781.829834
2019-12-10,67.1500015258789,67.51750183105469,66.46499633789062,67.12000274658203,90420400.0,6069017496.347046
2019-12-11,67.20249938964844,67.7750015258789,67.125,67.69249725341797,78756800.0,5331244467.687988
2019-12-12,66.94499969482422,68.13999938964844,66.83000183105469,67.86499786376953,137310400.0,9318570002.67334
2019-12-13,67.86499786376953,68.82499694824219,67.73249816894531,68.7874984741211,133587600.0,9189156831.161499
2019-12-16,69.25,70.19750213623047,69.24500274658203,69.96499633789062,128186000.0,8968533020.568848
2019-12-17,69.89250183105469,70.44249725341797,69.69999694824219,70.10250091552734,114158400.0,8002789340.515137
2019-12-18,69.94999694824219,70.4749984741211,69.77999877929688,69.93499755859375,116028400.0,8114445870.727539
2019-12-19,69.875,70.29499816894531,69.73750305175781,70.00499725341797,98369200.0,6886335575.820923
2019-12-20,70.55750274658203,70.6624984741211,69.63999938964844,69.86000061035156,275978000.0,19279823248.443604
2019-12-23,70.13249969482422,71.0625,70.09249877929688,71.0,98572000.0,6998612000.0
2019-12-24,71.17250061035156,71.22250366210938,70.7300033569336,71.06749725341797,48478800.0,3445266985.848999
2019-12-26,71.20500183105469,72.49500274658203,71.17500305175781,72.47750091552734,93121200.0,6749191858.255005
2019-12-27,72.77999877929688,73.49250030517578,72.02999877929688,72.44999694824219,146266000.0,10596971253.631592
2019-12-30,72.36499786376953,73.17250061035156,71.30500030517578,72.87999725341797,144114400.0,10503057076.177979
2019-12-31,72.48249816894531,73.41999816894531,72.37999725341797,73.4124984741211,100805600.0,7400390956.182861
2020-01-02,74.05999755859375,75.1500015258789,73.79750061035156,75.0875015258789,135480400.0,10172884741.726685
2020-01-03,74.2874984741211,75.1449966430664,74.125,74.35749816894531,146322800.0,10880197333.074951
2020-01-06,73.44750213623047,74.98999786376953,73.1875,74.94999694824219,118387200.0,8873120278.710938
2020-01-07,74.95999908447266,75.2249984741211,74.37000274658203,74.59750366210938,108872000.0,8121579418.701172
2020-01-08,74.29000091552734,76.11000061035156,74.29000091552734,75.79750061035156,132079200.0,10011273242.614746
2020-01-09,76.80999755859375,77.60749816894531,76.55000305175781,77.40750122070312,170108400.0,13167666180.651855
2020-01-10,77.6500015258789,78.1675033569336,77.0625,77.5824966430664,140644800.0,10911574723.864746
2020-01-13,77.91000366210938,79.26750183105469,77.7874984741211,79.23999786376953,121532000.0,9630195420.379639
2020-01-14,79.17500305175781,79.39250183105469,78.0425033569336,78.16999816894531,161954400.0,12659975151.452637
2020-01-15,77.9625015258789,78.875,77.38749694824219,77.83499908447266,121923600.0,9489923294.37561
2020-01-16,78.39749908447266,78.92500305175781,78.02249908447266,78.80999755859375,108829200.0,8576828986.303711
2020-01-17,79.06749725341797,79.68499755859375,78.75,79.68250274658203,137816400.0,10981555671.524048
2020-01-21,79.29750061035156,79.75499725341797,79.0,79.14250183105469,110843200.0,8772408158.95996
2020-01-22,79.6449966430664,79.99749755859375,79.32749938964844,79.42500305175781,101832400.0,8088038680.767822
2020-01-23,79.4800033569336,79.88999938964844,78.9124984741211,79.80750274658203,104472000.0,8337649426.940918
2020-01-24,80.0625,80.8324966430664,79.37999725341797,79.57749938964844,146537600.0,11661095774.560547
2020-01-27,77.51499938964844,77.94249725341797,76.22000122070312,77.23750305175781,161940000.0,12507841244.20166
2020-01-28,78.1500015258789,79.5999984741211,78.04750061035156,79.42250061035156,162234000.0,12885029964.019775
2020-01-29,81.11250305175781,81.9625015258789,80.34500122070312,81.08499908447266,216229200.0,17532944484.036255
2020-01-30,80.13500213623047,81.02249908447266,79.6875,80.96749877929688,126743200.0,10262079891.28418
2020-01-31,80.23249816894531,80.66999816894531,77.07250213623047,77.37750244140625,199588400.0,15443651908.276367
2020-02-03,76.07499694824219,78.37249755859375,75.55500030517578,77.16500091552734,173788400.0,13410382045.108032
2020-02-04,78.82749938964844,79.91000366210938,78.40750122070312,79.7125015258789,136616400.0,10890034993.460083
2020-02-05,80.87999725341797,81.19000244140625,79.73750305175781,80.36250305175781,118826800.0,9549219077.630615
2020-02-06,80.64250183105469,81.30500030517578,80.06500244140625,81.30249786376953,105425600.0,8571364618.786621
2020-02-07,80.59249877929688,80.8499984741211,79.5,80.00749969482422,117684000.0,9415602594.085693
2020-02-10,78.54499816894531,80.38749694824219,78.4625015258789,80.38749694824219,109348800.0,8790276326.293945
2020-02-11,80.9000015258789,80.9749984741211,79.67749786376953,79.90249633789062,94323200.0,7536659142.578125
2020-02-12,80.36750030517578,81.80500030517578,80.36750030517578,81.80000305175781,113730400.0,9303147067.077637
2020-02-13,81.04750061035156,81.55500030517578,80.8375015258789,81.21749877929688,94747600.0,7695163087.341309
2020-02-14,81.18499755859375,81.49500274658203,80.7125015258789,81.23750305175781,80113600.0,6508228824.487305
2020-02-18,78.83999633789062,79.9375,78.65249633789062,79.75,152531200.0,12164363200.0
2020-02-19,80.0,81.14250183105469,80.0,80.90499877929688,93984000.0,7603775405.2734375
2020-02-20,80.65750122070312,81.1624984741211,79.55249786376953,80.07499694824219,100566000.0,8052822143.096924
2020-02-21,79.65499877929688,80.11250305175781,77.625,78.26249694824219,129554000.0,10139219529.632568
2020-02-24,74.31500244140625,76.04499816894531,72.30750274658203,74.54499816894531,222195200.0,16563540777.148438
2020-02-25,75.23750305175781,75.63249969482422,71.53250122070312,72.0199966430664,230673600.0,16613111897.644043
2020-02-26,71.63249969482422,74.47000122070312,71.625,73.1624984741211,198054800.0,14490184002.792358
2020-02-27,70.2750015258789,71.5,68.23999786376953,68.37999725341797,320605600.0,21923010047.43042
2020-02-28,64.31500244140625,69.60250091552734,64.09249877929688,68.33999633789062,426510000.0,29147691838.07373
2020-03-02,70.56999969482422,75.36000061035156,69.43000030517578,74.70249938964844,341397200.0,25503224124.627686
2020-03-03,75.9175033569336,76.0,71.44999694824219,72.33000183105469,319475600.0,23107670732.977295
2020-03-04,74.11000061035156,75.8499984741211,73.28250122070312,75.68499755859375,219178400.0,16588516668.896484
2020-03-05,73.87999725341797,74.88749694824219,72.85250091552734,73.2300033569336,187572800.0,13735956773.669434
2020-03-06,70.5,72.70500183105469,70.30750274658203,72.25749969482422,226176800.0,16342970056.976318
2020-03-09,65.9375,69.52249908447266,65.75,66.5425033569336,286744800.0,19080716816.583252
2020-03-10,69.28500366210938,71.61000061035156,67.34249877929688,71.33499908447266,285290000.0,20351161888.809204
2020-03-11,69.34750366210938,70.30500030517578,67.96499633789062,68.85749816894531,255598800.0,17599893902.98462
2020-03-12,63.98500061035156,67.5,62.0,62.057498931884766,418474000.0,25969449808.021545
2020-03-13,66.22250366210938,69.9800033569336,63.23749923706055,69.49250030517578,370732000.0,25763093623.138428
2020-03-16,60.48749923706055,64.7699966430664,60.0,60.5525016784668,322423600.0,19523555580.177307
2020-03-17,61.877498626708984,64.40249633789062,59.599998474121094,63.21500015258789,324056000.0,20485200089.44702
2020-03-18,59.942501068115234,62.5,59.279998779296875,61.66749954223633,300233600.0,18514655390.563965
2020-03-19,61.84749984741211,63.209999084472656,60.65250015258789,61.19499969482422,271857200.0,16636301271.035767
2020-03-20,61.79499816894531,62.95750045776367,57.0,57.310001373291016,401693200.0,23021037843.641663
2020-03-23,57.02000045776367,57.125,53.15250015258789,56.092498779296875,336752800.0,18889306022.924805
2020-03-24,59.09000015258789,61.92250061035156,58.57500076293945,61.720001220703125,287531200.0,17746426014.990234
2020-03-25,62.6875,64.5625,61.07500076293945,61.380001068115234,303602000.0,18635091084.28192
2020-03-26,61.630001068115234,64.66999816894531,61.59000015258789,64.61000061035156,252087200.0,16287354145.861816
2020-03-27,63.1875,63.967498779296875,61.76250076293945,61.935001373291016,204216800.0,12648167788.449097
2020-03-30,62.685001373291016,63.880001068115234,62.349998474121094,63.70249938964844,167976400.0,10700516518.475342
2020-03-31,63.900001525878906,65.62249755859375,63.0,63.5724983215332,197002000.0,12523909314.338684
2020-04-01,61.625,62.18000030517578,59.782501220703125,60.227500915527344,176218400.0,10613193847.332764
2020-04-02,60.084999084472656,61.287498474121094,59.224998474121094,61.23249816894531,165934000.0,10160553351.165771
2020-04-03,60.70000076293945,61.42499923706055,59.74250030517578,60.352500915527344,129880000.0,7838582818.908691
2020-04-06,62.724998474121094,65.77749633789062,62.345001220703125,65.61750030517578,201820400.0,13242950158.590698
2020-04-07,67.69999694824219,67.92500305175781,64.75,64.85749816894531,202887200.0,13158756202.502441
2020-04-08,65.68499755859375,66.84249877929688,65.30750274658203,66.51750183105469,168895200.0,11234486775.256348
2020-04-09,67.17500305175781,67.51750183105469,66.17500305175781,66.99749755859375,161834800.0,10842526617.895508
2020-04-13,67.07749938964844,68.42500305175781,66.4574966430664,68.3125,131022800.0,8950495025.0
2020-04-14,70.0,72.0625,69.51249694824219,71.76249694824219,194994800.0,13993313739.923096
2020-04-15,70.5999984741211,71.5824966430664,70.15750122070312,71.10749816894531,131154400.0,9326061257.849121
2020-04-16,71.84500122070312,72.05000305175781,70.5875015258789,71.67250061035156,157125200.0,11261555992.901611
2020-04-17,71.17250061035156,71.73750305175781,69.21499633789062,70.69999694824219,215250000.0,15218174343.10913
2020-04-20,69.48750305175781,70.41999816894531,69.2125015258789,69.23249816894531,130015200.0,9001277095.935059
2020-04-21,69.06999969482422,69.3125,66.35749816894531,67.09249877929688,180991600.0,12143178702.062988
2020-04-22,68.40249633789062,69.4749984741211,68.05000305175781,69.0250015258789,116862400.0,8066427338.317871
2020-04-23,68.96749877929688,70.4375,68.71749877929688,68.75749969482422,124814400.0,8581926069.909668
2020-04-24,69.30000305175781,70.75250244140625,69.25,70.74250030517578,126161200.0,8924958729.501343
2020-04-27,70.44999694824219,71.13500213623047,69.98750305175781,70.7925033569336,117087600.0,8288924316.055298
2020-04-28,71.2699966430664,71.4574966430664,69.55000305175781,69.6449966430664,112004800.0,7800573920.007324
2020-04-29,71.18250274658203,72.4175033569336,70.97250366210938,71.93250274658203,137280800.0,9874951523.052979
2020-04-30,72.48999786376953,73.63249969482422,72.0875015258789,73.44999694824219,183064000.0,13446050241.333008
2020-05-01,71.5625,74.75,71.4625015258789,72.26750183105469,240616800.0,17388775034.58252
2020-05-04,72.2925033569336,73.42250061035156,71.58000183105469,73.29000091552734,133568000.0,9789198842.285156
2020-05-05,73.76499938964844,75.25,73.61499786376953,74.38999938964844,147751200.0,10991211677.819824
2020-05-06,75.11499786376953,75.80999755859375,74.71749877929688,75.15750122070312,142333600.0,10697437715.74707
2020-05-07,75.80500030517578,76.2925033569336,75.49250030517578,75.93499755859375,115215200.0,8748865930.71289
2020-05-08,76.41000366210938,77.5875015258789,76.07250213623047,77.53250122070312,133838400.0,10376825911.376953
2020-05-11,77.0250015258789,79.26249694824219,76.80999755859375,78.75250244140625,145946400.0,11493644222.314453
2020-05-12,79.4574966430664,79.92250061035156,77.72750091552734,77.85250091552734,162301200.0,12635554321.591187
2020-05-13,78.0374984741211,78.98750305175781,75.80249786376953,76.9124984741211,200622400.0,15430370033.874512
2020-05-14,76.12750244140625,77.44750213623047,75.38249969482422,77.38500213623047,158929200.0,12298736481.5094
2020-05-15,75.0875015258789,76.9749984741211,75.05249786376953,76.92749786376953,166348400.0,12796766185.64148
2020-05-18,78.2925033569336,79.125,77.58000183105469,78.73999786376953,135178400.0,10643946927.227783
2020-05-19,78.75749969482422,79.62999725341797,78.25250244140625,78.28500366210938,101729600.0,7963902108.544922
2020-05-20,79.16999816894531,79.87999725341797,79.12999725341797,79.80750274658203,111504800.0,8898919632.25708
2020-05-21,79.66500091552734,80.22250366210938,78.96749877929688,79.2125015258789,102688800.0,8134236726.690674
2020-05-22,78.94249725341797,79.80750274658203,78.8375015258789,79.72250366210938,81803200.0,6521555911.572266
2020-05-26,80.875,81.05999755859375,79.125,79.18250274658203,125522000.0,9939146109.75647
2020-05-27,79.03500366210938,79.67749786376953,78.27249908447266,79.52749633789062,112945200.0,8982248979.382324
2020-05-28,79.19249725341797,80.86000061035156,78.90750122070312,79.5625,133560800.0,10626431150.0
2020-05-29,79.8125,80.2874984741211,79.11750030517578,79.48500061035156,153532400.0,12203522907.70874
2020-06-01,79.4375,80.5875015258789,79.30249786376953,80.4625015258789,80791200.0,6500662053.277588
2020-06-02,80.1875,80.86000061035156,79.73249816894531,80.83499908447266,87642800.0,7084605657.76062
2020-06-03,81.16500091552734,81.55000305175781,80.57499694824219,81.27999877929688,104491200.0,8493044608.447266
2020-06-04,81.09750366210938,81.40499877929688,80.19499969482422,80.58000183105469,87560400.0,7055617192.327881
2020-06-05,80.8375015258789,82.9375,80.80750274658203,82.875,137250400.0,11374626900.0
2020-06-08,82.5625,83.4000015258789,81.83000183105469,83.36499786376953,95654400.0,7974228851.660156
2020-06-09,83.03500366210938,86.40249633789062,83.00250244140625,85.99749755859375,147712400.0,12702896758.374023
2020-06-10,86.9749984741211,88.69249725341797,86.52249908447266,88.20999908447266,166651600.0,14700337483.425903
2020-06-11,87.32749938964844,87.76499938964844,83.87000274658203,83.9749984741211,201662400.0,16934599732.287598
2020-06-12,86.18000030517578,86.94999694824219,83.55500030517578,84.69999694824219,200146000.0,16952365589.20288
2020-06-15,83.3125,86.41999816894531,83.1449966430664,85.74749755859375,138808800.0,11902507239.111328
2020-06-16,87.86499786376953,88.30000305175781,86.18000030517578,88.0199966430664,165428800.0,14561042420.666504
2020-06-17,88.7874984741211,88.8499984741211,87.77249908447266,87.89749908447266,114406400.0,10056036439.257812
2020-06-18,87.85250091552734,88.36250305175781,87.30500030517578,87.93250274658203,96820400.0,8513660088.925171
2020-06-19,88.66000366210938,89.13999938964844,86.2874984741211,87.43000030517578,264476000.0,23123136760.71167
2020-06-22,87.83499908447266,89.86499786376953,87.7874984741211,89.71749877929688,135445200.0,12151804565.661621
2020-06-23,91.0,93.09500122070312,90.56749725341797,91.63249969482422,212155600.0,19440347952.25525
2020-06-24,91.25,92.19750213623047,89.62999725341797,90.01499938964844,192623200.0,17338977230.43213
2020-06-25,90.17500305175781,91.25,89.39250183105469,91.20999908447266,137522400.0,12543417978.094482
2020-06-26,91.10250091552734,91.33000183105469,88.25499725341797,88.40750122070312,205256800.0,18146240796.557617
2020-06-29,88.3125,90.5425033569336,87.81999969482422,90.44499969482422,130646000.0,11816277430.130005
2020-06-30,90.0199966430664,91.49500274658203,90.0,91.19999694824219,140223200.0,12788355412.072754
2020-07-01,91.27999877929688,91.83999633789062,90.97750091552734,91.02749633789062,110737200.0,10080130067.468262
2020-07-02,91.9625015258789,92.61750030517578,90.91000366210938,91.02749633789062,114041600.0,10380921326.367188
2020-07-06,92.5,93.94499969482422,92.46749877929688,93.4625015258789,118655600.0,11089849196.054077
2020-07-07,93.85250091552734,94.65499877929688,93.05750274658203,93.17250061035156,112424400.0,10474862477.618408
2020-07-08,94.18000030517578,95.375,94.08999633789062,95.34249877929688,117092000.0,11163843867.06543
2020-07-09,96.26249694824219,96.31749725341797,94.67250061035156,95.75250244140625,125642800.0,12030612513.745117
2020-07-10,95.33499908447266,95.9800033569336,94.70500183105469,95.91999816894531,90257200.0,8657470458.73413
2020-07-13,97.26499938964844,99.95500183105469,95.25749969482422,95.47750091552734,191649200.0,18298186668.460083
2020-07-14,94.83999633789062,97.25499725341797,93.87750244140625,97.05750274658203,170989200.0,16595784748.635864
2020-07-15,98.98999786376953,99.24749755859375,96.48999786376953,97.7249984741211,153198000.0,14971274316.238403
2020-07-16,96.5625,97.40499877929688,95.90499877929688,96.52249908447266,110577600.0,10673226294.763184
2020-07-17,96.98750305175781,97.14749908447266,95.83999633789062,96.32749938964844,92186800.0,8880123920.733643
2020-07-20,96.4175033569336,98.5,96.0625,98.35749816894531,90318000.0,8883452519.622803
2020-07-21,99.17250061035156,99.25,96.74250030517578,97.0,103433200.0,10033020400.0
2020-07-22,96.69249725341797,97.9749984741211,96.60250091552734,97.27249908447266,89001600.0,8657408054.516602
2020-07-23,96.99749755859375,97.07749938964844,92.01000213623047,92.84500122070312,197004400.0,18290873758.483887
2020-07-24,90.98750305175781,92.97000122070312,89.1449966430664,92.61499786376953,185438800.0,17174414065.859985
2020-07-27,93.70999908447266,94.90499877929688,93.4800033569336,94.80999755859375,121214000.0,11492299044.067383
2020-07-28,94.36750030517578,94.55000305175781,93.24749755859375,93.25250244140625,103625600.0,9663346516.992188
2020-07-29,93.75,95.2300033569336,93.7125015258789,95.04000091552734,90329200.0,8584887250.698853
2020-07-30,94.1875,96.29750061035156,93.76750183105469,96.19000244140625,158130000.0,15210525086.05957
2020-07-31,102.88500213623047,106.41500091552734,100.82499694824219,106.26000213623047,374336800.0,39777029167.66968
2020-08-03,108.19999694824219,111.63749694824219,107.89250183105469,108.9375,308151200.0,33569221350.0
2020-08-04,109.13249969482422,110.79000091552734,108.38749694824219,109.66500091552734,173071600.0,18979897172.451782
2020-08-05,109.37750244140625,110.39250183105469,108.89749908447266,110.0625,121776800.0,13403059050.0
2020-08-06,110.40499877929688,114.4124984741211,109.79750061035156,113.90249633789062,202428800.0,23057145650.683594
2020-08-07,113.20500183105469,113.67500305175781,110.2925033569336,111.11250305175781,198045600.0,22005342334.387207
2020-08-10,112.5999984741211,113.7750015258789,110.0,112.72750091552734,212403600.0,23943727013.461304
2020-08-11,111.97000122070312,112.48249816894531,109.10749816894531,109.375,187902400.0,20551825000.0
2020-08-12,110.49749755859375,113.2750015258789,110.29750061035156,113.01000213623047,165598000.0,18714230333.755493
2020-08-13,114.43000030517578,116.0425033569336,113.92749786376953,115.01000213623047,210082000.0,24161531268.78357
2020-08-14,114.83000183105469,115.0,113.04499816894531,114.90750122070312,165565200.0,19024683421.105957
2020-08-17,116.0625,116.0875015258789,113.9625015258789,114.60749816894531,119561600.0,13702655853.076172
2020-08-18,114.35250091552734,116.0,114.00749969482422,115.5625,105633600.0,12207282900.0
2020-08-19,115.98249816894531,117.1624984741211,115.61000061035156,115.7074966430664,145538000.0,16839837646.438599
2020-08-20,115.75,118.39250183105469,115.73249816894531,118.2750015258789,126907200.0,15009949273.64502
2020-08-21,119.26249694824219,124.86750030517578,119.25,124.37000274658203,338054800.0,42043876404.49524
2020-08-24,128.69749450683594,128.78500366210938,123.9375,125.85749816894531,345937600.0,43538840858.569336
2020-08-25,124.69750213623047,125.18000030517578,123.05249786376953,124.82499694824219,211495600.0,26399937624.56665
2020-08-26,126.18000030517578,126.99250030517578,125.0824966430664,126.52249908447266,163022400.0,20626001454.748535
2020-08-27,127.14250183105469,127.48500061035156,123.8324966430664,125.01000213623047,155552400.0,19445605856.295776
2020-08-28,126.01249694824219,126.44249725341797,124.57749938964844,124.80750274658203,187630000.0,23417631740.341187
2020-08-31,127.58000183105469,131.0,126.0,129.0399932861328,225702700.0,29124674892.66205
2020-09-01,132.75999450683594,134.8000030517578,130.52999877929688,134.17999267578125,151948100.0,20388394945.098877
2020-09-02,137.58999633789062,137.97999572753906,127.0,131.39999389648438,200119000.0,26295635378.570557
2020-09-03,126.91000366210938,128.83999633789062,120.5,120.87999725341797,257599600.0,31138638940.481567
2020-09-04,120.06999969482422,123.69999694824219,110.88999938964844,120.95999908447266,332607200.0,40232166607.48901
2020-09-08,113.94999694824219,118.98999786376953,112.68000030517578,112.81999969482422,231366600.0,26102779741.392517
2020-09-09,117.26000213623047,119.13999938964844,115.26000213623047,117.31999969482422,176940500.0,20758659406.002045
2020-09-10,120.36000061035156,120.5,112.5,113.48999786376953,182274400.0,20686321266.619873
2020-09-11,114.56999969482422,115.2300033569336,110.0,112.0,180860300.0,20256353600.0
2020-09-14,114.72000122070312,115.93000030517578,112.80000305175781,115.36000061035156,140150100.0,16167715621.540833
2020-09-15,118.33000183105469,118.83000183105469,113.61000061035156,115.54000091552734,184642000.0,21333536849.0448
2020-09-16,115.2300033569336,116.0,112.04000091552734,112.12999725341797,154679000.0,17344155845.161438
2020-09-17,109.72000122070312,112.19999694824219,108.70999908447266,110.33999633789062,178011000.0,19641733088.104248
2020-09-18,110.4000015258789,110.87999725341797,106.08999633789062,106.83999633789062,287104900.0,30674286464.590454
2020-09-21,104.54000091552734,110.19000244140625,103.0999984741211,110.08000183105469,195713800.0,21544175462.36267
2020-09-22,112.68000030517578,112.86000061035156,109.16000366210938,111.80999755859375,183055400.0,20467423827.087402
2020-09-23,111.62000274658203,112.11000061035156,106.7699966430664,107.12000274658203,150718700.0,16144987557.961273
2020-09-24,105.16999816894531,110.25,105.0,108.22000122070312,167743300.0,18153180130.76477
2020-09-25,108.43000030517578,112.44000244140625,107.66999816894531,112.27999877929688,149981400.0,16839911408.917236
2020-09-28,115.01000213623047,115.31999969482422,112.77999877929688,114.95999908447266,137672400.0,15826818977.957153
2020-09-29,114.55000305175781,115.30999755859375,113.56999969482422,114.08999633789062,99382200.0,11338514834.051514
2020-09-30,113.79000091552734,117.26000213623047,113.62000274658203,115.80999755859375,142675200.0,16523214563.671875
2020-10-01,117.63999938964844,117.72000122070312,115.83000183105469,116.79000091552734,116120400.0,13561701622.311401
2020-10-02,112.88999938964844,115.37000274658203,112.22000122070312,113.0199966430664,144712000.0,16355349754.211426
2020-10-05,113.91000366210938,116.6500015258789,113.55000305175781,116.5,106243800.0,12377402700.0
2020-10-06,115.69999694824219,116.12000274658203,112.25,113.16000366210938,161498200.0,18275136903.424072
2020-10-07,114.62000274658203,115.55000305175781,114.12999725341797,115.08000183105469,96849000.0,11145383097.335815
2020-10-08,116.25,116.4000015258789,114.58999633789062,114.97000122070312,83477200.0,9597373785.900879
2020-10-09,115.27999877929688,117.0,114.91999816894531,116.97000122070312,100506900.0,11756292215.689087
2020-10-12,120.05999755859375,125.18000030517578,119.27999877929688,124.4000015258789,240226800.0,29884214286.557007
2020-10-13,125.2699966430664,125.38999938964844,119.6500015258789,121.0999984741211,262330500.0,31768223149.715424
2020-10-14,121.0,123.02999877929688,119.62000274658203,121.19000244140625,150712000.0,18264787647.94922
2020-10-15,118.72000122070312,121.19999694824219,118.1500015258789,120.70999908447266,112559200.0,13587020928.948975
2020-10-16,121.27999877929688,121.55000305175781,118.80999755859375,119.0199966430664,115393800.0,13734169688.630676
2020-10-19,119.95999908447266,120.41999816894531,115.66000366210938,115.9800033569336,120639300.0,13991746418.978119
2020-10-20,116.19999694824219,118.9800033569336,115.62999725341797,117.51000213623047,124423700.0,14621029252.797699
2020-10-21,116.66999816894531,118.70999908447266,116.44999694824219,116.87000274658203,89946000.0,10511989267.044067
2020-10-22,117.44999694824219,118.04000091552734,114.58999633789062,115.75,101988000.0,11805111000.0
2020-10-23,116.38999938964844,116.55000305175781,114.27999877929688,115.04000091552734,82572600.0,9499151979.597473
2020-10-26,114.01000213623047,116.55000305175781,112.87999725341797,115.05000305175781,111850700.0,12868423376.341248
2020-10-27,115.48999786376953,117.27999877929688,114.54000091552734,116.5999984741211,92276800.0,10759474739.196777
2020-10-28,115.05000305175781,115.43000030517578,111.0999984741211,111.19999694824219,143937800.0,16005882920.736694
2020-10-29,112.37000274658203,116.93000030517578,112.19999694824219,115.31999969482422,146129200.0,16851619299.404907
2020-10-30,111.05999755859375,111.98999786376953,107.72000122070312,108.86000061035156,190272600.0,20713075352.13318
2020-11-02,109.11000061035156,110.68000030517578,107.31999969482422,108.7699966430664,122866900.0,13364232300.543976
2020-11-03,109.66000366210938,111.48999786376953,108.7300033569336,110.44000244140625,107624400.0,11886038998.754883
2020-11-04,114.13999938964844,115.58999633789062,112.3499984741211,114.94999694824219,138235500.0,15890170303.138733
2020-11-05,117.94999694824219,119.62000274658203,116.87000274658203,119.02999877929688,126387100.0,15043856358.718872
2020-11-06,118.31999969482422,119.19999694824219,116.12999725341797,118.69000244140625,114457900.0,13585008430.438232
2020-11-09,120.5,121.98999786376953,116.05000305175781,116.31999969482422,154515300.0,17973219648.845673
2020-11-10,115.55000305175781,117.58999633789062,114.12999725341797,115.97000122070312,138023400.0,16006573866.485596
2020-11-11,117.19000244140625,119.62999725341797,116.44000244140625,119.48999786376953,112295000.0,13418129310.112
2020-11-12,119.62000274658203,120.52999877929688,118.56999969482422,119.20999908447266,103162300.0,12297977688.552094
2020-11-13,119.44000244140625,119.66999816894531,117.87000274658203,119.26000213623047,81581900.0,9729457568.27774
2020-11-16,118.91999816894531,120.98999786376953,118.1500015258789,120.30000305175781,91183000.0,10969315178.268433
2020-11-17,119.55000305175781,120.66999816894531,118.95999908447266,119.38999938964844,74271000.0,8867214644.66858
2020-11-18,118.61000061035156,119.81999969482422,118.0,118.02999877929688,76322100.0,9008297369.833374
2020-11-19,117.58999633789062,119.05999755859375,116.80999755859375,118.63999938964844,74113000.0,8792766274.765015
2020-11-20,118.63999938964844,118.7699966430664,117.29000091552734,117.33999633789062,73604300.0,8636728292.453003
2020-11-23,117.18000030517578,117.62000274658203,113.75,113.8499984741211,127959300.0,14568166109.749603
2020-11-24,113.91000366210938,115.8499984741211,112.58999633789062,115.16999816894531,113874200.0,13114891405.490112
2020-11-25,115.55000305175781,116.75,115.16999816894531,116.02999877929688,76499200.0,8876202082.617188
2020-11-27,116.56999969482422,117.48999786376953,116.22000122070312,116.58999633789062,46691300.0,5443738496.011353
2020-11-30,116.97000122070312,120.97000122070312,116.80999755859375,119.05000305175781,169410200.0,20168284826.9989
2020-12-01,121.01000213623047,123.47000122070312,120.01000213623047,122.72000122070312,127728200.0,15674804859.918213
2020-12-02,122.0199966430664,123.37000274658203,120.88999938964844,123.08000183105469,89004200.0,10954637098.971558
2020-12-03,123.5199966430664,123.77999877929688,122.20999908447266,122.94000244140625,78967600.0,9708276936.791992
2020-12-04,122.5999984741211,122.86000061035156,121.5199966430664,122.25,78260400.0,9567333900.0
2020-12-07,122.30999755859375,124.56999969482422,122.25,123.75,86712000.0,10730610000.0
2020-12-08,124.37000274658203,124.9800033569336,123.08999633789062,124.37999725341797,82225500.0,10227207464.16092
2020-12-09,124.52999877929688,125.94999694824219,121.0,121.77999877929688,115089200.0,14015562635.510254
2020-12-10,120.5,123.87000274658203,120.1500015258789,123.23999786376953,81312200.0,10020915354.2984
2020-12-11,122.43000030517578,122.76000213623047,120.55000305175781,122.41000366210938,86939800.0,10642301236.383057
2020-12-14,122.5999984741211,123.3499984741211,121.54000091552734,121.77999877929688,79184500.0,9643088313.339233
2020-12-15,124.33999633789062,127.9000015258789,124.12999725341797,127.87999725341797,157243700.0,20108323924.11728
2020-12-16,127.41000366210938,128.3699951171875,126.55999755859375,127.80999755859375,98208600.0,12552040926.23291
2020-12-17,128.89999389648438,129.5800018310547,128.0399932861328,128.6999969482422,94359800.0,12144105972.036743
2020-12-18,128.9600067138672,129.10000610351562,126.12000274658203,126.66000366210938,192541500.0,24387307095.108032
2020-12-21,125.0199966430664,128.30999755859375,123.44999694824219,128.22999572753906,121251600.0,15548092149.957275
2020-12-22,131.61000061035156,134.41000366210938,129.64999389648438,131.8800048828125,168904800.0,22275165848.73047
2020-12-23,132.16000366210938,132.42999267578125,130.77999877929688,130.9600067138672,88223700.0,11553776344.322205
2020-12-24,131.32000732421875,133.4600067138672,131.10000610351562,131.97000122070312,54930100.0,7249125364.053345
2020-12-28,133.99000549316406,137.33999633789062,133.50999450683594,136.69000244140625,124486200.0,17016018981.921387
2020-12-29,138.0500030517578,138.7899932861328,134.33999633789062,134.8699951171875,121047300.0,16325648759.94873
2020-12-30,135.5800018310547,135.99000549316406,133.39999389648438,133.72000122070312,96452100.0,12897574929.73938
2020-12-31,134.0800018310547,134.74000549316406,131.72000122070312,132.69000244140625,99116600.0,13151781895.983887
2021-01-04,133.52000427246094,133.61000061035156,126.76000213623047,129.41000366210938,143301900.0,18544699403.78723
2021-01-05,128.88999938964844,131.74000549316406,128.42999267578125,131.00999450683594,97664900.0,12795078012.510681
2021-01-06,127.72000122070312,131.0500030517578,126.37999725341797,126.5999984741211,155088000.0,19634140563.354492
2021-01-07,128.36000061035156,131.6300048828125,127.86000061035156,130.9199981689453,109578200.0,14345977743.356323
2021-01-08,132.42999267578125,132.6300048828125,130.22999572753906,132.0500030517578,105158200.0,13886140630.917358
2021-01-11,129.19000244140625,130.1699981689453,128.5,128.97999572753906,100384500.0,12947592381.111145
2021-01-12,128.5,129.69000244140625,126.86000061035156,128.8000030517578,91951100.0,11843301960.612488
2021-01-13,128.75999450683594,131.4499969482422,128.49000549316406,130.88999938964844,88636800.0,11601670697.90039
2021-01-14,130.8000030517578,131.0,128.75999450683594,128.91000366210938,90221800.0,11630492568.4021
2021-01-15,128.77999877929688,130.22000122070312,127.0,127.13999938964844,111598500.0,14188633221.885681
2021-01-19,127.77999877929688,128.7100067138672,126.94000244140625,127.83000183105469,90757300.0,11601505825.18158
2021-01-20,128.66000366210938,132.49000549316406,128.5500030517578,132.02999877929688,104319500.0,13773303457.65686
2021-01-21,133.8000030517578,139.6699981689453,133.58999633789062,136.8699951171875,120150900.0,16445053096.325684
2021-01-22,136.27999877929688,139.85000610351562,135.02000427246094,139.07000732421875,114459400.0,15917869596.325684
2021-01-25,143.07000732421875,145.08999633789062,136.5399932861328,142.9199981689453,157611700.0,22525863875.404358
2021-01-26,143.60000610351562,144.3000030517578,141.3699951171875,143.16000366210938,98390600.0,14085598656.317139
2021-01-27,143.42999267578125,144.3000030517578,140.41000366210938,142.05999755859375,140843800.0,20008269884.143066
2021-01-28,139.52000427246094,141.99000549316406,136.6999969482422,137.08999633789062,142621100.0,19551926076.705933
2021-01-29,135.8300018310547,136.74000549316406,130.2100067138672,131.9600067138672,177523800.0,23426041839.871216
2021-02-01,133.75,135.3800048828125,130.92999267578125,134.13999938964844,106239800.0,14251006707.156372
2021-02-02,135.72999572753906,136.30999755859375,134.61000061035156,134.99000549316406,83305400.0,11245396403.61023
2021-02-03,135.75999450683594,135.77000427246094,133.61000061035156,133.94000244140625,89880900.0,12038647965.435791
2021-02-04,136.3000030517578,137.39999389648438,134.58999633789062,137.38999938964844,84183100.0,11565916057.618713
2021-02-05,137.35000610351562,137.4199981689453,135.86000061035156,136.75999450683594,75693800.0,10351883672.201538
2021-02-08,136.02999877929688,136.9600067138672,134.9199981689453,136.91000366210938,71297200.0,9761299913.098145
2021-02-09,136.6199951171875,137.8800048828125,135.85000610351562,136.00999450683594,76774200.0,10442058520.266724
2021-02-10,136.47999572753906,136.99000549316406,134.39999389648438,135.38999938964844,73046600.0,9889779129.415894
2021-02-11,135.89999389648438,136.38999938964844,133.77000427246094,135.1300048828125,64280000.0,8686156713.867188
2021-02-12,134.35000610351562,135.52999877929688,133.69000244140625,135.3699951171875,60145100.0,8141841893.322754
2021-02-16,135.49000549316406,136.00999450683594,132.7899932861328,133.19000244140625,80576300.0,10731957593.719482
2021-02-17,131.25,132.22000122070312,129.47000122070312,130.83999633789062,97918500.0,12811656181.411743
2021-02-18,129.1999969482422,130.0,127.41000366210938,129.7100067138672,96856700.0,12563283207.28302
2021-02-19,130.24000549316406,130.7100067138672,128.8000030517578,129.8699951171875,87668800.0,11385546627.929688
2021-02-22,128.00999450683594,129.72000122070312,125.5999984741211,126.0,103916400.0,13093466400.0
2021-02-23,123.76000213623047,126.70999908447266,118.38999938964844,125.86000061035156,158273000.0,19920239876.602173
2021-02-24,124.94000244140625,125.55999755859375,122.2300033569336,125.3499984741211,111039900.0,13918851295.566559
2021-02-25,124.68000030517578,126.45999908447266,120.54000091552734,120.98999786376953,148199500.0,17930657188.411713
2021-02-26,122.58999633789062,124.8499984741211,121.19999694824219,121.26000213623047,164560400.0,19954594455.53894
2021-03-01,123.75,127.93000030517578,122.79000091552734,127.79000091552734,116307900.0,14862986647.483063
2021-03-02,128.41000366210938,128.72000122070312,125.01000213623047,125.12000274658203,102260900.0,12794884088.86795
2021-03-03,124.80999755859375,125.70999908447266,121.83999633789062,122.05999755859375,112966300.0,13788666302.20337
2021-03-04,121.75,123.5999984741211,118.62000274658203,120.12999725341797,178155000.0,21401759660.68268
2021-03-05,120.9800033569336,121.94000244140625,117.56999969482422,121.41999816894531,153766600.0,18670340290.444946
2021-03-08,120.93000030517578,121.0,116.20999908447266,116.36000061035156,154376600.0,17963261270.224
2021-03-09,119.02999877929688,122.05999755859375,118.79000091552734,121.08999633789062,129525800.0,15684278647.662354
2021-03-10,121.69000244140625,122.16999816894531,119.44999694824219,119.9800033569336,111943300.0,13430957509.786224
2021-03-11,122.54000091552734,123.20999908447266,121.26000213623047,121.95999908447266,103026500.0,12565111845.676422
2021-03-12,120.4000015258789,121.16999816894531,119.16000366210938,121.02999877929688,88105100.0,10663360145.44983
2021-03-15,121.41000366210938,124.0,120.41999816894531,123.98999786376953,92403800.0,11457146964.604187
2021-03-16,125.69999694824219,127.22000122070312,124.72000122070312,125.56999969482422,115227900.0,14469167367.835236
2021-03-17,124.05000305175781,125.86000061035156,122.33999633789062,124.76000213623047,111932600.0,13964711415.11383
2021-03-18,122.87999725341797,123.18000030517578,120.31999969482422,120.52999877929688,121229700.0,14611815593.014526
2021-03-19,119.9000015258789,121.43000030517578,119.68000030517578,119.98999786376953,185549500.0,22264084108.623505
2021-03-22,120.33000183105469,123.87000274658203,120.26000213623047,123.38999938964844,111912300.0,13808858628.694153
2021-03-23,123.33000183105469,124.23999786376953,122.13999938964844,122.54000091552734,95467100.0,11698538521.40274
2021-03-24,122.81999969482422,122.9000015258789,120.06999969482422,120.08999633789062,88530500.0,10631627420.791626
2021-03-25,119.54000091552734,121.66000366210938,119.0,120.58999633789062,98844700.0,11919682011.019897
2021-03-26,120.3499984741211,121.4800033569336,118.91999816894531,121.20999908447266,94071200.0,11402370065.875244
2021-03-29,121.6500015258789,122.58000183105469,120.7300033569336,121.38999938964844,80819200.0,9810642638.671875
2021-03-30,120.11000061035156,120.4000015258789,118.86000061035156,119.9000015258789,85671900.0,10272060940.724945
2021-03-31,121.6500015258789,123.5199966430664,121.1500015258789,122.1500015258789,118323800.0,14453252350.54779
2021-04-01,123.66000366210938,124.18000030517578,122.48999786376953,123.0,75089100.0,9235959300.0
2021-04-05,123.87000274658203,126.16000366210938,123.06999969482422,125.9000015258789,88651200.0,11161186215.270996
2021-04-06,126.5,127.12999725341797,125.6500015258789,126.20999908447266,80171300.0,10118419699.600983
2021-04-07,125.83000183105469,127.91999816894531,125.13999938964844,127.9000015258789,83466700.0,10675391057.360077
2021-04-08,128.9499969482422,130.38999938964844,128.52000427246094,130.36000061035156,88844600.0,11581782110.22644
2021-04-09,129.8000030517578,133.0399932861328,129.47000122070312,133.0,106686700.0,14189331100.0
2021-04-12,132.52000427246094,132.85000610351562,130.6300048828125,131.24000549316406,91420000.0,11997961302.185059
2021-04-13,132.44000244140625,134.66000366210938,131.92999267578125,134.42999267578125,91266500.0,12268954926.54419
2021-04-14,134.94000244140625,135.0,131.66000366210938,132.02999877929688,87222800.0,11516026177.526855
2021-04-15,133.82000732421875,135.0,133.63999938964844,134.5,89347100.0,12017184950.0
2021-04-16,134.3000030517578,134.6699981689453,133.27999877929688,134.16000366210938,84922400.0,11393189494.995117
2021-04-19,133.50999450683594,135.47000122070312,133.33999633789062,134.83999633789062,94264200.0,12710584382.79419
2021-04-20,135.02000427246094,135.52999877929688,131.80999755859375,133.11000061035156,94812300.0,12620465310.868835
2021-04-21,132.36000061035156,133.75,131.3000030517578,133.5,68847100.0,9191087850.0
2021-04-22,133.0399932861328,134.14999389648438,131.41000366210938,131.94000244140625,84566500.0,11157704216.461182
2021-04-23,132.16000366210938,135.1199951171875,132.16000366210938,134.32000732421875,78657500.0,10565275976.104736
2021-04-26,134.8300018310547,135.05999755859375,133.55999755859375,134.72000122070312,66905100.0,9013455153.671265
2021-04-27,135.00999450683594,135.41000366210938,134.11000061035156,134.38999938964844,66015800.0,8871863321.707153
2021-04-28,134.30999755859375,135.02000427246094,133.0800018310547,133.5800018310547,107760100.0,14394594355.314636
2021-04-29,136.47000122070312,137.07000732421875,132.4499969482422,133.47999572753906,151101000.0,20168960834.42688
2021-04-30,131.77999877929688,133.55999755859375,131.07000732421875,131.4600067138672,109839500.0,14439501407.447815
2021-05-03,132.0399932861328,134.07000732421875,131.8300018310547,132.5399932861328,75135100.0,9958405649.552917
2021-05-04,131.19000244140625,131.49000549316406,126.69999694824219,127.8499984741211,137564700.0,17587646685.092926
2021-05-05,129.1999969482422,130.4499969482422,127.97000122070312,128.10000610351562,84000900.0,10760515802.700806
2021-05-06,127.88999938964844,129.75,127.12999725341797,129.74000549316406,78128300.0,10136366071.17157
2021-05-07,130.85000610351562,131.25999450683594,129.47999572753906,130.2100067138672,78973300.0,10283113923.216248
2021-05-10,129.41000366210938,129.5399932861328,126.80999755859375,126.8499984741211,88071200.0,11171831585.614014
2021-05-11,123.5,126.2699966430664,122.7699966430664,125.91000366210938,126142800.0,15882640409.94873
2021-05-12,123.4000015258789,124.63999938964844,122.25,122.7699966430664,112172300.0,13771392894.445038
2021-05-13,124.58000183105469,126.1500015258789,124.26000213623047,124.97000122070312,105861300.0,13229486790.22522
2021-05-14,126.25,127.88999938964844,125.8499984741211,127.44999694824219,81918000.0,10440448850.006104
2021-05-17,126.81999969482422,126.93000030517578,125.16999816894531,126.2699966430664,74244600.0,9374865392.765808
2021-05-18,126.55999755859375,126.98999786376953,124.77999877929688,124.8499984741211,63342900.0,7908360968.346405
2021-05-19,123.16000366210938,124.91999816894531,122.86000061035156,124.69000244140625,92612000.0,11547790506.103516
2021-05-20,125.2300033569336,127.72000122070312,125.0999984741211,127.30999755859375,76857100.0,9784677213.360596
2021-05-21,127.81999969482422,128.0,125.20999908447266,125.43000030517578,79295400.0,9946022046.199036
2021-05-24,126.01000213623047,127.94000244140625,125.94000244140625,127.0999984741211,63092900.0,8019107493.727875
2021-05-25,127.81999969482422,128.32000732421875,126.31999969482422,126.9000015258789,72009500.0,9138005659.877777
2021-05-26,126.95999908447266,127.38999938964844,126.41999816894531,126.8499984741211,56575900.0,7176652828.672028
2021-05-27,126.44000244140625,127.63999938964844,125.08000183105469,125.27999877929688,94625600.0,11854695052.490234
2021-05-28,125.56999969482422,125.80000305175781,124.55000305175781,124.61000061035156,71311100.0,8886076214.524841
2021-06-01,125.08000183105469,125.3499984741211,123.94000244140625,124.27999877929688,67637100.0,8405938705.435181
2021-06-02,124.27999877929688,125.23999786376953,124.05000305175781,125.05999755859375,59278900.0,7413419089.276123
2021-06-03,124.68000030517578,124.8499984741211,123.12999725341797,123.54000091552734,76229200.0,9417355437.789917
2021-06-04,124.06999969482422,126.16000366210938,123.8499984741211,125.88999938964844,75169300.0,9463063131.1203
2021-06-07,126.16999816894531,126.31999969482422,124.83000183105469,125.9000015258789,71057600.0,8946151948.425293
2021-06-08,126.5999984741211,128.4600067138672,126.20999908447266,126.73999786376953,74403800.0,9429937453.056335
2021-06-09,127.20999908447266,127.75,126.5199966430664,127.12999725341797,56877900.0,7230887270.780182
2021-06-10,127.0199966430664,128.19000244140625,125.94000244140625,126.11000061035156,71186400.0,8977316947.44873
2021-06-11,126.52999877929688,127.44000244140625,126.0999984741211,127.3499984741211,53522400.0,6816077558.331299
2021-06-14,127.81999969482422,130.5399932861328,127.06999969482422,130.47999572753906,96906500.0,12644359705.970764
2021-06-15,129.94000244140625,130.60000610351562,129.38999938964844,129.63999938964844,62746300.0,8134430293.702698
2021-06-16,130.3699951171875,130.88999938964844,128.4600067138672,130.14999389648438,91815000.0,11949721689.605713
2021-06-17,129.8000030517578,132.5500030517578,129.64999389648438,131.7899932861328,96721700.0,12746952193.623352
2021-06-18,130.7100067138672,131.50999450683594,130.24000549316406,130.4600067138672,108953300.0,14214048249.497986
2021-06-21,130.3000030517578,132.41000366210938,129.2100067138672,132.3000030517578,79663300.0,10539454833.113098
2021-06-22,132.1300048828125,134.0800018310547,131.6199951171875,133.97999572753906,74783600.0,10019506408.48999
2021-06-23,133.77000427246094,134.32000732421875,133.22999572753906,133.6999969482422,60214200.0,8050638356.240845
2021-06-24,134.4499969482422,134.63999938964844,132.92999267578125,133.41000366210938,68711000.0,9166734761.627197
2021-06-25,133.4600067138672,133.88999938964844,132.80999755859375,133.11000061035156,70783700.0,9422018350.202942
2021-06-28,133.41000366210938,135.25,133.35000610351562,134.77999877929688,62111300.0,8371360938.180542
2021-06-29,134.8000030517578,136.49000549316406,134.35000610351562,136.3300018310547,64556100.0,8800933231.20575
2021-06-30,136.1699981689453,137.41000366210938,135.8699951171875,136.9600067138672,63261400.0,8664281768.728638
2021-07-01,136.60000610351562,137.3300018310547,135.75999450683594,137.27000427246094,52485800.0,7204725990.24353
2021-07-02,137.89999389648438,140.0,137.75,139.9600067138672,78852600.0,11036210425.405884
2021-07-06,140.07000732421875,143.14999389648438,140.07000732421875,142.02000427246094,108181800.0,15363979698.202515
2021-07-07,143.5399932861328,144.88999938964844,142.66000366210938,144.57000732421875,104911600.0,15167070780.395508
2021-07-08,141.5800018310547,144.05999755859375,140.6699981689453,143.24000549316406,105575500.0,15122635199.943542
2021-07-09,142.75,145.64999389648438,142.64999389648438,145.11000061035156,99890800.0,14495154048.968506
2021-07-12,146.2100067138672,146.32000732421875,144.0,144.5,76299700.0,11025306650.0
2021-07-13,144.02999877929688,147.4600067138672,143.6300048828125,145.63999938964844,100827100.0,14684458782.460022
2021-07-14,148.10000610351562,149.57000732421875,147.67999267578125,149.14999389648438,127050800.0,18949626044.543457
2021-07-15,149.24000549316406,150.0,147.08999633789062,148.47999572753906,106820300.0,15860677687.61444
2021-07-16,148.4600067138672,149.75999450683594,145.8800048828125,146.38999938964844,93251400.0,13651072389.083862
2021-07-19,143.75,144.07000732421875,141.6699981689453,142.4499969482422,121434600.0,17298358399.41101
2021-07-20,143.4600067138672,147.10000610351562,142.9600067138672,146.14999389648438,96350000.0,14081551911.92627
2021-07-21,145.52999877929688,146.1300048828125,144.6300048828125,145.39999389648438,74993500.0,10904054442.276001
2021-07-22,145.94000244140625,148.1999969482422,145.80999755859375,146.8000030517578,77338200.0,11353247996.017456
2021-07-23,147.5500030517578,148.72000122070312,146.9199981689453,148.55999755859375,71447400.0,10614225569.567871
2021-07-26,148.27000427246094,149.8300018310547,147.6999969482422,148.99000549316406,72434100.0,10791956956.892395
2021-07-27,149.1199951171875,149.2100067138672,145.5500030517578,146.77000427246094,104818600.0,15384226369.833374
2021-07-28,144.80999755859375,146.97000122070312,142.5399932861328,144.97999572753906,118931200.0,17242644867.871094
2021-07-29,144.69000244140625,146.5500030517578,144.5800018310547,145.63999938964844,56699500.0,8257715145.393372
2021-07-30,144.3800048828125,146.3300018310547,144.11000061035156,145.86000061035156,70440600.0,10274465958.99353
2021-08-02,146.36000061035156,146.9499969482422,145.25,145.52000427246094,62880000.0,9150297868.652344
2021-08-03,145.80999755859375,148.0399932861328,145.17999267578125,147.36000061035156,64786600.0,9546953415.542603
2021-08-04,147.27000427246094,147.7899932861328,146.27999877929688,146.9499969482422,56368300.0,8283321512.9776
2021-08-05,146.97999572753906,147.83999633789062,146.1699981689453,147.05999755859375,46397700.0,6823245648.724365
2021-08-06,146.35000610351562,147.11000061035156,145.6300048828125,146.13999938964844,54126800.0,7910090518.963623
2021-08-09,146.1999969482422,146.6999969482422,145.52000427246094,146.08999633789062,48908700.0,7145071803.890991
2021-08-10,146.44000244140625,147.7100067138672,145.3000030517578,145.60000610351562,69023100.0,10049763781.28357
2021-08-11,146.0500030517578,146.72000122070312,145.52999877929688,145.86000061035156,48493500.0,7073261939.5980835
2021-08-12,146.19000244140625,149.0500030517578,145.83999633789062,148.88999938964844,72282600.0,10762156269.882202
2021-08-13,148.97000122070312,149.44000244140625,148.27000427246094,149.10000610351562,59375000.0,8852812862.39624
2021-08-16,148.5399932861328,151.19000244140625,146.47000122070312,151.1199951171875,103296000.0,15610091015.625
2021-08-17,150.22999572753906,151.67999267578125,149.08999633789062,150.19000244140625,92229700.0,13851978868.170166
2021-08-18,149.8000030517578,150.72000122070312,146.14999389648438,146.36000061035156,86326000.0,12634673412.689209
2021-08-19,145.02999877929688,148.0,144.5,146.6999969482422,86960300.0,12757075744.618225
2021-08-20,147.44000244140625,148.5,146.77999877929688,148.19000244140625,60549600.0,8972845371.826172
2021-08-23,148.30999755859375,150.19000244140625,147.88999938964844,149.7100067138672,60131800.0,9002332181.716919
2021-08-24,149.4499969482422,150.86000061035156,149.14999389648438,149.6199951171875,48606400.0,7272489330.6640625
2021-08-25,149.80999755859375,150.32000732421875,147.8000030517578,148.36000061035156,58991300.0,8751949304.005432
2021-08-26,148.35000610351562,149.1199951171875,147.50999450683594,147.5399932861328,48597200.0,7170030561.7248535
2021-08-27,147.47999572753906,148.75,146.8300018310547,148.60000610351562,55802400.0,8292236980.59082
2021-08-30,149.0,153.49000549316406,148.61000061035156,153.1199951171875,90956700.0,13927289459.875488
2021-08-31,152.66000366210938,152.8000030517578,151.2899932861328,151.8300018310547,86453100.0,13126174331.300354
2021-09-01,152.8300018310547,154.97999572753906,152.33999633789062,152.50999450683594,80313700.0,12248641945.82367
2021-09-02,153.8699951171875,154.72000122070312,152.39999389648438,153.64999389648438,71115500.0,10926896140.945435
2021-09-03,153.75999450683594,154.6300048828125,153.08999633789062,154.3000030517578,57808700.0,8919882586.418152
2021-09-07,154.97000122070312,157.25999450683594,154.38999938964844,156.69000244140625,82278300.0,12892187027.874756
2021-09-08,156.97999572753906,157.0399932861328,153.97999572753906,155.11000061035156,74420200.0,11543317267.422485
2021-09-09,155.49000549316406,156.11000061035156,153.9499969482422,154.07000732421875,57305700.0,8829089618.719482
2021-09-10,155.0,155.47999572753906,148.6999969482422,148.97000122070312,140893200.0,20988860175.98877
2021-09-13,150.6300048828125,151.4199981689453,148.75,149.5500030517578,102404300.0,15314563377.513123
2021-09-14,150.35000610351562,151.07000732421875,146.91000366210938,148.1199951171875,109296300.0,16188967422.32666
2021-09-15,148.55999755859375,149.44000244140625,146.3699951171875,149.02999877929688,83281300.0,12411412037.338257
2021-09-16,148.44000244140625,148.97000122070312,147.22000122070312,148.7899932861328,68034100.0,10122793282.228088
2021-09-17,148.82000732421875,148.82000732421875,145.75999450683594,146.05999755859375,129868800.0,18968636610.9375
2021-09-20,143.8000030517578,144.83999633789062,141.27000427246094,142.94000244140625,123478900.0,17650074267.46216
2021-09-21,143.92999267578125,144.60000610351562,142.77999877929688,143.42999267578125,75834000.0,10876870064.575195
2021-09-22,144.4499969482422,146.42999267578125,143.6999969482422,145.85000610351562,76404300.0,11143567621.334839
2021-09-23,146.64999389648438,147.0800018310547,145.63999938964844,146.8300018310547,64838200.0,9520193024.72229
2021-09-24,145.66000366210938,147.47000122070312,145.55999755859375,146.9199981689453,53477900.0,7856972970.079041
2021-09-27,145.47000122070312,145.9600067138672,143.82000732421875,145.3699951171875,74150700.0,10779286896.936035
2021-09-28,143.25,144.75,141.69000244140625,141.91000366210938,108972300.0,15464259492.068481
2021-09-29,142.47000122070312,144.4499969482422,142.02999877929688,142.8300018310547,74602000.0,10655403796.600342
2021-09-30,143.66000366210938,144.3800048828125,141.27999877929688,141.5,89056700.0,12601523050.0
2021-10-01,141.89999389648438,142.9199981689453,139.11000061035156,142.64999389648438,94639600.0,13500338362.365723
2021-10-04,141.75999450683594,142.2100067138672,138.27000427246094,139.13999938964844,98322000.0,13680523019.989014
2021-10-05,139.49000549316406,142.24000549316406,139.36000061035156,141.11000061035156,80861100.0,11410309870.353699
2021-10-06,139.47000122070312,142.14999389648438,138.3699951171875,142.0,83221100.0,11817396200.0
2021-10-07,143.05999755859375,144.22000122070312,142.72000122070312,143.2899932861328,61732700.0,8845678168.534851
2021-10-08,144.02999877929688,144.17999267578125,142.55999755859375,142.89999389648438,58773200.0,8398689921.276855
2021-10-11,142.27000427246094,144.80999755859375,141.80999755859375,142.80999755859375,64452200.0,9204418524.645996
2021-10-12,143.22999572753906,143.25,141.0399932861328,141.50999450683594,73035900.0,10335309807.801819
2021-10-13,141.24000549316406,141.39999389648438,139.1999969482422,140.91000366210938,78762700.0,11098452345.437622
2021-10-14,142.11000061035156,143.8800048828125,141.50999450683594,143.75999450683594,69907100.0,10049844311.98883
2021-10-15,143.77000427246094,144.89999389648438,143.50999450683594,144.83999633789062,67940300.0,9840472803.19519
2021-10-18,143.4499969482422,146.83999633789062,143.16000366210938,146.5500030517578,85589200.0,12543097521.19751
2021-10-19,147.00999450683594,149.1699981689453,146.5500030517578,148.75999450683594,76378900.0,11362124744.438171
2021-10-20,148.6999969482422,149.75,148.1199951171875,149.25999450683594,58418800.0,8719589767.095947
2021-10-21,148.80999755859375,149.63999938964844,147.8699951171875,149.47999572753906,61421000.0,9181210817.581177
2021-10-22,149.69000244140625,150.17999267578125,148.63999938964844,148.69000244140625,58883400.0,8755372889.7583
2021-10-25,148.67999267578125,149.3699951171875,147.6199951171875,148.63999938964844,50720600.0,7539109953.042603
2021-10-26,149.3300018310547,150.83999633789062,149.00999450683594,149.32000732421875,60893400.0,9092602933.996582
2021-10-27,149.36000061035156,149.72999572753906,148.49000549316406,148.85000610351562,56094900.0,8349726207.376099
2021-10-28,149.82000732421875,153.1699981689453,149.72000122070312,152.57000732421875,100077900.0,15268885935.992432
2021-10-29,147.22000122070312,149.94000244140625,146.41000366210938,149.8000030517578,124953200.0,18717989741.326904
2021-11-01,148.99000549316406,149.6999969482422,147.8000030517578,148.9600067138672,74588300.0,11110673668.77594
2021-11-02,148.66000366210938,151.57000732421875,148.64999389648438,150.02000427246094,69122000.0,10369682735.321045
2021-11-03,150.38999938964844,151.97000122070312,149.82000732421875,151.49000549316406,54511500.0,8257947434.440613
2021-11-04,151.5800018310547,152.42999267578125,150.63999938964844,150.9600067138672,60394600.0,9117169221.481323
2021-11-05,151.88999938964844,152.1999969482422,150.05999755859375,151.27999877929688,65463900.0,9903378712.088013
2021-11-08,151.41000366210938,151.57000732421875,150.16000366210938,150.44000244140625,55020900.0,8277344330.328369
2021-11-09,150.1999969482422,151.42999267578125,150.05999755859375,150.80999755859375,56787900.0,8564183060.357666
2021-11-10,150.02000427246094,150.1300048828125,147.85000610351562,147.9199981689453,65187100.0,9642475712.638855
2021-11-11,148.9600067138672,149.42999267578125,147.67999267578125,147.8699951171875,41000000.0,6062669799.8046875
2021-11-12,148.42999267578125,150.39999389648438,147.47999572753906,149.99000549316406,63804000.0,9569962310.48584
2021-11-15,150.3699951171875,151.8800048828125,149.42999267578125,150.0,59222800.0,8883420000.0
2021-11-16,149.94000244140625,151.49000549316406,149.33999633789062,151.0,59256200.0,8947686200.0
2021-11-17,151.0,155.0,150.99000549316406,153.49000549316406,88807000.0,13630986917.83142
2021-11-18,153.7100067138672,158.6699981689453,153.0500030517578,157.8699951171875,137827700.0,21758858326.013184
2021-11-19,157.64999389648438,161.02000427246094,156.52999877929688,160.5500030517578,117305600.0,18833414437.98828
2021-11-22,161.67999267578125,165.6999969482422,161.0,161.02000427246094,117467900.0,18914681759.877014
2021-11-23,161.1199951171875,161.8000030517578,159.05999755859375,161.41000366210938,96041900.0,15502123430.715942
2021-11-24,160.75,162.13999938964844,159.63999938964844,161.94000244140625,69463600.0,11248935553.588867
2021-11-26,159.57000732421875,160.4499969482422,156.36000061035156,156.80999755859375,76959800.0,12068066050.109863
2021-11-29,159.3699951171875,161.19000244140625,158.7899932861328,160.24000549316406,88748200.0,14221012055.508423
2021-11-30,159.99000549316406,165.52000427246094,159.9199981689453,165.3000030517578,174048100.0,28770151461.15265
2021-12-01,167.47999572753906,170.3000030517578,164.52999877929688,164.77000427246094,152052500.0,25053691074.638367
2021-12-02,158.74000549316406,164.1999969482422,157.8000030517578,163.75999450683594,136739200.0,22392410640.86914
2021-12-03,164.02000427246094,164.9600067138672,159.72000122070312,161.83999633789062,118023100.0,19100858071.7865
2021-12-06,164.2899932861328,167.8800048828125,164.27999877929688,165.32000732421875,107497000.0,17771404827.331543
2021-12-07,169.0800018310547,171.5800018310547,168.33999633789062,171.17999267578125,120405400.0,20610995490.12451
2021-12-08,172.1300048828125,175.9600067138672,170.6999969482422,175.0800018310547,116998900.0,20484167626.231384
2021-12-09,174.91000366210938,176.75,173.9199981689453,174.55999755859375,108923700.0,19013720806.072998
2021-12-10,175.2100067138672,179.6300048828125,174.69000244140625,179.4499969482422,115402700.0,20709014162.81891
2021-12-13,181.1199951171875,182.1300048828125,175.52999877929688,175.74000549316406,153237000.0,26929871221.75598
2021-12-14,175.25,177.74000549316406,172.2100067138672,174.3300018310547,139380400.0,24298185387.213135
2021-12-15,175.11000061035156,179.5,172.30999755859375,179.3000030517578,131063300.0,23499650089.97345
2021-12-16,179.27999877929688,181.13999938964844,170.75,172.25999450683594,150185800.0,25871005083.00476
2021-12-17,169.92999267578125,173.47000122070312,169.69000244140625,171.13999938964844,195432700.0,33446352158.717346
2021-12-20,168.27999877929688,170.5800018310547,167.4600067138672,169.75,107499100.0,18247972225.0
2021-12-21,171.55999755859375,173.1999969482422,169.1199951171875,172.99000549316406,91185900.0,15774249341.899109
2021-12-22,173.0399932861328,175.86000061035156,172.14999389648438,175.63999938964844,92135300.0,16182644035.765076
2021-12-23,175.85000610351562,176.85000610351562,175.27000427246094,176.27999877929688,68356600.0,12049901364.556885
2021-12-27,177.08999633789062,180.4199981689453,177.07000732421875,180.3300018310547,74919600.0,13510251605.181885
2021-12-28,180.16000366210938,181.3300018310547,178.52999877929688,179.2899932861328,79144300.0,14189781015.635681
2021-12-29,179.3300018310547,180.6300048828125,178.13999938964844,179.3800048828125,62348900.0,11184145986.437988
2021-12-30,179.47000122070312,180.57000732421875,178.08999633789062,178.1999969482422,59773000.0,10651548417.58728
2021-12-31,178.08999633789062,179.22999572753906,177.25999450683594,177.57000732421875,64062300.0,11375543080.206299
2022-01-03,177.8300018310547,182.8800048828125,177.7100067138672,182.00999450683594,104487900.0,19017842105.030823
2022-01-04,182.6300048828125,182.94000244140625,179.1199951171875,179.6999969482422,99310400.0,17846078576.92871
2022-01-05,179.61000061035156,180.1699981689453,174.63999938964844,174.9199981689453,94537600.0,16536516818.896484
2022-01-06,172.6999969482422,175.3000030517578,171.63999938964844,172.0,96904000.0,16667488000.0
2022-01-07,172.88999938964844,174.13999938964844,171.02999877929688,172.1699981689453,86709100.0,14928705588.230896
2022-01-10,169.0800018310547,172.5,168.1699981689453,172.19000244140625,106765600.0,18383968924.658203
2022-01-11,172.32000732421875,175.17999267578125,170.82000732421875,175.0800018310547,76138300.0,13330293703.413391
2022-01-12,176.1199951171875,177.17999267578125,174.82000732421875,175.52999877929688,74805200.0,13130556664.685059
2022-01-13,175.77999877929688,176.6199951171875,171.7899932861328,172.19000244140625,84505800.0,14551053908.312988
2022-01-14,171.33999633789062,173.77999877929688,171.08999633789062,173.07000732421875,80440800.0,13921889845.166016
2022-01-18,171.50999450683594,172.5399932861328,169.41000366210938,169.8000030517578,90956700.0,15444447937.57782
2022-01-19,170.0,171.0800018310547,165.94000244140625,166.22999572753906,94815000.0,15761097044.906616
2022-01-20,166.97999572753906,169.67999267578125,164.17999267578125,164.50999450683594,91420500.0,15039585952.812195
2022-01-21,164.4199981689453,166.3300018310547,162.3000030517578,162.41000366210938,122848900.0,19951890298.88611
2022-01-24,160.02000427246094,162.3000030517578,154.6999969482422,161.6199951171875,162294600.0,26230052459.5459
2022-01-25,158.97999572753906,162.75999450683594,157.02000427246094,159.77999877929688,115798400.0,18502268210.64453
2022-01-26,163.5,164.38999938964844,157.82000732421875,159.69000244140625,108275300.0,17290482921.343994
2022-01-27,162.4499969482422,163.83999633789062,158.27999877929688,159.22000122070312,121954600.0,19417611560.87036
2022-01-28,165.7100067138672,170.35000610351562,162.8000030517578,170.3300018310547,179935700.0,30648448110.472107
2022-01-31,170.16000366210938,175.0,169.50999450683594,174.77999877929688,115541600.0,20194360706.958008
2022-02-01,174.00999450683594,174.83999633789062,172.30999755859375,174.61000061035156,86213900.0,15053809131.620789
2022-02-02,174.75,175.8800048828125,173.3300018310547,175.83999633789062,84914300.0,14931330201.034546
2022-02-03,174.47999572753906,176.24000549316406,172.1199951171875,172.89999389648438,89418100.0,15460388944.23523
2022-02-04,171.67999267578125,174.10000610351562,170.67999267578125,172.38999938964844,82465400.0,14216210255.667114
2022-02-07,172.86000061035156,173.9499969482422,170.9499969482422,171.66000366210938,77251200.0,13260941274.902344
2022-02-08,171.72999572753906,175.35000610351562,171.42999267578125,174.8300018310547,74829200.0,13082389173.016357
2022-02-09,176.0500030517578,176.64999389648438,174.89999389648438,176.27999877929688,71285000.0,12566119712.982178
2022-02-10,174.13999938964844,175.47999572753906,171.5500030517578,172.1199951171875,90865900.0,15639838264.318848
2022-02-11,172.3300018310547,173.0800018310547,168.0399932861328,168.63999938964844,98670700.0,16639826787.776184
2022-02-14,167.3699951171875,169.5800018310547,166.55999755859375,168.8800048828125,86185500.0,14555007660.827637
2022-02-15,170.97000122070312,172.9499969482422,170.25,172.7899932861328,62527400.0,10804109026.19934
2022-02-16,171.85000610351562,173.33999633789062,170.0500030517578,172.5500030517578,61177400.0,10556160556.698608
2022-02-17,171.02999877929688,171.91000366210938,168.47000122070312,168.8800048828125,69589300.0,11752241323.791504
2022-02-18,169.82000732421875,170.5399932861328,166.19000244140625,167.3000030517578,82772700.0,13847872962.602234
2022-02-22,164.97999572753906,166.69000244140625,162.14999389648438,164.32000732421875,91162800.0,14979871963.69629
2022-02-23,165.5399932861328,166.14999389648438,159.75,160.07000732421875,90009200.0,14407773303.24707
2022-02-24,152.5800018310547,162.85000610351562,152.0,162.74000549316406,141147500.0,22970344925.346375
2022-02-25,163.83999633789062,165.1199951171875,160.8699951171875,164.85000610351562,91974200.0,15161947431.365967
2022-02-28,163.05999755859375,165.4199981689453,162.42999267578125,165.1199951171875,95056600.0,15695745327.856445
2022-03-01,164.6999969482422,166.60000610351562,161.97000122070312,163.1999969482422,83474400.0,13623021825.256348
2022-03-02,164.38999938964844,167.36000061035156,162.9499969482422,166.55999755859375,79724800.0,13278962493.359375
2022-03-03,168.47000122070312,168.91000366210938,165.5500030517578,166.22999572753906,76678400.0,12746250104.394531
2022-03-04,164.49000549316406,165.5500030517578,162.10000610351562,163.1699981689453,83737200.0,13663398770.672607
2022-03-07,163.36000061035156,165.02000427246094,159.0399932861328,159.3000030517578,96418800.0,15359515134.246826
2022-03-08,158.82000732421875,162.8800048828125,155.8000030517578,157.44000244140625,131148300.0,20647988672.18628
2022-03-09,161.47999572753906,163.41000366210938,159.41000366210938,162.9499969482422,91454900.0,14902575675.901794
2022-03-10,160.1999969482422,160.38999938964844,155.97999572753906,158.52000427246094,105342000.0,16698814290.06958
2022-03-11,158.92999267578125,159.27999877929688,154.5,154.72999572753906,96970100.0,15004183158.699036
2022-03-14,151.4499969482422,154.1199951171875,150.10000610351562,150.6199951171875,108732100.0,16377228371.081543
2022-03-15,150.89999389648438,155.57000732421875,150.3800048828125,155.08999633789062,92964300.0,14417832946.554565
2022-03-16,157.0500030517578,160.0,154.4600067138672,159.58999633789062,102300200.0,16326088543.365479
2022-03-17,158.61000061035156,161.0,157.6300048828125,160.6199951171875,75615400.0,12145345178.78418
2022-03-18,160.50999450683594,164.47999572753906,159.75999450683594,163.97999572753906,123511700.0,20253448038.301086
2022-03-21,163.50999450683594,166.35000610351562,163.00999450683594,165.3800048828125,95811400.0,15845289799.829102
2022-03-22,165.50999450683594,169.4199981689453,164.91000366210938,168.82000732421875,81532000.0,13764232837.158203
2022-03-23,167.99000549316406,172.63999938964844,167.64999389648438,170.2100067138672,98062700.0,16691252825.379944
2022-03-24,171.05999755859375,174.13999938964844,170.2100067138672,174.07000732421875,90131400.0,15689173458.14209
2022-03-25,173.8800048828125,175.27999877929688,172.75,174.72000122070312,80546200.0,14073032162.322998
2022-03-28,172.1699981689453,175.72999572753906,172.0,175.60000610351562,90371900.0,15869306191.586304
2022-03-29,176.69000244140625,179.00999450683594,176.33999633789062,178.9600067138672,100589400.0,18001479699.343872
2022-03-30,178.5500030517578,179.61000061035156,176.6999969482422,177.77000427246094,92633200.0,16467404359.771729
2022-03-31,177.83999633789062,178.02999877929688,174.39999389648438,174.61000061035156,103049300.0,17993438335.8963
2022-04-01,174.02999877929688,174.8800048828125,171.94000244140625,174.30999755859375,78751300.0,13727138910.736084
2022-04-04,174.57000732421875,178.49000549316406,174.44000244140625,178.44000244140625,76468400.0,13645021482.69043
2022-04-05,177.5,178.3000030517578,174.4199981689453,175.05999755859375,73401800.0,12849718928.796387
2022-04-06,172.36000061035156,173.6300048828125,170.1300048828125,171.8300018310547,89058800.0,15302973767.071533
2022-04-07,171.16000366210938,173.36000061035156,169.85000610351562,172.13999938964844,77594700.0,13357151610.639954
2022-04-08,171.77999877929688,171.77999877929688,169.1999969482422,170.08999633789062,76575500.0,13024726514.572144
2022-04-11,168.7100067138672,169.02999877929688,165.5,165.75,72246700.0,11974890525.0
2022-04-12,168.02000427246094,169.8699951171875,166.63999938964844,167.66000366210938,79265200.0,13289603722.277832
2022-04-13,167.38999938964844,171.0399932861328,166.77000427246094,170.39999389648438,70618900.0,12033460128.97644
2022-04-14,170.6199951171875,171.27000427246094,165.0399932861328,165.2899932861328,75329400.0,12451196020.248413
2022-04-18,163.9199981689453,166.60000610351562,163.57000732421875,165.07000732421875,69023900.0,11393775678.546143
2022-04-19,165.02000427246094,167.82000732421875,163.91000366210938,167.39999389648438,67723800.0,11336963706.646729
2022-04-20,168.75999450683594,168.8800048828125,166.10000610351562,167.22999572753906,67929800.0,11359900163.772583
2022-04-21,168.91000366210938,171.52999877929688,165.91000366210938,166.4199981689453,87227800.0,14516450316.281128
2022-04-22,166.4600067138672,167.8699951171875,161.5,161.7899932861328,84882400.0,13733122926.11084
2022-04-25,161.1199951171875,163.1699981689453,158.4600067138672,162.8800048828125,96046400.0,15644038100.976562
2022-04-26,162.25,162.33999633789062,156.72000122070312,156.8000030517578,95623200.0,14993718051.818848
2022-04-27,155.91000366210938,159.7899932861328,155.3800048828125,156.57000732421875,88063200.0,13788055868.99414
2022-04-28,159.25,164.52000427246094,158.92999267578125,163.63999938964844,130216800.0,21308677072.521973
2022-04-29,161.83999633789062,166.1999969482422,157.25,157.64999389648438,131747600.0,20770008335.876465
2022-05-02,156.7100067138672,158.22999572753906,153.27000427246094,157.9600067138672,123055300.0,19437816014.17694
2022-05-03,158.14999389648438,160.7100067138672,156.32000732421875,159.47999572753906,88966500.0,14188377039.894104
2022-05-04,159.6699981689453,166.47999572753906,159.25999450683594,166.02000427246094,108256500.0,17972744592.521667
2022-05-05,163.85000610351562,164.0800018310547,154.9499969482422,156.77000427246094,130525300.0,20462451838.664246
2022-05-06,156.00999450683594,159.44000244140625,154.17999267578125,157.27999877929688,116124600.0,18264076946.246338
2022-05-09,154.92999267578125,155.8300018310547,151.49000549316406,152.05999755859375,131577900.0,20007735152.764893
2022-05-10,155.52000427246094,156.74000549316406,152.92999267578125,154.50999450683594,115366700.0,17825308183.27179
2022-05-11,153.5,155.4499969482422,145.80999755859375,146.5,142689800.0,20904055700.0
2022-05-12,142.77000427246094,146.1999969482422,138.8000030517578,142.55999755859375,182602000.0,26031740674.194336
2022-05-13,144.58999633789062,148.10000610351562,143.11000061035156,147.11000061035156,113990900.0,16769201368.574524
2022-05-16,145.5500030517578,147.52000427246094,144.17999267578125,145.5399932861328,86643800.0,12610138070.285034
2022-05-17,148.86000061035156,149.77000427246094,146.67999267578125,149.24000549316406,78336300.0,11690909842.314148
2022-05-18,146.85000610351562,147.36000061035156,139.89999389648438,140.82000732421875,109742900.0,15453995981.781006
2022-05-19,139.8800048828125,141.66000366210938,136.60000610351562,137.35000610351562,136095600.0,18692731490.66162
2022-05-20,139.08999633789062,140.6999969482422,132.61000061035156,137.58999633789062,137426100.0,18908456595.73059
2022-05-23,137.7899932861328,143.25999450683594,137.64999389648438,143.11000061035156,117726300.0,16847810864.854431
2022-05-24,140.80999755859375,141.97000122070312,137.3300018310547,140.36000061035156,104132700.0,14616065835.557556
2022-05-25,138.42999267578125,141.7899932861328,138.33999633789062,140.52000427246094,92482700.0,12995669399.128723
2022-05-26,137.38999938964844,144.33999633789062,137.13999938964844,143.77999877929688,90601500.0,13026683559.402466
2022-05-27,145.38999938964844,149.67999267578125,145.25999450683594,149.63999938964844,90978500.0,13614022684.47113
2022-05-31,149.07000732421875,150.66000366210938,146.83999633789062,148.83999633789062,103718400.0,15437446276.171875
2022-06-01,149.89999389648438,151.74000549316406,147.67999267578125,148.7100067138672,74286600.0,11047160784.750366
2022-06-02,147.8300018310547,151.27000427246094,146.86000061035156,151.2100067138672,72348100.0,10939756686.735535
2022-06-03,146.89999389648438,147.97000122070312,144.4600067138672,145.3800048828125,88570300.0,12876350646.472168
2022-06-06,147.02999877929688,148.57000732421875,144.89999389648438,146.13999938964844,71598400.0,10463390132.299805
2022-06-07,144.35000610351562,149.0,144.10000610351562,148.7100067138672,67808200.0,10083757877.255249
2022-06-08,148.5800018310547,149.8699951171875,147.4600067138672,147.9600067138672,53950200.0,7982471954.214478
2022-06-09,147.0800018310547,147.9499969482422,142.52999877929688,142.63999938964844,69473000.0,9909628677.597046
2022-06-10,140.27999877929688,140.75999450683594,137.05999755859375,137.1300048828125,91437900.0,12538879673.474121
2022-06-13,132.8699951171875,135.1999969482422,131.44000244140625,131.8800048828125,122207100.0,16116672944.714355
2022-06-14,133.1300048828125,133.88999938964844,131.47999572753906,132.75999450683594,84784300.0,11255963202.26593
2022-06-15,134.2899932861328,137.33999633789062,132.16000366210938,135.42999267578125,91533000.0,12396313519.592285
2022-06-16,132.0800018310547,132.38999938964844,129.0399932861328,130.05999755859375,108123900.0,14062594170.025635
2022-06-17,130.07000732421875,133.0800018310547,129.80999755859375,131.55999755859375,134520300.0,17697490339.5813
2022-06-21,133.4199981689453,137.05999755859375,133.32000732421875,135.8699951171875,81000500.0,11005537539.489746
2022-06-22,134.7899932861328,137.75999450683594,133.91000366210938,135.35000610351562,73409200.0,9935935668.0542
2022-06-23,136.82000732421875,138.58999633789062,135.6300048828125,138.27000427246094,72433800.0,10015421835.470581
2022-06-24,139.89999389648438,141.91000366210938,139.77000427246094,141.66000366210938,89116800.0,12624286214.355469
2022-06-27,142.6999969482422,143.49000549316406,140.97000122070312,141.66000366210938,70207900.0,9945651371.109009
2022-06-28,142.1300048828125,143.4199981689453,137.32000732421875,137.44000244140625,67083400.0,9219942659.777832
2022-06-29,137.4600067138672,140.6699981689453,136.6699981689453,139.22999572753906,66242400.0,9222929068.981934
2022-06-30,137.25,138.3699951171875,133.77000427246094,136.72000122070312,98964500.0,13530426560.806274
2022-07-01,136.0399932861328,139.0399932861328,135.66000366210938,138.92999267578125,71051600.0,9871198267.60254
2022-07-05,137.77000427246094,141.61000061035156,136.92999267578125,141.55999755859375,73353800.0,10383963748.913574
2022-07-06,141.35000610351562,144.1199951171875,141.0800018310547,142.9199981689453,74064300.0,10585269620.384216
2022-07-07,143.2899932861328,146.5500030517578,143.27999877929688,146.35000610351562,66253700.0,9696229399.380493
2022-07-08,145.25999450683594,147.5500030517578,145.0,147.0399932861328,64547800.0,9491108078.634644
2022-07-11,145.6699981689453,146.63999938964844,143.77999877929688,144.8699951171875,63141600.0,9147323283.691406
2022-07-12,145.75999450683594,148.4499969482422,145.0500030517578,145.86000061035156,77588800.0,11317102415.356445
2022-07-13,142.99000549316406,146.4499969482422,142.1199951171875,145.49000549316406,71185600.0,10356793335.03418
2022-07-14,144.0800018310547,148.9499969482422,143.25,148.47000122070312,78140700.0,11601549824.386597
2022-07-15,149.77999877929688,150.86000061035156,148.1999969482422,150.1699981689453,76259900.0,11451949043.363953
2022-07-18,150.74000549316406,151.57000732421875,146.6999969482422,147.07000732421875,81420900.0,11974572359.344482
2022-07-19,147.9199981689453,151.22999572753906,146.91000366210938,151.0,82982400.0,12530342400.0
2022-07-20,151.1199951171875,153.72000122070312,150.3699951171875,153.0399932861328,64823400.0,9920572700.784302
2022-07-21,154.5,155.57000732421875,151.94000244140625,155.35000610351562,65086600.0,10111203707.25708
2022-07-22,155.38999938964844,156.27999877929688,153.41000366210938,154.08999633789062,66675400.0,10274012141.827393
2022-07-25,154.00999450683594,155.0399932861328,152.27999877929688,152.9499969482422,53623900.0,8201775341.352844
2022-07-26,152.25999450683594,153.08999633789062,150.8000030517578,151.60000610351562,55138700.0,8359027256.539917
2022-07-27,152.5800018310547,157.3300018310547,152.16000366210938,156.7899932861328,78620700.0,12326939025.151062
2022-07-28,156.97999572753906,157.63999938964844,154.41000366210938,157.35000610351562,81378700.0,12804938941.696167
2022-07-29,161.24000549316406,163.6300048828125,159.5,162.50999450683594,101786900.0,16541388559.867859
2022-08-01,161.00999450683594,163.58999633789062,160.88999938964844,161.50999450683594,67829400.0,10955126021.401978
2022-08-02,160.10000610351562,162.41000366210938,159.6300048828125,160.00999450683594,59907000.0,9585718740.92102
2022-08-03,160.83999633789062,166.58999633789062,160.75,166.1300048828125,82507500.0,13706971377.868652
2022-08-04,166.00999450683594,167.19000244140625,164.42999267578125,165.80999755859375,55474100.0,9198160385.565186
2022-08-05,163.2100067138672,165.85000610351562,163.0,165.35000610351562,56697000.0,9374849296.051025
2022-08-08,166.3699951171875,167.80999755859375,164.1999969482422,164.8699951171875,60276900.0,9937852208.6792
2022-08-09,164.02000427246094,165.82000732421875,163.25,164.9199981689453,63135500.0,10412306544.395447
2022-08-10,167.67999267578125,169.33999633789062,166.89999389648438,169.24000549316406,70170500.0,11875655805.458069
2022-08-11,170.05999755859375,170.99000549316406,168.19000244140625,168.49000549316406,57149200.0,9629069021.929932
2022-08-12,169.82000732421875,172.1699981689453,169.39999389648438,172.10000610351562,68039400.0,11709581155.279541
2022-08-15,171.52000427246094,173.38999938964844,171.35000610351562,173.19000244140625,54091700.0,9368141655.059814
2022-08-16,172.77999877929688,173.7100067138672,171.66000366210938,173.02999877929688,56377100.0,9754929544.180298
2022-08-17,172.77000427246094,176.14999389648438,172.57000732421875,174.5500030517578,79542000.0,13884056342.74292
2022-08-18,173.75,174.89999389648438,173.1199951171875,174.14999389648438,62290100.0,10847820534.811401
2022-08-19,173.02999877929688,173.74000549316406,171.30999755859375,171.52000427246094,70346300.0,12065797676.551819
2022-08-22,169.69000244140625,169.86000061035156,167.13999938964844,167.57000732421875,69026800.0,11566821381.567383
2022-08-23,167.0800018310547,168.7100067138672,166.64999389648438,167.22999572753906,54147100.0,9055019301.65863
2022-08-24,167.32000732421875,168.11000061035156,166.25,167.52999877929688,53841500.0,9020066429.275513
2022-08-25,168.77999877929688,170.13999938964844,168.35000610351562,170.02999877929688,51218200.0,8708630483.477783
2022-08-26,170.57000732421875,171.0500030517578,163.55999755859375,163.6199951171875,78961000.0,12919598434.448242
2022-08-29,161.14999389648438,162.89999389648438,159.82000732421875,161.3800048828125,73314000.0,11831413677.978516
2022-08-30,162.1300048828125,162.55999755859375,157.72000122070312,158.91000366210938,77906200.0,12380074527.301025
2022-08-31,160.30999755859375,160.5800018310547,157.13999938964844,157.22000122070312,87991100.0,13833960849.41101
2022-09-01,156.63999938964844,158.4199981689453,154.6699981689453,157.9600067138672,74229900.0,11725355502.36969
2022-09-02,159.75,160.36000061035156,154.97000122070312,155.80999755859375,76957800.0,11990794630.114746
2022-09-06,156.47000122070312,157.08999633789062,153.69000244140625,154.52999877929688,73714800.0,11391147954.016113
2022-09-07,154.82000732421875,156.6699981689453,153.61000061035156,155.9600067138672,87449600.0,13638640203.125
2022-09-08,154.63999938964844,156.36000061035156,152.67999267578125,154.4600067138672,84923800.0,13117330718.167114
2022-09-09,155.47000122070312,157.82000732421875,154.75,157.3699951171875,68028800.0,10705691923.828125
2022-09-12,159.58999633789062,164.25999450683594,159.3000030517578,163.42999267578125,104956000.0,17152958311.279297
2022-09-13,159.89999389648438,160.5399932861328,153.3699951171875,153.83999633789062,122656600.0,18869490894.818115
2022-09-14,154.7899932861328,157.10000610351562,153.61000061035156,155.30999755859375,87965400.0,13661906059.240723
2022-09-15,154.64999389648438,155.24000549316406,151.3800048828125,152.3699951171875,90481100.0,13786604765.197754
2022-09-16,151.2100067138672,151.35000610351562,148.3699951171875,150.6999969482422,162278800.0,24455414664.764404
2022-09-19,149.30999755859375,154.55999755859375,149.10000610351562,154.47999572753906,81474200.0,12586134067.904663
2022-09-20,153.39999389648438,158.0800018310547,153.0800018310547,156.89999389648438,107689800.0,16896528962.713623
2022-09-21,157.33999633789062,158.74000549316406,153.60000610351562,153.72000122070312,101696800.0,15632832220.141602
2022-09-22,152.3800048828125,154.47000122070312,150.91000366210938,152.74000549316406,86652500.0,13235303325.996399
2022-09-23,151.19000244140625,151.47000122070312,148.55999755859375,150.42999267578125,96029900.0,14445777153.656006
2022-09-26,149.66000366210938,153.77000427246094,149.63999938964844,150.77000427246094,93339400.0,14072781736.78894
2022-09-27,152.74000549316406,154.72000122070312,149.9499969482422,151.75999450683594,84442700.0,12815023688.142395
2022-09-28,147.63999938964844,150.63999938964844,144.83999633789062,149.83999633789062,146691400.0,21980238838.80005
2022-09-29,146.10000610351562,146.72000122070312,140.67999267578125,142.47999572753906,128138200.0,18257130188.534546
2022-09-30,141.27999877929688,143.10000610351562,138.0,138.1999969482422,124925300.0,17264676078.75824
2022-10-03,138.2100067138672,143.07000732421875,137.69000244140625,142.4499969482422,114311700.0,16283701316.148376
2022-10-04,145.02999877929688,146.22000122070312,144.25999450683594,146.10000610351562,87830100.0,12831978146.072388
2022-10-05,144.07000732421875,147.3800048828125,143.00999450683594,146.39999389648438,79471000.0,11634553914.94751
2022-10-06,145.80999755859375,147.5399932861328,145.22000122070312,145.42999267578125,68402200.0,9947731445.007324
2022-10-07,142.5399932861328,143.10000610351562,139.4499969482422,140.08999633789062,85925600.0,12037316989.331055
2022-10-10,140.4199981689453,141.88999938964844,138.57000732421875,140.4199981689453,74899000.0,10517317442.855835
2022-10-11,139.89999389648438,141.35000610351562,138.22000122070312,138.97999572753906,77033700.0,10706143296.876526
2022-10-12,139.1300048828125,140.36000061035156,138.16000366210938,138.33999633789062,70433700.0,9743797800.064087
2022-10-13,134.99000549316406,143.58999633789062,134.3699951171875,142.99000549316406,113224000.0,16189900381.958008
2022-10-14,144.30999755859375,144.52000427246094,138.19000244140625,138.3800048828125,88598000.0,12260191672.607422
2022-10-17,141.07000732421875,142.89999389648438,140.27000427246094,142.41000366210938,85250900.0,12140580981.19812
2022-10-18,145.49000549316406,146.6999969482422,140.61000061035156,143.75,99136600.0,14250886250.0
2022-10-19,141.69000244140625,144.9499969482422,141.5,143.86000061035156,61758300.0,8884549075.694275
2022-10-20,143.02000427246094,145.88999938964844,142.64999389648438,143.38999938964844,64522000.0,9251809540.618896
2022-10-21,142.8699951171875,147.85000610351562,142.64999389648438,147.27000427246094,86548600.0,12746012691.775513
2022-10-24,147.19000244140625,150.22999572753906,146.0,149.4499969482422,75981900.0,11355494723.121643
2022-10-25,150.08999633789062,152.49000549316406,149.36000061035156,152.33999633789062,74732300.0,11384718308.322144
2022-10-26,150.9600067138672,151.99000549316406,148.0399932861328,149.35000610351562,88194300.0,13171819243.295288
2022-10-27,148.07000732421875,149.0500030517578,144.1300048828125,144.8000030517578,109180200.0,15809293293.191528
2022-10-28,148.1999969482422,157.5,147.82000732421875,155.74000549316406,164762400.0,25660097081.066895
2022-10-31,153.16000366210938,154.24000549316406,151.9199981689453,153.33999633789062,97943200.0,15018609929.32129
2022-11-01,155.0800018310547,155.4499969482422,149.1300048828125,150.64999389648438,80379300.0,12109141054.403687
2022-11-02,148.9499969482422,152.1699981689453,145.0,145.02999877929688,93604600.0,13575475023.736572
2022-11-03,142.05999755859375,142.8000030517578,138.75,138.8800048828125,97918500.0,13598921758.117676
2022-11-04,142.08999633789062,142.6699981689453,134.3800048828125,138.3800048828125,140814800.0,19485952711.572266
2022-11-07,137.11000061035156,139.14999389648438,135.6699981689453,138.9199981689453,83374600.0,11582399279.336548
2022-11-08,140.41000366210938,141.42999267578125,137.49000549316406,139.5,89908500.0,12542235750.0
2022-11-09,138.5,138.5500030517578,134.58999633789062,134.8699951171875,74917800.0,10104163320.19043
2022-11-10,141.24000549316406,146.8699951171875,139.5,146.8699951171875,118854000.0,17456086399.658203
2022-11-11,145.82000732421875,150.00999450683594,144.3699951171875,149.6999969482422,93979700.0,14068760803.196716
2022-11-14,148.97000122070312,150.27999877929688,147.42999267578125,148.27999877929688,73374100.0,10879911458.432007
2022-11-15,152.22000122070312,153.58999633789062,148.55999755859375,150.0399932861328,89868300.0,13483839128.63617
2022-11-16,149.1300048828125,149.8699951171875,147.2899932861328,148.7899932861328,64218300.0,9555040425.846863
2022-11-17,146.42999267578125,151.47999572753906,146.14999389648438,150.72000122070312,80389400.0,12116290466.131592
2022-11-18,152.30999755859375,152.6999969482422,149.97000122070312,151.2899932861328,74829600.0,11320969681.604004
2022-11-21,150.16000366210938,150.3699951171875,147.72000122070312,148.00999450683594,58724100.0,8691753718.418884
2022-11-22,148.1300048828125,150.4199981689453,146.92999267578125,150.17999267578125,51804100.0,7779939358.575439
2022-11-23,149.4499969482422,151.8300018310547,149.33999633789062,151.07000732421875,58301400.0,8807592925.012207
2022-11-25,148.30999755859375,148.8800048828125,147.1199951171875,148.11000061035156,35195900.0,5212864770.481873
2022-11-28,145.13999938964844,146.63999938964844,143.3800048828125,144.22000122070312,69246000.0,9986658204.528809
2022-11-29,144.2899932861328,144.80999755859375,140.35000610351562,141.1699981689453,83763800.0,11824935492.623901
2022-11-30,141.39999389648438,148.72000122070312,140.5500030517578,148.02999877929688,111380900.0,16487714491.036987
2022-12-01,148.2100067138672,149.1300048828125,146.61000061035156,148.30999755859375,71250400.0,10567146650.048828
2022-12-02,145.9600067138672,148.0,145.64999389648438,147.80999755859375,65447400.0,9673780034.216309
2022-12-05,147.77000427246094,150.9199981689453,145.77000427246094,146.6300048828125,68826400.0,10092015368.066406
2022-12-06,147.07000732421875,147.3000030517578,141.9199981689453,142.91000366210938,64727200.0,9250164389.038086
2022-12-07,142.19000244140625,143.3699951171875,140.0,140.94000244140625,69721100.0,9826492004.21753
2022-12-08,142.36000061035156,143.52000427246094,141.10000610351562,142.64999389648438,62128300.0,8862601615.79895
2022-12-09,142.33999633789062,145.57000732421875,140.89999389648438,142.16000366210938,76097000.0,10817949798.675537
2022-12-12,142.6999969482422,144.5,141.05999755859375,144.49000549316406,70462700.0,10181155910.063171
2022-12-13,149.5,149.97000122070312,144.24000549316406,145.47000122070312,93886200.0,13657625628.607178
2022-12-14,145.35000610351562,146.66000366210938,141.16000366210938,143.2100067138672,82291200.0,11784923304.492188
2022-12-15,141.11000061035156,141.8000030517578,136.02999877929688,136.5,98931900.0,13504204350.0
2022-12-16,136.69000244140625,137.64999389648438,133.72999572753906,134.50999450683594,160156900.0,21542703739.231873
2022-12-19,135.11000061035156,135.1999969482422,131.32000732421875,132.3699951171875,79592600.0,10535672073.364258
2022-12-20,131.38999938964844,133.25,129.88999938964844,132.3000030517578,77432800.0,10244359676.306152
2022-12-21,132.97999572753906,136.80999755859375,132.75,135.4499969482422,85928000.0,11638947337.768555
2022-12-22,134.35000610351562,134.55999755859375,130.3000030517578,132.22999572753906,77852100.0,10294382850.379944
2022-12-23,130.9199981689453,132.4199981689453,129.63999938964844,131.86000061035156,63814900.0,8414632752.949524
2022-12-27,131.3800048828125,131.41000366210938,128.72000122070312,130.02999877929688,69007800.0,8973084149.761963
2022-12-28,129.6699981689453,131.02999877929688,125.87000274658203,126.04000091552734,85438400.0,10768656014.221191
2022-12-29,127.98999786376953,130.47999572753906,127.7300033569336,129.61000061035156,75703700.0,9811956603.205872
2022-12-30,128.41000366210938,129.9499969482422,127.43000030517578,129.92999267578125,77034200.0,10009053041.784668
2023-01-03,130.27999877929688,130.89999389648438,124.16999816894531,125.06999969482422,112117500.0,14022535690.784454
2023-01-04,126.88999938964844,128.66000366210938,125.08000183105469,126.36000061035156,89113600.0,11260394550.390625
2023-01-05,127.12999725341797,127.7699966430664,124.76000213623047,125.0199966430664,80962700.0,10121956482.213593
2023-01-06,126.01000213623047,130.2899932861328,124.88999938964844,129.6199951171875,87754700.0,11374763785.510254
2023-01-09,130.47000122070312,133.41000366210938,129.88999938964844,130.14999389648438,70790800.0,9213422187.927246
2023-01-10,130.25999450683594,131.25999450683594,128.1199951171875,130.72999572753906,63896200.0,8353149953.005981
2023-01-11,131.25,133.50999450683594,130.4600067138672,133.49000549316406,69458900.0,9272068942.549133
2023-01-12,133.8800048828125,134.25999450683594,131.44000244140625,133.41000366210938,71379600.0,9522752697.399902
2023-01-13,132.02999877929688,134.9199981689453,131.66000366210938,134.75999450683594,57809700.0,7790434854.4418335
2023-01-17,134.8300018310547,137.2899932861328,134.1300048828125,135.94000244140625,63646600.0,8652118959.387207
2023-01-18,136.82000732421875,138.61000061035156,135.02999877929688,135.2100067138672,69672800.0,9420459755.773926
2023-01-19,134.0800018310547,136.25,133.77000427246094,135.27000427246094,58280400.0,7883589957.000732
2023-01-20,135.27999877929688,138.02000427246094,134.22000122070312,137.8699951171875,80223600.0,11060427340.283203
2023-01-23,138.1199951171875,143.32000732421875,137.89999389648438,141.11000061035156,81760300.0,11537195982.902527
2023-01-24,140.30999755859375,143.16000366210938,140.3000030517578,142.52999877929688,66435100.0,9468994721.902466
2023-01-25,140.88999938964844,142.42999267578125,138.80999755859375,141.86000061035156,65799300.0,9334288738.160706
2023-01-26,143.1699981689453,144.25,141.89999389648438,143.9600067138672,54105100.0,7788970559.254456
2023-01-27,143.16000366210938,147.22999572753906,143.0800018310547,145.92999267578125,70555800.0,10296207377.233887
2023-01-30,144.9600067138672,145.5500030517578,142.85000610351562,143.0,64015300.0,9154187900.0
2023-01-31,142.6999969482422,144.33999633789062,142.27999877929688,144.2899932861328,65874500.0,9505031162.727356
2023-02-01,143.97000122070312,146.61000061035156,141.32000732421875,145.42999267578125,77663600.0,11294616779.174805
2023-02-02,148.89999389648438,151.17999267578125,148.1699981689453,150.82000732421875,118339000.0,17847888846.740723
2023-02-03,148.02999877929688,157.3800048828125,147.8300018310547,154.5,154357300.0,23848202850.0
2023-02-06,152.57000732421875,153.10000610351562,150.77999877929688,151.72999572753906,69858300.0,10599599560.533142
2023-02-07,150.63999938964844,155.22999572753906,150.63999938964844,154.64999389648438,83322600.0,12885839581.439209
2023-02-08,153.8800048828125,154.5800018310547,151.1699981689453,151.9199981689453,64120100.0,9741125474.59259
2023-02-09,153.77999877929688,154.3300018310547,150.4199981689453,150.8699951171875,56007100.0,8449790903.527832
2023-02-10,149.4600067138672,151.33999633789062,149.22000122070312,151.00999450683594,57450700.0,8675629891.41388
2023-02-13,150.9499969482422,154.25999450683594,150.9199981689453,153.85000610351562,62199000.0,9569316529.632568
2023-02-14,152.1199951171875,153.77000427246094,150.86000061035156,153.1999969482422,61707600.0,9453604131.68335
2023-02-15,153.11000061035156,155.5,152.8800048828125,155.3300018310547,65573800.0,10185578474.069214
2023-02-16,153.50999450683594,156.3300018310547,153.35000610351562,153.7100067138672,68167900.0,10478088366.670227
2023-02-17,152.35000610351562,153.0,150.85000610351562,152.5500030517578,59144100.0,9022432635.49347
2023-02-21,150.1999969482422,151.3000030517578,148.41000366210938,148.47999572753906,58867200.0,8740601604.492188
2023-02-22,148.8699951171875,149.9499969482422,147.16000366210938,148.91000366210938,51011300.0,7596092869.80896
2023-02-23,150.08999633789062,150.33999633789062,147.24000549316406,149.39999389648438,48394200.0,7230093184.625244
2023-02-24,147.11000061035156,147.19000244140625,145.72000122070312,146.7100067138672,55469600.0,8137945388.415527
2023-02-27,147.7100067138672,149.1699981689453,147.4499969482422,147.9199981689453,44998500.0,6656178037.605286
2023-02-28,147.0500030517578,149.0800018310547,146.8300018310547,147.41000366210938,50547000.0,7451133455.108643
2023-03-01,146.8300018310547,147.22999572753906,145.00999450683594,145.30999755859375,55479000.0,8061653354.553223
2023-03-02,144.3800048828125,146.7100067138672,143.89999389648438,145.91000366210938,52238100.0,7622061362.301636
2023-03-03,148.0399932861328,151.11000061035156,147.3300018310547,151.02999877929688,70732300.0,10682699182.65686
2023-03-06,153.7899932861328,156.3000030517578,153.4600067138672,153.8300018310547,87558000.0,13469047300.323486
2023-03-07,153.6999969482422,154.02999877929688,151.1300048828125,151.60000610351562,56182000.0,8517191542.907715
2023-03-08,152.80999755859375,153.47000122070312,151.8300018310547,152.8699951171875,47204800.0,7216197545.5078125
2023-03-09,153.55999755859375,154.5399932861328,150.22999572753906,150.58999633789062,53833600.0,8106801626.855469
2023-03-10,150.2100067138672,150.94000244140625,147.61000061035156,148.5,68572400.0,10183001400.0
2023-03-13,147.80999755859375,153.13999938964844,147.6999969482422,150.47000122070312,84457100.0,12708259940.097046
2023-03-14,151.27999877929688,153.39999389648438,150.10000610351562,152.58999633789062,73695900.0,11245257111.117554
2023-03-15,151.19000244140625,153.25,149.9199981689453,152.99000549316406,77167900.0,11805917444.895935
2023-03-16,152.16000366210938,156.4600067138672,151.63999938964844,155.85000610351562,76161100.0,11869707899.850464
2023-03-17,156.0800018310547,156.74000549316406,154.27999877929688,155.0,98944600.0,15336413000.0
2023-03-20,155.07000732421875,157.82000732421875,154.14999389648438,157.39999389648438,73641400.0,11591155910.528564
2023-03-21,157.32000732421875,159.39999389648438,156.5399932861328,159.27999877929688,73938300.0,11776892333.743286
2023-03-22,159.3000030517578,162.13999938964844,157.80999755859375,157.8300018310547,75701800.0,11948015232.614136
2023-03-23,158.8300018310547,161.5500030517578,157.67999267578125,158.92999267578125,67622100.0,10747179857.720947
2023-03-24,158.86000061035156,160.33999633789062,157.85000610351562,160.25,59196500.0,9486239125.0
2023-03-27,159.94000244140625,160.77000427246094,157.8699951171875,158.27999877929688,52390300.0,8292336620.046997
2023-03-28,157.97000122070312,158.49000549316406,155.97999572753906,157.64999389648438,45992200.0,7250670049.285889
2023-03-29,159.3699951171875,161.0500030517578,159.35000610351562,160.77000427246094,51305700.0,8248417608.201599
2023-03-30,161.52999877929688,162.47000122070312,161.27000427246094,162.36000061035156,49501700.0,8037096042.21344
2023-03-31,162.44000244140625,165.0,161.91000366210938,164.89999389648438,68749800.0,11336841600.384521
2023-04-03,164.27000427246094,166.2899932861328,164.22000122070312,166.1699981689453,56976200.0,9467735049.673462
2023-04-04,166.60000610351562,166.83999633789062,165.11000061035156,165.6300048828125,46278300.0,7665075054.968262
2023-04-05,164.74000549316406,165.0500030517578,161.8000030517578,163.75999450683594,51511700.0,8435555709.037781
2023-04-06,162.42999267578125,164.9600067138672,162.0,164.66000366210938,45390100.0,7473934032.223511
2023-04-10,161.4199981689453,162.02999877929688,160.0800018310547,162.02999877929688,47716900.0,7731569248.751831
2023-04-11,162.35000610351562,162.36000061035156,160.50999450683594,160.8000030517578,47644200.0,7661187505.39856
2023-04-12,161.22000122070312,162.05999755859375,159.77999877929688,160.10000610351562,50133100.0,8026309615.988159
2023-04-13,161.6300048828125,165.8000030517578,161.4199981689453,165.55999755859375,68445600.0,11331853368.896484
2023-04-14,164.58999633789062,166.32000732421875,163.82000732421875,165.2100067138672,49386500.0,8159143996.574402
2023-04-17,165.08999633789062,165.38999938964844,164.02999877929688,165.22999572753906,41516200.0,6859721548.623657
2023-04-18,166.10000610351562,167.41000366210938,165.64999389648438,166.47000122070312,49923000.0,8310681870.941162
2023-04-19,165.8000030517578,168.16000366210938,165.5399932861328,167.6300048828125,47720200.0,7999337359.008789
2023-04-20,166.08999633789062,167.8699951171875,165.55999755859375,166.64999389648438,52456400.0,8741858739.831543
2023-04-21,165.0500030517578,166.4499969482422,164.49000549316406,165.02000427246094,58337300.0,9626821495.243835
2023-04-24,165.0,165.60000610351562,163.88999938964844,165.3300018310547,41949600.0,6935527444.812012
2023-04-25,165.19000244140625,166.30999755859375,163.72999572753906,163.77000427246094,48714100.0,7977908365.129089
2023-04-26,163.05999755859375,165.27999877929688,162.8000030517578,163.75999450683594,45498800.0,7450883238.067627
2023-04-27,165.19000244140625,168.55999755859375,165.19000244140625,168.41000366210938,64902300.0,10930196580.679321
2023-04-28,168.49000549316406,169.85000610351562,167.8800048828125,169.67999267578125,55275900.0,9379214307.147217
2023-05-01,169.27999877929688,170.4499969482422,168.63999938964844,169.58999633789062,52472900.0,8898878918.838501
2023-05-02,170.08999633789062,170.35000610351562,167.5399932861328,168.5399932861328,48425700.0,8161667152.876282
2023-05-03,169.5,170.9199981689453,167.16000366210938,167.4499969482422,65136000.0,10907023001.220703
2023-05-04,164.88999938964844,167.0399932861328,164.30999755859375,165.7899932861328,81235400.0,13468016420.596313
2023-05-05,170.97999572753906,174.3000030517578,170.75999450683594,173.57000732421875,113453200.0,19692072754.956055
2023-05-08,172.47999572753906,173.85000610351562,172.11000061035156,173.5,55962800.0,9709545800.0
2023-05-09,173.0500030517578,173.5399932861328,171.60000610351562,171.77000427246094,45326900.0,7785801806.65741
2023-05-10,173.02000427246094,174.02999877929688,171.89999389648438,173.55999755859375,53724500.0,9324424088.83667
2023-05-11,173.85000610351562,174.58999633789062,172.1699981689453,173.75,49514700.0,8603179125.0
2023-05-12,173.6199951171875,174.05999755859375,171.0,172.57000732421875,45533100.0,7857647400.494385
2023-05-15,173.16000366210938,173.2100067138672,171.47000122070312,172.07000732421875,37266700.0,6412481341.949463
2023-05-16,171.99000549316406,173.13999938964844,171.8000030517578,172.07000732421875,42110300.0,7245919629.425049
2023-05-17,171.7100067138672,172.92999267578125,170.4199981689453,172.69000244140625,57951600.0,10007661945.483398
2023-05-18,173.0,175.24000549316406,172.5800018310547,175.0500030517578,65496700.0,11465197534.880066
2023-05-19,176.38999938964844,176.38999938964844,174.94000244140625,175.16000366210938,55809500.0,9775592224.380493
2023-05-22,173.97999572753906,174.7100067138672,173.4499969482422,174.1999969482422,43570900.0,7590050647.032166
2023-05-23,173.1300048828125,173.3800048828125,171.27999877929688,171.55999755859375,50747300.0,8706206664.105225
2023-05-24,171.08999633789062,172.4199981689453,170.52000427246094,171.83999633789062,45143500.0,7757458874.679565
2023-05-25,172.41000366210938,173.89999389648438,171.69000244140625,172.99000549316406,56058300.0,9697525624.937439
2023-05-26,173.32000732421875,175.77000427246094,173.11000061035156,175.42999267578125,54835000.0,9619703648.376465
2023-05-30,176.9600067138672,178.99000549316406,176.57000732421875,177.3000030517578,55964400.0,9922488290.789795
2023-05-31,177.3300018310547,179.35000610351562,176.75999450683594,177.25,99625300.0,17658584425.0
2023-06-01,177.6999969482422,180.1199951171875,176.92999267578125,180.08999633789062,68901800.0,12408524909.674072
2023-06-02,181.02999877929688,181.77999877929688,179.25999450683594,180.9499969482422,61996900.0,11218338865.800476
2023-06-05,182.6300048828125,184.9499969482422,178.0399932861328,179.5800018310547,121946500.0,21899152693.29071
2023-06-06,179.97000122070312,180.1199951171875,177.42999267578125,179.2100067138672,64848400.0,11621482199.383545
2023-06-07,178.44000244140625,181.2100067138672,177.32000732421875,177.82000732421875,61944600.0,11014989225.6958
2023-06-08,177.89999389648438,180.83999633789062,177.4600067138672,180.57000732421875,50214900.0,9067304860.784912
2023-06-09,181.5,182.22999572753906,180.6300048828125,180.9600067138672,48900000.0,8848944328.308105
2023-06-12,181.27000427246094,183.88999938964844,180.97000122070312,183.7899932861328,54274900.0,9975183506.60553
2023-06-13,182.8000030517578,184.14999389648438,182.44000244140625,183.30999755859375,54929100.0,10069053186.895752
2023-06-14,183.3699951171875,184.38999938964844,182.02000427246094,183.9499969482422,57462900.0,10570300279.637146
2023-06-15,183.9600067138672,186.52000427246094,183.77999877929688,186.00999450683594,65433200.0,12171229172.564697
2023-06-16,186.72999572753906,186.99000549316406,184.27000427246094,184.9199981689453,101256200.0,18724296318.59436
2023-06-20,184.41000366210938,186.10000610351562,184.41000366210938,185.00999450683594,49799100.0,9213331217.445374
2023-06-21,184.89999389648438,185.41000366210938,182.58999633789062,183.9600067138672,49515700.0,9108908504.441833
2023-06-22,183.74000549316406,187.0500030517578,183.6699981689453,187.0,51245300.0,9582871100.0
2023-06-23,185.5500030517578,187.55999755859375,185.00999450683594,186.67999267578125,53117000.0,9915881170.959473
2023-06-26,186.8300018310547,188.0500030517578,185.22999572753906,185.27000427246094,48088700.0,8909393654.457092
2023-06-27,185.88999938964844,188.38999938964844,185.6699981689453,188.05999755859375,50730800.0,9540434124.145508
2023-06-28,187.92999267578125,189.89999389648438,187.60000610351562,189.25,51216800.0,9692779400.0
2023-06-29,189.0800018310547,190.07000732421875,188.94000244140625,189.58999633789062,46347300.0,8786984437.271118
2023-06-30,191.6300048828125,194.47999572753906,191.25999450683594,193.97000122070312,85213200.0,16528804508.02002
2023-07-03,193.77999877929688,193.8800048828125,191.75999450683594,192.4600067138672,31458200.0,6054445383.206177
2023-07-05,191.57000732421875,192.97999572753906,190.6199951171875,191.3300018310547,46920300.0,8977261084.913635
2023-07-06,189.83999633789062,192.02000427246094,189.1999969482422,191.80999755859375,45094300.0,8649537572.906494
2023-07-07,191.41000366210938,192.6699981689453,190.24000549316406,190.67999267578125,46815000.0,8926683857.1167
2023-07-10,189.25999450683594,189.99000549316406,187.0399932861328,188.61000061035156,59922200.0,11301926178.573608
2023-07-11,189.16000366210938,189.3000030517578,186.60000610351562,188.0800018310547,46638100.0,8771693933.396912
2023-07-12,189.67999267578125,191.6999969482422,188.47000122070312,189.77000427246094,60750200.0,11528565713.552856
2023-07-13,190.5,191.19000244140625,189.77999877929688,190.5399932861328,41342300.0,7877361564.433289
2023-07-14,190.22999572753906,191.17999267578125,189.6300048828125,190.69000244140625,41616200.0,7935793279.602051
2023-07-17,191.89999389648438,194.32000732421875,191.80999755859375,193.99000549316406,50520200.0,9800413875.515747
2023-07-18,193.35000610351562,194.3300018310547,192.4199981689453,193.72999572753906,48288200.0,9354872779.690552
2023-07-19,193.10000610351562,198.22999572753906,192.64999389648438,195.10000610351562,80507300.0,15706974721.377563
2023-07-20,195.08999633789062,196.47000122070312,192.5,193.1300048828125,59581200.0,11506917446.923828
2023-07-21,194.10000610351562,194.97000122070312,191.22999572753906,191.94000244140625,71951700.0,13810409473.66333
2023-07-24,193.41000366210938,194.91000366210938,192.25,192.75,45377800.0,8746570950.0
2023-07-25,193.3300018310547,194.44000244140625,192.9199981689453,193.6199951171875,37283200.0,7218773001.953125
2023-07-26,193.6699981689453,195.63999938964844,193.32000732421875,194.5,47471900.0,9233284550.0
2023-07-27,196.02000427246094,197.1999969482422,192.5500030517578,193.22000122070312,47460200.0,9170259901.934814
2023-07-28,194.6699981689453,196.6300048828125,194.13999938964844,195.8300018310547,48291400.0,9456904950.424194
2023-07-31,196.05999755859375,196.49000549316406,195.25999450683594,196.4499969482422,38824100.0,7626994326.5182495
2023-08-01,196.24000549316406,196.72999572753906,195.27999877929688,195.61000061035156,35175100.0,6880601332.469177
2023-08-02,195.0399932861328,195.17999267578125,191.85000610351562,192.5800018310547,50389300.0,9703971486.265564
2023-08-03,191.57000732421875,192.3699951171875,190.69000244140625,191.1699981689453,61235200.0,11706333071.875
2023-08-04,185.52000427246094,187.3800048828125,181.9199981689453,181.99000549316406,115956800.0,21102978668.969727
2023-08-07,182.1300048828125,183.1300048828125,177.35000610351562,178.85000610351562,97576100.0,17451486080.55725
2023-08-08,179.69000244140625,180.27000427246094,177.5800018310547,179.8000030517578,67823000.0,12194575606.97937
2023-08-09,180.8699951171875,180.92999267578125,177.00999450683594,178.19000244140625,60378500.0,10758845062.408447
2023-08-10,179.47999572753906,180.75,177.60000610351562,177.97000122070312,54686900.0,9732627659.75647
2023-08-11,177.32000732421875,178.6199951171875,176.5500030517578,177.7899932861328,52036700.0,9251604543.632507
2023-08-14,177.97000122070312,179.69000244140625,177.30999755859375,179.4600067138672,43675600.0,7838023469.232178
2023-08-15,178.8800048828125,179.47999572753906,177.0500030517578,177.4499969482422,43622600.0,7740830236.87439
2023-08-16,177.1300048828125,178.5399932861328,176.5,176.57000732421875,46964900.0,8292592736.981201
2023-08-17,177.13999938964844,177.50999450683594,173.47999572753906,174.0,66062900.0,11494944600.0
2023-08-18,172.3000030517578,175.10000610351562,171.9600067138672,174.49000549316406,61172200.0,10673937514.02893
2023-08-21,175.07000732421875,176.1300048828125,173.74000549316406,175.83999633789062,46311900.0,8143484326.400757
2023-08-22,177.05999755859375,177.67999267578125,176.25,177.22999572753906,42038900.0,7450554067.390442
2023-08-23,178.52000427246094,181.5500030517578,178.3300018310547,181.1199951171875,52722800.0,9549153278.564453
2023-08-24,180.6699981689453,181.10000610351562,176.00999450683594,176.3800048828125,54945800.0,9691340472.29004
2023-08-25,177.3800048828125,179.14999389648438,175.82000732421875,178.61000061035156,51449600.0,9189413087.402344
2023-08-28,180.08999633789062,180.58999633789062,178.5500030517578,180.19000244140625,43820700.0,7896052039.984131
2023-08-29,179.6999969482422,184.89999389648438,179.5,184.1199951171875,53003900.0,9759077809.191895
2023-08-30,184.94000244140625,187.85000610351562,184.74000549316406,187.64999389648438,60813900.0,11411727963.821411
2023-08-31,187.83999633789062,189.1199951171875,187.47999572753906,187.8699951171875,60794500.0,11421462418.151855
2023-09-01,189.49000549316406,189.9199981689453,188.27999877929688,189.4600067138672,45766500.0,8670921397.270203
2023-09-05,188.27999877929688,189.97999572753906,187.61000061035156,189.6999969482422,45280000.0,8589615861.816406
2023-09-06,188.39999389648438,188.85000610351562,181.47000122070312,182.91000366210938,81755800.0,14953953677.398682
2023-09-07,175.17999267578125,178.2100067138672,173.5399932861328,177.55999755859375,112488800.0,19973511053.36914
2023-09-08,178.35000610351562,180.24000549316406,177.7899932861328,178.17999267578125,65551300.0,11679930153.88794
2023-09-11,180.07000732421875,180.3000030517578,177.33999633789062,179.36000061035156,58953100.0,10573828051.982117
2023-09-12,179.49000549316406,180.1300048828125,174.82000732421875,176.3000030517578,90370200.0,15932266535.787964
2023-09-13,176.50999450683594,177.3000030517578,173.97999572753906,174.2100067138672,84267900.0,14680311424.763489
2023-09-14,174.0,176.10000610351562,173.5800018310547,175.74000549316406,60895800.0,10701828226.51062
2023-09-15,176.47999572753906,176.5,173.82000732421875,175.00999450683594,109259500.0,19121504494.81964
2023-09-18,176.47999572753906,179.3800048828125,176.1699981689453,177.97000122070312,67257600.0,11969835154.101562
2023-09-19,177.52000427246094,179.6300048828125,177.1300048828125,179.07000732421875,51826900.0,9280643362.591553
2023-09-20,179.25999450683594,179.6999969482422,175.39999389648438,175.49000549316406,58436200.0,10254969058.999634
2023-09-21,174.5500030517578,176.3000030517578,173.86000061035156,173.92999267578125,63149100.0,10983522500.482178
2023-09-22,174.6699981689453,177.0800018310547,174.0500030517578,174.7899932861328,56725400.0,9915032285.153198
2023-09-25,174.1999969482422,176.97000122070312,174.14999389648438,176.0800018310547,46172700.0,8130089100.544739
2023-09-26,174.82000732421875,175.1999969482422,171.66000366210938,171.9600067138672,64588900.0,11106707677.641296
2023-09-27,172.6199951171875,173.0399932861328,169.0500030517578,170.42999267578125,66921800.0,11405481883.850098
2023-09-28,169.33999633789062,172.02999877929688,167.6199951171875,170.69000244140625,56294400.0,9608891273.4375
2023-09-29,172.02000427246094,173.07000732421875,170.33999633789062,171.2100067138672,51861100.0,8879139279.188538
2023-10-02,171.22000122070312,174.3000030517578,170.92999267578125,173.75,52164500.0,9063581875.0
2023-10-03,172.25999450683594,173.6300048828125,170.82000732421875,172.39999389648438,49594600.0,8550108737.298584
2023-10-04,171.08999633789062,174.2100067138672,170.97000122070312,173.66000366210938,53020300.0,9207505492.166138
2023-10-05,173.7899932861328,175.4499969482422,172.67999267578125,174.91000366210938,48527900.0,8488015166.714478
2023-10-06,173.8000030517578,177.99000549316406,173.17999267578125,177.49000549316406,57266700.0,10164266897.575378
2023-10-09,176.80999755859375,179.0500030517578,175.8000030517578,178.99000549316406,42390800.0,7587529524.859619
2023-10-10,178.10000610351562,179.72000122070312,177.9499969482422,178.38999938964844,43698000.0,7795286193.328857
2023-10-11,178.1999969482422,179.85000610351562,177.60000610351562,179.8000030517578,47551100.0,8549687925.114441
2023-10-12,180.07000732421875,182.33999633789062,179.0399932861328,180.7100067138672,56743100.0,10254045981.965637
2023-10-13,181.4199981689453,181.92999267578125,178.13999938964844,178.85000610351562,51427100.0,9197737148.886108
2023-10-16,176.75,179.0800018310547,176.50999450683594,178.72000122070312,52517000.0,9385838304.107666
2023-10-17,176.64999389648438,178.4199981689453,174.8000030517578,177.14999389648438,57549400.0,10194875858.746338
2023-10-18,175.5800018310547,177.5800018310547,175.11000061035156,175.83999633789062,54764400.0,9629771895.446777
2023-10-19,176.0399932861328,177.83999633789062,175.19000244140625,175.4600067138672,59302900.0,10405287232.151794
2023-10-20,175.30999755859375,175.4199981689453,172.63999938964844,172.8800048828125,64244000.0,11106503033.691406
2023-10-23,170.91000366210938,174.00999450683594,169.92999267578125,173.0,55980100.0,9684557300.0
2023-10-24,173.0500030517578,173.6699981689453,171.4499969482422,173.44000244140625,43816600.0,7599551210.974121
2023-10-25,171.8800048828125,173.05999755859375,170.64999389648438,171.10000610351562,57157000.0,9779563048.858643
2023-10-26,170.3699951171875,171.3800048828125,165.6699981689453,166.88999938964844,70625300.0,11786656273.893738
2023-10-27,166.91000366210938,168.9600067138672,166.8300018310547,168.22000122070312,58499100.0,9840718673.410034
2023-10-30,169.02000427246094,171.1699981689453,168.8699951171875,170.2899932861328,51131000.0,8707097646.713257
2023-10-31,169.35000610351562,170.89999389648438,167.89999389648438,170.77000427246094,44846000.0,7658351611.602783
2023-11-01,171.0,174.22999572753906,170.1199951171875,173.97000122070312,56934900.0,9904964622.50061
2023-11-02,175.52000427246094,177.77999877929688,175.4600067138672,177.57000732421875,77334800.0,13732341002.416992
2023-11-03,174.24000549316406,176.82000732421875,173.35000610351562,176.64999389648438,79829200.0,14101827692.76123
2023-11-06,176.3800048828125,179.42999267578125,176.2100067138672,179.22999572753906,63841300.0,11442275926.24054
2023-11-07,179.17999267578125,182.44000244140625,178.97000122070312,181.82000732421875,70530000.0,12823765116.577148
2023-11-08,182.35000610351562,183.4499969482422,181.58999633789062,182.88999938964844,49340300.0,9023847436.88507
2023-11-09,182.9600067138672,184.1199951171875,181.80999755859375,182.41000366210938,53763500.0,9807000231.887817
2023-11-10,183.97000122070312,186.57000732421875,183.52999877929688,186.39999389648438,66133400.0,12327265356.35376
2023-11-13,185.82000732421875,186.02999877929688,184.2100067138672,184.8000030517578,43627500.0,8062362133.140564
2023-11-14,187.6999969482422,188.11000061035156,186.3000030517578,187.44000244140625,60108400.0,11266718642.749023
2023-11-15,187.85000610351562,189.5,187.77999877929688,188.00999450683594,53790500.0,10113151609.519958
2023-11-16,189.57000732421875,190.9600067138672,188.64999389648438,189.7100067138672,54412900.0,10322671624.320984
2023-11-17,190.25,190.3800048828125,188.57000732421875,189.69000244140625,50922700.0,9659527087.322998
2023-11-20,189.88999938964844,191.91000366210938,189.8800048828125,191.4499969482422,46505100.0,8903401253.077698
2023-11-21,191.41000366210938,191.52000427246094,189.74000549316406,190.63999938964844,38134500.0,7269961056.724548
2023-11-22,191.49000549316406,192.92999267578125,190.8300018310547,191.30999755859375,39617700.0,7579262090.2771
2023-11-24,190.8699951171875,190.89999389648438,189.25,189.97000122070312,24048300.0,4568455580.355835
2023-11-27,189.9199981689453,190.6699981689453,188.89999389648438,189.7899932861328,40552600.0,7696477681.7352295
2023-11-28,189.77999877929688,191.0800018310547,189.39999389648438,190.39999389648438,38415400.0,7314291925.531006
2023-11-29,190.89999389648438,192.08999633789062,188.97000122070312,189.3699951171875,43014200.0,8145598843.969727
2023-11-30,189.83999633789062,190.32000732421875,188.19000244140625,189.9499969482422,48794400.0,9268496131.091309
2023-12-01,190.3300018310547,191.55999755859375,189.22999572753906,191.24000549316406,45704800.0,8740586203.063965
2023-12-04,189.97999572753906,190.0500030517578,187.4499969482422,189.42999267578125,43389500.0,8219272667.205811
2023-12-05,190.2100067138672,194.39999389648438,190.17999267578125,193.4199981689453,66628400.0,12887265005.999756
2023-12-06,194.4499969482422,194.75999450683594,192.11000061035156,192.32000732421875,41089700.0,7902371404.949951
2023-12-07,193.6300048828125,195.0,193.58999633789062,194.27000427246094,47477700.0,9223492981.846619
2023-12-08,194.1999969482422,195.99000549316406,193.6699981689453,195.7100067138672,53406400.0,10452166902.563477
2023-12-11,193.11000061035156,193.49000549316406,191.4199981689453,193.17999267578125,60943700.0,11773103519.63501
2023-12-12,193.0800018310547,194.72000122070312,191.72000122070312,194.7100067138672,52696900.0,10260613752.799988
2023-12-13,195.08999633789062,198.0,194.85000610351562,197.9600067138672,70404200.0,13937215904.684448
2023-12-14,198.02000427246094,199.6199951171875,196.16000366210938,198.11000061035156,66831600.0,13240008316.790771
2023-12-15,197.52999877929688,198.39999389648438,197.0,197.57000732421875,128538400.0,25395332629.44336
2023-12-18,196.08999633789062,196.6300048828125,194.38999938964844,195.88999938964844,55751900.0,10921239656.97174
2023-12-19,196.16000366210938,196.9499969482422,195.88999938964844,196.94000244140625,40714100.0,8018234953.399658
2023-12-20,196.89999389648438,197.67999267578125,194.8300018310547,194.8300018310547,52242800.0,10178464819.659424
2023-12-21,196.10000610351562,197.0800018310547,193.5,194.67999267578125,46482500.0,9049212759.552002
2023-12-22,195.17999267578125,195.41000366210938,192.97000122070312,193.60000610351562,37149600.0,7192162786.743164
2023-12-26,193.61000061035156,193.88999938964844,192.8300018310547,193.0500030517578,28919300.0,5582870953.2547
2023-12-27,192.49000549316406,193.5,191.08999633789062,193.14999389648438,48087700.0,9288138961.495972
2023-12-28,194.13999938964844,194.66000366210938,193.1699981689453,193.5800018310547,34049900.0,6591379704.347229
2023-12-29,193.89999389648438,194.39999389648438,191.72999572753906,192.52999877929688,42672100.0,8215659360.910034
2024-01-02,187.14999389648438,188.44000244140625,183.88999938964844,185.63999938964844,82488700.0,15313202217.652893
2024-01-03,184.22000122070312,185.8800048828125,183.42999267578125,184.25,58414500.0,10762871625.0
2024-01-04,182.14999389648438,183.08999633789062,180.8800048828125,181.91000366210938,71983600.0,13094536939.611816
2024-01-05,181.99000549316406,182.75999450683594,180.1699981689453,181.17999267578125,62379700.0,11301953589.117432
2024-01-08,182.08999633789062,185.60000610351562,181.5,185.55999755859375,59144500.0,10974853275.604248
2024-01-09,183.9199981689453,185.14999389648438,182.72999572753906,185.13999938964844,42841800.0,7931730825.85144
2024-01-10,184.35000610351562,186.39999389648438,183.9199981689453,186.19000244140625,46792900.0,8712370165.240479
2024-01-11,186.5399932861328,187.0500030517578,183.6199951171875,185.58999633789062,49128400.0,9117739576.086426
2024-01-12,186.05999755859375,186.74000549316406,185.19000244140625,185.9199981689453,40477800.0,7525632501.882935
2024-01-16,182.16000366210938,184.25999450683594,180.92999267578125,183.6300048828125,65603000.0,12046679210.327148
2024-01-17,181.27000427246094,182.92999267578125,180.3000030517578,182.67999267578125,47317400.0,8643942285.437012
2024-01-18,186.08999633789062,189.13999938964844,185.8300018310547,188.6300048828125,78005800.0,14714234434.887695
2024-01-19,189.3300018310547,191.9499969482422,188.82000732421875,191.55999755859375,68903000.0,13199058511.779785
2024-01-22,192.3000030517578,195.3300018310547,192.25999450683594,193.88999938964844,60133900.0,11659361834.29718
2024-01-23,195.02000427246094,195.75,193.8300018310547,195.17999267578125,42355600.0,8266965697.77832
2024-01-24,195.4199981689453,196.3800048828125,194.33999633789062,194.5,53631300.0,10431287850.0
2024-01-25,195.22000122070312,196.27000427246094,193.11000061035156,194.1699981689453,54822100.0,10644807056.617737
2024-01-26,194.27000427246094,194.75999450683594,191.94000244140625,192.4199981689453,44594000.0,8580777398.345947
2024-01-29,192.00999450683594,192.1999969482422,189.5800018310547,191.72999572753906,47145600.0,9039225686.572266
2024-01-30,190.94000244140625,191.8000030517578,187.47000122070312,188.0399932861328,55859400.0,10503801200.967407
2024-01-31,187.0399932861328,187.10000610351562,184.35000610351562,184.39999389648438,55467800.0,10228261981.451416
2024-02-01,183.99000549316406,186.9499969482422,183.82000732421875,186.86000061035156,64885400.0,12124485883.602905
2024-02-02,179.86000061035156,187.3300018310547,179.25,185.85000610351562,102551700.0,19059234070.925903
2024-02-05,188.14999389648438,189.25,185.83999633789062,187.67999267578125,69668800.0,13075439873.730469
2024-02-06,186.86000061035156,189.30999755859375,186.77000427246094,189.3000030517578,43490800.0,8232808572.723389
2024-02-07,190.63999938964844,191.0500030517578,188.61000061035156,189.41000366210938,53439000.0,10121881185.699463
2024-02-08,189.38999938964844,189.5399932861328,187.35000610351562,188.32000732421875,40962000.0,7713964140.014648
2024-02-09,188.64999389648438,189.99000549316406,188.0,188.85000610351562,45155200.0,8527559795.605469
2024-02-12,188.4199981689453,188.6699981689453,186.7899932861328,187.14999389648438,41781900.0,7819482329.9835205
2024-02-13,185.77000427246094,186.2100067138672,183.50999450683594,185.0399932861328,56529500.0,10460218300.468445
2024-02-14,185.32000732421875,185.52999877929688,182.44000244140625,184.14999389648438,54630500.0,10060206241.56189
2024-02-15,183.5500030517578,184.49000549316406,181.35000610351562,183.86000061035156,65434500.0,12030787209.93805
2024-02-16,183.4199981689453,184.85000610351562,181.6699981689453,182.30999755859375,49752500.0,9070378153.533936
2024-02-20,181.7899932861328,182.42999267578125,180.0,181.55999755859375,53665600.0,9743526204.980469
2024-02-21,181.94000244140625,182.88999938964844,180.66000366210938,182.32000732421875,41371400.0,7542833951.013184
2024-02-22,183.47999572753906,184.9600067138672,182.4600067138672,184.3699951171875,52292200.0,9641112658.666992
2024-02-23,185.00999450683594,185.0399932861328,182.22999572753906,182.52000427246094,45119700.0,8235247836.772156
2024-02-26,182.24000549316406,182.75999450683594,180.64999389648438,181.16000366210938,40867400.0,7403538333.660889
2024-02-27,181.10000610351562,183.9199981689453,179.55999755859375,182.6300048828125,54318900.0,9920260972.229004
2024-02-28,182.50999450683594,183.1199951171875,180.1300048828125,181.4199981689453,48953900.0,8881216448.362732
2024-02-29,181.27000427246094,182.57000732421875,179.52999877929688,180.75,136682600.0,24705379950.0
2024-03-01,179.5500030517578,180.52999877929688,177.3800048828125,179.66000366210938,73563100.0,13216346815.396118
2024-03-04,176.14999389648438,176.89999389648438,173.7899932861328,175.10000610351562,81510100.0,14272419007.498169
2024-03-05,170.75999450683594,172.0399932861328,169.6199951171875,170.1199951171875,95132400.0,16183923423.486328
2024-03-06,171.05999755859375,171.24000549316406,168.67999267578125,169.1199951171875,68587700.0,11599551489.099121
2024-03-07,169.14999389648438,170.72999572753906,168.49000549316406,169.0,71765100.0,12128301900.0
2024-03-08,169.0,173.6999969482422,168.94000244140625,170.72999572753906,76267000.0,13021064584.152222
2024-03-11,172.94000244140625,174.3800048828125,172.0500030517578,172.75,60139500.0,10389098625.0
2024-03-12,173.14999389648438,174.02999877929688,171.00999450683594,173.22999572753906,59825400.0,10363553786.398315
2024-03-13,172.77000427246094,173.19000244140625,170.75999450683594,171.1300048828125,52488700.0,8982391487.29248
2024-03-14,172.91000366210938,174.30999755859375,172.0500030517578,173.0,72913500.0,12614035500.0
2024-03-15,171.1699981689453,172.6199951171875,170.2899932861328,172.6199951171875,121752700.0,21016950479.504395
2024-03-18,175.57000732421875,177.7100067138672,173.52000427246094,173.72000122070312,75604200.0,13133961716.290283
2024-03-19,174.33999633789062,176.61000061035156,173.02999877929688,176.0800018310547,55215200.0,9722292517.10205
2024-03-20,175.72000122070312,178.6699981689453,175.08999633789062,178.6699981689453,53423100.0,9545105179.179382
2024-03-21,177.0500030517578,177.49000549316406,170.83999633789062,171.3699951171875,106181300.0,18196288862.53662
2024-03-22,171.75999450683594,173.0500030517578,170.05999755859375,172.27999877929688,71160100.0,12259461941.134644
2024-03-25,170.57000732421875,171.94000244140625,169.4499969482422,170.85000610351562,54288300.0,9275156386.349487
2024-03-26,170.0,171.4199981689453,169.5800018310547,169.7100067138672,57388400.0,9739385749.298096
2024-03-27,170.41000366210938,173.60000610351562,170.11000061035156,173.30999755859375,60273300.0,10445965475.848389
2024-03-28,171.75,172.22999572753906,170.50999450683594,171.47999572753906,65672700.0,11261554315.415955
2024-04-01,171.19000244140625,171.25,169.47999572753906,170.02999877929688,46240500.0,7862272158.554077
2024-04-02,169.0800018310547,169.33999633789062,168.22999572753906,168.83999633789062,49329500.0,8328792599.349976
2024-04-03,168.7899932861328,170.67999267578125,168.5800018310547,169.64999389648438,47691700.0,8090896613.912964
2024-04-04,170.2899932861328,171.9199981689453,168.82000732421875,168.82000732421875,53704400.0,9066377201.342773
2024-04-05,169.58999633789062,170.38999938964844,168.9499969482422,169.5800018310547,42104800.0,7140132061.096191
2024-04-08,169.02999877929688,169.1999969482422,168.24000549316406,168.4499969482422,37425500.0,6304325360.786438
2024-04-09,168.6999969482422,170.0800018310547,168.35000610351562,169.6699981689453,42373800.0,7189562568.411255
2024-04-10,168.8000030517578,169.08999633789062,167.11000061035156,167.77999877929688,49709300.0,8340226293.319702
2024-04-11,168.33999633789062,175.4600067138672,168.16000366210938,175.0399932861328,91070300.0,15940944700.566101
2024-04-12,174.25999450683594,178.36000061035156,174.2100067138672,176.5500030517578,101670900.0,17949997705.274963
2024-04-15,175.36000061035156,176.6300048828125,172.5,172.69000244140625,73531800.0,12698206721.520996
2024-04-16,171.75,173.75999450683594,168.27000427246094,169.3800048828125,73711200.0,12485203415.917969
2024-04-17,169.61000061035156,170.64999389648438,168.0,168.0,50901200.0,8551401600.0
2024-04-18,168.02999877929688,168.63999938964844,166.5500030517578,167.0399932861328,43122900.0,7203248926.478577
2024-04-19,166.2100067138672,166.39999389648438,164.0800018310547,165.0,68149400.0,11244651000.0
2024-04-22,165.52000427246094,167.25999450683594,164.77000427246094,165.83999633789062,48116400.0,7979623599.79248
2024-04-23,165.35000610351562,167.0500030517578,164.9199981689453,166.89999389648438,49537800.0,8267858517.645264
2024-04-24,166.5399932861328,169.3000030517578,166.2100067138672,169.02000427246094,48251800.0,8155519442.153931
2024-04-25,169.52999877929688,170.61000061035156,168.14999389648438,169.88999938964844,50558300.0,8589349556.141663
2024-04-26,169.8800048828125,171.33999633789062,169.17999267578125,169.3000030517578,44838400.0,7591141256.8359375
2024-04-29,173.3699951171875,176.02999877929688,173.10000610351562,173.5,68169400.0,11827390900.0
2024-04-30,173.3300018310547,174.99000549316406,170.0,170.3300018310547,65934800.0,11230674604.730225
2024-05-01,169.5800018310547,172.7100067138672,169.11000061035156,169.3000030517578,50383100.0,8529858983.757019
2024-05-02,172.50999450683594,173.4199981689453,170.88999938964844,173.02999877929688,94214900.0,16302004031.991577
2024-05-03,186.64999389648438,187.0,182.66000366210938,183.3800048828125,163224100.0,29932036254.992676
2024-05-06,182.35000610351562,184.1999969482422,180.4199981689453,181.7100067138672,78569700.0,14276900714.50653
2024-05-07,183.4499969482422,184.89999389648438,181.32000732421875,182.39999389648438,77305800.0,14100577448.162842
2024-05-08,182.85000610351562,183.07000732421875,181.4499969482422,182.74000549316406,45057100.0,8233734701.5060425
2024-05-09,182.55999755859375,184.66000366210938,182.11000061035156,184.57000732421875,48983000.0,9040792668.762207
2024-05-10,184.89999389648438,185.08999633789062,182.1300048828125,183.0500030517578,50759500.0,9291526629.9057
2024-05-13,185.44000244140625,187.10000610351562,184.6199951171875,186.27999877929688,72044800.0,13420505256.054688
2024-05-14,187.50999450683594,188.3000030517578,186.2899932861328,187.42999267578125,52393600.0,9820132064.257812
2024-05-15,187.91000366210938,190.64999389648438,187.3699951171875,189.72000122070312,70400000.0,13356288085.9375
2024-05-16,190.47000122070312,191.10000610351562,189.66000366210938,189.83999633789062,52845200.0,10032132574.475098
2024-05-17,189.50999450683594,190.80999755859375,189.17999267578125,189.8699951171875,41282900.0,7838384021.42334
2024-05-20,189.3300018310547,191.9199981689453,189.00999450683594,191.0399932861328,44361300.0,8474782454.164124
2024-05-21,191.08999633789062,192.72999572753906,190.9199981689453,192.35000610351562,42309400.0,8138213348.236084
2024-05-22,192.27000427246094,192.82000732421875,190.27000427246094,190.89999389648438,34648500.0,6614398438.522339
2024-05-23,190.97999572753906,191.0,186.6300048828125,186.8800048828125,51005900.0,9531982841.052246
2024-05-24,188.82000732421875,190.5800018310547,188.0399932861328,189.97999572753906,36327000.0,6901403304.794312
2024-05-28,191.50999450683594,193.0,189.10000610351562,189.99000549316406,52280100.0,9932696486.183167
2024-05-29,189.61000061035156,192.25,189.50999450683594,190.2899932861328,53068000.0,10098309363.708496
2024-05-30,190.75999450683594,192.17999267578125,190.6300048828125,191.2899932861328,49889100.0,9543285604.051208
2024-05-31,191.44000244140625,192.57000732421875,189.91000366210938,192.25,75158300.0,14449183175.0
2024-06-03,192.89999389648438,194.99000549316406,192.52000427246094,194.02999877929688,50080500.0,9717119353.866577
2024-06-04,194.63999938964844,195.32000732421875,193.02999877929688,194.35000610351562,47471400.0,9226066879.742432
2024-06-05,195.39999389648438,196.89999389648438,194.8699951171875,195.8699951171875,54156800.0,10607692151.5625
2024-06-06,195.69000244140625,196.5,194.1699981689453,194.47999572753906,41181800.0,8009036288.052368
2024-06-07,194.64999389648438,196.94000244140625,194.13999938964844,196.88999938964844,53103900.0,10455626838.587952
2024-06-10,196.89999389648438,197.3000030517578,192.14999389648438,193.1199951171875,97010200.0,18734609350.317383
2024-06-11,193.64999389648438,207.16000366210938,193.6300048828125,207.14999389648438,172373300.0,35707128042.91687
2024-06-12,207.3699951171875,220.1999969482422,206.89999389648438,213.07000732421875,198134300.0,42216476752.178955
2024-06-13,214.74000549316406,216.75,211.60000610351562,214.24000549316406,97862700.0,20966105385.575867
2024-06-14,213.85000610351562,215.1699981689453,211.3000030517578,212.49000549316406,70122700.0,14900372908.195496
2024-06-17,213.3699951171875,218.9499969482422,212.72000122070312,216.6699981689453,93728300.0,20308110589.378357
2024-06-18,217.58999633789062,218.6300048828125,213.0,214.2899932861328,79943300.0,17131049220.271301
2024-06-20,213.92999267578125,214.24000549316406,208.85000610351562,209.67999267578125,86172500.0,18068649168.85376
2024-06-21,210.38999938964844,211.88999938964844,207.11000061035156,207.49000549316406,241805100.0,50172141527.275085
2024-06-24,207.72000122070312,212.6999969482422,206.58999633789062,208.13999938964844,80727000.0,16802517730.72815
2024-06-25,209.14999389648438,211.3800048828125,208.61000061035156,209.07000732421875,55549700.0,11613776185.858154
2024-06-26,211.5,214.86000061035156,210.63999938964844,213.25,66213200.0,14119964900.0
2024-06-27,214.69000244140625,215.74000549316406,212.35000610351562,214.10000610351562,49772700.0,10656335373.788452
2024-06-28,215.77000427246094,216.07000732421875,210.3000030517578,210.6199951171875,82542700.0,17385143070.959473
2024-07-01,212.08999633789062,217.50999450683594,211.9199981689453,216.75,60402900.0,13092328575.0
2024-07-02,216.14999389648438,220.3800048828125,215.10000610351562,220.27000427246094,58046200.0,12785836722.000122
2024-07-03,220.0,221.5500030517578,219.02999877929688,221.5500030517578,37369800.0,8279279304.043579
2024-07-05,221.64999389648438,226.4499969482422,221.64999389648438,226.33999633789062,60412400.0,13673742394.763184
2024-07-08,227.08999633789062,227.85000610351562,223.25,227.82000732421875,59085900.0,13460950170.758057
2024-07-09,227.92999267578125,229.39999389648438,226.3699951171875,228.67999267578125,48076100.0,10994042195.880127
2024-07-10,229.3000030517578,233.0800018310547,229.25,232.97999572753906,62627700.0,14591001278.425598
2024-07-11,231.38999938964844,232.38999938964844,225.77000427246094,227.57000732421875,64710600.0,14726191715.95459
2024-07-12,228.9199981689453,232.63999938964844,228.67999267578125,230.5399932861328,53046500.0,12229339753.852844
2024-07-15,236.47999572753906,237.22999572753906,233.08999633789062,234.39999389648438,62631300.0,14680776337.728882
2024-07-16,235.0,236.27000427246094,232.3300018310547,234.82000732421875,43234300.0,10152278642.65747
2024-07-17,229.4499969482422,231.4600067138672,226.63999938964844,228.8800048828125,57345900.0,13125329872.009277
2024-07-18,230.27999877929688,230.44000244140625,222.27000427246094,224.17999267578125,66034600.0,14803636144.348145
2024-07-19,224.82000732421875,226.8000030517578,223.27999877929688,224.30999755859375,49151500.0,11025172845.00122
2024-07-22,227.00999450683594,227.77999877929688,223.08999633789062,223.9600067138672,48201800.0,10795275451.620483
2024-07-23,224.3699951171875,226.94000244140625,222.67999267578125,225.00999450683594,39960300.0,8991466883.491516
2024-07-24,224.0,224.8000030517578,217.1300048828125,218.5399932861328,61777600.0,13500876289.233398
2024-07-25,218.92999267578125,220.85000610351562,214.6199951171875,217.49000549316406,51391200.0,11177072370.300293
2024-07-26,218.6999969482422,219.49000549316406,216.00999450683594,217.9600067138672,41601300.0,9067419627.305603
2024-07-29,216.9600067138672,219.3000030517578,215.75,218.24000549316406,36311800.0,7924687431.466675
2024-07-30,219.19000244140625,220.3300018310547,216.1199951171875,218.8000030517578,41643800.0,9111663567.086792
2024-07-31,221.44000244140625,223.82000732421875,220.6300048828125,222.0800018310547,50036300.0,11112061595.619202
2024-08-01,224.3699951171875,224.47999572753906,217.02000427246094,218.36000061035156,62501000.0,13647718398.147583
2024-08-02,219.14999389648438,225.60000610351562,217.7100067138672,219.86000061035156,105568600.0,23210312460.43396
2024-08-05,199.08999633789062,213.5,196.0,209.27000427246094,119548600.0,25017936032.766724
2024-08-06,205.3000030517578,209.99000549316406,201.07000732421875,207.22999572753906,69660500.0,14435745117.378235
2024-08-07,206.89999389648438,213.63999938964844,206.38999938964844,209.82000732421875,63516400.0,13327011513.208008
2024-08-08,213.11000061035156,214.1999969482422,208.8300018310547,213.30999755859375,47161100.0,10059934125.860596
2024-08-09,212.10000610351562,216.77999877929688,211.97000122070312,216.24000549316406,42201600.0,9125674215.820312
2024-08-12,216.07000732421875,219.50999450683594,215.60000610351562,217.52999877929688,38028100.0,8272252546.5789795
2024-08-13,219.00999450683594,221.88999938964844,219.00999450683594,221.27000427246094,44155300.0,9770243419.651794
2024-08-14,220.57000732421875,223.02999877929688,219.6999969482422,221.72000122070312,41960600.0,9303504283.221436
2024-08-15,224.60000610351562,225.35000610351562,222.75999450683594,224.72000122070312,46414000.0,10430154136.657715
2024-08-16,223.9199981689453,226.8300018310547,223.64999389648438,226.0500030517578,44340200.0,10023102345.315552
2024-08-19,225.72000122070312,225.99000549316406,223.0399932861328,225.88999938964844,40687800.0,9190967117.166138
2024-08-20,225.77000427246094,227.1699981689453,225.4499969482422,226.50999450683594,30299000.0,6863026323.562622
2024-08-21,226.52000427246094,227.97999572753906,225.0500030517578,226.39999389648438,34765500.0,7870908987.808228
2024-08-22,227.7899932861328,228.33999633789062,223.89999389648438,224.52999877929688,43695300.0,9810905655.66101
2024-08-23,225.66000366210938,228.22000122070312,224.3300018310547,226.83999633789062,38677300.0,8773558590.359497
2024-08-26,226.75999450683594,227.27999877929688,223.88999938964844,227.17999267578125,30602200.0,6952207571.862793
2024-08-27,226.0,228.85000610351562,224.88999938964844,228.02999877929688,35934600.0,8194166794.1345215
2024-08-28,227.9199981689453,229.86000061035156,225.67999267578125,226.49000549316406,38052200.0,8618442987.026978
2024-08-29,230.10000610351562,232.9199981689453,228.8800048828125,229.7899932861328,51906300.0,11927548328.507996
2024-08-30,230.19000244140625,230.39999389648438,227.47999572753906,229.0,52990800.0,12134893200.0
2024-09-03,228.5500030517578,229.0,221.1699981689453,222.77000427246094,50190600.0,11180960176.437378
2024-09-04,221.66000366210938,221.77999877929688,217.47999572753906,220.85000610351562,43840200.0,9682108437.579346
2024-09-05,221.6300048828125,225.47999572753906,221.52000427246094,222.3800048828125,36615400.0,8142532830.786133
2024-09-06,223.9499969482422,225.24000549316406,219.77000427246094,220.82000732421875,48423000.0,10692767214.660645
2024-09-09,220.82000732421875,221.27000427246094,216.7100067138672,220.91000366210938,67180000.0,14840734046.020508
2024-09-10,218.9199981689453,221.47999572753906,216.72999572753906,220.11000061035156,51591000.0,11355695041.488647
2024-09-11,221.4600067138672,223.08999633789062,217.88999938964844,222.66000366210938,44587100.0,9927763849.282837
2024-09-12,222.5,223.5500030517578,219.82000732421875,222.77000427246094,37455600.0,8343984172.027588
2024-09-13,223.5800018310547,224.0399932861328,221.91000366210938,222.5,36766600.0,8180568500.0
2024-09-16,216.5399932861328,217.22000122070312,213.9199981689453,216.32000732421875,59357400.0,12840193202.746582
2024-09-17,215.75,216.89999389648438,214.5,216.7899932861328,45519300.0,9868128741.389465
2024-09-18,217.5500030517578,222.7100067138672,217.5399932861328,220.69000244140625,59894900.0,13218205627.227783
2024-09-19,224.99000549316406,229.82000732421875,224.6300048828125,228.8699951171875,66781300.0,15284235804.919434
2024-09-20,229.97000122070312,233.08999633789062,227.6199951171875,228.1999969482422,318679900.0,72722752207.46613
2024-09-23,227.33999633789062,229.4499969482422,225.80999755859375,226.47000122070312,54146000.0,12262444686.096191
2024-09-24,228.64999389648438,229.35000610351562,225.72999572753906,227.3699951171875,43556100.0,9903350244.32373
2024-09-25,224.92999267578125,227.2899932861328,224.02000427246094,226.3699951171875,42308700.0,9577420212.41455
2024-09-26,227.3000030517578,228.5,225.41000366210938,227.52000427246094,36636700.0,8335582140.52887
2024-09-27,228.4600067138672,229.52000427246094,227.3000030517578,227.7899932861328,34026000.0,7750782311.553955
2024-09-30,230.0399932861328,233.0,229.64999389648438,233.0,54541900.0,12708262700.0
2024-10-01,229.52000427246094,229.64999389648438,223.74000549316406,226.2100067138672,63285000.0,14315700274.887085
2024-10-02,225.88999938964844,227.3699951171875,223.02000427246094,226.77999877929688,32880600.0,7456662427.862549
2024-10-03,225.13999938964844,226.80999755859375,223.32000732421875,225.6699981689453,34044200.0,7682754551.663208
2024-10-04,227.89999389648438,228.0,224.1300048828125,226.8000030517578,37245100.0,8447188793.663025
2024-10-07,224.5,225.69000244140625,221.3300018310547,221.69000244140625,39505400.0,8757952222.44873
2024-10-08,224.3000030517578,225.97999572753906,223.25,225.77000427246094,31855700.0,7192061525.102234
2024-10-09,225.22999572753906,229.75,224.8300018310547,229.5399932861328,33591100.0,7710500868.473816
2024-10-10,227.77999877929688,229.5,227.1699981689453,229.0399932861328,28183500.0,6455148650.779724
2024-10-11,229.3000030517578,229.41000366210938,227.33999633789062,227.5500030517578,31759200.0,7226806056.921387
2024-10-14,228.6999969482422,231.72999572753906,228.60000610351562,231.3000030517578,39882100.0,9224729851.71051
2024-10-15,233.61000061035156,237.49000549316406,232.3699951171875,233.85000610351562,64751400.0,15142115285.211182
2024-10-16,231.60000610351562,232.1199951171875,229.83999633789062,231.77999877929688,34082200.0,7899572274.395752
2024-10-17,233.42999267578125,233.85000610351562,230.52000427246094,232.14999389648438,32993800.0,7659510468.621826
2024-10-18,236.17999267578125,236.17999267578125,234.00999450683594,235.0,46431500.0,10911402500.0
2024-10-21,234.4499969482422,236.85000610351562,234.4499969482422,236.47999572753906,36254500.0,8573464005.104065
2024-10-22,233.88999938964844,236.22000122070312,232.60000610351562,235.86000061035156,38846600.0,9162359099.710083
2024-10-23,234.0800018310547,235.13999938964844,227.75999450683594,230.75999450683594,52287000.0,12065747832.77893
2024-10-24,229.97999572753906,230.82000732421875,228.41000366210938,230.57000732421875,31109500.0,7172917642.852783
2024-10-25,229.74000549316406,233.22000122070312,229.57000732421875,231.41000366210938,38802300.0,8979240385.098267
2024-10-28,233.32000732421875,234.72999572753906,232.5500030517578,233.39999389648438,36087100.0,8422728919.741821
2024-10-29,233.10000610351562,234.3300018310547,232.32000732421875,233.6699981689453,35417200.0,8275937059.14917
2024-10-30,232.61000061035156,233.47000122070312,229.5500030517578,230.10000610351562,47070900.0,10831014377.297974
2024-10-31,229.33999633789062,229.8300018310547,225.3699951171875,225.91000366210938,64370100.0,14541849526.730347
2024-11-01,220.97000122070312,225.35000610351562,220.27000427246094,222.91000366210938,65276700.0,14550829436.050415
2024-11-04,220.99000549316406,222.7899932861328,219.7100067138672,222.00999450683594,44944500.0,9978128198.112488
2024-11-05,221.8000030517578,223.9499969482422,221.13999938964844,223.4499969482422,28111300.0,6281469899.211121
2024-11-06,222.61000061035156,226.07000732421875,221.19000244140625,222.72000122070312,54561100.0,12151848258.602905
2024-11-07,224.6300048828125,227.8800048828125,224.57000732421875,227.47999572753906,42137700.0,9585483815.968323
2024-11-08,227.1699981689453,228.66000366210938,226.41000366210938,226.9600067138672,38328800.0,8699104705.334473
2024-11-11,225.0,225.6999969482422,221.5,224.22999572753906,42005600.0,9418915508.532715
2024-11-12,224.5500030517578,225.58999633789062,223.36000061035156,224.22999572753906,40398300.0,9058510636.399841
2024-11-13,224.00999450683594,226.64999389648438,222.75999450683594,225.1199951171875,48566200.0,10933222706.860352
2024-11-14,225.02000427246094,228.8699951171875,225.0,228.22000122070312,44923900.0,10252532512.838745
2024-11-15,226.39999389648438,226.9199981689453,224.27000427246094,225.0,47923700.0,10782832500.0
2024-11-18,225.25,229.74000549316406,225.1699981689453,228.02000427246094,44633700.0,10177376464.69574
2024-11-19,226.97999572753906,230.16000366210938,226.66000366210938,228.27999877929688,36211800.0,8266429659.796143
2024-11-20,228.05999755859375,229.92999267578125,225.88999938964844,229.0,35169600.0,8053838400.0
2024-11-21,228.8800048828125,230.16000366210938,225.7100067138672,228.52000427246094,42108300.0,9622588895.906067
2024-11-22,228.05999755859375,230.72000122070312,228.05999755859375,229.8699951171875,38168300.0,8773746934.631348
2024-11-25,231.4600067138672,233.25,229.74000549316406,232.8699951171875,90152800.0,20993882095.80078
2024-11-26,233.3300018310547,235.57000732421875,233.3300018310547,235.05999755859375,45986200.0,10809516059.729004
2024-11-27,234.47000122070312,235.69000244140625,233.80999755859375,234.92999267578125,33498400.0,7869778866.650391
2024-11-29,234.80999755859375,237.80999755859375,233.97000122070312,237.3300018310547,28481400.0,6759490714.151001
2024-12-02,237.27000427246094,240.7899932861328,237.16000366210938,239.58999633789062,48137100.0,11533167612.716675
2024-12-03,239.80999755859375,242.75999450683594,238.89999389648438,242.64999389648438,38861000.0,9429621412.81128
2024-12-04,242.8699951171875,244.11000061035156,241.25,243.00999450683594,44383900.0,10785731295.191956
2024-12-05,243.99000549316406,244.5399932861328,242.1300048828125,243.0399932861328,40033900.0,9729838787.217712
2024-12-06,242.91000366210938,244.6300048828125,242.0800018310547,242.83999633789062,36870600.0,8953656368.97583
2024-12-09,241.8300018310547,247.24000549316406,241.75,246.75,44649200.0,11017190100.0
2024-12-10,246.88999938964844,248.2100067138672,245.33999633789062,247.77000427246094,36914800.0,9146380153.717041
2024-12-11,247.9600067138672,250.8000030517578,246.25999450683594,246.49000549316406,45205800.0,11142777890.322876
2024-12-12,246.88999938964844,248.74000549316406,245.67999267578125,247.9600067138672,32777500.0,8127509120.063782
2024-12-13,247.82000732421875,249.2899932861328,246.24000549316406,248.1300048828125,33155300.0,8226824750.891113
2024-12-16,247.99000549316406,251.3800048828125,247.64999389648438,251.0399932861328,51694800.0,12977462244.927979
2024-12-17,250.0800018310547,253.8300018310547,249.77999877929688,253.47999572753906,51356400.0,13017820052.581787
2024-12-18,252.16000366210938,254.27999877929688,247.74000549316406,248.0500030517578,56774100.0,14082815678.260803
2024-12-19,247.5,252.0,247.08999633789062,249.7899932861328,60882300.0,15207789308.244324
2024-12-20,248.0399932861328,255.0,245.69000244140625,254.49000549316406,147495300.0,37536079707.21588
2024-12-23,254.77000427246094,255.64999389648438,253.4499969482422,255.27000427246094,40858800.0,10430026050.567627
2024-12-24,255.49000549316406,258.2099914550781,255.2899932861328,258.20001220703125,23234700.0,5999199823.626709
2024-12-26,258.19000244140625,260.1000061035156,257.6300048828125,259.0199890136719,27237100.0,7054953342.764282
2024-12-27,257.8299865722656,258.70001220703125,253.05999755859375,255.58999633789062,42355300.0,10825590971.890259
2024-12-30,252.22999572753906,253.5,250.75,252.1999969482422,35557500.0,8967601391.487122
2024-12-31,252.44000244140625,253.27999877929688,249.42999267578125,250.4199981689453,39480700.0,9886756821.70868
2025-01-02,248.92999267578125,249.10000610351562,241.82000732421875,243.85000610351562,55740700.0,13592370035.214233
2025-01-03,243.36000061035156,244.17999267578125,241.88999938964844,243.36000061035156,40244100.0,9793804200.56305
2025-01-06,244.30999755859375,247.3300018310547,243.1999969482422,245.0,45045600.0,11036172000.0
2025-01-07,242.97999572753906,245.5500030517578,241.35000610351562,242.2100067138672,40856000.0,9895732034.301758
2025-01-08,241.9199981689453,243.7100067138672,240.0500030517578,242.6999969482422,37628900.0,9132533915.16571
2025-01-10,240.00999450683594,240.16000366210938,233.0,236.85000610351562,61710900.0,14616227041.653442
2025-01-13,233.52999877929688,234.6699981689453,229.72000122070312,234.39999389648438,49630700.0,11633435777.078247
2025-01-14,234.75,236.1199951171875,232.47000122070312,233.27999877929688,39435300.0,9199466735.861206
2025-01-15,234.63999938964844,238.9600067138672,234.42999267578125,237.8699951171875,39832000.0,9474837645.507812
2025-01-16,237.35000610351562,238.00999450683594,228.02999877929688,228.25999450683594,71759100.0,16379731771.81549
2025-01-17,232.1199951171875,232.2899932861328,228.47999572753906,229.97999572753906,68488300.0,15750938941.386414
2025-01-21,224.0,224.4199981689453,219.3800048828125,222.63999938964844,98070400.0,21834393796.14258
2025-01-22,219.7899932861328,224.1199951171875,219.7899932861328,223.8300018310547,64126500.0,14353434612.419128
2025-01-23,224.74000549316406,227.02999877929688,222.3000030517578,223.66000366210938,60234800.0,13472115588.586426
2025-01-24,224.77999877929688,225.6300048828125,221.41000366210938,222.77999877929688,54697900.0,12185598095.230103
2025-01-27,224.02000427246094,232.14999389648438,223.97999572753906,229.86000061035156,94863400.0,21805301181.900024
2025-01-28,230.85000610351562,240.19000244140625,230.80999755859375,238.25999450683594,75707600.0,18038092360.125732
2025-01-29,234.1199951171875,239.86000061035156,234.00999450683594,239.36000061035156,45486100.0,10887552923.762512
2025-01-30,238.6699981689453,240.7899932861328,237.2100067138672,237.58999633789062,55658300.0,13223855293.173218
2025-01-31,247.19000244140625,247.19000244140625,233.44000244140625,236.0,100959800.0,23826512800.0
2025-02-03,229.99000549316406,231.8300018310547,225.6999969482422,228.00999450683594,73063300.0,16659162631.651306
2025-02-04,227.25,233.1300048828125,226.64999389648438,232.8000030517578,45067300.0,10491667577.534485
2025-02-05,228.52999877929688,232.6699981689453,228.27000427246094,232.47000122070312,39620300.0,9210531189.364624
2025-02-06,231.2899932861328,233.8000030517578,230.42999267578125,233.22000122070312,29925300.0,6979178502.529907
2025-02-07,232.60000610351562,234.0,227.25999450683594,227.6300048828125,39707200.0,9038550129.882812
2025-02-10,229.57000732421875,230.58999633789062,227.1999969482422,227.64999389648438,33115600.0,7538766137.878418
2025-02-11,228.1999969482422,235.22999572753906,228.1300048828125,232.6199951171875,53718400.0,12495973945.703125
2025-02-12,231.1999969482422,236.9600067138672,230.67999267578125,236.8699951171875,45243300.0,10716780250.08545
2025-02-13,236.91000366210938,242.33999633789062,235.57000732421875,241.52999877929688,53614100.0,12949413507.5531
2025-02-14,241.25,245.5500030517578,240.99000549316406,244.60000610351562,40896200.0,10003210769.610596
2025-02-18,244.14999389648438,245.17999267578125,241.83999633789062,244.47000122070312,48822500.0,11935636634.597778
2025-02-19,244.66000366210938,246.00999450683594,243.16000366210938,244.8699951171875,32204200.0,7885842296.75293
2025-02-20,244.94000244140625,246.77999877929688,244.2899932861328,245.8300018310547,32316900.0,7944463586.174011
2025-02-21,245.9499969482422,248.69000244140625,245.22000122070312,245.5500030517578,53197400.0,13062621732.345581
2025-02-24,244.92999267578125,248.86000061035156,244.4199981689453,247.10000610351562,51326400.0,12682753753.271484
2025-02-25,248.0,250.0,244.91000366210938,247.0399932861328,48013300.0,11861205309.64508
2025-02-26,244.3300018310547,244.97999572753906,239.1300048828125,240.36000061035156,44433600.0,10680060123.120117
2025-02-27,239.41000366210938,242.4600067138672,237.05999755859375,237.3000030517578,41153600.0,9765749405.59082
2025-02-28,236.9499969482422,242.08999633789062,230.1999969482422,241.83999633789062,56833400.0,13744589247.869873
2025-03-03,241.7899932861328,244.02999877929688,236.11000061035156,238.02999877929688,47184000.0,11231207462.402344
2025-03-04,237.7100067138672,240.07000732421875,234.67999267578125,235.92999267578125,53798100.0,12692585338.970947
2025-03-05,235.4199981689453,236.5500030517578,229.22999572753906,235.74000549316406,47227600.0,11133434683.428955
2025-03-06,234.44000244140625,237.86000061035156,233.16000366210938,235.3300018310547,45170400.0,10629950314.709473
2025-03-07,235.11000061035156,241.3699951171875,234.75999450683594,239.07000732421875,46273600.0,11062629890.917969
2025-03-10,235.5399932861328,236.16000366210938,224.22000122070312,227.47999572753906,72071200.0,16394756268.078613
2025-03-11,223.80999755859375,225.83999633789062,217.4499969482422,220.83999633789062,76137400.0,16814183137.176514
2025-03-12,220.13999938964844,221.75,214.91000366210938,216.97999572753906,62547500.0,13571556282.76825
2025-03-13,215.9499969482422,216.83999633789062,208.4199981689453,209.67999267578125,61368300.0,12867704694.525146
2025-03-14,211.25,213.9499969482422,209.5800018310547,213.49000549316406,60107600.0,12832371854.180908
2025-03-17,213.30999755859375,215.22000122070312,209.97000122070312,214.0,48073400.0,10287707600.0
2025-03-18,214.16000366210938,215.14999389648438,211.49000549316406,212.69000244140625,42432400.0,9024947259.594727
2025-03-19,214.22000122070312,218.75999450683594,213.75,215.24000549316406,54385400.0,11705913794.747925
2025-03-20,213.99000549316406,217.49000549316406,212.22000122070312,214.10000610351562,48862900.0,10461547188.235474
2025-03-21,211.55999755859375,218.83999633789062,211.27999877929688,218.27000427246094,94127800.0,20545275308.15735
2025-03-24,221.0,221.47999572753906,218.5800018310547,220.72999572753906,44299500.0,9778228445.732117
2025-03-25,220.77000427246094,224.10000610351562,220.0800018310547,223.75,34493600.0,7717943000.0
2025-03-26,223.50999450683594,225.02000427246094,220.47000122070312,221.52999877929688,34466100.0,7635275090.927124
2025-03-27,221.38999938964844,224.99000549316406,220.55999755859375,223.85000610351562,37094800.0,8303671206.408691
2025-03-28,221.6699981689453,223.80999755859375,217.67999267578125,217.89999389648438,39818600.0,8676472696.966553
2025-03-31,217.00999450683594,225.6199951171875,216.22999572753906,222.1300048828125,65299300.0,14504933827.844238
2025-04-01,219.80999755859375,223.67999267578125,218.89999389648438,223.19000244140625,36412700.0,8126950601.898193
2025-04-02,221.32000732421875,225.19000244140625,221.02000427246094,223.88999938964844,35905900.0,8038971929.084778
2025-04-03,205.5399932861328,207.49000549316406,201.25,203.19000244140625,103419000.0,21013706862.487793
2025-04-04,193.88999938964844,199.8800048828125,187.33999633789062,188.3800048828125,125910900.0,23719095956.799316
2025-04-07,177.1999969482422,194.14999389648438,174.6199951171875,181.4600067138672,160466300.0,29118215875.349426
2025-04-08,186.6999969482422,190.33999633789062,169.2100067138672,172.4199981689453,120859500.0,20838594768.699646
2025-04-09,171.9499969482422,200.61000061035156,171.88999938964844,198.85000610351562,184395900.0,36667125840.46326
2025-04-10,189.07000732421875,194.77999877929688,183.0,190.4199981689453,121880000.0,23208389376.831055
2025-04-11,186.10000610351562,199.5399932861328,186.05999755859375,198.14999389648438,87435900.0,17325423051.33362
2025-04-14,211.44000244140625,212.94000244140625,201.16000366210938,202.52000427246094,101352900.0,20525989741.026306
2025-04-15,201.86000061035156,203.50999450683594,199.8000030517578,202.13999938964844,51343900.0,10378655914.66217
2025-04-16,198.36000061035156,200.6999969482422,192.3699951171875,194.27000427246094,59732400.0,11604213603.204346
2025-04-17,197.1999969482422,198.8300018310547,194.4199981689453,196.97999572753906,52164700.0,10275402383.128357
2025-04-21,193.27000427246094,193.8000030517578,189.80999755859375,193.16000366210938,46742500.0,9028781471.176147
2025-04-22,196.1199951171875,201.58999633789062,195.97000122070312,199.74000549316406,52976400.0,10581506427.008057
2025-04-23,206.0,208.0,202.8000030517578,204.60000610351562,52929200.0,10829314643.0542
2025-04-24,204.88999938964844,208.8300018310547,202.94000244140625,208.3699951171875,47311000.0,9858192838.989258
2025-04-25,206.3699951171875,209.75,206.1999969482422,209.27999877929688,38222300.0,7999162897.341919
2025-04-28,210.0,211.5,207.4600067138672,210.13999938964844,38743100.0,8141475010.353088
2025-04-29,208.69000244140625,212.24000549316406,208.3699951171875,211.2100067138672,36827600.0,7778357643.255615
2025-04-30,209.3000030517578,213.5800018310547,206.6699981689453,212.5,52286500.0,11110881250.0
2025-05-01,209.0800018310547,214.55999755859375,208.89999389648438,213.32000732421875,57365700.0,12237251544.158936
2025-05-02,206.08999633789062,206.99000549316406,202.16000366210938,205.35000610351562,101010600.0,20742527326.519775
2025-05-05,203.10000610351562,204.10000610351562,198.2100067138672,198.88999938964844,69018500.0,13727089422.87445
2025-05-06,198.2100067138672,200.64999389648438,197.02000427246094,198.50999450683594,51216500.0,10166987133.659363
2025-05-07,199.1699981689453,199.44000244140625,193.25,196.25,68536700.0,13450327375.0
2025-05-08,197.72000122070312,200.0500030517578,194.67999267578125,197.49000549316406,50478900.0,9969078238.28888
2025-05-09,199.0,200.5399932861328,197.5399932861328,198.52999877929688,36453900.0,7237192722.50061
2025-05-12,210.97000122070312,211.27000427246094,206.75,210.7899932861328,63775800.0,13443300453.817749
2025-05-13,210.42999267578125,213.39999389648438,209.0,212.92999267578125,51909300.0,11053046868.804932
2025-05-14,212.42999267578125,213.94000244140625,210.5800018310547,212.3300018310547,49325800.0,10473347204.318237
2025-05-15,210.9499969482422,212.9600067138672,209.5399932861328,211.4499969482422,45029500.0,9521487637.580872
2025-05-16,212.36000061035156,212.57000732421875,209.77000427246094,211.25999450683594,54737900.0,11563928453.315735
2025-05-19,207.91000366210938,209.47999572753906,204.25999450683594,208.77999877929688,46140500.0,9633213533.676147
2025-05-20,207.6699981689453,208.47000122070312,205.02999877929688,206.86000061035156,42496600.0,8790846701.937866
2025-05-21,205.1699981689453,207.0399932861328,200.7100067138672,202.08999633789062,59211800.0,11966112445.159912
2025-05-22,200.7100067138672,202.75,199.6999969482422,201.36000061035156,46742400.0,9412049692.529297
2025-05-23,193.6699981689453,197.6999969482422,193.4600067138672,195.27000427246094,78432900.0,15315592718.101501
2025-05-27,198.3000030517578,200.74000549316406,197.42999267578125,200.2100067138672,56288500.0,11269520962.913513
2025-05-28,200.58999633789062,202.72999572753906,199.89999389648438,200.4199981689453,45339700.0,9086982590.98053
2025-05-29,203.5800018310547,203.80999755859375,198.50999450683594,199.9499969482422,51396800.0,10276790003.149414
2025-05-30,199.3699951171875,201.9600067138672,196.77999877929688,200.85000610351562,70819900.0,14224177347.250366
2025-06-02,200.27999877929688,202.1300048828125,200.1199951171875,201.6999969482422,35423300.0,7144879501.8966675
2025-06-03,201.35000610351562,203.77000427246094,200.9600067138672,203.27000427246094,46381600.0,9427988030.163574
2025-06-04,202.91000366210938,206.24000549316406,202.10000610351562,202.82000732421875,43604000.0,8843763599.365234
2025-06-05,203.5,204.75,200.14999389648438,200.6300048828125,55126100.0,11059949712.17041
2025-06-06,203.0,205.6999969482422,202.0500030517578,203.9199981689453,46607700.0,9504242098.658752
2025-06-09,204.38999938964844,206.0,200.02000427246094,201.4499969482422,72862600.0,14678170547.640991
2025-06-10,200.60000610351562,204.35000610351562,200.57000732421875,202.6699981689453,54672600.0,11080495741.89148
2025-06-11,203.5,204.5,198.41000366210938,198.77999877929688,60989900.0,12123572247.549438
2025-06-12,199.0800018310547,199.67999267578125,197.36000061035156,199.1999969482422,43904600.0,8745796186.013794
2025-06-13,199.72999572753906,200.3699951171875,195.6999969482422,196.4499969482422,51447300.0,10106821927.9953
2025-06-16,197.3000030517578,198.69000244140625,196.55999755859375,198.4199981689453,43020700.0,8536167215.226746
2025-06-17,197.1999969482422,198.38999938964844,195.2100067138672,195.63999938964844,38856200.0,7601826944.284058
2025-06-18,195.94000244140625,197.57000732421875,195.07000732421875,196.5800018310547,45394700.0,8923690209.120178
2025-06-20,198.24000549316406,201.6999969482422,196.86000061035156,201.0,96813500.0,19459513500.0
2025-06-23,201.6300048828125,202.3000030517578,198.9600067138672,201.5,55814300.0,11246581450.0
2025-06-24,202.58999633789062,203.44000244140625,200.1999969482422,200.3000030517578,54064000.0,10829019364.990234
2025-06-25,201.4499969482422,203.6699981689453,200.6199951171875,201.55999755859375,39525700.0,7966799995.501709
2025-06-26,201.42999267578125,202.63999938964844,199.4600067138672,201.0,50799100.0,10210619100.0
2025-06-27,201.88999938964844,203.22000122070312,200.0,201.0800018310547,73188600.0,14716763822.01233
2025-06-30,202.00999450683594,207.38999938964844,199.25999450683594,205.1699981689453,91912800.0,18857749007.702637
2025-07-01,206.6699981689453,210.19000244140625,206.13999938964844,207.82000732421875,78788900.0,16373909775.067139
2025-07-02,208.91000366210938,213.33999633789062,208.13999938964844,212.44000244140625,67941800.0,14433556157.873535
2025-07-03,212.14999389648438,214.64999389648438,211.80999755859375,213.5500030517578,34955800.0,7464811196.676636
2025-07-07,212.67999267578125,216.22999572753906,208.8000030517578,209.9499969482422,50229000.0,10545578396.713257
2025-07-08,210.10000610351562,211.42999267578125,208.4499969482422,210.00999450683594,42848900.0,8998697253.623962
2025-07-09,209.52999877929688,211.3300018310547,207.22000122070312,211.13999938964844,48749400.0,10292948286.245728
2025-07-10,210.50999450683594,213.47999572753906,210.02999877929688,212.41000366210938,44443600.0,9440265238.757324
2025-07-11,210.57000732421875,212.1300048828125,209.86000061035156,211.16000366210938,39765800.0,8396946473.626709
2025-07-14,209.92999267578125,210.91000366210938,207.5399932861328,208.6199951171875,38840100.0,8102821472.351074
2025-07-15,209.22000122070312,211.88999938964844,208.9199981689453,209.11000061035156,42296300.0,8844579318.815613
2025-07-16,210.3000030517578,212.39999389648438,208.63999938964844,210.16000366210938,47490500.0,9980603653.915405
2025-07-17,210.57000732421875,211.8000030517578,209.58999633789062,210.02000427246094,48068100.0,10095262567.36908
2025-07-18,210.8699951171875,211.7899932861328,209.6999969482422,211.17999267578125,48974600.0,10342455669.299316
2025-07-21,212.10000610351562,215.77999877929688,211.6300048828125,212.47999572753906,51377400.0,10916669732.492065
2025-07-22,213.13999938964844,214.9499969482422,212.22999572753906,214.39999389648438,46404100.0,9949038756.77185
2025-07-23,215.0,215.14999389648438,212.41000366210938,214.14999389648438,46989300.0,10062758308.200073
2025-07-24,213.89999389648438,215.69000244140625,213.52999877929688,213.75999450683594,46022600.0,9837790723.190308
2025-07-25,214.6999969482422,215.24000549316406,213.39999389648438,213.8800048828125,40268800.0,8612691140.625
2025-07-28,214.02999877929688,214.85000610351562,213.05999755859375,214.0500030517578,37858000.0,8103505015.533447
2025-07-29,214.17999267578125,214.80999755859375,210.82000732421875,211.27000427246094,51411700.0,10861750078.65448
2025-07-30,211.89999389648438,212.38999938964844,207.72000122070312,209.0500030517578,45512500.0,9514388263.893127
2025-07-31,208.49000549316406,209.83999633789062,207.16000366210938,207.57000732421875,80698400.0,16750567479.052734
2025-08-01,210.8699951171875,213.5800018310547,201.5,202.3800048828125,104434500.0,21135454619.934082
2025-08-04,204.50999450683594,207.8800048828125,201.67999267578125,203.35000610351562,75109300.0,15273476613.430786
2025-08-05,203.39999389648438,205.33999633789062,202.16000366210938,202.9199981689453,44155100.0,8959952811.149597
2025-08-06,205.6300048828125,215.3800048828125,205.58999633789062,213.25,108483100.0,23134021075.0
2025-08-07,218.8800048828125,220.85000610351562,216.5800018310547,220.02999877929688,90224800.0,19852162633.862305
2025-08-08,220.8300018310547,231.0,219.25,229.35000610351562,113854000.0,26112415594.909668
2025-08-11,227.9199981689453,229.55999755859375,224.75999450683594,227.17999267578125,61806100.0,14041109345.318604
2025-08-12,228.00999450683594,230.8000030517578,227.07000732421875,229.64999389648438,55626200.0,12774556490.48462
2025-08-13,231.07000732421875,235.0,230.42999267578125,233.3300018310547,69878500.0,16304750532.951355
2025-08-14,234.05999755859375,235.1199951171875,230.85000610351562,232.77999877929688,51916300.0,12085076250.62561
2025-08-15,234.0,234.27999877929688,229.33999633789062,231.58999633789062,56038700.0,12978002327.780151
2025-08-18,231.6999969482422,233.1199951171875,230.11000061035156,230.88999938964844,37476200.0,8652879795.126343
2025-08-19,231.27999877929688,232.8699951171875,229.35000610351562,230.55999755859375,39402600.0,9084663359.802246
2025-08-20,229.97999572753906,230.47000122070312,225.77000427246094,226.00999450683594,42263900.0,9552063806.837463
2025-08-21,226.27000427246094,226.52000427246094,223.77999877929688,224.89999389648438,30621200.0,6886707693.103027
2025-08-22,226.1699981689453,229.08999633789062,225.41000366210938,227.75999450683594,42477800.0,9674743494.662476
2025-08-25,226.47999572753906,229.3000030517578,226.22999572753906,227.16000366210938,30983100.0,7038121109.463501
2025-08-26,226.8699951171875,229.49000549316406,224.69000244140625,229.30999755859375,54575100.0,12514616047.76001
2025-08-27,228.61000061035156,230.89999389648438,228.25999450683594,230.49000549316406,31259500.0,7205002326.713562
2025-08-28,230.82000732421875,233.41000366210938,229.33999633789062,232.55999755859375,38074700.0,8854652139.04419
2025-08-29,232.50999450683594,233.3800048828125,231.3699951171875,232.13999938964844,39418400.0,9150587351.940918
2025-09-02,229.25,230.85000610351562,226.97000122070312,229.72000122070312,44075600.0,10125046885.803223
2025-09-03,237.2100067138672,238.85000610351562,234.36000061035156,238.47000122070312,66427800.0,15841037547.088623
2025-09-04,238.4499969482422,239.89999389648438,236.74000549316406,239.77999877929688,47549400.0,11401395073.956299
2025-09-05,240.0,241.32000732421875,238.49000549316406,239.69000244140625,54870400.0,13151886309.960938
2025-09-08,239.3000030517578,240.14999389648438,236.33999633789062,237.8800048828125,48999500.0,11656001299.255371
2025-09-09,237.0,238.77999877929688,233.36000061035156,234.35000610351562,66313900.0,15540662869.747925
2025-09-10,232.19000244140625,232.4199981689453,225.9499969482422,226.7899932861328,83440800.0,18923538471.78955
2025-09-11,226.8800048828125,230.4499969482422,226.64999389648438,230.02999877929688,50208600.0,11549484196.710205
2025-09-12,229.22000122070312,234.50999450683594,229.02000427246094,234.07000732421875,55824200.0,13066770902.868652
2025-09-15,237.0,238.19000244140625,235.02999877929688,236.6999969482422,42699500.0,10106971519.691467
2025-09-16,237.17999267578125,241.22000122070312,236.32000732421875,238.14999389648438,63421100.0,15103734577.908325
2025-09-17,238.97000122070312,240.10000610351562,237.72999572753906,238.99000549316406,46508000.0,11114947175.476074
2025-09-18,239.97000122070312,241.1999969482422,236.64999389648438,237.8800048828125,44249600.0,10526095064.0625
2025-09-19,241.22999572753906,246.3000030517578,240.2100067138672,245.5,163741300.0,40198489150.0
2025-09-22,248.3000030517578,256.6400146484375,248.1199951171875,256.0799865722656,105517400.0,27020894375.14038
2025-09-23,255.8800048828125,257.3399963378906,253.5800018310547,254.42999267578125,60275200.0,15335818694.53125
2025-09-24,255.22000122070312,255.74000549316406,251.0399932861328,252.30999755859375,42303700.0,10673646443.719482
2025-09-25,253.2100067138672,257.1700134277344,251.7100067138672,256.8699951171875,55202100.0,14179763157.458496
2025-09-26,254.10000610351562,257.6000061035156,253.77999877929688,255.4600067138672,46076300.0,11770651907.350159
2025-09-29,254.55999755859375,255.0,253.00999450683594,254.42999267578125,40127700.0,10209690417.095947
2025-09-30,254.86000061035156,255.9199981689453,253.11000061035156,254.6300048828125,37704300.0,9600646093.103027
2025-10-01,255.0399932861328,258.7900085449219,254.92999267578125,255.4499969482422,48713900.0,12443965606.336975
2025-10-02,256.5799865722656,258.17999267578125,254.14999389648438,257.1300048828125,42630200.0,10961503534.155273
2025-10-03,254.6699981689453,259.239990234375,253.9499969482422,258.0199890136719,49155600.0,12683127371.96045
2025-10-06,257.989990234375,259.07000732421875,255.0500030517578,256.69000244140625,44664100.0,11464827938.043213
2025-10-07,256.80999755859375,257.3999938964844,255.42999267578125,256.4800109863281,31955800.0,8196023935.076904
2025-10-08,256.5199890136719,258.5199890136719,256.1099853515625,258.05999755859375,36496900.0,9418389924.89624
2025-10-09,257.80999755859375,258.0,253.13999938964844,254.0399932861328,38322000.0,9735320622.711182
2025-10-10,254.94000244140625,256.3800048828125,244.0,245.27000427246094,61999100.0,15206519521.888733
2025-10-13,249.3800048828125,249.69000244140625,245.55999755859375,247.66000366210938,38142900.0,9446470753.683472
2025-10-14,246.60000610351562,248.85000610351562,244.6999969482422,247.77000427246094,35478000.0,8790384211.57837
2025-10-15,249.49000549316406,251.82000732421875,247.47000122070312,249.33999633789062,33893600.0,8451030099.87793
2025-10-16,248.25,249.0399932861328,245.1300048828125,247.4499969482422,39777000.0,9842818528.61023
2025-10-17,248.02000427246094,253.3800048828125,247.27000427246094,252.2899932861328,49147000.0,12399296300.03357
2025-10-20,255.88999938964844,264.3800048828125,255.6300048828125,262.239990234375,90483000.0,23728261036.376953
2025-10-21,261.8800048828125,265.2900085449219,261.8299865722656,262.7699890136719,46695900.0,12270281129.98352
2025-10-22,262.6499938964844,262.8500061035156,255.42999267578125,258.45001220703125,45015300.0,11634204834.503174
2025-10-23,259.94000244140625,260.6199951171875,258.010009765625,259.5799865722656,32754900.0,8502516502.175903
2025-10-24,261.19000244140625,264.1300048828125,259.17999267578125,262.82000732421875,38253700.0,10053837714.178467
2025-10-27,264.8800048828125,269.1199951171875,264.6499938964844,268.80999755859375,44888200.0,12066396932.409668
2025-10-28,268.989990234375,269.8900146484375,268.1499938964844,269.0,41534800.0,11172861200.0
2025-10-29,269.2799987792969,271.4100036621094,267.1099853515625,269.70001220703125,51086700.0,13778083613.616943
2025-10-30,271.989990234375,274.1400146484375,268.4800109863281,271.3999938964844,69886500.0,18967195673.446655
2025-10-31,276.989990234375,277.32000732421875,269.1600036621094,270.3699951171875,86167100.0,23296998406.262207
2025-11-03,270.4200134277344,270.8500061035156,266.25,269.04998779296875,50194600.0,13504856517.27295
2025-11-04,268.3299865722656,271.489990234375,267.6199951171875,270.0400085449219,49274800.0,13306167413.049316
2025-11-05,268.6099853515625,271.70001220703125,266.92999267578125,270.1400146484375,43683100.0,11800553273.88916
2025-11-06,267.8900146484375,273.3999938964844,267.8900146484375,269.7699890136719,51204000.0,13813302517.456055
2025-11-07,269.79998779296875,272.2900085449219,266.7699890136719,268.4700012207031,48227400.0,12947610136.871338
2025-11-10,268.9599914550781,273.7300109863281,267.4599914550781,269.42999267578125,41312400.0,11130799629.418945
2025-11-11,269.80999755859375,275.9100036621094,269.79998779296875,275.25,46208300.0,12718834575.0
2025-11-12,275.0,275.7300109863281,271.70001220703125,273.4700012207031,48398000.0,13235401119.07959
2025-11-13,274.1099853515625,276.70001220703125,272.0899963378906,272.95001220703125,49602800.0,13539084865.50293
2025-11-14,271.04998779296875,275.9599914550781,269.6000061035156,272.4100036621094,47431300.0,12920760606.698608
2025-11-17,268.82000732421875,270.489990234375,265.7300109863281,267.4599914550781,45018300.0,12040594133.322144
2025-11-18,269.989990234375,270.7099914550781,265.32000732421875,267.44000244140625,45677300.0,12215937223.516846
2025-11-19,265.5299987792969,272.2099914550781,265.5,268.55999755859375,40424500.0,10856403621.307373
2025-11-20,270.8299865722656,275.42999267578125,265.9200134277344,266.25,45823600.0,12200533500.0
2025-11-21,265.95001220703125,273.3299865722656,265.6700134277344,271.489990234375,59030800.0,16026271315.527344
2025-11-24,270.8999938964844,277.0,270.8999938964844,275.9200134277344,65585800.0,18096434816.6687
2025-11-25,275.2699890136719,280.3800048828125,275.25,276.9700012207031,46914200.0,12993826031.26831
2025-11-26,276.9599914550781,279.5299987792969,276.6300048828125,277.54998779296875,33431400.0,9278884661.901855
2025-11-28,277.260009765625,279.0,275.989990234375,278.8500061035156,20135600.0,5614812182.897949
2025-12-01,278.010009765625,283.4200134277344,276.1400146484375,283.1000061035156,46587700.0,13188978154.348755
2025-12-02,283.0,287.3999938964844,282.6300048828125,286.19000244140625,53669500.0,15359674336.029053
2025-12-03,286.20001220703125,288.6199951171875,283.29998779296875,284.1499938964844,43538700.0,12371521339.260864
2025-12-04,284.1000061035156,284.7300109863281,278.5899963378906,280.70001220703125,43989100.0,12347740906.976318
2025-12-05,280.5400085449219,281.1400146484375,278.04998779296875,278.7799987792969,47265800.0,13176759666.30249
2025-12-08,278.1300048828125,279.6700134277344,276.1499938964844,277.8900146484375,38211800.0,10618677661.743164
2025-12-09,278.1600036621094,280.0299987792969,276.9200134277344,277.17999267578125,32193300.0,8923338658.209229
2025-12-10,277.75,279.75,276.44000244140625,278.7799987792969,33038300.0,9210417233.670044
2025-12-11,279.1000061035156,279.5899963378906,273.80999755859375,278.0299987792969,33248000.0,9243941399.414062
2025-12-12,277.8999938964844,279.2200012207031,276.82000732421875,278.2799987792969,39532900.0,11001215363.742065
2025-12-15,280.1499938964844,280.1499938964844,272.8399963378906,274.1099853515625,50409100.0,13817637662.58545
2025-12-16,272.82000732421875,275.5,271.7900085449219,274.6099853515625,37648600.0,10338681494.506836
2025-12-17,275.010009765625,276.1600036621094,271.6400146484375,271.8399963378906,50138700.0,13629704024.386597
2025-12-18,273.6099853515625,273.6300048828125,266.95001220703125,272.19000244140625,51630700.0,14053360359.051514
2025-12-19,272.1499938964844,274.6000061035156,269.8999938964844,273.6700134277344,144632000.0,39581441382.08008
2025-12-22,272.8599853515625,273.8800048828125,270.510009765625,270.9700012207031,36571800.0,9909860690.64331
2025-12-23,270.8399963378906,272.5,269.55999755859375,272.3599853515625,29642000.0,8073294685.791016
2025-12-24,272.3399963378906,275.42999267578125,272.20001220703125,273.80999755859375,17910600.0,4904101342.272949
2025-12-26,274.1600036621094,275.3699951171875,272.8599853515625,273.3999938964844,21521800.0,5884059988.641357
2025-12-29,272.69000244140625,274.3599853515625,272.3500061035156,273.760009765625,23715200.0,6492273383.59375
2025-12-30,272.80999755859375,274.0799865722656,272.2799987792969,273.0799865722656,22139600.0,6045881670.715332
2025-12-31,273.05999755859375,273.67999267578125,271.75,271.8599853515625,27293600.0,7420037696.191406
2026-01-02,272.260009765625,277.8399963378906,269.0,271.010009765625,37838100.0,10254503850.512695
2026-01-05,270.6400146484375,271.510009765625,266.1400146484375,267.260009765625,45647200.0,12199671117.773438
2026-01-06,267.0,267.54998779296875,262.1199951171875,262.3599853515625,52352100.0,13735096189.123535
2026-01-07,263.20001220703125,263.67999267578125,259.80999755859375,260.3299865722656,48309800.0,12576489585.308838
2026-01-08,257.0199890136719,259.2900085449219,255.6999969482422,259.0400085449219,50419300.0,13060615902.82898
2026-01-09,259.0799865722656,260.2099914550781,256.2200012207031,259.3699951171875,39997000.0,10374021694.702148
2026-01-12,259.1600036621094,261.29998779296875,256.79998779296875,260.25,45263800.0,11779903950.0
2026-01-13,258.7200012207031,261.80999755859375,258.3900146484375,261.04998779296875,45730800.0,11938024781.762695
2026-01-14,259.489990234375,261.82000732421875,256.7099914550781,259.9599914550781,40019400.0,10403442882.037354
2026-01-15,260.6499938964844,261.0400085449219,257.04998779296875,258.2099914550781,39388600.0,10170530069.42749
2026-01-16,257.8999938964844,258.8999938964844,254.92999267578125,255.52999877929688,72142800.0,18434649595.93506
2026-01-20,252.72999572753906,254.7899932861328,243.4199981689453,246.6999969482422,80267500.0,19801992005.04303
2026-01-21,248.6999969482422,251.55999755859375,245.17999267578125,247.64999389648438,54641700.0,13532016671.49353
2026-01-22,249.1999969482422,251.0,248.14999389648438,248.35000610351562,39708300.0,9861556547.36023
2026-01-23,247.32000732421875,249.41000366210938,244.67999267578125,248.0399932861328,41689000.0,10340539280.10559
2026-01-26,251.47999572753906,256.55999755859375,249.8000030517578,255.41000366210938,55969200.0,14295093576.965332
2026-01-27,259.1700134277344,261.95001220703125,258.2099914550781,258.2699890136719,49648300.0,12822665895.547485
2026-01-28,257.6499938964844,258.8599853515625,254.50999450683594,256.44000244140625,41288000.0,10587894820.800781
2026-01-29,258.0,259.6499938964844,254.41000366210938,258.2799987792969,67253000.0,17370104757.904053
2026-01-30,255.1699981689453,261.8999938964844,252.17999267578125,259.4800109863281,92443400.0,23987214447.613525
2026-02-02,260.0299987792969,270.489990234375,259.2099914550781,270.010009765625,73913400.0,19957357855.810547
2026-02-03,269.20001220703125,271.8800048828125,267.6099853515625,269.4800109863281,64394700.0,17353084463.461304
2026-02-04,272.2900085449219,278.95001220703125,272.2900085449219,276.489990234375,90545700.0,25034979708.76465
2026-02-05,278.1300048828125,279.5,273.2300109863281,275.9100036621094,52977400.0,14616994628.009033
2026-02-06,277.1199951171875,280.9100036621094,276.92999267578125,278.1199951171875,50453400.0,14032099361.645508
2026-02-09,277.9100036621094,278.20001220703125,271.70001220703125,274.6199951171875,44623400.0,12254477890.112305
2026-02-10,274.8900146484375,275.3699951171875,272.94000244140625,273.67999267578125,34376900.0,9408269740.216064
2026-02-11,274.70001220703125,280.17999267578125,274.45001220703125,275.5,51931300.0,14307073150.0
2026-02-12,275.5899963378906,275.7200012207031,260.17999267578125,261.7300109863281,81077200.0,21220336446.740723
2026-02-13,262.010009765625,262.2300109863281,255.4499969482422,255.77999877929688,56290700.0,14398035177.285767
2026-02-17,258.04998779296875,266.2900085449219,255.5399932861328,263.8800048828125,58469100.0,15428826393.493652
2026-02-18,263.6000061035156,266.82000732421875,262.45001220703125,264.3500061035156,34203300.0,9041642563.760376
2026-02-19,262.6000061035156,264.4800109863281,260.04998779296875,260.5799865722656,30845300.0,8037667859.817505
2026-02-20,258.9700012207031,264.75,258.1600036621094,264.5799865722656,42070500.0,11131012325.088501
2026-02-23,263.489990234375,269.42999267578125,263.3800048828125,266.17999267578125,37308200.0,9930696402.746582
2026-02-24,267.8599853515625,274.8900146484375,267.7099914550781,272.1400146484375,47014600.0,12794553932.69043
2026-02-25,271.7799987792969,274.94000244140625,271.04998779296875,274.2300109863281,33714300.0,9245472859.396362
2026-02-26,274.95001220703125,276.1099853515625,270.79998779296875,272.95001220703125,32345100.0,8828595439.837646
2026-02-27,272.80999755859375,272.80999755859375,262.8900146484375,264.17999267578125,72366500.0,19117781439.971924
2026-03-02,262.4100036621094,266.5299987792969,260.20001220703125,264.7200012207031,41827900.0,11072681739.059448
2026-03-03,263.4800109863281,265.55999755859375,260.1300048828125,263.75,38568900.0,10172547375.0
2026-03-04,264.6499938964844,266.1499938964844,261.4200134277344,262.5199890136719,39803100.0,10449109374.710083
2026-03-05,260.7900085449219,261.55999755859375,257.25,260.2900085449219,49658600.0,12925637418.328857
2026-03-06,258.6300048828125,258.7699890136719,254.3699951171875,257.4599914550781,41120000.0,10586754848.632812
2026-03-09,255.69000244140625,261.1499938964844,253.67999267578125,259.8800048828125,38218500.0,9932223966.61377
2026-03-10,257.6499938964844,262.4800109863281,256.95001220703125,260.8299865722656,30590800.0,7978997953.234863
2026-03-11,261.0899963378906,262.1300048828125,259.54998779296875,260.80999755859375,26218900.0,6838151244.989014
2026-03-12,258.6600036621094,258.95001220703125,254.17999267578125,255.75999450683594,40794000.0,10433473215.911865
2026-03-13,255.47999572753906,256.3299865722656,249.52000427246094,250.1199951171875,36930000.0,9236931419.677734
2026-03-16,252.11000061035156,253.88999938964844,249.8800048828125,252.82000732421875,32074200.0,8108999478.918457
2026-03-17,252.9600067138672,255.1300048828125,252.17999267578125,254.22999572753906,32361600.0,8227289429.736328
2026-03-18,252.6300048828125,254.94000244140625,249.0,249.94000244140625,35757900.0,8937329613.29956
2026-03-19,249.39999389648438,251.8300018310547,247.3000030517578,248.9600067138672,34864100.0,8679766570.072937
2026-03-20,247.97999572753906,249.1999969482422,246.0,247.99000549316406,88331100.0,21905229974.217224
2026-03-23,253.97000122070312,254.60000610351562,250.27999877929688,251.49000549316406,40546100.0,10196938911.72638
2026-03-24,250.35000610351562,254.8300018310547,249.5500030517578,251.63999938964844,45152300.0,11362124744.441223
2026-03-25,254.10000610351562,255.0,251.60000610351562,252.6199951171875,28476700.0,7193783814.953613
2026-03-26,252.1199951171875,257.0,250.77000427246094,252.88999938964844,41796700.0,10569967437.489319
2026-03-27,253.89999389648438,255.49000549316406,248.07000732421875,248.8000030517578,47900000.0,11917520146.1792
2026-03-30,250.07000732421875,250.8699951171875,245.50999450683594,246.6300048828125,39446200.0,9728616498.608398
2026-03-31,247.91000366210938,255.47999572753906,247.10000610351562,253.7899932861328,49598100.0,12587501466.004944
2026-04-01,254.0800018310547,256.17999267578125,253.3300018310547,255.6300048828125,40059400.0,10240384617.60254
2026-04-02,254.1999969482422,256.1300048828125,250.64999389648438,255.9199981689453,31289400.0,8007583190.707397
2026-04-06,256.510009765625,262.1600036621094,256.4599914550781,258.8599853515625,29329900.0,7592337484.362793
2026-04-07,256.1600036621094,256.20001220703125,245.6999969482422,253.5,62148000.0,15754518000.0
2026-04-08,258.45001220703125,259.75,256.5299987792969,258.8999938964844,41032800.0,10623391669.555664
2026-04-09,259.0,261.1199951171875,256.07000732421875,260.489990234375,28121600.0,7325395309.375
2026-04-10,259.9800109863281,262.19000244140625,259.0199890136719,260.4800109863281,31291500.0,8150810263.778687
2026-04-13,259.7300109863281,260.17999267578125,256.6600036621094,259.20001220703125,36234700.0,9392034682.318115
2026-04-14,259.25,261.92999267578125,257.19000244140625,258.8299865722656,48370700.0,12519787631.491089
2026-04-15,258.1600036621094,266.55999755859375,257.80999755859375,266.42999267578125,49913500.0,13298453439.422607
2026-04-16,266.79998779296875,267.1600036621094,261.2699890136719,263.3999938964844,43323100.0,11411304275.576782
2026-04-17,266.9599914550781,272.29998779296875,266.7200012207031,270.2300109863281,61436200.0,16601905000.958252
2026-04-20,270.3299865722656,274.2799987792969,270.2900085449219,273.04998779296875,36590200.0,9990953663.342285
2026-04-21,271.5,272.79998779296875,265.3999938964844,266.1700134277344,50209800.0,13364343140.203857
2026-04-22,267.82000732421875,273.739990234375,266.8699951171875,273.1700134277344,43249200.0,11814384544.73877
2026-04-23,275.04998779296875,275.7699890136719,271.6499938964844,273.42999267578125,33399600.0,9132452383.374023
2026-04-24,272.760009765625,273.05999755859375,269.6499938964844,271.05999755859375,38157100.0,10342863432.843018
2026-04-27,266.0899963378906,268.3599853515625,265.07000732421875,267.6099853515625,41466800.0,11096929740.576172
2026-04-28,272.3399963378906,273.2300109863281,268.6600036621094,270.7099914550781,40018900.0,10833516077.041626
2026-04-29,267.54998779296875,271.0400085449219,267.0400085449219,270.1700134277344,30047900.0,8118041546.47522
2026-04-30,270.5,276.0,268.1400146484375,271.3500061035156,91848200.0,24923009630.596924
2026-05-01,278.8599853515625,287.2200012207031,278.3699951171875,280.1400146484375,79915400.0,22387501326.635742
2026-05-04,279.6600036621094,280.6300048828125,274.8599853515625,276.8299865722656,46668400.0,12919212545.349121
2026-05-05,276.92999267578125,284.57000732421875,276.5,284.17999267578125,49311700.0,14013398544.830322
2026-05-06,281.9200134277344,288.0299987792969,281.07000732421875,287.510009765625,58336100.0,16772212680.688477
2026-05-07,289.2699890136719,292.1300048828125,285.7799987792969,287.44000244140625,45224300.0,12999272902.410889
2026-05-08,290.010009765625,294.760009765625,290.0,293.32000732421875,52692800.0,15455852481.933594
2026-05-11,291.9800109863281,293.8800048828125,290.2300109863281,292.67999267578125,42247300.0,12364939454.571533
2026-05-12,292.55999755859375,295.2699890136719,292.55999755859375,294.79998779296875,45748100.0,13486539321.551514
2026-05-13,293.5,300.9200134277344,293.5,298.8699951171875,52684300.0,15745756483.752441
2026-05-14,299.82000732421875,300.45001220703125,295.3800048828125,298.2099914550781,35324900.0,10534238127.15149
2026-05-15,297.8999938964844,303.20001220703125,296.5199890136719,300.2300109863281,54862800.0,16471459046.740723
2026-05-18,300.239990234375,300.6600036621094,294.9100036621094,297.8399963378906,34483000.0,10270416593.719482
2026-05-19,296.9700012207031,300.510009765625,296.3500061035156,298.9700012207031,42243600.0,12629569143.566895
2026-05-20,298.17999267578125,302.79998779296875,298.0799865722656,302.25,38229800.0,11554957050.0
2026-05-21,301.05999755859375,305.5400085449219,300.3999938964844,304.989990234375,42965100.0,13103925429.418945
2026-05-22,306.1199951171875,311.3999938964844,305.8399963378906,308.82000732421875,43670200.0,13486231483.850098
2026-05-26,309.55999755859375,311.82000732421875,307.6700134277344,308.3299865722656,48000500.0,14799993520.462036
2026-05-27,308.3299865722656,313.260009765625,308.29998779296875,310.8500061035156,50430900.0,15676445572.805786
2026-05-28,310.67999267578125,312.79998779296875,309.57000732421875,312.510009765625,48220400.0,15069357674.902344
2026-05-29,311.7799987792969,315.0,309.5299987792969,312.05999755859375,70026800.0,21852563037.036133
2026-06-01,309.6300048828125,310.94000244140625,305.0199890136719,306.30999755859375,48849900.0,14963212749.737549
2026-06-02,307.4599914550781,315.45001220703125,306.69000244140625,315.20001220703125,44534700.0,14037337983.636475
2026-06-03,314.17999267578125,316.94000244140625,308.8500061035156,310.260009765625,50836700.0,15772595038.452148
2026-06-04,313.2300109863281,313.5400085449219,309.6499938964844,311.2300109863281,44869100.0,13964610485.946655
2026-06-05,312.8599853515625,315.1700134277344,307.1499938964844,307.3399963378906,65310500.0,20072528830.825806
2026-06-08,308.739990234375,317.3999938964844,301.1700134277344,301.5400085449219,77949100.0,23504772280.06897
2026-06-09,300.2799987792969,300.75,287.7799987792969,290.54998779296875,70108800.0,20370110984.179688
2026-06-10,290.739990234375,294.75,287.3800048828125,291.5799865722656,52793300.0,15393469705.10559
2026-06-11,293.7200012207031,297.0,289.5899963378906,295.6300048828125,42572500.0,12585708382.873535
2026-06-12,296.0299987792969,297.1400146484375,289.6199951171875,291.1300048828125,38742100.0,11278987762.17041
2026-06-15,294.1199951171875,297.7799987792969,291.70001220703125,296.4200134277344,45732600.0,13556057906.085205
2026-06-16,295.25,300.4800109863281,293.9700012207031,299.239990234375,39874400.0,11932015066.601562
2026-06-17,300.8500061035156,302.07000732421875,294.3599853515625,295.95001220703125,42745100.0,12650412866.790771
2026-06-18,298.1099853515625,300.57000732421875,295.6199951171875,298.010009765625,85962200.0,25617596061.47461
2026-06-22,297.30999755859375,302.4200134277344,296.760009765625,297.010009765625,44879900.0,13329779537.280273
2026-06-23,297.5400085449219,301.6400146484375,294.17999267578125,294.29998779296875,52010900.0,15306807235.101318
2026-06-24,295.3599853515625,299.70001220703125,292.94000244140625,293.0799865722656,53081900.0,15557242539.230347
2026-06-25,287.3999938964844,288.79998779296875,273.75,275.1499938964844,107013700.0,29444818901.84021
2026-06-26,275.0,285.95001220703125,274.2099914550781,283.7799987792969,261775500.0,74286651070.44983
2026-06-29,286.7300109863281,288.3699951171875,279.8500061035156,281.739990234375,66427000.0,18715142331.29883
2026-06-30,281.1700134277344,289.94000244140625,280.70001220703125,289.3599853515625,65100200.0,18837392918.38379
2026-07-01,293.44000244140625,296.5899963378906,289.20001220703125,294.3800048828125,50164200.0,14767337440.942383
2026-07-02,294.1199951171875,309.4200134277344,293.67999267578125,308.6300048828125,75352800.0,23256135031.933594
2026-07-06,307.3599853515625,314.20001220703125,307.0,312.6600036621094,53590000.0,16755449596.252441
2026-07-07,315.2900085449219,315.4800109863281,310.1499938964844,310.6600036621094,42490000.0,13199943555.603027
2026-07-08,311.9100036621094,314.82000732421875,307.04998779296875,313.3900146484375,41323500.0,12950372270.324707
2026-07-09,310.510009765625,316.5299987792969,308.1600036621094,316.2200012207031,48124500.0,15217929448.745728
2026-07-10,314.7200012207031,316.9100036621094,312.1700134277344,315.32000732421875,34132300.0,10762597085.992432
2026-07-13,317.0199890136719,323.45001220703125,315.7799987792969,317.30999755859375,43257800.0,13726132412.390137
2026-07-14,313.760009765625,316.19000244140625,311.9100036621094,314.8599853515625,36336800.0,11441004315.722656
2026-07-15,317.6199951171875,328.7300109863281,317.32000732421875,327.5,60957600.0,19963614000.0
2026-07-16,328.010009765625,334.67999267578125,326.7900085449219,333.260009765625,62970600.0,20985582770.947266
2026-07-17,331.9800109863281,334.989990234375,329.0,333.739990234375,63407100.0,21161484934.79004
2026-07-20,333.510009765625,333.7099914550781,323.67999267578125,326.5899963378906,53468000.0,17462113924.194336
2026-07-21,323.1300048828125,329.6000061035156,322.2200012207031,327.739990234375,41338900.0,13548410682.299805
2026-07-22,327.8699951171875,329.0,323.3399963378906,325.8900146484375,38755900.0,12630160818.713379
2026-07-23,321.7300109863281,323.29998779296875,319.3500061035156,321.6600036621094,40840800.0,13136851877.563477
2026-07-24,321.7900085449219,334.3699951171875,321.6199951171875,333.0199890136719,47489400.0,15814919466.26587
2026-07-27,334.5400085449219,339.57000732421875,334.0199890136719,336.9100036621094,49604300.0,16712184894.656372
2026-07-28,340.0299987792969,342.8900146484375,335.6000061035156,340.0799865722656,51859000.0,17636208023.651123
2026-07-29,339.7300109863281,344.57000732421875,337.3500061035156,338.19000244140625,56090800.0,18969347788.94043
2026-07-30,333.1000061035156,334.75,329.5899963378906,333.42999267578125,74817800.0,24946498506.018066
2026-07-31,304.80999755859375,310.69000244140625,300.0,308.9100036621094,132489100.0,40927208366.189575
2026-08-03,309.5799865722656,311.79998779296875,302.55999755859375,303.4200134277344,75052000.0,22772278847.77832
2026-08-04,302.7300109863281,310.4200134277344,301.32000732421875,309.3800048828125,68001000.0,21038149712.036133
2026-08-05,309.3599853515625,311.7099914550781,305.6700134277344,311.0,49438800.0,15375466800.0
2026-08-06,314.3399963378906,316.2900085449219,309.2300109863281,312.4100036621094,46139900.0,14414566327.96936
2026-08-07,311.45001220703125,314.80999755859375,310.739990234375,313.3299865722656,34437200.0,10790207413.586426
2026-08-10,306.8299865722656,308.260009765625,304.6099853515625,308.260009765625,44812500.0,13813901687.62207
2026-08-11,307.75,309.9700012207031,302.7900085449219,304.9100036621094,37476700.0,11427020734.243774
2026-08-12,305.1000061035156,305.6600036621094,300.57000732421875,302.25,41657800.0,12591070050.0
2026-08-13,304.2099914550781,306.0,302.04998779296875,305.260009765625,40349300.0,12317027712.036133
2026-08-14,306.0,307.489990234375,304.29998779296875,305.92999267578125,28229400.0,8636220135.2417
2026-08-17,306.2099914550781,307.6600036621094,302.94000244140625,305.5899963378906,38169300.0,11664156247.219849
2026-08-18,307.5799865722656,311.489990234375,305.739990234375,310.0299987792969,53424500.0,16563197669.784546
2026-08-19,310.1400146484375,319.2799987792969,309.6000061035156,316.8299865722656,50505600.0,16001688569.824219
2026-08-20,317.4599914550781,320.2799987792969,310.6499938964844,311.29998779296875,40959200.0,12750598460.009766
2026-08-21,312.04998779296875,312.3800048828125,307.010009765625,309.3500061035156,46876800.0,14501338366.113281
2026-08-24,311.4700012207031,313.3599853515625,309.9700012207031,310.3399963378906,34673600.0,10760604897.021484
2026-08-25,310.7900085449219,313.5899963378906,308.2099914550781,309.8999938964844,25842000.0,8008435642.272949
