timestamps,open,high,low,close,volume,amount
2016-08-26,39.6245002746582,39.970001220703125,39.47050094604492,39.6609992980957,24978000.0,990652440.4678345
2016-08-29,39.65250015258789,39.92599868774414,39.51599884033203,39.79100036621094,15474000.0,615725939.666748
2016-08-30,39.64400100708008,39.900001525878906,39.4734992980957,39.59600067138672,23348000.0,924487423.6755371
2016-08-31,39.47999954223633,39.57849884033203,39.36000061035156,39.49250030517578,21428000.0,846245296.5393066
2016-09-01,39.5989990234375,39.644500732421875,39.31650161743164,39.56999969482422,26070000.0,1031589892.0440674
2016-09-02,39.76350021362305,39.85499954223633,39.66299819946289,39.84349822998047,26998000.0,1075694765.2130127
2016-09-06,39.919498443603516,40.544498443603516,39.77149963378906,40.4010009765625,39790000.0,1607555828.8574219
2016-09-07,40.39649963378906,40.529998779296875,40.18600082397461,40.39950180053711,22906000.0,925390988.243103
2016-09-08,40.26100158691406,40.42100143432617,40.050498962402344,40.141998291015625,23554000.0,945504627.746582
2016-09-09,39.938499450683594,40.087501525878906,39.40250015258789,39.42399978637695,37752000.0,1488334839.9353027
2016-09-12,39.22600173950195,40.00849914550781,39.17499923706055,39.941001892089844,37274000.0,1488760904.5257568
2016-09-13,39.70050048828125,39.78950119018555,39.21649932861328,39.43600082397461,36180000.0,1426794509.8114014
2016-09-14,39.37649917602539,39.81650161743164,39.37649917602539,39.52299880981445,25842000.0,1021353335.2432251
2016-09-15,39.5004997253418,40.182498931884766,39.43299865722656,40.061500549316406,31144000.0,1247675373.1079102
2016-09-16,39.95100021362305,39.95100021362305,39.680999755859375,39.89849853515625,42612000.0,1700154819.5800781
2016-09-19,40.05550003051758,40.199501037597656,39.678001403808594,39.769500732421875,22990000.0,914300821.8383789
2016-09-20,40.0,40.13750076293945,39.91299819946289,39.98899841308594,20984000.0,839129142.7001953
2016-09-21,40.0629997253418,40.295501708984375,39.80149841308594,40.25149917602539,26970000.0,1085582932.7774048
2016-09-22,40.5,40.952999114990234,40.385501861572266,40.79750061035156,35186000.0,1435500856.47583
2016-09-23,40.75699996948242,40.849998474121094,40.63650131225586,40.74800109863281,28234000.0,1150479063.0187988
2016-09-26,40.49100112915039,40.50400161743164,40.022499084472656,40.13249969482422,29454000.0,1182062646.0113525
2016-09-27,40.09149932861328,40.67449951171875,40.09149932861328,40.5364990234375,27346000.0,1108511102.2949219
2016-09-28,40.20399856567383,40.51250076293945,40.138999938964844,40.50299835205078,29406000.0,1191031169.5404053
2016-09-29,40.36149978637695,40.695499420166016,40.042999267578125,40.13199996948242,27000000.0,1083563999.1760254
2016-09-30,40.18000030517578,40.40449905395508,40.07500076293945,40.202999114990234,33204000.0,1334900382.6141357
2016-10-03,40.127498626708984,40.176998138427734,39.811500549316406,40.01900100708008,29784000.0,1191925925.994873
2016-10-04,40.25,40.32500076293945,39.98350143432617,40.13949966430664,25174000.0,1010471764.5492554
2016-10-05,40.29999923706055,40.42499923706055,40.035499572753906,40.061500549316406,24276000.0,972532987.3352051
2016-10-06,40.20399856567383,40.34749984741211,40.0255012512207,40.15399932861328,21998000.0,883307677.230835
2016-10-07,40.29650115966797,40.297000885009766,39.840999603271484,40.035499572753906,23262000.0,931305791.0614014
2016-10-10,40.19649887084961,40.86899948120117,40.11199951171875,40.708499908447266,29922000.0,1218079734.260559
2016-10-11,40.708499908447266,40.99300003051758,40.368499755859375,40.47850036621094,34432000.0,1393755724.609375
2016-10-12,40.597999572753906,40.724998474121094,40.4275016784668,40.5885009765625,18158000.0,737006000.7324219
2016-10-13,40.30350112915039,40.327999114990234,39.930999755859375,40.20399856567383,27380000.0,1100785480.7281494
2016-10-14,40.372501373291016,40.50450134277344,40.11600112915039,40.22999954223633,22238000.0,894634729.8202515
2016-10-17,40.29949951171875,40.67449951171875,40.19150161743164,40.34199905395508,21128000.0,852345756.0119629
2016-10-18,40.71049880981445,41.44049835205078,40.666500091552734,41.074501037597656,45786000.0,1880637104.5074463
2016-10-19,41.14400100708008,41.4900016784668,41.14400100708008,41.34199905395508,30002000.0,1240342655.6167603
2016-10-20,41.37799835205078,41.423500061035156,41.02750015258789,41.08150100708008,27878000.0,1145270085.0753784
2016-10-21,41.0,41.214500427246094,40.91550064086914,41.202999114990234,32316000.0,1331516119.4000244
2016-10-24,41.50450134277344,41.89699935913086,41.45199966430664,41.7869987487793,28952000.0,1209817187.7746582
2016-10-25,41.92499923706055,41.92499923706055,41.26499938964844,41.4275016784668,37814000.0,1566539548.4695435
2016-10-26,41.35599899291992,41.385501861572266,40.817501068115234,41.10499954223633,35898000.0,1475587273.5671997
2016-10-27,41.1505012512207,41.32899856567383,40.730499267578125,40.86750030517578,59470000.0,2430390243.1488037
2016-10-28,41.49700164794922,41.95000076293945,40.849998474121094,40.97800064086914,87098000.0,3569101899.8184204
2016-10-31,41.121498107910156,41.131500244140625,40.400001525878906,40.494998931884766,44854000.0,1816362682.0907593
2016-11-01,40.54349899291992,40.698001861572266,39.91299819946289,40.27399826049805,47118000.0,1897630250.038147
2016-11-02,40.3380012512207,40.3380012512207,39.25,39.42100143432617,47014000.0,1853338961.4334106
2016-11-03,39.224998474121094,39.5,38.93149948120117,39.109500885009766,43504000.0,1701419726.5014648
2016-11-04,38.564998626708984,39.42399978637695,38.54999923706055,39.05500030517578,39412000.0,1539235672.027588
2016-11-07,39.747501373291016,40.25,39.64500045776367,40.10150146484375,39852000.0,1598125036.3769531
2016-11-08,40.10150146484375,40.801998138427734,39.98099899291992,40.5989990234375,35382000.0,1436473783.4472656
2016-11-09,40.09149932861328,40.58549880981445,39.60200119018555,40.27949905395508,61970000.0,2496120556.373596
2016-11-10,40.5,40.50299835205078,38.4114990234375,39.01449966430664,118192000.0,4611201744.32373
2016-11-11,38.84049987792969,38.864498138427734,38.277000427246094,38.587501525878906,71852000.0,2772589159.637451
2016-11-14,38.5880012512207,38.5890007019043,37.179500579833984,37.6609992980957,73766000.0,2778101274.2233276
2016-11-15,38.27349853515625,39.012001037597656,38.26100158691406,38.757999420166016,58878000.0,2281993489.8605347
2016-11-16,38.520999908447266,39.17499923706055,38.31650161743164,38.999000549316406,35968000.0,1402716051.7578125
2016-11-17,39.125,39.44499969482422,38.99250030517578,39.30799865722656,30674000.0,1205733550.8117676
2016-11-18,39.35850143432617,39.56449890136719,38.76750183105469,38.798500061035156,36126000.0,1401634613.204956
2016-11-21,38.904998779296875,39.32749938964844,38.814998626708984,39.2400016784668,32616000.0,1279851894.744873
2016-11-22,39.449501037597656,39.688499450683594,39.1870002746582,39.25,27884000.0,1094447000.0
2016-11-23,39.47600173950195,39.47600173950195,38.63249969482422,38.95000076293945,26260000.0,1022827020.03479
2016-11-25,39.13050079345703,39.14500045776367,38.90950012207031,39.01150131225586,12270000.0,478671121.1013794
2016-11-28,38.91749954223633,39.98699951171875,38.904998779296875,39.28950119018555,51508000.0,2023723627.3040771
2016-11-29,39.41899871826172,39.821998596191406,39.266998291015625,39.47200012207031,31240000.0,1233105283.8134766
2016-11-30,39.45500183105469,39.57550048828125,38.657501220703125,38.79399871826172,45582000.0,1768308049.5758057
2016-12-01,38.9275016784668,38.93000030517578,37.667999267578125,38.21649932861328,57342000.0,2191410504.501343
2016-12-02,38.095001220703125,38.525001525878906,37.95000076293945,38.222999572753906,34376000.0,1313953833.3129883
2016-12-05,38.5,39.0,38.3484992980957,38.9109992980957,33770000.0,1314024446.296692
2016-12-06,39.009498596191406,39.263999938964844,38.66600036621094,38.808998107910156,34682000.0,1345973672.37854
2016-12-07,38.997501373291016,39.599998474121094,38.67649841308594,39.57350158691406,40588000.0,1606209282.409668
2016-12-08,39.647499084472656,39.95000076293945,39.39550018310547,39.75849914550781,32250000.0,1282211597.442627
2016-12-09,39.96500015258789,40.497501373291016,39.90250015258789,40.47249984741211,38090000.0,1541597519.1879272
2016-12-12,40.24100112915039,40.567501068115234,40.22650146484375,40.39500045776367,32572000.0,1315745954.9102783
2016-12-13,40.61949920654297,41.21500015258789,40.59700012207031,40.766998291015625,42564000.0,1735206515.258789
2016-12-14,40.79600143432617,41.2130012512207,40.638999938964844,40.894500732421875,35994000.0,1471956659.362793
2016-12-15,40.86800003051758,41.150001525878906,40.599998474121094,40.782501220703125,35394000.0,1443455848.2055664
2016-12-16,40.91550064086914,40.959999084472656,40.40599822998047,40.492000579833984,51978000.0,2104693206.1386108
2016-12-19,40.4640007019043,40.81100082397461,40.224998474121094,40.625,25272000.0,1026675000.0
2016-12-20,40.66849899291992,40.824501037597656,40.54999923706055,40.7599983215332,25438000.0,1036852837.3031616
2016-12-21,40.7859992980957,40.7859992980957,40.255001068115234,40.61000061035156,29192000.0,1185487137.8173828
2016-12-22,40.45500183105469,40.55350112915039,40.30149841308594,40.48400115966797,22632000.0,916233914.2456055
2016-12-23,40.4005012512207,40.548500061035156,40.25550079345703,40.38999938964844,15310000.0,618370890.6555176
2016-12-27,40.433998107910156,40.79999923706055,40.290000915527344,40.496498107910156,19520000.0,790491643.0664062
2016-12-28,40.666500091552734,40.666500091552734,40.12200164794922,40.22850036621094,24296000.0,977391644.8974609
2016-12-29,40.11650085449219,40.287498474121094,39.90700149536133,40.14400100708008,21148000.0,848965333.2977295
2016-12-30,40.160499572753906,40.16450119018555,39.48099899291992,39.622501373291016,34718000.0,1375614002.6779175
2017-01-03,40.03099822998047,40.571998596191406,39.84450149536133,40.4005012512207,39180000.0,1582891639.0228271
2017-01-04,40.49449920654297,40.67150115966797,40.205501556396484,40.38850021362305,30306000.0,1224013887.47406
2017-01-05,40.375,40.6870002746582,40.29600143432617,40.6510009765625,26810000.0,1089853336.1816406
2017-01-06,40.7495002746582,41.448001861572266,40.57500076293945,41.260501861572266,40342000.0,1664531166.0995483
2017-01-09,41.31850051879883,41.52149963378906,41.08100128173828,41.35900115966797,28178000.0,1165413934.677124
2017-01-10,41.35350036621094,41.47050094604492,41.15700149536133,41.300498962402344,23948000.0,989064349.1516113
2017-01-11,41.33100128173828,41.494998931884766,41.07350158691406,41.49300003051758,26508000.0,1099896444.80896
2017-01-12,41.41899871826172,41.51900100708008,41.050498962402344,41.47650146484375,26990000.0,1119450774.5361328
2017-01-13,41.54999923706055,41.73249816894531,41.47600173950195,41.547000885009766,25804000.0,1072078810.836792
2017-01-17,41.5,41.50899887084961,41.15999984741211,41.37300109863281,28818000.0,1192287145.6604004
2017-01-18,41.4900016784668,41.490501403808594,41.20399856567383,41.45100021362305,20554000.0,851983858.3908081
2017-01-19,41.45000076293945,41.650001525878906,41.198001861572266,41.21849822998047,21410000.0,882488047.1038818
2017-01-20,41.454498291015625,41.46200180053711,41.22999954223633,41.40850067138672,26124000.0,1081755671.5393066
2017-01-23,41.580501556396484,42.277000427246094,41.435001373291016,42.221500396728516,49148000.0,2075102301.498413
2017-01-24,42.3489990234375,42.57600021362305,42.11399841308594,42.47650146484375,33768000.0,1434346501.4648438
2017-01-25,42.6775016784668,42.93949890136719,42.48699951171875,42.92250061035156,33108000.0,1421078150.2075195
2017-01-26,42.95249938964844,43.04999923706055,42.5260009765625,42.8489990234375,69866000.0,2993688165.7714844
2017-01-27,42.95000076293945,43.349998474121094,42.095001220703125,42.25149917602539,75050000.0,3170975013.1607056
2017-01-30,41.85300064086914,41.86149978637695,41.05149841308594,41.19150161743164,70338000.0,2897327840.7669067
2017-01-31,40.974998474121094,41.153499603271484,40.66999816894531,41.009498596191406,40404000.0,1656947781.2805176
2017-02-01,41.20000076293945,41.20000076293945,40.61249923706055,40.762001037597656,45020000.0,1835105286.7126465
2017-02-02,40.75,41.22800064086914,40.602500915527344,40.91299819946289,33784000.0,1382204731.1706543
2017-02-03,41.15650177001953,41.30649948120117,40.967498779296875,41.006500244140625,30562000.0,1253240660.4614258
2017-02-06,41.04600143432617,41.11949920654297,40.714500427246094,41.08100128173828,27018000.0,1109926492.630005
2017-02-07,41.275001525878906,41.59600067138672,41.16450119018555,41.46149826049805,33332000.0,1381994660.018921
2017-02-08,41.5265007019043,41.712501525878906,41.25550079345703,41.49399948120117,26044000.0,1080669722.4884033
2017-02-09,41.58649826049805,41.5989990234375,41.32500076293945,41.50299835205078,23884000.0,991257612.6403809
2017-02-10,41.647499084472656,41.85749816894531,41.5255012512207,41.74250030517578,28302000.0,1181396243.637085
2017-02-13,41.8849983215332,42.08700180053711,41.8125,41.948001861572266,25914000.0,1087040520.2407837
2017-02-14,41.98849868774414,42.099998474121094,41.791500091552734,42.00149917602539,27266000.0,1145212876.5335083
2017-02-15,41.94049835205078,42.0885009765625,41.81100082397461,41.86600112915039,27144000.0,1136410734.6496582
2017-02-16,41.92499923706055,42.134498596191406,41.862998962402344,42.10850143432617,20102000.0,846465095.8328247
2017-02-17,42.06549835205078,42.34700012207031,41.98899841308594,42.32749938964844,29224000.0,1236978842.163086
2017-02-21,42.39950180053711,42.61000061035156,42.32749938964844,42.4635009765625,25206000.0,1070335005.6152344
2017-02-22,42.400001525878906,42.68949890136719,42.33549880981445,42.56800079345703,24488000.0,1042405203.4301758
2017-02-23,42.55400085449219,42.63100051879883,42.125,42.54999923706055,27734000.0,1180081678.8406372
2017-02-24,42.38249969482422,42.417999267578125,42.14799880981445,42.390499114990234,26924000.0,1141321798.171997
2017-02-27,42.247501373291016,42.53350067138672,42.1505012512207,42.48350143432617,20206000.0,858421629.9819946
2017-02-28,42.36750030517578,42.44150161743164,42.071998596191406,42.246498107910156,27662000.0,1168622630.6610107
2017-03-01,42.569000244140625,42.900001525878906,42.45100021362305,42.837501525878906,36374000.0,1558171280.5023193
2017-03-02,42.81549835205078,42.824501037597656,42.43600082397461,42.49250030517578,25018000.0,1063077372.6348877
2017-03-03,42.446998596191406,42.54100036621094,42.23550033569336,42.45399856567383,20100000.0,853325371.170044
2017-03-06,42.34299850463867,42.446998596191406,42.05849838256836,42.36349868774414,20958000.0,887854205.4977417
2017-03-07,42.362998962402344,42.666500091552734,42.2760009765625,42.557498931884766,20774000.0,884089482.8109741
2017-03-08,42.65599822998047,42.846500396728516,42.5625,42.68199920654297,20576000.0,878224815.6738281
2017-03-09,42.68450164794922,43.035499572753906,42.63349914550781,42.891998291015625,26954000.0,1156110921.9360352
2017-03-10,43.1349983215332,43.21149826049805,42.88050079345703,43.070499420166016,26732000.0,1151360590.499878
2017-03-13,43.041500091552734,43.35649871826172,43.04100036621094,43.229000091552734,23332000.0,1008619030.1361084
2017-03-14,43.1875,43.37900161743164,43.006500244140625,43.295501708984375,21234000.0,919336683.2885742
2017-03-15,43.39699935913086,43.49399948120117,43.064998626708984,43.419498443603516,26658000.0,1157476989.5095825
2017-03-16,43.5265007019043,43.635501861572266,43.375999450683594,43.5,22090000.0,960915000.0
2017-03-17,43.683998107910156,43.72100067138672,43.41849899291992,43.618499755859375,37366000.0,1629848861.8774414
2017-03-20,43.4739990234375,43.516998291015625,43.23350143432617,43.39550018310547,30844000.0,1338490807.647705
2017-03-21,43.50299835205078,43.673500061035156,42.384498596191406,42.50699996948242,50760000.0,2157655318.4509277
2017-03-22,42.4739990234375,42.76750183105469,42.349998474121094,42.4900016784668,27334000.0,1161421705.8792114
2017-03-23,42.06949996948242,42.08449935913086,41.650001525878906,41.98249816894531,65754000.0,2760517184.60083
2017-03-24,42.099998474121094,42.20000076293945,41.45500183105469,41.75699996948242,42114000.0,1758554296.7147827
2017-03-27,41.40449905395508,42.069000244140625,41.21500015258789,41.925498962402344,38692000.0,1622181405.8532715
2017-03-28,41.984500885009766,42.27000045776367,41.61349868774414,42.03150177001953,30384000.0,1277085149.7802734
2017-03-29,42.13750076293945,42.579498291015625,42.069000244140625,42.493499755859375,29146000.0,1238515543.8842773
2017-03-30,42.5989990234375,42.599998474121094,42.3385009765625,42.4739990234375,18988000.0,806496293.4570312
2017-03-31,42.34149932861328,42.47800064086914,42.262001037597656,42.38999938964844,28820000.0,1221679782.409668
2017-04-03,42.4375,42.95000076293945,42.37649917602539,42.837501525878906,39388000.0,1687283510.1013184
2017-04-04,42.400001525878906,42.650001525878906,42.3754997253418,42.628501892089844,26970000.0,1149690696.029663
2017-04-05,42.73550033569336,43.02949905395508,42.375999450683594,42.445499420166016,37104000.0,1574897810.4858398
2017-04-06,42.474998474121094,42.679500579833984,42.20000076293945,42.255001068115234,30672000.0,1296045392.7612305
2017-04-07,42.25,42.29399871826172,41.8650016784668,42.10499954223633,22232000.0,936078349.822998
2017-04-10,42.07699966430664,42.33700180053711,42.03950119018555,42.084999084472656,20924000.0,880586520.8435059
2017-04-11,42.084999084472656,42.23149871826172,41.72999954223633,41.99399948120117,19486000.0,818295073.890686
2017-04-12,41.92300033569336,42.18600082397461,41.87950134277344,42.073001861572266,22716000.0,955730310.2874756
2017-04-13,42.051998138427734,42.186500549316406,41.89250183105469,42.00899887084961,21474000.0,902101241.7526245
2017-04-17,42.069000244140625,42.78200149536133,42.05149841308594,42.756500244140625,20982000.0,897116888.1225586
2017-04-18,42.62699890136719,42.86949920654297,42.5625,42.699501037597656,18724000.0,799505457.4279785
2017-04-19,42.86949920654297,43.0099983215332,42.67649841308594,42.82550048828125,21606000.0,925287763.5498047
2017-04-20,42.98699951171875,43.19649887084961,42.875,43.00400161743164,23776000.0,1022463142.4560547
2017-04-21,43.03099822998047,43.12200164794922,42.88650131225586,42.9474983215332,23458000.0,1007462415.6265259
2017-04-24,43.422000885009766,43.99800109863281,43.30550003051758,43.94649887084961,33930000.0,1491104706.6879272
2017-04-25,44.112998962402344,44.61249923706055,43.9640007019043,44.44200134277344,40760000.0,1811455974.7314453
2017-04-26,44.56949996948242,44.64950180053711,44.25749969482422,44.457000732421875,26466000.0,1176598981.3842773
2017-04-27,44.5,44.66899871826172,44.35900115966797,44.571998596191406,46846000.0,2088019846.2371826
2017-04-28,46.45000076293945,46.79499816894531,46.1609992980957,46.22600173950195,76918000.0,3555611601.799011
2017-05-01,46.20750045776367,46.79100036621094,46.040000915527344,46.64099884033203,46556000.0,2171418342.010498
2017-05-02,46.66350173950195,47.14950180053711,46.54999923706055,46.85449981689453,35026000.0,1641125710.5865479
2017-05-03,46.8025016784668,47.5099983215332,46.760501861572266,47.42250061035156,36496000.0,1730731582.2753906
2017-05-04,47.51449966430664,47.957000732421875,47.368499755859375,47.736000061035156,38752000.0,1849865474.3652344
2017-05-05,47.83599853515625,47.922000885009766,47.404998779296875,47.513999938964844,32310000.0,1535177338.027954
2017-05-08,47.372501373291016,48.04949951171875,47.369998931884766,47.93450164794922,37534000.0,1799173584.854126
2017-05-09,48.06650161743164,48.11000061035156,47.720001220703125,47.83549880981445,33758000.0,1614830768.8217163
2017-05-10,47.81100082397461,47.83549880981445,47.492000579833984,47.742000579833984,22920000.0,1094246653.289795
2017-05-11,47.56449890136719,47.89950180053711,47.43050003051758,47.794498443603516,20622000.0,985618146.9039917
2017-05-12,47.89250183105469,47.89899826049805,47.60300064086914,47.75699996948242,24298000.0,1160399585.258484
2017-05-15,47.76449966430664,48.1349983215332,47.64099884033203,47.96099853515625,26754000.0,1283148554.8095703
2017-05-16,48.1775016784668,48.29499816894531,48.01750183105469,48.230499267578125,22030000.0,1062517898.8647461
2017-05-17,47.98500061035156,48.04949951171875,47.00299835205078,47.10850143432617,48982000.0,2307468617.2561646
2017-05-18,47.15999984741211,47.70899963378906,47.063499450683594,47.525001525878906,36010000.0,1711375304.9468994
2017-05-19,47.64099884033203,47.97800064086914,47.599998474121094,47.73249816894531,27206000.0,1298610345.1843262
2017-05-22,47.849998474121094,48.24100112915039,47.827999114990234,48.20349884033203,27748000.0,1337550685.8215332
2017-05-23,48.49800109863281,48.72549819946289,48.224998474121094,48.52750015258789,30908000.0,1499887974.7161865
2017-05-24,48.76300048828125,48.90599822998047,48.58150100708008,48.88050079345703,22660000.0,1107632147.9797363
2017-05-25,48.95000076293945,49.78900146484375,48.89099884033203,49.59299850463867,39082000.0,1938193567.5582886
2017-05-26,49.599998474121094,49.81949996948242,49.36800003051758,49.66350173950195,32728000.0,1625387084.93042
2017-05-30,49.625,49.88100051879883,49.56800079345703,49.80849838256836,30324000.0,1510392904.953003
2017-05-31,49.81050109863281,49.97999954223633,49.08399963378906,49.35449981689453,34482000.0,1701841862.6861572
2017-06-01,49.54800033569336,49.65700149536133,49.06449890136719,49.41450119018555,26128000.0,1291102087.097168
2017-06-02,49.429500579833984,49.82400131225586,49.35350036621094,49.805999755859375,34710000.0,1728766251.525879
2017-06-05,49.894500732421875,50.369998931884766,49.772499084472656,50.194000244140625,27578000.0,1384250138.7329102
2017-06-06,50.16550064086914,50.43050003051758,49.7400016784668,49.83399963378906,31042000.0,1546947016.63208
2017-06-07,49.954498291015625,50.195499420166016,49.79349899291992,50.07500076293945,27482000.0,1376161170.967102
2017-06-08,50.21149826049805,50.279998779296875,49.83100128173828,50.2140007019043,33758000.0,1695124235.6948853
2017-06-09,50.27450180053711,50.275001525878906,47.66849899291992,48.50600051879883,72958000.0,3538900785.850525
2017-06-12,47.93600082397461,48.400001525878906,46.84000015258789,48.09049987792969,84042000.0,4041621790.740967
2017-06-13,48.60200119018555,48.89550018310547,48.10049819946289,48.525001525878906,40108000.0,1946240761.1999512
2017-06-14,48.775001525878906,48.98500061035156,47.97549819946289,48.39649963378906,30110000.0,1457218603.9733887
2017-06-15,47.4010009765625,48.034000396728516,47.01850128173828,48.00899887084961,48552000.0,2330932913.17749
2017-06-16,47.89550018310547,47.997501373291016,47.435001373291016,47.930999755859375,51184000.0,2453300291.5039062
2017-06-19,48.48249816894531,48.96500015258789,48.40999984741211,48.76100158691406,29376000.0,1432403182.6171875
2017-06-20,48.765499114990234,49.03950119018555,48.40999984741211,48.449501037597656,25946000.0,1257070753.9215088
2017-06-21,48.53950119018555,48.977500915527344,48.47249984741211,48.929500579833984,23232000.0,1136730157.4707031
2017-06-22,48.84349822998047,49.025001525878906,48.66550064086914,48.83100128173828,20190000.0,985897915.8782959
2017-06-23,48.775001525878906,49.33100128173828,48.722999572753906,49.304500579833984,31280000.0,1542244778.137207
2017-06-26,49.5,49.699501037597656,48.51649856567383,48.60449981689453,30358000.0,1475535405.4412842
2017-06-27,48.08000183105469,48.361000061035156,47.35449981689453,47.40449905395508,48872000.0,2316752677.7648926
2017-06-28,47.53300094604492,48.1619987487793,46.80799865722656,48.050498962402344,54912000.0,2638548999.0234375
2017-06-29,47.567501068115234,47.58300018310547,46.47999954223633,46.89099884033203,64134000.0,3007307319.6258545
2017-06-30,47.199501037597656,47.25,46.480499267578125,46.48400115966797,45754000.0,2126828989.0594482
2017-07-03,46.6609992980957,46.71200180053711,45.765499114990234,45.972999572753906,33896000.0,1558300793.5180664
2017-07-05,46.209999084472656,46.81449890136719,45.93149948120117,46.612998962402344,41882000.0,1952245622.543335
2017-07-06,46.25,46.80699920654297,45.99250030517578,46.384498596191406,40298000.0,1869202524.4293213
2017-07-07,46.54949951171875,47.233001708984375,46.489498138427734,47.04050064086914,33266000.0,1564849294.3191528
2017-07-10,47.09749984741211,47.65650177001953,47.09749984741211,47.54999923706055,29030000.0,1380376477.8518677
2017-07-11,47.5260009765625,47.74449920654297,47.25600051879883,47.67649841308594,29224000.0,1393297989.6240234
2017-07-12,48.042999267578125,48.48149871826172,47.85200119018555,48.382999420166016,32042000.0,1550288067.4209595
2017-07-13,48.540000915527344,48.935001373291016,48.2400016784668,48.442501068115234,30492000.0,1477108742.5689697
2017-07-14,48.70000076293945,48.87699890136719,48.50749969482422,48.84550094604492,21592000.0,1054672056.427002
2017-07-17,48.816001892089844,49.16749954223633,48.540000915527344,48.79800033569336,33210000.0,1620581591.1483765
2017-07-18,48.667999267578125,49.54249954223633,48.60200119018555,49.34749984741211,28266000.0,1394856430.6869507
2017-07-19,49.5004997253418,49.779998779296875,49.35049819946289,49.63850021362305,28242000.0,1401890523.033142
2017-07-20,49.849998474121094,49.933998107910156,49.23099899291992,49.609500885009766,28368000.0,1407322321.105957
2017-07-21,49.45000076293945,49.75550079345703,49.208499908447266,49.69200134277344,29266000.0,1454286111.2976074
2017-07-24,49.70500183105469,50.30950164794922,49.51350021362305,49.91550064086914,79690000.0,3977766246.070862
2017-07-25,48.53499984741211,48.83649826049805,48.189998626708984,48.451499938964844,118672000.0,5749836400.756836
2017-07-26,48.638999938964844,48.6974983215332,48.01150131225586,48.265499114990234,44432000.0,2144532656.677246
2017-07-27,48.45899963378906,48.47600173950195,46.85300064086914,47.6254997253418,74358000.0,3541336908.5769653
2017-07-28,47.39950180053711,48.089500427246094,47.265499114990234,47.916500091552734,36276000.0,1738218957.321167
2017-07-31,48.0,48.05950164794922,47.08649826049805,47.275001525878906,45670000.0,2159049319.6868896
2017-08-01,47.390499114990234,47.7244987487793,47.24800109863281,47.327999114990234,28052000.0,1327645031.173706
2017-08-02,47.41849899291992,47.45500183105469,46.625999450683594,47.38199996948242,40788000.0,1932617014.755249
2017-08-03,47.45500183105469,47.5,46.97200012207031,47.01499938964844,22478000.0,1056803156.2805176
2017-08-04,47.1974983215332,47.37699890136719,46.9900016784668,47.28950119018555,25092000.0,1186588163.8641357
2017-08-07,47.375999450683594,47.448001861572266,47.17499923706055,47.287498474121094,28916000.0,1367365305.8776855
2017-08-08,47.214500427246094,47.6245002746582,47.124000549316406,47.20949935913086,30102000.0,1421100349.7085571
2017-08-09,46.92250061035156,47.1879997253418,46.69599914550781,47.00400161743164,28018000.0,1316958117.3171997
2017-08-10,46.75,46.814998626708984,46.0890007019043,46.179500579833984,54148000.0,2500527597.3968506
2017-08-11,46.18550109863281,46.667999267578125,46.06100082397461,46.50450134277344,32334000.0,1503676546.4172363
2017-08-14,46.95349884033203,47.051998138427734,46.7244987487793,46.94649887084961,23012000.0,1080332832.0159912
2017-08-15,47.05149841308594,47.153499603271484,46.832000732421875,46.90399932861328,22130000.0,1037985505.1422119
2017-08-16,47.0625,47.494998931884766,47.00199890136719,47.2135009765625,26906000.0,1270326457.2753906
2017-08-17,47.147499084472656,47.19049835205078,46.38199996948242,46.382999420166016,33914000.0,1573033042.3355103
2017-08-18,46.3489990234375,46.55099868774414,46.17250061035156,46.308998107910156,26748000.0,1238673081.3903809
2017-08-21,46.28850173950195,46.412498474121094,45.93000030517578,46.04349899291992,26024000.0,1198236017.791748
2017-08-22,46.347999572753906,47.097999572753906,46.30849838256836,47.02000045776367,35502000.0,1669304056.2515259
2017-08-23,46.849998474121094,47.27149963378906,46.762001037597656,47.12900161743164,22690000.0,1069357046.6995239
2017-08-24,47.18550109863281,47.31549835205078,46.5369987487793,46.84450149536133,25892000.0,1212897832.7178955
2017-08-25,46.96049880981445,47.0364990234375,46.505001068115234,46.525001525878906,23746000.0,1104782686.2335205
2017-08-28,46.59400177001953,46.74250030517578,46.30550003051758,46.40650177001953,20988000.0,973979659.1491699
2017-08-29,45.997501373291016,46.90950012207031,45.96549987792969,46.787498474121094,23172000.0,1084159914.642334
2017-08-30,46.78350067138672,47.292999267578125,46.70249938964844,47.18149948120117,22406000.0,1057148677.3757935
2017-08-31,47.314998626708984,47.86000061035156,47.3125,47.762001037597656,33866000.0,1617507927.1392822
2017-09-01,47.87350082397461,47.916500091552734,47.513999938964844,47.5994987487793,20858000.0,992830344.9020386
2017-09-05,47.34299850463867,47.56949996948242,46.779998779296875,47.07400131225586,29148000.0,1372112990.2496338
2017-09-06,47.19350051879883,47.224998474121094,46.63399887084961,47.10100173950195,27830000.0,1310820878.4103394
2017-09-07,47.212501525878906,47.525001525878906,46.87649917602539,47.49449920654297,22332000.0,1060647156.2805176
2017-09-08,47.48500061035156,47.53499984741211,47.0004997253418,47.070499420166016,19998000.0,941315847.40448
2017-09-11,47.36000061035156,47.63399887084961,47.04999923706055,47.16450119018555,26748000.0,1261556077.835083
2017-09-12,47.34600067138672,47.40449905395508,46.875,47.33250045776367,25696000.0,1216255931.7626953
2017-09-13,47.275001525878906,47.64250183105469,47.23699951171875,47.52199935913086,21908000.0,1041111961.9598389
2017-09-14,47.29999923706055,47.4015007019043,46.917999267578125,47.006500244140625,28548000.0,1341941568.9697266
2017-09-15,47.00450134277344,47.087501525878906,46.5625,46.76449966430664,39886000.0,1865248833.6105347
2017-09-18,46.7504997253418,46.84299850463867,46.27000045776367,46.48749923706055,29474000.0,1370172552.5131226
2017-09-19,46.670501708984375,46.89699935913086,46.33300018310547,46.84299850463867,24854000.0,1164235884.8342896
2017-09-20,46.88650131225586,47.5,46.875,47.37699890136719,40080000.0,1898870115.9667969
2017-09-21,47.40650177001953,47.63999938964844,46.96900177001953,47.377498626708984,27414000.0,1298806747.3526
2017-09-22,47.13850021362305,47.5,47.04199981689453,47.16299819946289,21496000.0,1013815809.2956543
2017-09-25,46.97249984741211,46.98749923706055,46.22549819946289,46.7140007019043,37468000.0,1750280178.2989502
2017-09-26,46.83449935913086,47.20399856567383,46.75600051879883,46.871498107910156,33454000.0,1568039097.7020264
2017-09-27,47.137001037597656,48.27149963378906,47.09749984741211,47.994998931884766,46692000.0,2240982490.1275635
2017-09-28,47.8125,48.308998107910156,47.77750015258789,48.240501403808594,28018000.0,1351602368.3319092
2017-09-29,48.29999923706055,48.79050064086914,48.29999923706055,48.68600082397461,40622000.0,1977722725.4714966
2017-10-02,48.782501220703125,48.887001037597656,48.09749984741211,48.37350082397461,30782000.0,1489033102.3635864
2017-10-03,48.37799835205078,48.62200164794922,48.135501861572266,48.604000091552734,21666000.0,1053054265.9835815
2017-10-04,48.5880012512207,48.720001220703125,48.28049850463867,48.3390007019043,21156000.0,1022659898.8494873
2017-10-05,48.63949966430664,49.32550048828125,48.51350021362305,49.259498596191406,35618000.0,1754524820.9991455
2017-10-06,49.0,49.7130012512207,48.925498962402344,49.68199920654297,31060000.0,1543122895.3552246
2017-10-09,49.75,50.02299880981445,49.57500076293945,49.615501403808594,25910000.0,1285537641.3726807
2017-10-10,49.76499938964844,49.87350082397461,49.05550003051758,49.38999938964844,23268000.0,1149206505.7983398
2017-10-11,49.45199966430664,50.378501892089844,49.39699935913086,50.282501220703125,36300000.0,1825254794.3115234
2017-10-12,50.19200134277344,50.57699966430664,50.05500030517578,50.282501220703125,30614000.0,1539348492.3706055
2017-10-13,50.455501556396484,50.737998962402344,50.35300064086914,50.39350128173828,26552000.0,1338048246.0327148
2017-10-16,50.48149871826172,50.599998474121094,50.07600021362305,50.467498779296875,21420000.0,1081013823.852539
2017-10-17,50.37200164794922,50.72800064086914,50.3025016784668,50.54999923706055,20260000.0,1024142984.5428467
2017-10-18,50.5525016784668,50.81549835205078,50.26599884033203,50.637001037597656,25596000.0,1296104678.5583496
2017-10-19,50.23749923706055,50.36600112915039,49.8650016784668,50.09199905395508,34284000.0,1717354095.565796
2017-10-20,50.352500915527344,50.432498931884766,50.11349868774414,50.253501892089844,32120000.0,1614142480.7739258
2017-10-23,50.25899887084961,50.28950119018555,49.154998779296875,49.277000427246094,32786000.0,1615595736.0076904
2017-10-24,49.32500076293945,49.4630012512207,48.854000091552734,49.42449951171875,28902000.0,1428466884.8876953
2017-10-25,49.313499450683594,49.721500396728516,48.88600158691406,49.573001861572266,30574000.0,1515644958.9157104
2017-10-26,49.923500061035156,50.32550048828125,49.52349853515625,49.57099914550781,47396000.0,2349467075.5004883
2017-10-27,51.54949951171875,53.180999755859375,51.342498779296875,51.68349838256836,103682000.0,5358648479.301453
2017-10-30,51.45800018310547,51.99150085449219,51.11650085449219,51.65650177001953,46804000.0,2417730908.843994
2017-10-31,51.650001525878906,52.04999923706055,51.314998626708984,51.652000427246094,30326000.0,1566398564.956665
2017-11-01,51.816001892089844,52.393001556396484,51.70000076293945,52.130001068115234,43262000.0,2255248106.2088013
2017-11-02,51.9995002746582,52.2760009765625,51.43299865722656,52.14849853515625,26694000.0,1392052019.897461
2017-11-03,52.13750076293945,52.53300094604492,51.88249969482422,52.4995002746582,27770000.0,1457911122.6272583
2017-11-06,52.45500183105469,52.62950134277344,52.099998474121094,52.13399887084961,18294000.0,953739375.3433228
2017-11-07,52.48249816894531,52.670501708984375,52.150001525878906,52.61949920654297,26104000.0,1373579407.2875977
2017-11-08,52.502498626708984,53.134498596191406,52.352500915527344,52.91450119018555,24276000.0,1284552430.8929443
2017-11-09,52.400001525878906,52.54399871826172,51.79249954223633,52.38600158691406,35892000.0,1880238368.9575195
2017-11-10,52.19350051879883,52.33150100708008,52.06100082397461,52.20750045776367,19442000.0,1015018223.8998413
2017-11-13,52.040000915527344,52.4370002746582,51.9630012512207,52.060001373291016,18814000.0,979456865.8370972
2017-11-14,51.88600158691406,52.1150016784668,51.46649932861328,52.082000732421875,21012000.0,1094346999.3896484
2017-11-15,51.75,51.98149871826172,51.53799819946289,51.820499420166016,18106000.0,938261962.5015259
2017-11-16,51.9375,52.5880012512207,51.900001525878906,52.423500061035156,23768000.0,1246001749.4506836
2017-11-17,52.4900016784668,52.54999923706055,51.686500549316406,51.794498443603516,26712000.0,1383534642.425537
2017-11-20,51.79999923706055,51.935001373291016,51.63399887084961,51.733001708984375,17526000.0,906672587.9516602
2017-11-21,52.00199890136719,52.519500732421875,51.957000732421875,52.51499938964844,22206000.0,1166148076.4465332
2017-11-22,52.55799865722656,52.77149963378906,52.36249923706055,52.59600067138672,14538000.0,764640657.7606201
2017-11-24,52.71950149536133,53.003501892089844,52.59600067138672,52.82600021362305,16492000.0,871206395.5230713
2017-11-27,52.92850112915039,53.652000427246094,52.73849868774414,53.60049819946289,35430000.0,1899065651.2069702
2017-11-28,53.699501037597656,54.0,52.72700119018555,53.16450119018555,36424000.0,1936463791.3513184
2017-11-29,52.808998107910156,52.938499450683594,51.48249816894531,51.86899948120117,55866000.0,2897713525.0167847
2017-11-30,51.99700164794922,52.207000732421875,51.503501892089844,51.80849838256836,45092000.0,2336148809.0667725
2017-12-01,51.52050018310547,51.86199951171875,50.845001220703125,51.253501892089844,37762000.0,1935434738.4490967
2017-12-04,51.38999938964844,51.56700134277344,50.46099853515625,50.59349822998047,38778000.0,1961914674.3621826
2017-12-05,50.54949951171875,51.83399963378906,50.11600112915039,50.97999954223633,38998000.0,1988118022.1481323
2017-12-06,50.82600021362305,51.979000091552734,50.765499114990234,51.63600158691406,28710000.0,1482469605.5603027
2017-12-07,51.80350112915039,52.44599914550781,51.768001556396484,52.22850036621094,30866000.0,1612084892.3034668
2017-12-08,52.59049987792969,52.82099914550781,52.292999267578125,52.46900177001953,31170000.0,1635458785.1715088
2017-12-11,52.55550003051758,52.79999923706055,52.20600128173828,52.5984992980957,23254000.0,1223125502.6779175
2017-12-12,52.5,53.125,52.243499755859375,52.438499450683594,33882000.0,1776721238.3880615
2017-12-13,52.604000091552734,52.77399826049805,52.32899856567383,52.56949996948242,27680000.0,1455123759.1552734
2017-12-14,52.77450180053711,53.354000091552734,52.68000030517578,52.87350082397461,30962000.0,1637069332.5119019
2017-12-15,53.18899917602539,53.76250076293945,53.00450134277344,53.599998474121094,63760000.0,3417535902.709961
2017-12-18,53.8224983215332,54.324501037597656,53.51850128173828,54.25450134277344,30292000.0,1643477354.675293
2017-12-19,54.1510009765625,54.24850082397461,53.61349868774414,53.98899841308594,26350000.0,1422610108.1848145
2017-12-20,54.04600143432617,54.061500549316406,53.43000030517578,53.678001403808594,28728000.0,1542061624.3286133
2017-12-21,53.769500732421875,53.875999450683594,53.45000076293945,53.54249954223633,25640000.0,1372829688.2629395
2017-12-22,53.5,53.58599853515625,53.38199996948242,53.44300079345703,17788000.0,950644098.1140137
2017-12-26,53.43199920654297,53.44300079345703,52.93199920654297,53.29249954223633,18376000.0,979302971.5881348
2017-12-27,53.33000183105469,53.41350173950195,52.91899871826172,53.0099983215332,22324000.0,1183395202.5299072
2017-12-28,53.11249923706055,53.242000579833984,52.66899871826172,52.79750061035156,19884000.0,1049825502.1362305
2017-12-29,52.77450180053711,52.90250015258789,52.6349983215332,52.66999816894531,23606000.0,1243327976.776123
2018-01-02,52.6510009765625,53.79899978637695,52.6510009765625,53.660499572753906,31766000.0,1704579429.4281006
2018-01-03,53.69649887084961,54.80500030517578,53.67150115966797,54.57600021362305,31318000.0,1709211174.6902466
2018-01-04,54.85449981689453,55.20399856567383,54.7130012512207,54.78799819946289,26052000.0,1427336929.0924072
2018-01-05,55.17250061035156,55.67900085449219,55.09000015258789,55.51449966430664,30250000.0,1679313614.8452759
2018-01-08,55.54999923706055,55.95800018310547,55.5,55.71049880981445,24644000.0,1372929532.6690674
2018-01-09,55.922000885009766,55.922000885009766,55.40999984741211,55.63949966430664,26808000.0,1491583707.0007324
2018-01-10,55.349998474121094,55.638999938964844,55.19900131225586,55.50699996948242,20734000.0,1150882137.3672485
2018-01-11,55.615501403808594,55.74250030517578,55.32400131225586,55.602500915527344,22424000.0,1246830480.5297852
2018-01-12,55.505001068115234,56.564998626708984,55.4005012512207,56.532501220703125,38586000.0,2181363092.102051
2018-01-16,57.015499114990234,57.444000244140625,56.33300018310547,56.53499984741211,36462000.0,2061379164.4363403
2018-01-17,56.81800079345703,56.965999603271484,56.17449951171875,56.95500183105469,27830000.0,1585057700.958252
2018-01-18,56.967498779296875,57.02949905395508,56.222999572753906,56.798500061035156,27498000.0,1561845154.6783447
2018-01-19,56.9015007019043,57.18899917602539,56.625,57.17499923706055,30552000.0,1746810576.6906738
2018-01-22,57.191001892089844,58.34400177001953,57.090999603271484,58.20800018310547,29550000.0,1720046405.4107666
2018-01-23,58.53099822998047,58.925498962402344,58.36249923706055,58.80849838256836,39138000.0,2301647009.6969604
2018-01-24,59.249000549316406,59.352500915527344,58.369998931884766,58.56449890136719,37128000.0,2174382715.209961
2018-01-25,59.035499572753906,59.25,58.59199905395508,59.106998443603516,29984000.0,1772264241.3330078
2018-01-26,59.37649917602539,59.37799835205078,58.4015007019043,59.37799835205078,42170000.0,2503970190.5059814
2018-01-29,59.400001525878906,59.900001525878906,59.202999114990234,59.32400131225586,31494000.0,1868350097.328186
2018-01-30,58.88600158691406,59.39649963378906,58.72549819946289,58.868499755859375,37338000.0,2198032043.8842773
2018-01-31,59.19049835205078,59.316001892089844,58.60499954223633,59.111000061035156,36022000.0,2129296444.1986084
2018-02-01,58.79949951171875,59.372501373291016,58.46799850463867,59.079498291015625,73514000.0,4343170237.365723
2018-02-02,56.37099838256836,56.564998626708984,55.55849838256836,55.959999084472656,117842000.0,6594438212.112427
2018-02-05,55.03049850463867,55.7495002746582,52.83700180053711,53.11949920654297,83550000.0,4438134158.706665
2018-02-06,51.69900131225586,54.36899948120117,51.5004997253418,54.221500396728516,76630000.0,4154993575.401306
2018-02-07,54.24850082397461,54.326499938964844,52.73099899291992,52.77050018310547,51942000.0,2741005320.5108643
2018-02-08,52.993499755859375,53.19649887084961,50.23500061035156,50.385501861572266,66792000.0,3365348440.338135
2018-02-09,51.29399871826172,52.58599853515625,49.849998474121094,52.313499450683594,98360000.0,5145555805.969238
2018-02-12,52.833499908447266,53.278499603271484,52.27450180053711,52.72800064086914,56240000.0,2965422756.0424805
2018-02-13,52.5,53.06100082397461,52.34600067138672,52.707000732421875,31586000.0,1664803325.1342773
2018-02-14,52.715999603271484,53.77349853515625,52.4900016784668,53.6349983215332,41304000.0,2215339970.6726074
2018-02-15,54.17250061035156,54.70500183105469,53.36149978637695,54.56800079345703,37396000.0,2040624957.6721191
2018-02-16,54.66899871826172,55.41550064086914,54.57749938964844,54.775001525878906,39948000.0,2188151760.9558105
2018-02-20,54.63800048828125,55.81449890136719,54.5,55.179500579833984,33754000.0,1862528862.5717163
2018-02-21,55.45500183105469,56.810001373291016,55.3754997253418,55.6875,41486000.0,2310251625.0
2018-02-22,55.958499908447266,56.27299880981445,55.25749969482422,55.494998931884766,28010000.0,1554414920.0820923
2018-02-23,55.93299865722656,56.45000076293945,55.422000885009766,56.40449905395508,25292000.0,1426582590.0726318
2018-02-26,56.59299850463867,57.209999084472656,56.46699905395508,57.185001373291016,30912000.0,1767702762.4511719
2018-02-27,57.185001373291016,57.212501525878906,55.839500427246094,55.8754997253418,42964000.0,2400634970.199585
2018-02-28,56.099998474121094,56.38249969482422,55.150001525878906,55.19599914550781,49292000.0,2720721189.880371
2018-03-01,55.47700119018555,55.563499450683594,53.364498138427734,53.570499420166016,55338000.0,2964484296.913147
2018-03-02,52.89899826049805,54.34450149536133,52.50550079345703,54.207000732421875,50162000.0,2719131570.739746
2018-03-05,53.90650177001953,55.058998107910156,53.61349868774414,54.737998962402344,28648000.0,1568134194.2749023
2018-03-06,55.10499954223633,55.28150177001953,54.724998474121094,55.04499816894531,23382000.0,1287062147.1862793
2018-03-07,54.64099884033203,55.810001373291016,54.49549865722656,55.75199890136719,30748000.0,1714262462.2192383
2018-03-08,55.86000061035156,56.571998596191406,55.86000061035156,56.46900177001953,33862000.0,1912153337.9364014
2018-03-09,56.974998474121094,58.04999923706055,56.714500427246094,58.04199981689453,42662000.0,2476187796.1883545
2018-03-12,58.252498626708984,58.90800094604492,57.959999084472656,58.29650115966797,44306000.0,2582884780.380249
2018-03-13,58.59149932861328,58.900001525878906,56.72850036621094,56.99549865722656,43140000.0,2458785812.072754
2018-03-14,57.290000915527344,57.987998962402344,57.11750030517578,57.44449996948242,41870000.0,2405201213.722229
2018-03-15,57.47850036621094,58.125,56.78300094604492,57.53049850463867,33382000.0,1920483101.0818481
2018-03-16,57.76750183105469,57.84049987792969,56.56800079345703,56.72100067138672,58656000.0,3327027015.3808594
2018-03-19,55.88800048828125,55.96849822998047,54.44599914550781,55.003501892089844,63656000.0,3501302916.442871
2018-03-20,54.91999816894531,55.27750015258789,54.12099838256836,54.790000915527344,54598000.0,2991424469.985962
2018-03-21,54.628501892089844,55.435001373291016,54.36050033569336,54.70000076293945,44898000.0,2455920634.2544556
2018-03-22,54.0004997253418,54.19599914550781,52.481998443603516,52.657501220703125,69312000.0,3649796724.609375
2018-03-23,52.56850051879883,53.3390007019043,51.243499755859375,51.32749938964844,49880000.0,2560215669.555664
2018-03-26,52.529998779296875,52.9635009765625,50.52899932861328,52.704498291015625,65984000.0,3477653615.234375
2018-03-27,53.19499969482422,53.22700119018555,49.88100051879883,50.34700012207031,60816000.0,3061903159.423828
2018-03-28,50.09550094604492,51.2495002746582,49.20000076293945,50.25899887084961,77698000.0,3905023694.267273
2018-03-29,50.56050109863281,52.40250015258789,50.20199966430664,51.856998443603516,69338000.0,3595660558.0825806
2018-04-02,51.38100051879883,51.97650146484375,49.712501525878906,50.631500244140625,65068000.0,3294490457.885742
2018-04-03,50.807498931884766,51.25,49.86249923706055,50.933998107910156,51322000.0,2614034650.894165
2018-04-04,49.9114990234375,51.637001037597656,49.82550048828125,51.48550033569336,50724000.0,2611550519.02771
2018-04-05,52.31949996948242,52.33549880981445,51.20000076293945,51.63199996948242,35836000.0,1850284350.906372
2018-04-06,51.154998779296875,51.79999923706055,50.3125,50.497501373291016,40134000.0,2026666720.1156616
2018-04-09,51.00199890136719,52.22949981689453,50.959999084472656,51.00450134277344,33220000.0,1694369534.6069336
2018-04-10,51.51300048828125,52.06050109863281,50.77050018310547,51.82500076293945,36620000.0,1897831527.9388428
2018-04-11,51.599998474121094,51.79349899291992,50.959999084472656,51.25299835205078,34060000.0,1745677123.8708496
2018-04-12,51.57350158691406,52.23249816894531,51.3025016784668,51.864498138427734,32896000.0,1706134530.7617188
2018-04-13,52.34450149536133,52.64899826049805,51.50749969482422,51.801998138427734,25410000.0,1316288772.6974487
2018-04-16,52.27750015258789,52.57149887084961,51.69599914550781,52.30500030517578,29776000.0,1557433689.086914
2018-04-17,53.060001373291016,54.25,52.85449981689453,53.96799850463867,54584000.0,2945789230.3771973
2018-04-18,53.95050048828125,54.099998474121094,53.5260009765625,53.769500732421875,31126000.0,1673629479.7973633
2018-04-19,53.45100021362305,54.8754997253418,53.45100021362305,54.47249984741211,39884000.0,2172581183.9141846
2018-04-20,54.2135009765625,54.73749923706055,53.60499954223633,53.86600112915039,42434000.0,2285749891.9143677
2018-04-23,54.14899826049805,54.400001525878906,53.33399963378906,53.69049835205078,69590000.0,3736321780.319214
2018-04-24,52.959999084472656,53.2244987487793,50.643001556396484,51.13199996948242,128220000.0,6556145036.087036
2018-04-25,51.48749923706055,51.80350112915039,50.85049819946289,51.14950180053711,57860000.0,2959510174.179077
2018-04-26,51.6609992980957,52.60100173950195,51.022499084472656,52.16550064086914,50926000.0,2656580285.636902
2018-04-27,52.277000427246094,52.584999084472656,51.37950134277344,51.5724983215332,40746000.0,2101373016.609192
2018-04-30,51.72100067138672,51.91849899291992,50.915000915527344,50.92900085449219,34492000.0,1756643097.4731445
2018-05-01,50.814998626708984,52.08649826049805,50.53049850463867,52.037498474121094,35326000.0,1838276671.0968018
2018-05-02,51.70000076293945,52.19900131225586,51.15800094604492,51.3025016784668,34698000.0,1780094203.239441
2018-05-03,51.26850128173828,51.53450012207031,50.394500732421875,51.314998626708984,39282000.0,2015755776.0543823
2018-05-04,50.980499267578125,52.59400177001953,50.90250015258789,52.54999923706055,36892000.0,1938674571.8536377
2018-05-07,52.69449996948242,53.25,52.51350021362305,52.972999572753906,34400000.0,1822271185.3027344
2018-05-08,53.23099899291992,53.26150131225586,52.582000732421875,52.929500579833984,26030000.0,1377754900.0930786
2018-05-09,53.20500183105469,54.70000076293945,53.105499267578125,54.4474983215332,47160000.0,2567744020.843506
2018-05-10,54.75,55.47050094604492,54.694000244140625,55.27349853515625,36414000.0,2012729175.6591797
2018-05-11,55.02050018310547,55.45050048828125,54.861000061035156,55.16899871826172,30504000.0,1682875136.9018555
2018-05-14,55.278499603271484,55.907501220703125,55.2400016784668,55.33000183105469,39338000.0,2176571612.0300293
2018-05-15,54.845001220703125,54.95600128173828,53.93899917602539,54.243499755859375,35738000.0,1938554194.2749023
2018-05-16,54.25450134277344,54.71900177001953,54.08150100708008,54.204498291015625,25628000.0,1389152882.2021484
2018-05-17,54.073001861572266,54.54999923706055,53.82099914550781,54.0629997253418,25738000.0,1391473486.9308472
2018-05-18,53.29999923706055,53.686500549316406,53.23400115966797,53.481998443603516,35482000.0,1897648268.77594
2018-05-21,53.95000076293945,54.665000915527344,53.900001525878906,54.20050048828125,25180000.0,1364768602.2949219
2018-05-22,54.4900016784668,54.59000015258789,53.612998962402344,53.765499114990234,22226000.0,1194991983.329773
2018-05-23,53.5,54.400001525878906,53.347999572753906,54.29800033569336,23740000.0,1289034527.9693604
2018-05-24,54.345001220703125,54.35599899291992,53.6150016784668,54.272499084472656,20604000.0,1118230571.1364746
2018-05-25,54.32749938964844,54.47850036621094,54.130001068115234,54.20399856567383,22224000.0,1204629664.1235352
2018-05-29,53.79999923706055,54.06700134277344,53.15399932861328,53.403499603271484,36076000.0,1926584651.687622
2018-05-30,53.67399978637695,53.949501037597656,53.32749938964844,53.87350082397461,28686000.0,1545415244.6365356
2018-05-31,54.099998474121094,55.5,53.900001525878906,55.0,79368000.0,4365240000.0
2018-06-01,55.64350128173828,56.90800094604492,55.60049819946289,56.75,63202000.0,3586713500.0
2018-06-04,56.92499923706055,57.893001556396484,56.849998474121094,57.652000427246094,44754000.0,2580157627.1209717
2018-06-05,57.733001708984375,58.05500030517578,57.37300109863281,57.55099868774414,32964000.0,1897111120.7427979
2018-06-06,57.63850021362305,57.73550033569336,56.816001892089844,57.34749984741211,34934000.0,2003377559.6694946
2018-06-07,57.229000091552734,57.29349899291992,56.305999755859375,56.72100067138672,36108000.0,2048081892.2424316
2018-06-08,56.56050109863281,56.93899917602539,56.1614990234375,56.635501861572266,27284000.0,1545243032.7911377
2018-06-11,56.64699935913086,57.387001037597656,56.56999969482422,57.04499816894531,24796000.0,1414487774.597168
2018-06-12,57.05099868774414,57.4375,57.05099868774414,57.40950012207031,26092000.0,1497928677.1850586
2018-06-13,57.61399841308594,57.78200149536133,57.16899871826172,57.21149826049805,34302000.0,1962468813.331604
2018-06-14,57.61050033569336,58.29949951171875,57.529998779296875,58.00550079345703,35422000.0,2054670849.105835
2018-06-15,57.99599838256836,58.195499420166016,57.68450164794922,57.9635009765625,44438000.0,2575782056.3964844
2018-06-18,57.634498596191406,59.20650100708008,57.54999923706055,59.17900085449219,33038000.0,1955155830.230713
2018-06-19,58.50550079345703,59.140499114990234,58.080501556396484,58.93450164794922,47282000.0,2786541106.918335
2018-06-20,59.165000915527344,60.074501037597656,59.10150146484375,59.20349884033203,51686000.0,3059992041.0614014
2018-06-21,59.2755012512207,59.51649856567383,58.17399978637695,58.47200012207031,44966000.0,2629251957.4890137
2018-06-22,58.574501037597656,58.75,57.98249816894531,58.464500427246094,34220000.0,2000655204.6203613
2018-06-25,57.75,57.79949951171875,55.994998931884766,56.9640007019043,57682000.0,3285797488.4872437
2018-06-26,57.207000732421875,57.34349822998047,56.45000076293945,56.63100051879883,34688000.0,1964416145.9960938
2018-06-27,56.79999923706055,57.31050109863281,55.834999084472656,55.84700012207031,34538000.0,1928843690.2160645
2018-06-28,55.61949920654297,56.70000076293945,55.30350112915039,56.3390007019043,29726000.0,1674733134.8648071
2018-06-29,56.615501403808594,57.06800079345703,56.35100173950195,56.45949935913086,31562000.0,1781974718.7728882
2018-07-02,55.76750183105469,57.14950180053711,55.33000183105469,57.105499267578125,23216000.0,1325761270.9960938
2018-07-03,57.47100067138672,57.49549865722656,55.721500396728516,55.81399917602539,16448000.0,918028658.4472656
2018-07-05,56.22999954223633,57.207000732421875,56.15599822998047,57.06449890136719,28594000.0,1631702281.5856934
2018-07-06,57.0885009765625,57.810001373291016,56.86199951171875,57.75400161743164,21820000.0,1260192315.2923584
2018-07-09,58.0,58.39649963378906,57.86149978637695,58.36399841308594,21584000.0,1259728541.7480469
2018-07-10,58.4995002746582,58.67499923706055,58.12799835205078,58.356998443603516,21334000.0,1244988204.7958374
2018-07-11,57.78099822998047,59.02199935913086,57.76850128173828,58.573001861572266,33252000.0,1947669457.901001
2018-07-12,58.74300003051758,60.0994987487793,58.654998779296875,60.0629997253418,44148000.0,2651661311.8743896
2018-07-13,60.13999938964844,60.52199935913086,59.76449966430664,60.22100067138672,32612000.0,1963927273.8952637
2018-07-16,60.19049835205078,60.43550109863281,59.66999816894531,59.82550048828125,26784000.0,1602366205.078125
2018-07-17,59.137001037597656,60.9379997253418,59.099998474121094,60.65399932861328,40162000.0,2435985921.0357666
2018-07-18,60.42649841308594,61.079498291015625,60.22800064086914,60.64550018310547,38948000.0,2362020941.131592
2018-07-19,60.33250045776367,60.82400131225586,59.88650131225586,59.95500183105469,38338000.0,2298554860.1989746
2018-07-20,59.96200180053711,60.53850173950195,59.829498291015625,59.89400100708008,37938000.0,2272258610.206604
2018-07-23,59.78300094604492,60.755001068115234,59.60049819946289,60.54999923706055,65446000.0,3962755250.0686646
2018-07-24,63.54999923706055,63.75,62.207000732421875,62.907501220703125,107600000.0,6768847131.347656
2018-07-25,62.63100051879883,63.9119987487793,62.45249938964844,63.797000885009766,51104000.0,3260281933.227539
2018-07-26,63.35900115966797,64.37000274658203,63.150001525878906,64.2750015258789,54686000.0,3514942733.444214
2018-07-27,64.45600128173828,64.5719985961914,62.2244987487793,62.644500732421875,48362000.0,3029613344.4213867
2018-07-30,62.252498626708984,62.644500732421875,61.208499908447266,61.50199890136719,43896000.0,2699691743.774414
2018-07-31,61.58549880981445,62.06050109863281,60.80950164794922,61.361000061035156,39382000.0,2416518904.4036865
2018-08-01,61.955501556396484,62.29499816894531,61.24700164794922,61.64950180053711,36994000.0,2280661669.60907
2018-08-02,60.92499923706055,62.22050094604492,60.90299987792969,62.05649948120117,34704000.0,2153608757.9956055
2018-08-03,62.25899887084961,62.32600021362305,61.47100067138672,61.90800094604492,21264000.0,1316411732.1166992
2018-08-06,62.080501556396484,62.12300109863281,61.5265007019043,61.88349914550781,22114000.0,1368491700.1037598
2018-08-07,62.60049819946289,63.30400085449219,62.59000015258789,62.79199981689453,42506000.0,2669036744.216919
2018-08-08,62.83599853515625,63.58599853515625,62.60599899291992,63.06650161743164,34344000.0,2165955931.5490723
2018-08-09,63.13650131225586,63.597999572753906,63.005001068115234,63.222999572753906,27326000.0,1727631686.3250732
2018-08-10,62.95899963378906,63.060001373291016,62.358001708984375,62.6254997253418,26602000.0,1665963543.6935425
2018-08-13,62.560001373291016,63.298500061035156,62.35150146484375,62.43199920654297,27500000.0,1716879978.1799316
2018-08-14,62.625,63.02949905395508,61.97700119018555,62.90700149536133,28080000.0,1766428601.989746
2018-08-15,62.2140007019043,62.5989990234375,61.3120002746582,61.611000061035156,37052000.0,2282810774.2614746
2018-08-16,62.0994987487793,62.185001373291016,60.98149871826172,61.202999114990234,32176000.0,1969267699.5239258
2018-08-17,61.10200119018555,61.34749984741211,60.20000076293945,60.79249954223633,33092000.0,2011745394.8516846
2018-08-20,61.03300094604492,61.295501708984375,60.435001373291016,61.09749984741211,22218000.0,1357464251.6098022
2018-08-21,61.1510009765625,61.63800048828125,60.75149917602539,60.87049865722656,23082000.0,1405012850.0061035
2018-08-22,60.71099853515625,61.326499938964844,60.6609992980957,61.087501525878906,22296000.0,1362006934.020996
2018-08-23,60.99399948120117,61.75849914550781,60.967498779296875,61.05799865722656,24666000.0,1506056594.8791504
2018-08-24,61.29999923706055,61.869998931884766,61.07099914550781,61.837501525878906,24454000.0,1512174262.3138428
2018-08-27,62.207000732421875,62.89350128173828,62.034000396728516,62.813499450683594,28580000.0,1795209814.300537
2018-08-28,62.79499816894531,62.827999114990234,62.14849853515625,62.292999267578125,27330000.0,1702467669.9829102
2018-08-29,62.75,63.35850143432617,62.63999938964844,63.23249816894531,36926000.0,2334923227.3864746
2018-08-30,63.16999816894531,63.4744987487793,62.36050033569336,62.72200012207031,30104000.0,1888183091.6748047
2018-08-31,62.61050033569336,62.627498626708984,61.287498474121094,61.59000015258789,42308000.0,2605749726.4556885
2018-09-04,61.125999450683594,61.39350128173828,60.327999114990234,60.56549835205078,41458000.0,2510924430.6793213
2018-09-05,60.46099853515625,60.743499755859375,58.766998291015625,59.95500183105469,53988000.0,3236850638.8549805
2018-09-06,59.92850112915039,59.949501037597656,58.18050003051758,59.199501037597656,46854000.0,2773733421.6156006
2018-09-07,58.599998474121094,59.4275016784668,58.4635009765625,58.87950134277344,32658000.0,1922886754.852295
2018-09-10,59.209999084472656,59.33300018310547,58.53049850463867,58.75299835205078,27670000.0,1625695464.401245
2018-09-11,58.55500030517578,59.547000885009766,58.29750061035156,59.4995002746582,29254000.0,1740598381.034851
2018-09-12,59.099998474121094,59.53450012207031,58.30799865722656,58.58000183105469,35716000.0,2092243345.3979492
2018-09-13,58.98500061035156,59.393001556396484,58.46099853515625,59.106998443603516,40068000.0,2368299213.6383057
2018-09-14,59.400001525878906,59.400001525878906,58.67599868774414,58.89899826049805,24176000.0,1423942181.9458008
2018-09-17,58.88850021362305,59.090999603271484,57.92300033569336,57.99150085449219,34096000.0,1977278213.1347656
2018-09-18,58.132999420166016,59.06650161743164,58.07149887084961,58.355499267578125,32314000.0,1885699603.3325195
2018-09-19,58.448001861572266,58.813499450683594,57.930999755859375,58.7135009765625,25962000.0,1524319912.3535156
2018-09-20,59.03350067138672,59.70000076293945,58.8125,59.57849884033203,29244000.0,1742313620.08667
2018-09-21,59.74599838256836,59.82899856567383,58.60300064086914,58.60599899291992,91222000.0,5346156440.132141
2018-09-24,57.97050094604492,59.259498596191406,57.57500076293945,58.97800064086914,31150000.0,1837164719.9630737
2018-09-25,59.212501525878906,59.84299850463867,58.704498291015625,59.69449996948242,33152000.0,1978992062.9882812
2018-09-26,59.68450164794922,60.36199951171875,59.27000045776367,59.702999114990234,37650000.0,2247817916.6793823
2018-09-27,60.0,60.84299850463867,59.90250015258789,60.36800003051758,36274000.0,2189788833.1069946
2018-09-28,60.204498291015625,60.42250061035156,59.89149856567383,60.354000091552734,35612000.0,2149326651.260376
2018-10-01,60.650001525878906,61.209999084472656,60.15950012207031,60.42649841308594,33164000.0,2003984393.371582
2018-10-02,60.333499908447266,61.22600173950195,59.983001708984375,60.38199996948242,40180000.0,2426148758.7738037
2018-10-03,60.599998474121094,60.70899963378906,60.10749816894531,60.576499938964844,26246000.0,1589890817.3980713
2018-10-04,60.25149917602539,60.29499816894531,58.192501068115234,58.85350036621094,46576000.0,2741160633.0566406
2018-10-05,58.79999923706055,59.099998474121094,57.715999603271484,58.39149856567383,31852000.0,1859886012.3138428
2018-10-08,58.0,58.792999267578125,56.77000045776367,57.79600143432617,46190000.0,2669597306.251526
2018-10-09,57.56549835205078,58.07749938964844,57.208499908447266,57.25849914550781,33690000.0,1929038836.2121582
2018-10-10,56.81999969482422,56.85100173950195,54.57550048828125,54.608001708984375,58980000.0,3220779940.7958984
2018-10-11,53.95199966430664,55.803001403808594,53.794498443603516,54.5369987487793,67696000.0,3691936667.2973633
2018-10-12,55.981998443603516,56.291500091552734,54.75149917602539,56.027000427246094,49370000.0,2766053011.0931396
2018-10-15,55.900001525878906,56.09000015258789,54.9109992980957,55.12200164794922,30074000.0,1657739077.5604248
2018-10-16,55.67399978637695,56.81850051879883,55.587501525878906,56.65399932861328,38378000.0,2174267186.2335205
2018-10-17,57.0,57.349998474121094,55.70000076293945,56.37950134277344,35652000.0,2010041981.8725586
2018-10-18,56.5,56.61750030517578,54.31700134277344,54.89550018310547,46152000.0,2533537124.4506836
2018-10-19,55.18550109863281,56.04750061035156,54.85150146484375,55.25899887084961,41286000.0,2281423027.381897
2018-10-22,55.6254997253418,56.08449935913086,55.0,55.56850051879883,27116000.0,1506795460.067749
2018-10-23,54.56449890136719,55.900001525878906,53.95050048828125,55.74549865722656,37686000.0,2100824862.3962402
2018-10-24,55.75,55.83100128173828,52.75299835205078,52.85599899291992,49286000.0,2605060766.3650513
2018-10-25,54.01499938964844,55.89099884033203,53.77750015258789,55.179500579833984,72956000.0,4025675644.302368
2018-10-26,52.416500091552734,55.849998474121094,52.11149978637695,54.1875,106438000.0,5767609125.0
2018-10-29,54.82699966430664,55.44150161743164,50.36000061035156,51.73649978637695,81290000.0,4205660067.6345825
2018-10-30,51.0004997253418,52.54499816894531,50.69850158691406,52.47549819946289,59768000.0,3136355576.385498
2018-10-31,53.40999984741211,55.400001525878906,53.40999984741211,54.52899932861328,70916000.0,3866978516.3879395
2018-11-01,54.56999969482422,54.994998931884766,53.89099884033203,54.29899978637695,40132000.0,2179127459.42688
2018-11-02,54.45000076293945,54.900001525878906,53.382999420166016,53.574501037597656,43438000.0,2327169176.071167
2018-11-05,53.62649917602539,53.66749954223633,51.70000076293945,52.7864990234375,45358000.0,2394290022.705078
2018-11-06,52.750999450683594,53.99100112915039,52.68050003051758,53.47850036621094,28660000.0,1532693820.4956055
2018-11-07,54.17449951171875,55.496498107910156,54.02949905395508,55.4119987487793,43388000.0,2404215801.712036
2018-11-08,55.3650016784668,55.4109992980957,54.21799850463867,54.73149871826172,33694000.0,1844123117.8131104
2018-11-09,54.20100021362305,54.41749954223633,53.2130012512207,53.85100173950195,34860000.0,1877245920.639038
2018-11-12,53.65650177001953,53.70500183105469,52.01750183105469,52.46799850463867,34002000.0,1784016885.1547241
2018-11-13,52.740501403808594,53.333499908447266,52.02000045776367,52.39849853515625,25750000.0,1349261337.2802734
2018-11-14,53.0,53.28950119018555,52.05550003051758,52.729000091552734,34666000.0,1827903517.173767
2018-11-15,52.573001861572266,53.94350051879883,52.06449890136719,53.5525016784668,41584000.0,2226927229.7973633
2018-11-16,53.26150131225586,53.62200164794922,52.744998931884766,53.41350173950195,35366000.0,1889021902.519226
2018-11-19,53.169498443603516,53.400001525878906,51.14350128173828,51.37099838256836,45684000.0,2346832690.109253
2018-11-20,50.364498138427734,51.86750030517578,50.11050033569336,51.522499084472656,54458000.0,2805812255.142212
2018-11-21,52.265499114990234,52.73550033569336,51.972999572753906,52.17150115966797,29698000.0,1549389241.4398193
2018-11-23,51.67499923706055,52.150001525878906,51.42599868774414,51.505001068115234,14178000.0,730237905.1437378
2018-11-26,52.20000076293945,52.849998474121094,51.98849868774414,52.797000885009766,31558000.0,1666167753.9291382
2018-11-27,52.56700134277344,53.3380012512207,52.275001525878906,52.61399841308594,33048000.0,1738787419.555664
2018-11-28,52.87300109863281,54.643001556396484,52.147499084472656,54.589500427246094,46042000.0,2513409778.6712646
2018-11-29,54.17649841308594,55.00749969482422,54.099998474121094,54.729000091552734,31004000.0,1696817918.838501
2018-11-30,54.78150177001953,55.48249816894531,54.159000396728516,55.48249816894531,59668000.0,3310529700.744629
2018-12-03,56.608001708984375,56.75,55.58649826049805,55.81800079345703,57532000.0,3211321221.64917
2018-12-04,55.64950180053711,55.71200180053711,53.03900146484375,53.12350082397461,45630000.0,2424025342.5979614
2018-12-06,52.25,53.97100067138672,52.124000549316406,53.90399932861328,47436000.0,2556990112.1520996
2018-12-07,53.61149978637695,54.25149917602539,51.96849822998047,52.32899856567383,42682000.0,2233506316.7800903
2018-12-10,52.14699935913086,52.97999954223633,51.650001525878906,52.659000396728516,33652000.0,1772080681.350708
2018-12-11,53.34700012207031,53.52000045776367,52.505001068115234,53.08250045776367,33852000.0,1796948805.4962158
2018-12-12,53.854000091552734,54.58649826049805,53.5984992980957,53.686500549316406,28960000.0,1554761055.9082031
2018-12-13,53.78350067138672,54.42100143432617,53.2495002746582,53.676998138427734,24986000.0,1341173475.4867554
2018-12-14,53.000999450683594,53.58599853515625,52.46849822998047,52.58549880981445,36358000.0,1911903565.727234
2018-12-17,52.35049819946289,53.11899948120117,50.83150100708008,51.282501220703125,49932000.0,2560637850.9521484
2018-12-18,51.70000076293945,52.984500885009766,51.52399826049805,52.170501708984375,43640000.0,2276720694.580078
2018-12-19,52.364498138427734,53.785499572753906,50.971500396728516,51.77299880981445,58264000.0,3016502002.6550293
2018-12-20,51.29999923706055,52.37200164794922,50.393001556396484,51.17900085449219,53674000.0,2746981691.8640137
2018-12-21,51.60200119018555,51.88349914550781,49.05950164794922,49.5625,104656000.0,5187013000.0
2018-12-24,49.215999603271484,50.60599899291992,48.882999420166016,49.23350143432617,36360000.0,1790130112.1520996
2018-12-26,49.89950180053711,52.42250061035156,49.63249969482422,52.39250183105469,46318000.0,2426715899.810791
2018-12-27,51.310001373291016,52.66699981689453,50.349998474121094,52.64500045776367,45996000.0,2421459441.055298
2018-12-28,52.974998474121094,53.21149826049805,52.099998474121094,52.33399963378906,34398000.0,1800184919.4030762
2018-12-31,52.89149856567383,53.14950180053711,51.652000427246094,52.24800109863281,33110000.0,1729931316.3757324
2019-01-02,51.36000061035156,53.03950119018555,51.263999938964844,52.73400115966797,31868000.0,1680527148.9562988
2019-01-03,52.53350067138672,53.3129997253418,51.118499755859375,51.27349853515625,41960000.0,2151435998.5351562
2019-01-04,52.12799835205078,54.0,51.84299850463867,53.903499603271484,46022000.0,2480746858.7417603
2019-01-07,54.048500061035156,54.1349983215332,53.13199996948242,53.79600143432617,47446000.0,2552405084.0530396
2019-01-08,54.29999923706055,54.66749954223633,53.41749954223633,54.26850128173828,35414000.0,1921864704.3914795
2019-01-09,54.39950180053711,54.582000732421875,53.71849822998047,54.08250045776367,26998000.0,1460119347.3587036
2019-01-10,53.74700164794922,53.990501403808594,53.23400115966797,53.94150161743164,26598000.0,1434736060.0204468
2019-01-11,53.494998931884766,53.66849899291992,52.82149887084961,53.2234992980957,30864000.0,1642690082.3364258
2019-01-14,52.66699981689453,52.92250061035156,52.4275016784668,52.57550048828125,28490000.0,1497876008.9111328
2019-01-15,52.9005012512207,54.41350173950195,52.72200012207031,54.32550048828125,37518000.0,2038184127.319336
2019-01-16,54.5,55.11800003051758,54.4005012512207,54.47549819946289,38280000.0,2085322071.0754395
2019-01-17,54.39950180053711,55.03499984741211,54.16299819946289,54.95600128173828,24896000.0,1368184607.9101562
2019-01-18,55.429500579833984,55.900001525878906,54.9640007019043,55.3650016784668,44892000.0,2485445655.3497314
2019-01-22,54.79999923706055,54.94850158691406,53.544498443603516,53.93149948120117,39632000.0,2137413187.4389648
2019-01-23,54.34299850463867,54.647499084472656,53.378501892089844,54.22050094604492,25194000.0,1366031300.8346558
2019-01-24,54.1254997253418,54.400001525878906,53.500999450683594,54.20000076293945,29114000.0,1577978822.2122192
2019-01-25,54.71149826049805,55.167999267578125,54.59000015258789,55.07550048828125,23260000.0,1281056141.3574219
2019-01-28,54.503501892089844,54.66849899291992,53.730499267578125,53.99300003051758,29334000.0,1583830662.8952026
2019-01-29,54.051998138427734,54.23649978637695,53.30099868774414,53.50299835205078,19704000.0,1054223079.5288086
2019-01-30,53.86800003051758,54.97600173950195,53.832000732421875,54.89950180053711,29452000.0,1616900127.029419
2019-01-31,55.61199951171875,56.38349914550781,55.26250076293945,56.294498443603516,40232000.0,2264840261.3830566
2019-02-01,56.114498138427734,56.720001220703125,55.712501525878906,55.930999755859375,33116000.0,1852210987.915039
2019-02-04,55.95050048828125,57.117000579833984,55.8754997253418,57.07099914550781,78408000.0,4474822901.000977
2019-02-05,56.48149871826172,57.63850021362305,56.18000030517578,57.59349822998047,82296000.0,4739714530.334473
2019-02-06,57.4635009765625,57.70000076293945,55.917999267578125,56.144500732421875,48256000.0,2709309027.34375
2019-02-07,55.590999603271484,55.5994987487793,54.679500579833984,55.295501708984375,38298000.0,2117707124.4506836
2019-02-08,54.74399948120117,55.255001068115234,54.71200180053711,55.11899948120117,21766000.0,1199720142.7078247
2019-02-11,55.1875,55.67150115966797,55.0,55.10599899291992,18498000.0,1019350769.3710327
2019-02-12,55.550498962402344,56.643001556396484,55.550498962402344,56.37900161743164,35036000.0,1975294700.668335
2019-02-13,56.652000427246094,57.14250183105469,56.29999923706055,56.43149948120117,28042000.0,1582452108.4518433
2019-02-14,56.25,56.80649948120117,55.85449981689453,56.459999084472656,21106000.0,1191644740.67688
2019-02-15,56.96500015258789,56.96500015258789,55.83599853515625,55.98149871826172,27826000.0,1557741183.3343506
2019-02-19,55.832000732421875,56.481998443603516,55.832000732421875,56.32550048828125,21980000.0,1238034500.7324219
2019-02-20,56.444000244140625,56.54650115966797,55.587501525878906,56.02949905395508,24090000.0,1349750632.2097778
2019-02-21,55.93899917602539,55.95750045776367,54.89899826049805,55.21049880981445,33272000.0,1836963716.4001465
2019-02-22,55.48500061035156,55.86249923706055,55.025001525878906,55.827999114990234,29436000.0,1643352981.9488525
2019-02-25,56.096500396728516,56.27000045776367,55.705501556396484,55.86650085449219,26208000.0,1464149254.3945312
2019-02-26,55.71849822998047,56.321998596191406,55.334999084472656,56.10049819946289,35026000.0,1964976049.9343872
2019-02-27,55.70050048828125,56.2864990234375,55.428001403808594,56.144500732421875,22092000.0,1240344310.180664
2019-02-28,55.95000076293945,56.699501037597656,55.920501708984375,56.32749938964844,27422000.0,1544612688.2629395
2019-03-01,56.54999923706055,57.5,56.54999923706055,57.42599868774414,34086000.0,1957422591.2704468
2019-03-04,57.72800064086914,58.2760009765625,56.912498474121094,57.67100143432617,35490000.0,2046743840.9042358
2019-03-05,57.79999923706055,58.824501037597656,57.6510009765625,58.45949935913086,40094000.0,2343875167.3049927
2019-03-06,58.5880012512207,58.73699951171875,58.15250015258789,58.24700164794922,23602000.0,1374745732.8948975
2019-03-07,58.025001525878906,58.17900085449219,57.08549880981445,57.54249954223633,30086000.0,1731223641.2277222
2019-03-08,56.69499969482422,57.67250061035156,56.5099983215332,57.49850082397461,23694000.0,1362369478.5232544
2019-03-11,57.599998474121094,58.99549865722656,57.57849884033203,58.9630012512207,30032000.0,1770776853.5766602
2019-03-12,59.1150016784668,60.285499572753906,59.1150016784668,59.86249923706055,42220000.0,2527394717.7886963
2019-03-13,60.29650115966797,60.35599899291992,59.89550018310547,59.952999114990234,25888000.0,1552063241.0888672
2019-03-14,59.95100021362305,60.23500061035156,59.561500549316406,59.62649917602539,27302000.0,1627922680.5038452
2019-03-15,59.900001525878906,60.08599853515625,59.35049819946289,59.51499938964844,51886000.0,3087995258.331299
2019-03-18,59.484500885009766,59.747501373291016,59.07400131225586,59.4275016784668,24442000.0,1452526996.0250854
2019-03-19,59.58599853515625,60.170501708984375,59.472999572753906,60.12300109863281,29788000.0,1790943956.7260742
2019-03-20,60.06999969482422,61.4995002746582,59.97949981689453,61.32149887084961,41508000.0,2545332775.1312256
2019-03-21,61.0,61.821998596191406,60.82899856567383,61.80649948120117,28150000.0,1739852960.395813
2019-03-22,61.442501068115234,61.68149948120117,60.29999923706055,60.38249969482422,34422000.0,2078486404.4952393
2019-03-25,59.97800064086914,60.47200012207031,59.5,59.86899948120117,27576000.0,1650947529.6936035
2019-03-26,60.259498596191406,60.38249969482422,59.0880012512207,59.492000579833984,30752000.0,1829498001.8310547
2019-03-27,59.59600067138672,59.59600067138672,58.21149826049805,58.9005012512207,29428000.0,1733323950.8209229
2019-03-28,58.775001525878906,58.86249923706055,58.17150115966797,58.61349868774414,22402000.0,1313059597.6028442
2019-03-29,59.00899887084961,59.19850158691406,58.319000244140625,58.84450149536133,30890000.0,1817706651.1917114
2019-04-01,59.37699890136719,60.0099983215332,59.31800079345703,59.94900131225586,27706000.0,1660947030.3573608
2019-04-02,60.002498626708984,60.29050064086914,59.5620002746582,60.277000427246094,18288000.0,1102345783.8134766
2019-04-03,60.6349983215332,61.029998779296875,60.25400161743164,60.54050064086914,22180000.0,1342788304.2144775
2019-04-04,60.56449890136719,61.02750015258789,60.45199966430664,60.97249984741211,21022000.0,1281763891.7922974
2019-04-05,60.96500015258789,61.019500732421875,60.50149917602539,60.5724983215332,20012000.0,1212176836.4105225
2019-04-08,60.55550003051758,60.6974983215332,60.23500061035156,60.41400146484375,21750000.0,1314004531.8603516
2019-04-09,60.09450149536133,60.35749816894531,59.91899871826172,60.134498596191406,19668000.0,1182725318.3898926
2019-04-10,60.25450134277344,60.446998596191406,60.03300094604492,60.3224983215332,15510000.0,935601948.96698
2019-04-11,60.44499969482422,60.637001037597656,60.22700119018555,60.47949981689453,16998000.0,1028030537.8875732
2019-04-12,60.78099822998047,61.15250015258789,60.66450119018555,61.13650131225586,24312000.0,1486350619.9035645
2019-04-15,61.204498291015625,61.46500015258789,60.72800064086914,61.326499938964844,23796000.0,1459325392.5476074
2019-04-16,61.5,61.79899978637695,61.25199890136719,61.59550094604492,22622000.0,1393413422.4014282
2019-04-17,61.849998474121094,62.255001068115234,61.64500045776367,62.00699996948242,30366000.0,1882904561.0733032
2019-04-18,62.25,62.297000885009766,61.97050094604492,62.07350158691406,24750000.0,1536319164.276123
2019-04-22,61.833499908447266,62.71699905395508,61.66849899291992,62.6879997253418,19084000.0,1196337786.7584229
2019-04-23,62.832000732421875,63.721500396728516,62.5984992980957,63.52949905395508,31868000.0,2024558075.8514404
2019-04-24,63.52949905395508,63.70000076293945,62.990501403808594,63.002498626708984,23396000.0,1474006457.8704834
2019-04-25,63.51499938964844,63.63999938964844,62.900001525878906,63.367000579833984,31344000.0,1986175266.1743164
2019-04-26,63.66899871826172,63.945499420166016,63.25,63.87099838256836,27228000.0,1739079543.9605713
2019-04-29,64.02549743652344,64.84850311279297,63.58549880981445,64.80999755859375,72368000.0,4690169903.3203125
2019-04-30,59.53150177001953,60.04899978637695,59.150001525878906,59.948001861572266,133178000.0,7983754991.920471
2019-05-01,59.875,59.962501525878906,58.58399963378906,58.66600036621094,74340000.0,4361230467.224121
2019-05-02,58.630001068115234,58.96900177001953,57.916500091552734,58.32550048828125,45098000.0,2630363421.020508
2019-05-03,58.87049865722656,59.56999969482422,58.6775016784668,59.477500915527344,41588000.0,2473550308.074951
2019-05-06,58.599998474121094,59.77149963378906,58.55799865722656,59.67300033569336,31774000.0,1896049912.6663208
2019-05-07,59.29050064086914,59.73849868774414,58.25,58.94300079345703,36604000.0,2157549601.043701
2019-05-08,58.864498138427734,59.2135009765625,58.381500244140625,58.53900146484375,25520000.0,1493915317.3828125
2019-05-09,58.130001068115234,58.70349884033203,57.731998443603516,58.39849853515625,29556000.0,1726026022.7050781
2019-05-10,58.44200134277344,58.81399917602539,57.31850051879883,58.38199996948242,31650000.0,1847790299.0341187
2019-05-13,57.262001037597656,57.5984992980957,56.275001525878906,56.829498291015625,45626000.0,2592902689.025879
2019-05-14,57.11600112915039,57.243499755859375,56.17649841308594,56.24300003051758,40392000.0,2271767257.232666
2019-05-15,56.127498626708984,58.915000915527344,56.06999969482422,58.540000915527344,59302000.0,3471539134.2926025
2019-05-16,58.59199905395508,59.70800018310547,58.42250061035156,59.224998474121094,35308000.0,2091116246.1242676
2019-05-17,58.791500091552734,59.31449890136719,58.32099914550781,58.43899917602539,25362000.0,1482129897.102356
2019-05-20,57.650001525878906,57.650001525878906,56.90700149536133,57.233001708984375,30602000.0,1751444318.2983398
2019-05-21,57.7239990234375,57.900001525878906,57.16550064086914,57.72200012207031,20562000.0,1186879766.5100098
2019-05-22,57.5625,58.18899917602539,57.54999923706055,57.79249954223633,18826000.0,1088001596.382141
2019-05-23,57.30350112915039,57.502498626708984,56.65800094604492,57.266998291015625,25214000.0,1443930094.909668
2019-05-24,57.599998474121094,57.71799850463867,56.83549880981445,56.93050003051758,18554000.0,1056288497.5662231
2019-05-28,57.07400131225586,57.824501037597656,56.93349838256836,56.97800064086914,20948000.0,1193575157.4249268
2019-05-29,56.6349983215332,56.75,55.59749984741211,55.99700164794922,36230000.0,2028771369.7052002
2019-05-30,56.00749969482422,56.34000015258789,55.79499816894531,56.070499420166016,18088000.0,1014203193.5119629
2019-05-31,55.28200149536133,55.66999816894531,55.16749954223633,55.32500076293945,31582000.0,1747274174.0951538
2019-06-03,53.346500396728516,53.349998474121094,51.35150146484375,51.9370002746582,96890000.0,5032175956.611633
2019-06-04,52.2244987487793,52.922000885009766,51.80149841308594,52.7244987487793,60512000.0,3190464868.286133
2019-06-05,52.75,52.84049987792969,51.650001525878906,52.231998443603516,46988000.0,2454277142.868042
2019-06-06,52.31050109863281,52.5,51.7755012512207,52.38800048828125,29020000.0,1520299774.1699219
2019-06-07,52.7140007019043,53.67150115966797,52.557498931884766,53.41849899291992,43828000.0,2341225973.8616943
2019-06-10,53.849998474121094,54.742000579833984,53.763999938964844,54.13800048828125,28510000.0,1543474393.9208984
2019-06-11,54.8494987487793,55.20050048828125,53.97850036621094,54.051998138427734,33508000.0,1811174353.6224365
2019-06-12,53.997501373291016,54.125999450683594,53.47999954223633,53.95500183105469,23670000.0,1277114893.3410645
2019-06-13,54.23550033569336,54.829498291015625,54.128501892089844,54.550498962402344,20814000.0,1135414085.4034424
2019-06-14,54.48699951171875,54.737998962402344,54.07400131225586,54.314998626708984,24582000.0,1335171296.2417603
2019-06-17,54.45500183105469,55.06399917602539,54.400001525878906,54.69449996948242,19770000.0,1081310264.3966675
2019-06-18,55.57500076293945,55.93899917602539,55.03950119018555,55.262001037597656,34526000.0,1907975847.8240967
2019-06-19,55.36199951171875,55.471500396728516,54.80149841308594,55.22549819946289,26714000.0,1475293958.9004517
2019-06-20,56.084999084472656,56.13600158691406,55.349998474121094,55.65999984741211,24018000.0,1336841876.335144
2019-06-21,55.49300003051758,56.32849884033203,55.486000061035156,56.26850128173828,50774000.0,2856976884.0789795
2019-06-24,56.0,56.17850112915039,55.66550064086914,55.834999084472656,24236000.0,1353217037.8112793
2019-06-25,55.75400161743164,55.78499984741211,54.22999954223633,54.37900161743164,31644000.0,1720769127.1820068
2019-06-26,54.54999923706055,54.75600051879883,53.68450164794922,54.01599884033203,34698000.0,1874247127.7618408
2019-06-27,54.337501525878906,54.42300033569336,53.79249954223633,53.83150100708008,24078000.0,1296154881.2484741
2019-06-28,53.86149978637695,54.13999938964844,53.689998626708984,54.13999938964844,33672000.0,1823002059.4482422
2019-07-01,55.051998138427734,55.429500579833984,54.76649856567383,55.0,29196000.0,1605780000.0
2019-07-02,55.24150085449219,55.644500732421875,54.98350143432617,55.630001068115234,20630000.0,1147646922.0352173
2019-07-03,55.92499923706055,56.39950180053711,55.74250030517578,56.14950180053711,20154000.0,1131637059.288025
2019-07-05,55.96849822998047,56.73249816894531,55.875,56.63349914550781,29794000.0,1687338473.5412598
2019-07-08,56.29349899291992,56.36050033569336,55.5880012512207,55.839500427246094,29888000.0,1668930988.7695312
2019-07-09,55.51599884033203,56.393001556396484,55.35749816894531,56.214500427246094,29472000.0,1656753756.5917969
2019-07-10,56.61600112915039,57.117000579833984,56.53300094604492,57.045501708984375,30710000.0,1751867357.4829102
2019-07-11,57.30799865722656,57.6619987487793,56.97650146484375,57.20399856567383,26004000.0,1487532778.7017822
2019-07-12,57.14649963378906,57.375,56.928001403808594,57.266998291015625,21878000.0,1252887388.6108398
2019-07-15,57.266998291015625,57.534000396728516,57.0,57.5255012512207,21164000.0,1217469708.480835
2019-07-16,57.33649826049805,57.92900085449219,57.33649826049805,57.67300033569336,25352000.0,1462125904.510498
2019-07-17,57.54600143432617,57.922000885009766,57.33100128173828,57.33700180053711,19538000.0,1120250341.178894
2019-07-18,57.099998474121094,57.40850067138672,56.643001556396484,57.36199951171875,25450000.0,1459862887.5732422
2019-07-19,57.465999603271484,57.57899856567383,56.5625,56.57749938964844,23184000.0,1311692745.8496094
2019-07-22,56.77349853515625,57.000999450683594,56.260501861572266,56.96049880981445,28914000.0,1646955862.586975
2019-07-23,57.17250061035156,57.44300079345703,56.64250183105469,57.40250015258789,20648000.0,1185246823.1506348
2019-07-24,56.63100051879883,57.27299880981445,56.425498962402344,56.98649978637695,27192000.0,1549576902.191162
2019-07-25,56.9474983215332,57.179500579833984,56.18550109863281,56.797000885009766,54762000.0,3110317362.464905
2019-07-26,61.400001525878906,63.419498443603516,61.400001525878906,62.26100158691406,121216000.0,7547029568.359375
2019-07-29,62.125,62.449501037597656,61.5099983215332,62.09199905395508,41382000.0,2569491104.850769
2019-07-30,61.349998474121094,61.84550094604492,61.26599884033203,61.400001525878906,28616000.0,1757022443.6645508
2019-07-31,61.243499755859375,61.74549865722656,60.409000396728516,60.90999984741211,39960000.0,2433963593.902588
2019-08-01,60.881500244140625,61.814998626708984,60.349998474121094,60.5890007019043,35426000.0,2146425938.8656616
2019-08-02,60.150001525878906,60.474998474121094,59.5,59.816001892089844,34910000.0,2088176626.0528564
2019-08-05,58.64849853515625,58.84400177001953,57.13750076293945,57.73749923706055,47840000.0,2762161963.5009766
2019-08-06,58.2760009765625,59.06999969482422,58.076499938964844,58.55400085449219,36014000.0,2108763786.7736816
2019-08-07,57.88999938964844,58.993499755859375,57.54199981689453,58.795501708984375,30686000.0,1804198765.4418945
2019-08-08,59.32149887084961,60.31399917602539,58.70000076293945,60.30950164794922,30116000.0,1816280951.6296387
2019-08-09,59.9995002746582,60.222999572753906,59.24449920654297,59.44499969482422,20418000.0,1213748003.768921
2019-08-12,59.0,59.28049850463867,58.43600082397461,58.724998474121094,22064000.0,1295708366.3330078
2019-08-13,58.717498779296875,60.27149963378906,58.64950180053711,59.83649826049805,28434000.0,1701390991.5390015
2019-08-14,58.80350112915039,59.13949966430664,58.05350112915039,58.212501525878906,35430000.0,2062468929.0618896
2019-08-15,58.42150115966797,58.82099914550781,58.150001525878906,58.465999603271484,28506000.0,1666631784.690857
2019-08-16,59.03950119018555,59.19200134277344,58.650001525878906,58.96049880981445,24916000.0,1469059788.345337
2019-08-19,59.59149932861328,60.46950149536133,59.52000045776367,60.02199935913086,24450000.0,1467537884.3307495
2019-08-20,59.76750183105469,59.900001525878906,59.15250015258789,59.17649841308594,20206000.0,1195720326.9348145
2019-08-21,59.79100036621094,60.02799987792969,59.395999908447266,59.57899856567383,14152000.0,843161987.701416
2019-08-22,59.689998626708984,59.93899917602539,58.945499420166016,59.57600021362305,17352000.0,1033762755.7067871
2019-08-23,59.25849914550781,59.78350067138672,57.5,57.67900085449219,36254000.0,2091094496.9787598
2019-08-26,57.97249984741211,58.59299850463867,57.74250030517578,58.558998107910156,21166000.0,1239459753.9520264
2019-08-27,59.150001525878906,59.25,58.22800064086914,58.54100036621094,23460000.0,1373371868.5913086
2019-08-28,58.243499755859375,58.92499923706055,58.01250076293945,58.6875,16810000.0,986536875.0
2019-08-29,59.32099914550781,59.95949935913086,59.263999938964844,59.71200180053711,19636000.0,1172504867.3553467
2019-08-30,60.01750183105469,60.01750183105469,59.2859992980957,59.5265007019043,18064000.0,1075286708.6791992
2019-09-03,59.092498779296875,59.45399856567383,58.18550109863281,58.477500915527344,25908000.0,1515035093.7194824
2019-09-04,58.97249984741211,59.24399948120117,58.576499938964844,59.11349868774414,21312000.0,1259826884.0332031
2019-09-05,59.68299865722656,60.70000076293945,59.634498596191406,60.609500885009766,26394000.0,1599727166.3589478
2019-09-06,60.457000732421875,60.647499084472656,60.16299819946289,60.316001892089844,18972000.0,1144315187.8967285
2019-09-09,60.354000091552734,61.02750015258789,59.65850067138672,60.26350021362305,31854000.0,1919633535.8047485
2019-09-10,59.804500579833984,60.5,59.800498962402344,60.28499984741211,27922000.0,1683277765.739441
2019-09-11,60.19449996948242,61.12350082397461,60.11399841308594,61.0,23522000.0,1434842000.0
2019-09-12,61.173500061035156,62.12099838256836,61.12799835205078,61.74850082397461,31644000.0,1953969560.0738525
2019-09-13,61.605499267578125,62.0525016784668,61.354000091552734,62.00149917602539,23676000.0,1467947494.4915771
2019-09-16,61.52199935913086,61.95100021362305,61.259498596191406,61.58150100708008,28218000.0,1737706795.4177856
2019-09-17,61.58150100708008,61.75,61.16749954223633,61.49399948120117,20806000.0,1279444153.2058716
2019-09-18,61.512001037597656,61.8120002746582,60.82350158691406,61.63249969482422,17440000.0,1074870794.6777344
2019-09-19,61.61600112915039,62.21699905395508,61.615501403808594,61.9375,16554000.0,1025313375.0
2019-09-20,61.68199920654297,62.13999938964844,61.17900085449219,61.492000579833984,37692000.0,2317756485.8551025
2019-09-23,61.32849884033203,61.98400115966797,61.18899917602539,61.734500885009766,20798000.0,1283954149.406433
2019-09-24,62.0,62.355499267578125,60.53200149536133,60.916500091552734,35804000.0,2181054369.277954
2019-09-25,60.800498962402344,62.4010009765625,60.459999084472656,62.297000885009766,26798000.0,1669435029.7164917
2019-09-26,62.106998443603516,62.23350143432617,61.590999603271484,62.114498138427734,23166000.0,1438944463.874817
2019-09-27,62.14149856567383,62.2495002746582,60.7599983215332,61.29750061035156,34122000.0,2091593315.826416
2019-09-30,61.029998779296875,61.37049865722656,60.67100143432617,61.05699920654297,24470000.0,1494064770.5841064
2019-10-01,61.1245002746582,61.643001556396484,60.27750015258789,60.29999923706055,24504000.0,1477591181.3049316
2019-10-02,59.82500076293945,59.9379997253418,58.631500244140625,58.895999908447266,33030000.0,1945334876.9760132
2019-10-03,59.16699981689453,59.54999923706055,58.15700149536133,59.471500396728516,28368000.0,1687087523.2543945
2019-10-04,59.714500427246094,60.62300109863281,59.548500061035156,60.54800033569336,24282000.0,1470226544.1513062
2019-10-07,60.349998474121094,60.945499420166016,60.21799850463867,60.412498474121094,17040000.0,1029428973.9990234
2019-10-08,59.938499450683594,60.34349822998047,59.4739990234375,59.506500244140625,20086000.0,1195247563.9038086
2019-10-09,60.06650161743164,60.42300033569336,59.90599822998047,60.119998931884766,15948000.0,958793742.9656982
2019-10-10,59.93000030517578,60.78099822998047,59.893001556396484,60.4734992980957,12842000.0,776600677.986145
2019-10-11,61.201499938964844,61.4375,60.68199920654297,60.785499572753906,22330000.0,1357340205.4595947
2019-10-14,60.69449996948242,61.29399871826172,60.59400177001953,60.88850021362305,13296000.0,809573498.840332
2019-10-15,61.07500076293945,62.35649871826172,61.04600143432617,62.11199951171875,27584000.0,1713297394.53125
2019-10-16,62.09049987792969,62.70949935913086,61.92649841308594,62.150001525878906,22986000.0,1428579935.0738525
2019-10-17,62.56999969482422,63.1875,62.493499755859375,62.63999938964844,20958000.0,1312809107.208252
2019-10-18,62.734500885009766,62.90549850463867,62.00699996948242,62.22050094604492,31624000.0,1967661121.9177246
2019-10-21,62.435001373291016,62.675498962402344,61.9995002746582,62.2140007019043,18094000.0,1125700128.7002563
2019-10-22,62.2239990234375,62.436500549316406,61.99250030517578,62.060001373291016,22862000.0,1418815751.3961792
2019-10-23,62.010501861572266,62.902000427246094,62.010501861572266,62.881500244140625,21282000.0,1338244088.1958008
2019-10-24,62.955501556396484,63.14500045776367,62.61750030517578,62.955501556396484,20224000.0,1273212063.4765625
2019-10-25,62.599998474121094,63.400001525878906,62.45750045776367,63.21500015258789,27104000.0,1713379364.1357422
2019-10-28,63.75,64.96199798583984,63.615501403808594,64.4489974975586,65428000.0,4216769008.2702637
2019-10-29,63.79999923706055,64.04000091552734,62.78049850463867,63.03300094604492,52654000.0,3318939631.8130493
2019-10-30,62.75749969482422,63.4010009765625,62.532501220703125,63.03499984741211,29204000.0,1840874135.5438232
2019-10-31,63.0,63.32600021362305,62.4739990234375,62.939998626708984,31904000.0,2008037716.1865234
2019-11-01,63.290000915527344,63.650001525878906,62.98550033569336,63.61249923706055,28812000.0,1832803328.0181885
2019-11-04,63.80550003051758,64.625,63.80550003051758,64.48049926757812,30632000.0,1975166653.5644531
2019-11-05,64.55999755859375,64.86199951171875,64.46900177001953,64.5719985961914,25148000.0,1623856620.6970215
2019-11-06,64.50450134277344,64.64949798583984,64.1135025024414,64.55049896240234,24626000.0,1589620587.44812
2019-11-07,64.71399688720703,66.13249969482422,64.6875,65.34700012207031,45140000.0,2949763585.510254
2019-11-08,65.07599639892578,65.85549926757812,65.07599639892578,65.44999694824219,30392000.0,1989156307.2509766
2019-11-11,65.19999694824219,65.24500274658203,64.79350280761719,64.91400146484375,17234000.0,1118727901.2451172
2019-11-12,64.92849731445312,65.46749877929688,64.71199798583984,64.8604965209961,28852000.0,1871355045.6237793
2019-11-13,64.65899658203125,65.1259994506836,64.60749816894531,64.80899810791016,20538000.0,1331047203.1402588
2019-11-14,64.75,65.78600311279297,64.6969985961914,65.4574966430664,28948000.0,1894863612.8234863
2019-11-15,65.75250244140625,66.677001953125,65.59449768066406,66.677001953125,39286000.0,2619472698.7304688
2019-11-18,66.61699676513672,66.69599914550781,65.80799865722656,65.99199676513672,27984000.0,1846720037.475586
2019-11-19,66.33149719238281,66.33149719238281,65.5885009765625,65.62950134277344,21864000.0,1434923417.3583984
2019-11-20,65.56800079345703,65.6604995727539,64.46050262451172,65.09300231933594,28892000.0,1880667023.010254
2019-11-21,64.9625015258789,65.55599975585938,64.5374984741211,65.00700378417969,25546000.0,1660668918.6706543
2019-11-22,65.1500015258789,65.34500122070312,64.46800231933594,64.68350219726562,27776000.0,1796648957.03125
2019-11-25,64.81300354003906,65.52050018310547,64.78050231933594,65.28199768066406,23590000.0,1540002325.2868652
2019-11-26,65.49549865722656,65.70050048828125,65.2020034790039,65.6500015258789,21910000.0,1438391533.4320068
2019-11-27,65.77100372314453,65.88200378417969,65.47350311279297,65.60649871826172,18808000.0,1233927027.8930664
2019-11-29,65.33000183105469,65.49749755859375,65.1614990234375,65.20449829101562,12802000.0,834747987.121582
2019-12-02,65.12799835205078,65.27200317382812,64.01899719238281,64.44300079345703,26538000.0,1710188355.0567627
2019-12-03,63.93299865722656,64.86150360107422,63.852500915527344,64.73699951171875,25270000.0,1635903977.6611328
2019-12-04,65.30500030517578,66.2135009765625,65.15249633789062,65.9469985961914,35506000.0,2341514132.156372
2019-12-05,66.3499984741211,66.39900207519531,65.71600341796875,66.3479995727539,24408000.0,1619421973.5717773
2019-12-06,66.63749694824219,67.12349700927734,66.5615005493164,66.96949768066406,32968000.0,2207850399.536133
2019-12-09,66.94300079345703,67.87750244140625,66.80349731445312,67.14949798583984,30842000.0,2071024816.8792725
2019-12-10,66.99700164794922,67.4000015258789,66.69999694824219,67.14450073242188,17606000.0,1182146079.8950195
2019-12-11,67.41500091552734,67.49449920654297,67.05500030517578,67.2125015258789,20480000.0,1376512031.25
2019-12-12,67.1604995727539,67.72899627685547,66.91000366210938,67.42449951171875,29114000.0,1962996878.7841797
2019-12-13,67.3949966430664,67.56749725341797,67.08300018310547,67.34349822998047,33170000.0,2233783836.288452
2019-12-16,67.75,68.17649841308594,67.53050231933594,68.03500366210938,28128000.0,1913688583.0078125
2019-12-17,68.12049865722656,68.21649932861328,67.53849792480469,67.74449920654297,32948000.0,2232045759.8571777
2019-12-18,67.8499984741211,67.97149658203125,67.52300262451172,67.59549713134766,23330000.0,1577002948.0743408
2019-12-19,67.59549713134766,67.87650299072266,67.4375,67.8219985961914,28922000.0,1961547843.3990479
2019-12-20,68.15499877929688,68.19999694824219,67.5364990234375,67.56099700927734,50090000.0,3384130340.194702
2019-12-23,67.9365005493164,68.09249877929688,67.4000015258789,67.53150177001953,19936000.0,1346308019.2871094
2019-12-24,67.510498046875,67.60050201416016,67.20850372314453,67.22149658203125,13468000.0,905339115.9667969
2019-12-26,67.32749938964844,68.16000366210938,67.27549743652344,68.12349700927734,23662000.0,1611938186.2335205
2019-12-27,68.19999694824219,68.35250091552734,67.6500015258789,67.73200225830078,23212000.0,1572195236.4196777
2019-12-30,67.84049987792969,67.8499984741211,66.89199829101562,66.9854965209961,19994000.0,1339308017.440796
2019-12-31,66.78949737548828,67.03299713134766,66.60649871826172,66.96949768066406,19514000.0,1306842777.7404785
2020-01-02,67.42050170898438,68.43399810791016,67.32450103759766,68.43399810791016,27278000.0,1866742600.3875732
2020-01-03,67.4000015258789,68.6875,67.36599731445312,68.07599639892578,23408000.0,1593522923.7060547
2020-01-06,67.58149719238281,69.91600036621094,67.55000305175781,69.8905029296875,46768000.0,3268639041.015625
2020-01-07,70.02300262451172,70.17500305175781,69.5780029296875,69.75550079345703,34330000.0,2394706342.23938
2020-01-08,69.74099731445312,70.59249877929688,69.63150024414062,70.25199890136719,35314000.0,2480879089.202881
2020-01-09,71.09649658203125,71.43399810791016,70.510498046875,70.989501953125,33200000.0,2356851464.84375
2020-01-10,71.47350311279297,71.74700164794922,70.9800033569336,71.447998046875,26258000.0,1876081532.7148438
2020-01-13,71.76249694824219,72.0739974975586,71.26850128173828,72.00150299072266,30730000.0,2212606186.904907
2020-01-14,72.0,72.13150024414062,71.38849639892578,71.52950286865234,26076000.0,1865203316.8029785
2020-01-15,71.6510009765625,72.03900146484375,71.58300018310547,71.95999908447266,21550000.0,1550737980.2703857
2020-01-16,72.27249908447266,72.53500366210938,72.0,72.50800323486328,26080000.0,1891008724.3652344
2020-01-17,73.12699890136719,74.02749633789062,72.82749938964844,73.97599792480469,52424000.0,3878117715.209961
2020-01-21,73.94999694824219,74.49400329589844,73.510498046875,74.11250305175781,48930000.0,3626324774.32251
2020-01-22,74.48650360107422,75.02899932861328,74.13300323486328,74.19349670410156,28458000.0,2111398529.2053223
2020-01-23,74.37750244140625,74.67500305175781,74.01599884033203,74.2344970703125,26650000.0,1978349346.9238281
2020-01-24,74.64099884033203,74.70999908447266,73.15899658203125,73.30850219726562,29786000.0,2183567046.447754
2020-01-27,71.5770034790039,71.8290023803711,70.9749984741211,71.58650207519531,34132000.0,2443390488.8305664
2020-01-28,72.08699798583984,72.73999786376953,71.51799774169922,72.5250015258789,29724000.0,2155733145.3552246
2020-01-29,72.9229965209961,73.20700073242188,72.26950073242188,72.83499908447266,21566000.0,1570759590.2557373
2020-01-30,71.90499877929688,72.76249694824219,71.75,72.7125015258789,27110000.0,1971235916.3665771
2020-01-31,73.39299774169922,73.4834976196289,71.35299682617188,71.63899993896484,43822000.0,3139364255.3253174
2020-02-03,73.0824966430664,74.31500244140625,72.83049774169922,74.12999725341797,71636000.0,5310376483.24585
2020-02-04,72.72450256347656,73.36699676513672,71.10150146484375,72.27050018310547,95880000.0,6929295557.556152
2020-02-05,73.18049621582031,73.22899627685547,71.48400115966797,72.30249786376953,36376000.0,2630075662.2924805
2020-02-06,72.5989990234375,74.0780029296875,72.52400207519531,73.79850006103516,37822000.0,2791206869.3084717
2020-02-07,73.36949920654297,74.26249694824219,73.27050018310547,73.95549774169922,28360000.0,2097377915.9545898
2020-02-10,73.86150360107422,75.44400024414062,73.76000213623047,75.43299865722656,38302000.0,2889234714.569092
2020-02-11,75.66349792480469,76.49400329589844,75.27249908447266,75.50299835205078,34852000.0,2631430498.565674
2020-02-12,75.79299926757812,76.01499938964844,75.43350219726562,75.93150329589844,31042000.0,2357065725.3112793
2020-02-13,75.5,76.29750061035156,75.19999694824219,75.66950225830078,22914000.0,1733890974.746704
2020-02-14,75.72650146484375,76.00250244140625,75.27749633789062,75.9365005493164,23198000.0,1761574939.743042
2020-02-18,75.71700286865234,76.52799987792969,75.55049896240234,75.97200012207031,25642000.0,1948074027.130127
2020-02-19,76.36000061035156,76.53700256347656,76.04900360107422,76.24349975585938,22746000.0,1734234645.4467773
2020-02-20,75.95050048828125,76.35350036621094,75.21299743652344,75.84950256347656,25962000.0,1969204785.5529785
2020-02-21,75.22899627685547,75.54750061035156,73.92449951171875,74.1729965209961,42520000.0,3153835812.072754
2020-02-24,71.15249633789062,71.81900024414062,70.3395004272461,70.99299621582031,49560000.0,3518412892.4560547
2020-02-25,71.55000305175781,71.84249877929688,69.02100372314453,69.31600189208984,51580000.0,3575319377.593994
2020-02-26,69.7490005493164,70.68350219726562,68.82749938964844,69.52349853515625,49776000.0,3460601663.0859375
2020-02-27,67.95700073242188,68.47000122070312,65.71199798583984,65.74749755859375,62290000.0,4095411622.9248047
2020-02-28,63.71549987792969,67.12249755859375,63.410499572753906,66.9625015258789,80198000.0,5370258697.372437
2020-03-02,67.56950378417969,69.37349700927734,66.26000213623047,69.31600189208984,55430000.0,3842185984.87854
2020-03-03,69.88400268554688,70.40950012207031,66.46199798583984,66.88600158691406,56602000.0,3785881461.82251
2020-03-04,67.947998046875,69.13899993896484,66.8499984741211,69.08000183105469,47598000.0,3288069927.154541
2020-03-05,67.27749633789062,67.68150329589844,65.08200073242188,65.73799896240234,54380000.0,3574832383.5754395
2020-03-06,63.497501373291016,65.13749694824219,62.86050033569336,64.78700256347656,64640000.0,4187831845.703125
2020-03-09,60.24800109863281,62.63650131225586,59.902000427246094,60.78950119018555,69252000.0,4209794536.4227295
2020-03-10,62.71950149536133,63.79249954223633,60.72549819946289,63.75849914550781,54872000.0,3498556365.1123047
2020-03-11,62.41350173950195,62.846500396728516,59.55699920654297,60.54499816894531,54732000.0,3313748839.782715
2020-03-12,56.13100051879883,59.4375,55.423500061035156,55.57749938964844,94326000.0,5242403207.4279785
2020-03-13,58.7495002746582,60.720001220703125,55.614498138427734,60.7135009765625,79400000.0,4820651977.5390625
2020-03-16,54.480499267578125,57.27349853515625,53.354000091552734,53.650001525878906,96520000.0,5178298147.277832
2020-03-17,54.53200149536133,56.29999923706055,52.45500183105469,55.90299987792969,83194000.0,4650794171.844482
2020-03-18,52.99700164794922,55.2495002746582,51.849998474121094,54.55950164794922,93044000.0,5076434271.331787
2020-03-19,54.4109992980957,57.63050079345703,52.77750015258789,55.583499908447266,74064000.0,4116736337.2192383
2020-03-20,56.54499816894531,56.92399978637695,53.10499954223633,53.410499572753906,82878000.0,4426555383.590698
2020-03-23,52.81850051879883,53.34550094604492,50.44350051879883,52.70650100708008,83672000.0,4410058352.264404
2020-03-24,55.19900131225586,56.666500091552734,54.32149887084961,56.5004997253418,72468000.0,4094478214.0960693
2020-03-25,56.229000091552734,57.30849838256836,54.1505012512207,55.08100128173828,90324000.0,4975136359.7717285
2020-03-26,55.736000061035156,58.57400131225586,54.60150146484375,58.145999908447266,76562000.0,4451774044.99054
2020-03-27,56.37350082397461,57.5525016784668,55.20000076293945,55.51300048828125,62794000.0,3485883352.661133
2020-03-30,56.63199996948242,57.54999923706055,54.92449951171875,57.31549835205078,58736000.0,3366483111.2060547
2020-03-31,57.436500549316406,58.66999816894531,56.83599853515625,58.09749984741211,65228000.0,3789583720.046997
2020-04-01,56.20000076293945,56.47100067138672,54.67449951171875,55.10499954223633,51970000.0,2863806826.210022
2020-04-02,55.0,56.13850021362305,54.65650177001953,55.85150146484375,56410000.0,3150583197.631836
2020-04-03,55.73550033569336,55.93949890136719,53.75400161743164,54.6349983215332,51374000.0,2806818403.770447
2020-04-06,56.650001525878906,59.537498474121094,56.25,59.15950012207031,63320000.0,3745979547.729492
2020-04-07,60.85049819946289,61.03900146484375,58.86249923706055,59.12799835205078,61620000.0,3643467258.453369
2020-04-08,60.154998779296875,60.744998931884766,59.1974983215332,60.349998474121094,40334000.0,2434156838.4552
2020-04-09,60.909000396728516,61.0994987487793,59.62099838256836,60.32849884033203,54028000.0,3259428135.345459
2020-04-13,60.07500076293945,60.72600173950195,59.11650085449219,60.52050018310547,38702000.0,2342264398.086548
2020-04-14,61.99850082397461,63.787498474121094,61.426998138427734,63.26150131225586,63358000.0,4008122200.1419067
2020-04-15,62.32550048828125,63.75550079345703,61.70000076293945,62.8650016784668,42236000.0,2655166210.8917236
2020-04-16,63.356998443603516,63.667999267578125,61.90999984741211,62.871498107910156,57896000.0,3640008254.4555664
2020-04-17,64.08499908447266,64.5,63.29999923706055,63.95000076293945,51050000.0,3264647538.948059
2020-04-20,63.49449920654297,63.840999603271484,62.821998596191406,63.057498931884766,35292000.0,2225425252.304077
2020-04-21,62.135501861572266,62.5,60.25,60.608001708984375,49648000.0,3009066068.8476562
2020-04-22,62.05550003051758,63.99399948120117,61.86000061035156,62.920501708984375,46296000.0,2912967547.1191406
2020-04-23,63.2869987487793,64.40750122070312,63.0265007019043,63.55849838256836,34202000.0,2173827761.680603
2020-04-24,62.75,63.885501861572266,62.20000076293945,63.83000183105469,37402000.0,2387369728.4851074
2020-04-27,64.5999984741211,64.70500183105469,63.25299835205078,63.542999267578125,44186000.0,2807710965.637207
2020-04-28,64.16000366210938,64.23799896240234,61.51900100708008,61.62950134277344,80700000.0,4973500758.361816
2020-04-29,67.25,68.00749969482422,66.33650207519531,67.10900115966797,108358000.0,7271797147.659302
2020-04-30,66.56800079345703,67.5,66.07499694824219,67.33499908447266,55842000.0,3760121018.875122
2020-05-01,66.20449829101562,67.57150268554688,65.48300170898438,65.86599731445312,48872000.0,3219003020.751953
2020-05-04,65.40650177001953,66.22350311279297,64.80049896240234,66.1449966430664,30806000.0,2037662766.5863037
2020-05-05,66.875,68.55049896240234,66.75150299072266,67.45099639892578,39666000.0,2675511223.15979
2020-05-06,67.9000015258789,68.43450164794922,67.25650024414062,67.27149963378906,31732000.0,2134659226.3793945
2020-05-07,68.06549835205078,68.80000305175781,67.62699890136719,68.46399688720703,30652000.0,2098558432.58667
2020-05-08,69.09100341796875,69.83200073242188,68.60050201416016,69.21700286865234,33326000.0,2306725837.600708
2020-05-11,68.8395004272461,70.77649688720703,68.7750015258789,70.17949676513672,32718000.0,2296132775.161743
2020-05-12,70.41100311279297,70.71649932861328,68.72550201416016,68.75900268554688,33918000.0,2332167853.088379
2020-05-13,68.80799865722656,69.2665023803711,66.40049743652344,67.41649627685547,40368000.0,2721469121.7041016
2020-05-14,66.6760025024414,67.86849975585938,66.16500091552734,67.84300231933594,36660000.0,2487124465.0268555
2020-05-15,67.41300201416016,68.72899627685547,66.94999694824219,68.65299987792969,41544000.0,2852120226.928711
2020-05-18,68.0790023803711,69.63800048828125,67.70999908447266,69.25900268554688,47094000.0,3261683472.4731445
2020-05-19,69.27400207519531,69.62449645996094,68.68800354003906,68.72000122070312,31586000.0,2170589958.557129
2020-05-20,69.45800018310547,70.60150146484375,69.37100219726562,70.45800018310547,38262000.0,2695864003.0059814
2020-05-21,70.54949951171875,70.822998046875,69.71949768066406,70.3375015258789,30894000.0,2173006772.140503
2020-05-22,70.19499969482422,70.8499984741211,69.79750061035156,70.66200256347656,28544000.0,2016976201.171875
2020-05-26,72.0979995727539,72.25550079345703,70.97000122070312,71.06849670410156,44590000.0,3168944268.0358887
2020-05-27,71.0,71.26750183105469,69.7300033569336,71.01399993896484,31684000.0,2250007574.066162
2020-05-28,70.0,72.2229995727539,69.9540023803711,70.91200256347656,35170000.0,2493975130.1574707
2020-05-29,71.02149963378906,71.83650207519531,70.79900360107422,71.6760025024414,37044000.0,2655165836.7004395
2020-06-01,71.28500366210938,72.0790023803711,71.11399841308594,71.74349975585938,25162000.0,1805209940.8569336
2020-06-02,71.75,72.1500015258789,71.08049774169922,72.1155014038086,23442000.0,1690531583.908081
2020-06-03,72.13500213623047,72.45050048828125,71.58100128173828,71.9625015258789,27732000.0,1995664092.3156738
2020-06-04,71.83899688720703,72.06600189208984,70.30049896240234,70.71499633789062,26982000.0,1908032031.1889648
2020-06-05,70.78199768066406,72.31500244140625,70.38099670410156,72.0009994506836,42642000.0,3070266618.57605
2020-06-08,71.31400299072266,72.44999694824219,71.2239990234375,72.4020004272461,33878000.0,2452834970.474243
2020-06-09,72.26200103759766,73.38999938964844,72.11799621582031,72.60399627685547,33624000.0,2441236770.8129883
2020-06-10,73.07550048828125,73.63849639892578,72.71800231933594,73.23500061035156,31762000.0,2326090089.3859863
2020-06-11,72.05149841308594,72.58000183105469,69.92050170898438,70.09500122070312,47144000.0,3304558737.548828
2020-06-12,71.29299926757812,71.72550201416016,69.29000091552734,70.64600372314453,36676000.0,2591012832.550049
2020-06-15,69.47450256347656,71.25,69.36000061035156,71.03700256347656,30468000.0,2164355394.104004
2020-06-16,72.44999694824219,72.8584976196289,71.44950103759766,72.32350158691406,30648000.0,2216570676.635742
2020-06-17,72.64700317382812,73.11000061035156,71.75650024414062,72.62699890136719,30610000.0,2223112436.3708496
2020-06-18,72.49250030517578,72.64849853515625,71.31199645996094,71.70600128173828,34862000.0,2499814616.68396
2020-06-19,72.0,72.2249984741211,70.94999694824219,71.23200225830078,52784000.0,3759910007.2021484
2020-06-22,71.25050354003906,72.54750061035156,70.95950317382812,72.53299713134766,29442000.0,2135516501.5411377
2020-06-23,72.5999984741211,73.76000213623047,72.25,73.1989974975586,37752000.0,2763408553.527832
2020-06-24,73.16400146484375,73.78949737548828,71.5,71.63500213623047,31592000.0,2263092987.487793
2020-06-25,71.56099700927734,72.11599731445312,70.97699737548828,72.05500030517578,23958000.0,1726293697.3114014
2020-06-26,71.63150024414062,71.85099792480469,67.75,68.12699890136719,97640000.0,6651920172.729492
2020-06-29,68.01699829101562,69.9000015258789,67.5824966430664,69.8584976196289,45074000.0,3148801921.7071533
2020-06-30,69.84400177001953,71.19999694824219,69.34649658203125,70.90249633789062,40286000.0,2856377967.4682617
2020-07-01,70.95850372314453,72.42400360107422,70.70899963378906,72.0999984741211,42182000.0,3041322135.635376
2020-07-02,72.59200286865234,74.4260025024414,72.55349731445312,73.49649810791016,57218000.0,4205322628.7384033
2020-07-06,74.40750122070312,75.5,73.8489990234375,74.98249816894531,44712000.0,3352617458.129883
2020-07-07,74.80650329589844,76.06600189208984,74.48500061035156,74.49600219726562,42364000.0,3155948637.084961
2020-07-08,75.04000091552734,75.55850219726562,74.61499786376953,75.18000030517578,31766000.0,2388167889.694214
2020-07-09,75.49649810791016,76.45700073242188,74.77950286865234,75.93299865722656,41836000.0,3176732931.8237305
2020-07-10,75.6624984741211,77.06700134277344,75.03600311279297,76.95050048828125,35918000.0,2763908076.538086
2020-07-13,77.49700164794922,78.81800079345703,75.3280029296875,75.61150360107422,42954000.0,3247816525.680542
2020-07-14,74.6395034790039,76.13999938964844,74.29650115966797,76.04299926757812,38108000.0,2897846616.088867
2020-07-15,76.1614990234375,76.81649780273438,74.8915023803711,75.84400177001953,31026000.0,2353135998.916626
2020-07-16,75.07499694824219,75.79550170898438,74.41349792480469,75.74600219726562,26484000.0,2006057122.1923828
2020-07-17,75.84549713134766,76.17150115966797,74.90499877929688,75.84249877929688,34264000.0,2598667378.173828
2020-07-20,75.75,78.45050048828125,75.13500213623047,78.19200134277344,30166000.0,2358739912.5061035
2020-07-21,79.25150299072266,79.35250091552734,77.63099670410156,77.7959976196289,27486000.0,2138300790.57312
2020-07-22,77.7854995727539,78.3489990234375,77.1614990234375,78.24250030517578,24482000.0,1915532892.4713135
2020-07-23,78.29650115966797,78.51750183105469,75.42949676513672,75.8375015258789,33910000.0,2571649676.7425537
2020-07-24,74.95950317382812,75.77149963378906,74.37950134277344,75.4104995727539,29902000.0,2254924758.2244873
2020-07-27,75.66300201416016,76.87799835205078,75.61650085449219,76.47149658203125,27124000.0,2074212873.2910156
2020-07-28,76.25,76.30049896240234,75.0260009765625,75.18250274658203,30910000.0,2323891159.8968506
2020-07-29,75.25,76.66649627685547,75.15049743652344,76.17549896240234,22676000.0,1727355614.4714355
2020-07-30,74.89849853515625,77.04450225830078,74.75849914550781,76.91850280761719,36042000.0,2772296678.1921387
2020-07-31,74.85250091552734,75.2509994506836,72.69999694824219,74.39749908447266,91468000.0,6804990446.258545
2020-08-03,74.55000305175781,74.8864974975586,73.58599853515625,74.13800048828125,45482000.0,3371944538.208008
2020-08-04,74.33550262451172,74.65550231933594,73.20149993896484,73.66500091552734,37212000.0,2741222014.0686035
2020-08-05,73.84100341796875,74.5,73.56099700927734,73.95449829101562,29134000.0,2154590353.210449
2020-08-06,73.80750274658203,75.3134994506836,73.59500122070312,75.24749755859375,33306000.0,2506193153.6865234
2020-08-07,75.4520034790039,76.00450134277344,74.3134994506836,74.91850280761719,27718000.0,2076591060.8215332
2020-08-10,74.54000091552734,75.35749816894531,73.87449645996094,74.84100341796875,20546000.0,1537683256.225586
2020-08-11,74.69999694824219,75.52200317382812,73.90950012207031,74.0270004272461,31098000.0,2302091659.286499
2020-08-12,74.35600280761719,75.58350372314453,74.25,75.36199951171875,22512000.0,1696549333.0078125
2020-08-13,75.4104995727539,76.84850311279297,75.4104995727539,75.8324966430664,22388000.0,1697737934.8449707
2020-08-14,75.68049621582031,75.989501953125,74.94999694824219,75.23149871826172,21942000.0,1650729544.8760986
2020-08-17,75.79850006103516,76.18900299072266,75.25,75.81199645996094,19990000.0,1515481809.2346191
2020-08-18,76.30599975585938,77.86849975585938,76.08350372314453,77.78900146484375,28378000.0,2207496283.569336
2020-08-19,77.62449645996094,78.44300079345703,77.0,77.23049926757812,30472000.0,2353367773.6816406
2020-08-20,76.99849700927734,79.00849914550781,76.7229995727539,78.8125,26382000.0,2079231375.0
2020-08-21,78.58999633789062,79.59400177001953,78.1155014038086,78.77850341796875,34838000.0,2744485502.0751953
2020-08-24,79.62349700927734,80.43900299072266,78.75199890136719,79.25749969482422,25638000.0,2032003777.1759033
2020-08-25,79.00499725341797,80.44400024414062,78.89399719238281,80.2925033569336,25150000.0,2019356459.42688
2020-08-26,80.31500244140625,82.6395034790039,80.04900360107422,82.20649719238281,52188000.0,4290192675.476074
2020-08-27,82.33049774169922,82.39949798583984,80.94049835205078,81.4260025024414,31350000.0,2552705178.451538
2020-08-28,81.47350311279297,82.06749725341797,81.28050231933594,81.97149658203125,22418000.0,1837637010.3759766
2020-08-31,82.17849731445312,82.2249984741211,81.2665023803711,81.47650146484375,26422000.0,2152772121.7041016
2020-09-01,81.60800170898438,82.96099853515625,81.47650146484375,82.75399780273438,22652000.0,1874543558.227539
2020-09-02,83.40049743652344,86.30500030517578,83.0094985961914,85.86949920654297,49522000.0,4252429339.706421
2020-09-03,84.97599792480469,85.0,80.385498046875,81.47550201416016,63726000.0,5192107841.35437
2020-09-04,80.44999694824219,81.74949645996094,76.89849853515625,79.06050109863281,55850000.0,4415528986.358643
2020-09-08,76.25,77.77749633789062,75.82499694824219,76.18000030517578,54032000.0,4116157776.489258
2020-09-09,77.44499969482422,77.93599700927734,76.25849914550781,77.36150360107422,39242000.0,3035820124.3133545
2020-09-10,77.50900268554688,78.68299865722656,76.0,76.30249786376953,33024000.0,2519813689.453125
2020-09-11,76.40750122070312,76.93499755859375,74.6510009765625,75.78800201416016,30706000.0,2327146389.8468018
2020-09-14,76.5824966430664,77.8499984741211,75.25550079345703,75.44149780273438,42660000.0,3218334296.2646484
2020-09-15,76.39450073242188,77.54949951171875,76.1050033569336,76.75599670410156,23042000.0,1768611676.0559082
2020-09-16,77.1240005493164,77.71849822998047,75.57949829101562,75.60449981689453,22128000.0,1672976371.9482422
2020-09-17,74.29049682617188,74.93299865722656,73.12300109863281,74.35199737548828,40008000.0,2974674710.998535
2020-09-18,74.41500091552734,74.76000213623047,71.58100128173828,72.55449676513672,63056000.0,4574996348.022461
2020-09-21,71.58100128173828,72.00299835205078,70.13400268554688,71.50700378417969,56908000.0,4069320571.3500977
2020-09-22,72.51599884033203,73.19850158691406,71.4749984741211,72.99099731445312,33950000.0,2478044358.8256836
2020-09-23,72.60449981689453,72.65399932861328,70.13400268554688,70.46949768066406,37726000.0,2658532269.5007324
2020-09-24,70.13400268554688,71.89949798583984,70.10749816894531,71.14299774169922,34552000.0,2458132857.9711914
2020-09-25,71.25250244140625,72.2969970703125,70.38400268554688,71.9530029296875,30326000.0,2182046766.845703
2020-09-28,73.59950256347656,73.64949798583984,72.31400299072266,72.93299865722656,30784000.0,2245169430.6640625
2020-09-29,73.19550323486328,73.5999984741211,72.69999694824219,73.3010025024414,31816000.0,2332144695.617676
2020-09-30,73.0469970703125,74.30999755859375,72.78800201416016,73.27999877929688,40924000.0,2998910670.0439453
2020-10-01,74.18299865722656,74.75350189208984,73.83999633789062,74.3949966430664,32884000.0,2446405069.6105957
2020-10-02,72.98149871826172,73.95149993896484,72.36750030517578,72.77999877929688,31222000.0,2272337121.887207
2020-10-05,73.13249969482422,74.23500061035156,73.00450134277344,74.1415023803711,21602000.0,1601604734.4207764
2020-10-06,73.7750015258789,74.22599792480469,72.25050354003906,72.5510025024414,26096000.0,1893290961.303711
2020-10-07,72.96549987792969,73.44850158691406,71.6614990234375,72.95700073242188,36108000.0,2634331382.446289
2020-10-08,73.27249908447266,74.40149688720703,73.27249908447266,74.17150115966797,26076000.0,1934096064.239502
2020-10-09,74.64299774169922,75.59249877929688,74.3499984741211,75.52249908447266,32966000.0,2489674704.8187256
2020-10-12,76.9000015258789,79.4209976196289,76.46499633789062,78.22949981689453,55344000.0,4329533437.866211
2020-10-13,78.85050201416016,79.25800323486328,77.93150329589844,78.35350036621094,39072000.0,3061427966.3085938
2020-10-14,78.7300033569336,79.19249725341797,77.29499816894531,78.1719970703125,33174000.0,2593277830.810547
2020-10-15,77.2249984741211,78.56999969482422,77.05650329589844,77.77349853515625,31210000.0,2427310889.2822266
2020-10-16,78.09149932861328,78.885498046875,77.88300323486328,78.38500213623047,34194000.0,2680296763.0462646
2020-10-19,78.79650115966797,79.19650268554688,76.14600372314453,76.49749755859375,29734000.0,2274576592.4072266
2020-10-20,76.15550231933594,78.69200134277344,76.0250015258789,77.55400085449219,41670000.0,3231675215.6066895
2020-10-21,78.49250030517578,80.75700378417969,78.35700225830078,79.29949951171875,60322000.0,4783504409.545898
2020-10-22,79.25,80.6709976196289,78.8740005493164,80.33300018310547,30512000.0,2451120501.586914
2020-10-23,80.75250244140625,81.70600128173828,80.59549713134766,81.64900207519531,30548000.0,2494213715.3930664
2020-10-26,80.75,81.47899627685547,78.38899993896484,79.2145004272461,35826000.0,2837938692.3065186
2020-10-27,79.44650268554688,80.0999984741211,78.84950256347656,79.94400024414062,25902000.0,2070709494.3237305
2020-10-28,77.50050354003906,77.69049835205078,75.42400360107422,75.54000091552734,45174000.0,3412444001.358032
2020-10-29,75.85099792480469,79.43699645996094,75.82749938964844,77.84400177001953,55406000.0,4313024762.069702
2020-10-30,83.37200164794922,84.06600189208984,80.07849884033203,80.80549621582031,99878000.0,8070691351.043701
2020-11-02,81.177001953125,82.91200256347656,80.71199798583984,81.21600341796875,44228000.0,3592021399.169922
2020-11-03,81.53800201416016,82.94999694824219,80.60549926757812,82.28299713134766,31432000.0,2586319165.8325195
2020-11-04,85.27899932861328,88.50150299072266,85.1500015258789,87.2925033569336,71342000.0,6227621774.490356
2020-11-05,88.52249908447266,89.59100341796875,87.05149841308594,88.125,39758000.0,3503673750.0
2020-11-06,87.56700134277344,88.42500305175781,86.83399963378906,87.98650360107422,28622000.0,2518349706.0699463
2020-11-09,89.79900360107422,90.84449768066406,87.87750244140625,88.07099914550781,53440000.0,4706514194.3359375
2020-11-10,86.4885025024414,87.96900177001953,85.80599975585938,86.88600158691406,43022000.0,3738009560.272217
2020-11-11,87.41999816894531,88.1449966430664,87.15299987792969,87.36150360107422,31838000.0,2781415551.651001
2020-11-12,87.0999984741211,88.2490005493164,86.89849853515625,87.14099884033203,26474000.0,2306970803.29895
2020-11-13,87.4000015258789,88.85649871826172,86.79900360107422,88.61299896240234,29744000.0,2635705041.1376953
2020-11-16,88.20700073242188,89.71700286865234,88.06649780273438,88.70149993896484,25468000.0,2259049800.4455566
2020-11-17,88.39299774169922,88.85700225830078,87.97450256347656,88.08300018310547,21314000.0,1877401065.90271
2020-11-18,87.83200073242188,88.25,86.92849731445312,87.03199768066406,20108000.0,1750039409.362793
2020-11-19,86.6614990234375,88.17449951171875,86.5009994506836,87.92849731445312,20106000.0,1767890367.0043945
2020-11-20,88.0999984741211,88.41799926757812,86.75,86.81900024414062,27694000.0,2404365392.7612305
2020-11-23,87.01100158691406,87.29949951171875,85.50900268554688,86.37799835205078,22530000.0,1946096302.871704
2020-11-24,86.375,88.3239974975586,86.0364990234375,88.19499969482422,27984000.0,2468048871.459961
2020-11-25,88.3905029296875,88.51899719238281,87.41799926757812,88.20649719238281,19600000.0,1728847344.9707031
2020-11-27,88.22699737548828,89.85050201416016,88.22699737548828,89.35099792480469,14790000.0,1321501259.3078613
2020-11-30,88.78250122070312,89.01699829101562,87.39199829101562,87.72000122070312,32418000.0,2843706999.572754
2020-12-01,88.33300018310547,91.08599853515625,88.15149688720703,89.76799774169922,37350000.0,3352834715.652466
2020-12-02,89.76799774169922,91.63700103759766,89.25849914550781,91.24849700927734,29424000.0,2684895776.0009766
2020-12-03,91.0270004272461,92.19149780273438,90.8499984741211,91.09200286865234,24728000.0,2252523046.936035
2020-12-04,91.01100158691406,91.4749984741211,90.67949676513672,91.18800354003906,20544000.0,1873366344.7265625
2020-12-07,90.77749633789062,91.4645004272461,90.1520004272461,90.85150146484375,22288000.0,2024898264.6484375
2020-12-08,90.4260025024414,90.79850006103516,89.56400299072266,90.56649780273438,19936000.0,1805533700.1953125
2020-12-09,90.51799774169922,91.41850280761719,88.0999984741211,88.89299774169922,31728000.0,2820397032.348633
2020-12-10,88.12999725341797,88.74949645996094,86.67649841308594,88.38249969482422,28688000.0,2535517151.245117
2020-12-11,88.0,88.8655014038086,87.63700103759766,88.73999786376953,18628000.0,1653048680.2062988
2020-12-14,88.53600311279297,89.48999786376953,87.45649719238281,87.61299896240234,33050000.0,2895609615.7073975
2020-12-15,87.99299621582031,88.19999694824219,87.08350372314453,88.05400085449219,21352000.0,1880129026.2451172
2020-12-16,88.45549774169922,88.45549774169922,87.4530029296875,87.8594970703125,24676000.0,2168020949.7070312
2020-12-17,88.19650268554688,88.33550262451172,86.55750274658203,87.02549743652344,34880000.0,3035449350.5859375
2020-12-18,87.30850219726562,87.41799926757812,85.75,86.31099700927734,85256000.0,7358530361.022949
2020-12-21,85.45649719238281,86.8499984741211,84.69999694824219,86.72799682617188,33974000.0,2946496964.1723633
2020-12-22,86.46649932861328,86.63050079345703,85.28900146484375,86.01100158691406,20370000.0,1752044102.3254395
2020-12-23,86.19650268554688,87.20549774169922,86.05999755859375,86.4114990234375,22974000.0,1985217778.5644531
2020-12-24,86.44999694824219,87.12049865722656,86.21749877929688,86.70800018310547,9312000.0,807424897.7050781
2020-12-28,87.24549865722656,89.3499984741211,87.09100341796875,88.697998046875,27650000.0,2452499645.9960938
2020-12-29,89.36150360107422,89.42350006103516,87.75550079345703,87.88800048828125,19726000.0,1733678697.631836
2020-12-30,88.25,88.38800048828125,86.4000015258789,86.8125,21026000.0,1825319625.0
2020-12-31,86.8635025024414,87.875,86.80449676513672,87.63200378417969,21070000.0,1846406319.732666
2021-01-04,88.0,88.12449645996094,85.35700225830078,86.30650329589844,37324000.0,3221303929.0161133
2021-01-05,86.25450134277344,87.34149932861328,85.84500122070312,87.00250244140625,20360000.0,1771370949.7070312
2021-01-06,85.01300048828125,87.19850158691406,84.80500030517578,86.14399719238281,46588000.0,4013276541.1987305
2021-01-07,86.33799743652344,88.89099884033203,86.33799743652344,88.71700286865234,41936000.0,3720436232.2998047
2021-01-08,88.85800170898438,89.96800231933594,88.06099700927734,89.8915023803711,35484000.0,3189710070.465088
2021-01-11,88.85099792480469,89.21900177001953,87.60700225830078,87.81449890136719,34796000.0,3055593303.7719727
2021-01-12,87.26799774169922,88.3949966430664,85.81900024414062,86.87149810791016,29528000.0,2565141596.130371
2021-01-13,86.36599731445312,87.81950378417969,86.36599731445312,87.36250305175781,23432000.0,2047078171.508789
2021-01-14,87.44349670410156,88.37750244140625,86.30349731445312,86.5459976196289,29212000.0,2528181682.4645996
2021-01-15,86.45099639892578,87.38099670410156,85.58550262451172,86.38099670410156,31444000.0,2716164060.3637695
2021-01-19,87.1500015258789,90.19200134277344,86.6415023803711,89.22350311279297,41660000.0,3717051139.678955
2021-01-20,91.31849670410156,94.98600006103516,90.97550201416016,94.00350189208984,64152000.0,6030512653.381348
2021-01-21,94.68250274658203,96.60399627685547,93.97049713134766,94.2074966430664,58634000.0,5523762358.169556
2021-01-22,94.572998046875,95.21949768066406,93.82499694824219,94.62799835205078,32744000.0,3098499178.039551
2021-01-25,95.63700103759766,96.09100341796875,92.95800018310547,94.71399688720703,50586000.0,4791202246.536255
2021-01-26,94.29949951171875,95.7874984741211,93.80650329589844,95.39749908447266,31462000.0,3001396116.1956787
2021-01-27,93.74549865722656,94.02349853515625,89.86399841308594,90.9469985961914,82512000.0,7504218748.168945
2021-01-28,91.55000305175781,94.39949798583984,91.55000305175781,92.66000366210938,55278000.0,5122059682.434082
2021-01-29,91.70099639892578,92.37699890136719,90.0780029296875,91.36799621582031,44530000.0,4068616871.4904785
2021-02-01,92.22949981689453,95.7770004272461,92.22949981689453,94.65350341796875,40252000.0,3809992819.580078
2021-02-02,95.65650177001953,97.46849822998047,95.31849670410156,95.95600128173828,66332000.0,6364953477.020264
2021-02-03,103.28050231933594,105.33100128173828,100.67749786376953,102.94400024414062,97882000.0,10076364631.896973
2021-02-04,103.03099822998047,103.46499633789062,101.75499725341797,102.68150329589844,48596000.0,4989910334.16748
2021-02-05,102.97799682617188,104.7969970703125,102.5,104.44149780273438,29866000.0,3119249773.376465
2021-02-08,105.0,105.75,103.1675033569336,104.22599792480469,28828000.0,3004627068.1762695
2021-02-09,103.73999786376953,104.92549896240234,103.5,103.76950073242188,21892000.0,2271721910.0341797
2021-02-10,104.15699768066406,104.94400024414062,102.61199951171875,104.3239974975586,25102000.0,2618740985.183716
2021-02-11,104.55000305175781,104.69999694824219,103.44300079345703,104.4375,20480000.0,2138880000.0
2021-02-12,103.9885025024414,104.9749984741211,103.67849731445312,104.75150299072266,18990000.0,1989231041.7938232
2021-02-16,104.5875015258789,107.25700378417969,104.5875015258789,105.53500366210938,31004000.0,3272007253.540039
2021-02-17,104.6989974975586,106.12200164794922,104.4175033569336,105.93099975585938,20294000.0,2149763709.04541
2021-02-18,105.25,106.09950256347656,104.66649627685547,105.29049682617188,22546000.0,2373879541.442871
2021-02-19,105.3895034790039,105.92900085449219,104.17150115966797,104.44049835205078,37938000.0,3962263626.4801025
2021-02-22,102.68000030517578,104.0165023803711,102.4000015258789,102.71299743652344,29466000.0,3026541182.4645996
2021-02-23,100.69950103759766,103.625,99.5114974975586,103.00599670410156,34658000.0,3569981833.770752
2021-02-24,101.50199890136719,104.41600036621094,101.37650299072266,104.19049835205078,22608000.0,2355538786.743164
2021-02-25,102.79650115966797,104.1500015258789,100.32450103759766,100.79750061035156,41548000.0,4187934555.3588867
2021-02-26,101.49749755859375,102.82599639892578,100.05049896240234,101.09549713134766,40042000.0,4048065896.133423
2021-03-01,102.4000015258789,103.8115005493164,101.72100067138672,103.48300170898438,26060000.0,2696767024.536133
2021-03-02,103.24199676513672,104.73699951171875,102.83350372314453,103.2239990234375,25564000.0,2638818311.0351562
2021-03-03,102.59750366210938,103.79949951171875,99.69999694824219,100.57050323486328,33892000.0,3408535495.6359863
2021-03-04,100.74349975585938,103.72949981689453,100.27149963378906,101.69650268554688,49216000.0,5005095076.171875
2021-03-05,103.05750274658203,105.30999755859375,101.38899993896484,104.85350036621094,53100000.0,5567720869.445801
2021-03-08,104.2030029296875,105.68699645996094,100.2594985961914,100.375,36868000.0,3700625500.0
2021-03-09,102.48750305175781,103.19599914550781,101.77999877929688,102.01799774169922,33920000.0,3460450483.3984375
2021-03-10,103.06999969482422,103.06999969482422,100.96649932861328,101.80950164794922,27100000.0,2759037494.659424
2021-03-11,102.91100311279297,105.5634994506836,102.82250213623047,105.0270004272461,27702000.0,2909457965.8355713
2021-03-12,103.82050323486328,103.88050079345703,101.62100219726562,102.5,33818000.0,3466345000.0
2021-03-15,102.2490005493164,102.74949645996094,101.3895034790039,102.72200012207031,26168000.0,2688029299.194336
2021-03-16,103.29949951171875,105.68399810791016,102.9645004272461,104.19450378417969,31900000.0,3323804670.715332
2021-03-17,103.42350006103516,104.94999694824219,102.20600128173828,104.11100006103516,26382000.0,2746656403.6102295
2021-03-18,102.40899658203125,103.4375,100.95899963378906,101.06700134277344,31700000.0,3203823942.565918
2021-03-19,101.48650360107422,101.85199737548828,100.14649963378906,101.3479995727539,46072000.0,4669305036.315918
2021-03-22,101.38150024414062,102.41699981689453,100.69999694824219,101.53450012207031,33536000.0,3405060996.09375
2021-03-23,101.99749755859375,103.20549774169922,101.4000015258789,102.06649780273438,28510000.0,2909915852.355957
2021-03-24,102.58799743652344,103.37999725341797,101.44999694824219,101.62650299072266,25218000.0,2562817152.420044
2021-03-25,101.45249938964844,102.28199768066406,99.80449676513672,101.62300109863281,35616000.0,3619404807.1289062
2021-03-26,101.5895004272461,101.96949768066406,100.19249725341797,101.23650360107422,27978000.0,2832394897.7508545
2021-03-29,101.10800170898438,102.46050262451172,100.27249908447266,102.28949737548828,26492000.0,2709853364.4714355
2021-03-30,102.64900207519531,103.13349914550781,101.80750274658203,102.32350158691406,27312000.0,2794659475.341797
2021-03-31,102.72000122070312,104.31300354003906,102.3499984741211,103.1259994506836,42570000.0,4390073796.615601
2021-04-01,104.61250305175781,106.7874984741211,104.57150268554688,106.48899841308594,39880000.0,4246781256.713867
2021-04-05,107.35749816894531,111.44950103759766,107.260498046875,110.947998046875,48510000.0,5382087385.253906
2021-04-06,110.5459976196289,111.4000015258789,110.0895004272461,110.46299743652344,35240000.0,3892716029.663086
2021-04-07,110.65499877929688,112.2249984741211,110.65499877929688,111.95149993896484,24134000.0,2701837499.5269775
2021-04-08,113.19999694824219,113.5895004272461,112.15049743652344,112.52149963378906,28664000.0,3225316265.5029297
2021-04-09,112.27200317382812,113.69850158691406,111.86299896240234,113.53350067138672,26146000.0,2968446908.554077
2021-04-12,112.70600128173828,112.84449768066406,111.39099884033203,112.23100280761719,25024000.0,2808468614.2578125
2021-04-13,112.54949951171875,113.17350006103516,112.15249633789062,112.72149658203125,25682000.0,2894913475.2197266
2021-04-14,113.37149810791016,113.37149810791016,111.8010025024414,112.09549713134766,21002000.0,2354229630.7525635
2021-04-15,113.09750366210938,114.80000305175781,112.55850219726562,114.26249694824219,29174000.0,3333494085.9680176
2021-04-16,114.46199798583984,114.71199798583984,113.5459976196289,114.13749694824219,26282000.0,2999761694.793701
2021-04-19,113.50900268554688,115.20449829101562,113.50900268554688,114.48799896240234,30290000.0,3467841488.571167
2021-04-20,114.87449645996094,114.94999694824219,112.85600280761719,113.95050048828125,22288000.0,2539728754.8828125
2021-04-21,113.60250091552734,114.0,112.24099731445312,113.9175033569336,23204000.0,2643341747.894287
2021-04-22,113.7699966430664,114.44400024414062,112.01599884033203,112.6259994506836,24146000.0,2719467382.736206
2021-04-23,113.3499984741211,115.30599975585938,113.0625,114.99649810791016,29066000.0,3342488214.0045166
2021-04-26,115.22599792480469,116.22650146484375,114.86599731445312,115.49649810791016,32038000.0,3700276806.3812256
2021-04-27,115.88150024414062,115.92250061035156,114.30799865722656,114.54900360107422,44386000.0,5084372073.83728
2021-04-28,119.625,121.56900024414062,117.66100311279297,117.9520034790039,81106000.0,9566615194.16809
2021-04-29,119.46150207519531,120.20800018310547,118.69249725341797,119.63800048828125,41234000.0,4933153312.133789
2021-04-30,118.4010009765625,119.09249877929688,117.3280029296875,117.67500305175781,44856000.0,5278429936.889648
2021-05-03,118.24549865722656,119.07749938964844,116.7750015258789,117.15399932861328,28242000.0,3308663249.0386963
2021-05-04,115.67749786376953,116.24949645996094,112.83399963378906,115.34149932861328,44818000.0,5169375316.90979
2021-05-05,116.43150329589844,116.75,115.41400146484375,115.7385025024414,26636000.0,3082810752.6550293
2021-05-06,115.31649780273438,116.86750030517578,114.6520004272461,116.86750030517578,25190000.0,2943892332.687378
2021-05-07,118.19450378417969,118.5625,117.30799865722656,117.59649658203125,28898000.0,3398303558.227539
2021-05-10,116.40699768066406,116.55000305175781,114.22699737548828,114.5875015258789,30914000.0,3542358022.1710205
2021-05-11,112.15350341796875,114.01399993896484,111.69599914550781,113.50299835205078,34186000.0,3880213501.663208
2021-05-12,111.30950164794922,112.39900207519531,109.68099975585938,110.01249694824219,46376000.0,5101939558.47168
2021-05-13,111.30599975585938,111.97200012207031,110.33599853515625,111.4520034790039,33204000.0,3700652323.5168457
2021-05-14,112.927001953125,114.23600006103516,112.5,113.91899871826172,31996000.0,3644952282.989502
2021-05-17,113.17849731445312,114.48899841308594,112.77549743652344,114.44599914550781,21598000.0,2471804689.5446777
2021-05-18,115.11750030517578,115.38400268554688,113.1094970703125,113.12349700927734,22204000.0,2511794127.593994
2021-05-19,111.42150115966797,113.74949645996094,111.27200317382812,113.57499694824219,23684000.0,2689910227.722168
2021-05-20,114.55000305175781,115.5999984741211,114.1760025024414,115.34750366210938,32352000.0,3731722438.4765625
2021-05-21,115.87049865722656,115.94450378417969,114.46499633789062,114.70649719238281,40632000.0,4660754393.920898
2021-05-24,115.74449920654297,118.27749633789062,115.5979995727539,118.052001953125,31832000.0,3757831326.171875
2021-05-25,118.5999984741211,119.19999694824219,117.75,118.14350128173828,22440000.0,2651140168.762207
2021-05-26,118.32599639892578,119.44950103759766,118.322998046875,119.0155029296875,21572000.0,2567402429.1992188
2021-05-27,119.45249938964844,119.45249938964844,117.81300354003906,118.13400268554688,35224000.0,4161152110.595703
2021-05-28,118.72100067138672,118.80349731445312,117.64250183105469,117.84249877929688,21482000.0,2531492558.7768555
2021-06-01,118.72200012207031,119.2854995727539,117.71399688720703,119.05899810791016,23354000.0,2780503841.812134
2021-06-02,119.4574966430664,119.68199920654297,117.61799621582031,118.52950286865234,21158000.0,2507847221.6949463
2021-06-03,117.2864990234375,117.85099792480469,116.47599792480469,117.37899780273438,18696000.0,2194517742.919922
2021-06-04,118.4635009765625,119.95149993896484,118.12049865722656,119.67849731445312,24458000.0,2927096687.3168945
2021-06-07,119.47200012207031,120.22550201416016,119.05000305175781,120.11499786376953,24120000.0,2897173748.474121
2021-06-08,120.60050201416016,120.97599792480469,119.73899841308594,119.9219970703125,24240000.0,2906909208.984375
2021-06-09,120.57150268554688,120.64399719238281,119.84500122070312,120.39700317382812,17942000.0,2160163030.944824
2021-06-10,120.34600067138672,121.80000305175781,120.18900299072266,121.75650024414062,25904000.0,3153980382.3242188
2021-06-11,122.0,122.08599853515625,120.947998046875,121.51000213623047,21958000.0,2668116626.9073486
2021-06-14,121.61299896240234,122.44599914550781,120.9000015258789,122.44550323486328,22098000.0,2705800730.484009
2021-06-15,122.44999694824219,122.77549743652344,121.05599975585938,121.41950225830078,21562000.0,2618047307.6934814
2021-06-16,121.5719985961914,121.88600158691406,119.47000122070312,120.77249908447266,26472000.0,3197089595.76416
2021-06-17,120.69750213623047,122.52249908447266,120.5,121.74349975585938,25842000.0,3146095520.690918
2021-06-18,121.36699676513672,121.60299682617188,120.01499938964844,120.11100006103516,46116000.0,5539038878.814697
2021-06-21,120.50050354003906,122.0,119.89849853515625,121.8125,27414000.0,3339367875.0
2021-06-22,121.75,122.4000015258789,121.06400299072266,122.33049774169922,22390000.0,2738979844.4366455
2021-06-23,122.09349822998047,123.09549713134766,121.83450317382812,122.12699890136719,19148000.0,2338487774.963379
2021-06-24,122.69999694824219,123.05549621582031,122.30000305175781,122.5,21362000.0,2616845000.0
2021-06-25,122.0,122.63300323486328,121.56500244140625,122.50849914550781,34594000.0,4238059019.4396973
2021-06-28,122.67849731445312,122.78500366210938,121.40550231933594,122.53600311279297,28526000.0,3495462024.795532
2021-06-29,122.67050170898438,123.02100372314453,121.69100189208984,122.27249908447266,23108000.0,2825472908.843994
2021-06-30,121.99449920654297,122.25700378417969,121.35449981689453,122.0895004272461,24474000.0,2988018433.456421
2021-07-01,121.7249984741211,122.58699798583984,121.53150177001953,122.44450378417969,18110000.0,2217469963.531494
2021-07-02,123.1500015258789,125.40399932861328,123.05950164794922,125.25749969482422,25982000.0,3254440357.070923
2021-07-06,125.64849853515625,126.4280014038086,124.5824966430664,126.19000244140625,26404000.0,3331920824.4628906
2021-07-07,127.16200256347656,127.28399658203125,126.15299987792969,126.4739990234375,24060000.0,3042964416.5039062
2021-07-08,124.0260009765625,125.59549713134766,124.02200317382812,125.04399871826172,23790000.0,2974796729.5074463
2021-07-09,125.0250015258789,125.7344970703125,124.55149841308594,125.51850128173828,18632000.0,2338660715.8813477
2021-07-12,126.1780014038086,127.06950378417969,125.61100006103516,126.97550201416016,17668000.0,2243403169.5861816
2021-07-13,127.03849792480469,128.0574951171875,126.67449951171875,127.34149932861328,19240000.0,2450050447.0825195
2021-07-14,127.95800018310547,129.32650756835938,127.91449737548828,128.23699951171875,23742000.0,3044602842.4072266
2021-07-15,128.6490020751953,128.6999969482422,126.52999877929688,127.00499725341797,24218000.0,3075807023.4832764
2021-07-16,127.66300201416016,127.8115005493164,126.15350341796875,126.97000122070312,20424000.0,2593235304.9316406
2021-07-19,126.0895004272461,126.20500183105469,123.50499725341797,124.5780029296875,27968000.0,3484197585.9375
2021-07-20,125.52749633789062,127.04299926757812,124.35050201416016,126.20950317382812,26312000.0,3320824447.5097656
2021-07-21,126.13349914550781,127.59600067138672,126.02349853515625,127.54900360107422,20746000.0,2646131628.7078857
2021-07-22,127.84400177001953,128.48300170898438,127.4990005493164,128.42149353027344,14302000.0,1836684200.4699707
2021-07-23,130.4304962158203,133.3990020751953,129.80050659179688,133.01499938964844,41506000.0,5520920564.666748
2021-07-26,133.32850646972656,134.23699951171875,132.30149841308594,134.03500366210938,30572000.0,4097718131.958008
2021-07-27,134.25050354003906,134.3990020751953,130.10400390625,131.89999389648438,54710000.0,7216248666.07666
2021-07-28,136.31199645996094,138.2969970703125,135.27749633789062,136.093994140625,95130000.0,12946621662.597656
2021-07-29,136.14999389648438,136.66099548339844,135.54299926757812,135.77749633789062,31716000.0,4306319073.852539
2021-07-30,135.03500366210938,135.30450439453125,134.2550048828125,134.72650146484375,25576000.0,3445765001.4648438
2021-08-02,135.11700439453125,135.3365020751953,133.79400634765625,134.85450744628906,21634000.0,2917442414.0930176
2021-08-03,135.13499450683594,135.73199462890625,133.3195037841797,135.6300048828125,20762000.0,2815950161.376953
2021-08-04,135.34950256347656,135.64950561523438,134.48699951171875,135.12550354003906,19676000.0,2658729407.6538086
2021-08-05,135.6804962158203,136.35000610351562,134.8459930419922,136.25149536132812,17870000.0,2434814222.1069336
2021-08-06,136.04200744628906,136.47250366210938,135.2100067138672,135.73849487304688,20488000.0,2781010282.9589844
2021-08-09,135.9425048828125,137.1840057373047,135.33949279785156,136.91299438476562,17760000.0,2431574780.2734375
2021-08-10,137.3419952392578,137.7725067138672,136.364501953125,136.8070068359375,19414000.0,2655971230.7128906
2021-08-11,137.18150329589844,137.6824951171875,136.27149963378906,136.2790069580078,15352000.0,2092155314.819336
2021-08-12,135.97549438476562,137.3000030517578,135.42550659179688,137.19400024414062,16506000.0,2264524168.029785
2021-08-13,137.25,137.85650634765625,137.0330047607422,137.7274932861328,15948000.0,2196478062.927246
2021-08-16,137.52499389648438,138.3625030517578,135.2989959716797,138.3094940185547,22384000.0,3095919714.111328
2021-08-17,137.75,138.2655029296875,136.08200073242188,136.6614990234375,21716000.0,2967741112.7929688
2021-08-18,136.5,137.10450744628906,135.32150268554688,135.44900512695312,19258000.0,2608476940.7348633
2021-08-19,134.4355010986328,136.3524932861328,134.25,135.67999267578125,21782000.0,2955381600.463867
2021-08-20,136.0,137.5540008544922,135.25,137.42950439453125,31194000.0,4286975960.083008
2021-08-23,137.96949768066406,140.87449645996094,137.6074981689453,140.04150390625,28454000.0,3984740952.1484375
2021-08-24,140.6114959716797,142.0800018310547,140.3385009765625,141.26150512695312,19268000.0,2721826680.786133
2021-08-25,141.625,142.1894989013672,141.37600708007812,142.07899475097656,15848000.0,2251667908.8134766
2021-08-26,141.75,142.41749572753906,141.35699462890625,141.4405059814453,20610000.0,2915088828.277588
2021-08-27,141.65249633789062,144.5124969482422,141.4969940185547,144.00399780273438,28780000.0,4144435056.7626953
2021-08-30,144.39999389648438,145.9705047607422,144.16299438476562,144.5904998779297,24434000.0,3532924274.017334
2021-08-31,145.14700317382812,145.17149353027344,144.281005859375,144.69749450683594,22448000.0,3248169356.689453
2021-09-01,145.0,146.25399780273438,144.8834991455078,145.2154998779297,21936000.0,3185447205.3222656
2021-09-02,145.21600341796875,145.51950073242188,143.18499755859375,143.28700256347656,32342000.0,4634188236.907959
2021-09-03,143.08050537109375,144.15499877929688,142.40049743652344,143.739501953125,19850000.0,2853229113.7695312
2021-09-07,143.83450317382812,144.56500244140625,143.61900329589844,144.28050231933594,20124000.0,2903500828.6743164
2021-09-08,144.10000610351562,144.39999389648438,143.0,143.6909942626953,18344000.0,2635867598.754883
2021-09-09,143.8404998779297,144.3105010986328,143.17750549316406,143.54100036621094,15314000.0,2198186879.6081543
2021-09-10,144.21249389648438,144.718505859375,140.73800659179688,140.87600708007812,36840000.0,5189872100.830078
2021-09-13,141.94949340820312,142.9499969482422,141.25,142.33250427246094,22094000.0,3144694349.395752
2021-09-14,142.99549865722656,143.36300659179688,141.75,142.54449462890625,19674000.0,2804420387.3291016
2021-09-15,142.77149963378906,144.45050048828125,141.34750366210938,144.42950439453125,27408000.0,3958523856.4453125
2021-09-16,143.95050048828125,144.3000030517578,142.40150451660156,143.61000061035156,26190000.0,3761145915.9851074
2021-09-17,143.03050231933594,143.4499969482422,140.47000122070312,140.8000030517578,53384000.0,7516467362.915039
2021-09-20,138.1614990234375,139.0,136.32200622558594,138.71949768066406,46518000.0,6452953593.109131
2021-09-21,139.74949645996094,140.01150512695312,138.2779998779297,139.0330047607422,25332000.0,3521984076.599121
2021-09-22,139.3040008544922,140.88699340820312,138.55149841308594,140.2834930419922,25056000.0,3514943201.6601562
2021-09-23,140.9875030517578,141.69650268554688,140.40150451660156,141.21600341796875,20952000.0,2958757703.6132812
2021-09-24,140.5384979248047,142.33050537109375,140.24099731445312,142.21499633789062,22984000.0,3268669475.830078
2021-09-27,140.80450439453125,141.93850708007812,140.0675048828125,141.07200622558594,21882000.0,3086937640.2282715
2021-09-28,138.65499877929688,139.09649658203125,135.36000061035156,135.8300018310547,45772000.0,6217210843.811035
2021-09-29,136.97999572753906,137.1510009765625,133.86500549316406,134.35350036621094,30848000.0,4144536779.296875
2021-09-30,134.26150512695312,135.54249572753906,133.55599975585938,133.67599487304688,37996000.0,5079153101.196289
2021-10-01,134.44749450683594,136.91050720214844,134.072998046875,136.54299926757812,35360000.0,4828160454.1015625
2021-10-04,135.9604949951172,135.9604949951172,131.0500030517578,133.6595001220703,51202000.0,6843633725.250244
2021-10-05,134.04100036621094,137.22450256347656,134.04100036621094,136.0229949951172,32404000.0,4407689129.821777
2021-10-06,134.75,137.75,134.5500030517578,137.56500244140625,24364000.0,3351633719.482422
2021-10-07,138.89199829101562,140.04200744628906,138.6510009765625,139.22500610351562,25110000.0,3495939903.2592773
2021-10-08,139.57699584960938,140.33099365234375,139.21749877929688,139.78550720214844,26526000.0,3707950364.0441895
2021-10-11,139.29200744628906,140.71200561523438,138.85899353027344,138.91400146484375,17954000.0,2494061982.2998047
2021-10-12,139.47999572753906,139.5070037841797,135.75999450683594,136.44900512695312,36332000.0,4957465254.272461
2021-10-13,137.40249633789062,138.0,136.5189971923828,137.58200073242188,19654000.0,2704036642.3950195
2021-10-14,139.4739990234375,141.33749389648438,138.8249969482422,141.1510009765625,31894000.0,4501870025.146484
2021-10-15,141.614501953125,141.71800231933594,140.7550048828125,141.3679962158203,30274000.0,4279774717.437744
2021-10-18,141.07650756835938,142.79600524902344,141.0695037841797,142.7779998779297,20396000.0,2912100085.510254
2021-10-19,143.3874969482422,143.66250610351562,142.60000610351562,143.23699951171875,20164000.0,2888230858.154297
2021-10-20,143.33799743652344,143.54600524902344,141.37649536132812,141.7689971923828,23288000.0,3301516406.616211
2021-10-21,141.7689971923828,142.156005859375,140.5,141.88600158691406,26292000.0,3730466753.7231445
2021-10-22,139.14999389648438,140.58299255371094,136.05599975585938,137.56649780273438,50588000.0,6959213990.844727
2021-10-25,137.5500030517578,138.0,135.4239959716797,137.44700622558594,34412000.0,4729826378.234863
2021-10-26,139.2635040283203,140.08299255371094,138.30450439453125,139.30850219726562,49236000.0,6858993414.18457
2021-10-27,139.40499877929688,148.64999389648438,139.40499877929688,146.21749877929688,85782000.0,12542829480.285645
2021-10-28,147.13450622558594,147.1580047607422,144.6269989013672,145.8489990234375,36206000.0,5280608858.642578
2021-10-29,145.0780029296875,148.24200439453125,144.64950561523438,148.04600524902344,43320000.0,6413352947.387695
2021-11-01,148.04600524902344,148.04600524902344,143.22549438476562,143.4969940185547,46924000.0,6733452947.32666
2021-11-02,144.57949829101562,146.60899353027344,144.3354949951172,145.4324951171875,33482000.0,4869370801.513672
2021-11-03,145.90049743652344,146.66900634765625,144.59100341796875,146.59800720214844,27494000.0,4030565610.015869
2021-11-04,147.12449645996094,149.73350524902344,146.30799865722656,148.2675018310547,38412000.0,5695251280.334473
2021-11-05,149.16949462890625,150.32749938964844,148.19700622558594,148.8520050048828,38354000.0,5709069799.957275
2021-11-08,149.8249969482422,150.61500549316406,148.4304962158203,149.031005859375,23052000.0,3435462747.0703125
2021-11-09,149.23300170898438,149.83450317382812,147.2449951171875,148.9185028076172,19530000.0,2908378359.8327637
2021-11-10,147.5,148.07000732421875,144.53750610351562,145.89349365234375,29970000.0,4372428004.760742
2021-11-11,146.489501953125,147.53550720214844,145.60049438476562,145.76649475097656,16518000.0,2407770960.296631
2021-11-12,146.61549377441406,148.85000610351562,145.41099548339844,148.67799377441406,22360000.0,3324439940.7958984
2021-11-15,148.90049743652344,149.54949951171875,147.5749969482422,148.45199584960938,23508000.0,3489809518.432617
2021-11-16,148.14950561523438,148.7624969482422,147.3125,147.87600708007812,18904000.0,2795448037.841797
2021-11-17,148.02749633789062,148.5594940185547,147.24000549316406,148.0469970703125,19594000.0,2900832860.595703
2021-11-18,148.2415008544922,150.58050537109375,147.88450622558594,149.8385009765625,35608000.0,5335449342.7734375
2021-11-19,149.97549438476562,150.9665069580078,148.8990020751953,148.92649841308594,33682000.0,5016142319.549561
2021-11-22,149.33250427246094,149.82949829101562,146.1475067138672,146.302001953125,30594000.0,4475963447.753906
2021-11-23,146.1529998779297,146.66000366210938,144.11500549316406,145.78199768066406,27218000.0,3967894412.8723145
2021-11-24,145.47349548339844,146.24949645996094,144.3730010986328,146.1199951171875,18040000.0,2636004711.9140625
2021-11-26,144.34849548339844,144.5574951171875,141.84249877929688,142.18299865722656,30470000.0,4332315969.085693
2021-11-29,144.0,146.29750061035156,143.89349365234375,145.53050231933594,32596000.0,4743712253.601074
2021-11-30,145.0084991455078,146.0,141.60150146484375,141.8975067138672,42068000.0,5969344312.438965
2021-12-01,144.0,145.95050048828125,140.91200256347656,141.05149841308594,34020000.0,4798571976.013184
2021-12-02,141.25,143.864501953125,140.21449279785156,142.96600341796875,29194000.0,4173749503.7841797
2021-12-03,143.68099975585938,144.39999389648438,140.30099487304688,142.00149536132812,41230000.0,5854721653.747559
2021-12-06,143.04049682617188,143.8524932861328,140.14999389648438,143.15499877929688,30618000.0,4383119752.624512
2021-12-07,145.59649658203125,147.531005859375,145.2274932861328,147.26950073242188,32240000.0,4747968703.613281
2021-12-08,147.59649658203125,148.39300537109375,146.406005859375,148.18649291992188,24270000.0,3596486183.166504
2021-12-09,147.59100341796875,149.10000610351562,147.11500549316406,147.6385040283203,23270000.0,3435547988.7390137
2021-12-10,148.6999969482422,148.9774932861328,146.70399475097656,148.00149536132812,24458000.0,3619820573.5473633
2021-12-13,147.781494140625,147.97000122070312,145.5175018310547,145.82650756835938,27070000.0,3947523559.8754883
2021-12-14,143.96800231933594,144.47999572753906,141.21499633789062,143.90699768066406,38446000.0,5532648432.830811
2021-12-15,143.40899658203125,146.7209930419922,141.67799377441406,146.4409942626953,36370000.0,5326058961.3342285
2021-12-16,147.17050170898438,147.677001953125,143.60699462890625,144.44500732421875,33650000.0,4860574496.459961
2021-12-17,142.5,143.83450317382812,141.3000030517578,141.72500610351562,50416000.0,7145207907.714844
2021-12-20,140.0,141.77450561523438,139.3209991455078,141.60699462890625,27192000.0,3850577397.9492188
2021-12-21,142.05349731445312,143.86900329589844,140.50250244140625,143.47250366210938,28756000.0,4125695315.307617
2021-12-22,143.0675048828125,146.5,143.0675048828125,146.4149932861328,26322000.0,3853935453.277588
2021-12-23,146.5,148.24349975585938,146.45199584960938,146.91650390625,26384000.0,3876245039.0625
2021-12-27,147.25599670410156,148.343994140625,147.16949462890625,147.906494140625,15976000.0,2362954150.390625
2021-12-28,148.23599243164062,148.2989959716797,146.05450439453125,146.68699645996094,18200000.0,2669703335.571289
2021-12-29,146.64450073242188,147.41700744628906,145.6475067138672,146.65499877929688,17788000.0,2608699118.286133
2021-12-30,146.69400024414062,147.3000030517578,145.9945068359375,146.20050048828125,15688000.0,2293593451.6601562
2021-12-31,146.0500030517578,146.69850158691406,144.8520050048828,144.8520050048828,18136000.0,2627035962.7685547
2022-01-03,145.05499267578125,145.8509979248047,143.71299743652344,144.9915008544922,28646000.0,4153426533.477783
2022-01-04,145.39599609375,146.48500061035156,143.7165069580078,144.39950561523438,28400000.0,4100945959.4726562
2022-01-05,144.4199981689453,144.49949645996094,137.68800354003906,137.77499389648438,54618000.0,7524994616.638184
2022-01-06,136.99850463867188,139.94000244140625,136.55850219726562,137.74749755859375,37348000.0,5144593538.818359
2022-01-07,138.14549255371094,138.44850158691406,135.76649475097656,137.01699829101562,29760000.0,4077625869.140625
2022-01-10,135.0780029296875,138.8195037841797,133.1645050048828,138.66949462890625,44408000.0,6158034917.480469
2022-01-11,138.0070037841797,140.21600341796875,136.6925048828125,139.73599243164062,28730000.0,4014615062.561035
2022-01-12,141.14999389648438,142.60800170898438,140.6945037841797,141.4304962158203,26108000.0,3692467395.2026367
2022-01-13,141.5399932861328,142.85000610351562,138.40899658203125,138.58700561523438,31436000.0,4356621108.520508
2022-01-14,137.07899475097656,140.74200439453125,136.99850463867188,139.48049926757812,29662000.0,4137270569.2749023
2022-01-18,136.1750030517578,137.13150024414062,135.43850708007812,135.9980010986328,34872000.0,4742522294.311523
2022-01-19,136.52349853515625,137.95950317382812,135.0155029296875,135.1165008544922,28648000.0,3870817516.479492
2022-01-20,136.25,137.62600708007812,132.96449279785156,133.3074951171875,29908000.0,3986960563.9648438
2022-01-21,132.593505859375,134.86549377441406,130.0865020751953,130.35150146484375,55652000.0,7254321759.521484
2022-01-24,125.97799682617188,131.2030029296875,124.5,130.8040008544922,76622000.0,10022464153.4729
2022-01-25,128.74000549316406,129.3990020751953,126.50050354003906,126.93499755859375,46960000.0,5960867485.3515625
2022-01-26,131.11900329589844,133.0,127.14199829101562,129.23300170898438,49130000.0,6349217373.962402
2022-01-27,131.3040008544922,132.65249633789062,128.9324951171875,129.0050048828125,31950000.0,4121709906.0058594
2022-01-28,129.65899658203125,133.35650634765625,128.48500061035156,133.3509979248047,34362000.0,4582206990.692139
2022-01-31,134.16200256347656,135.47300720214844,132.20950317382812,135.30349731445312,39986000.0,5410245643.615723
2022-02-01,137.59449768066406,137.79299926757812,134.36849975585938,137.6439971923828,68644000.0,9448434543.273926
2022-02-02,151.25,151.54649353027344,145.5225067138672,148.0,123200000.0,18233600000.0
2022-02-03,145.70550537109375,149.6750030517578,142.66549682617188,143.08999633789062,71518000.0,10233510358.093262
2022-02-04,143.4445037841797,144.875,140.51499938964844,143.29299926757812,57998000.0,8310707371.520996
2022-02-07,144.25,144.25,138.89999389648438,139.2010040283203,54974000.0,7652435995.452881
2022-02-08,139.02650451660156,140.0,137.01400756835938,139.3990020751953,54284000.0,7567135428.649902
2022-02-09,140.9635009765625,142.52450561523438,140.18699645996094,141.5919952392578,40144000.0,5684069056.884766
2022-02-10,139.70350646972656,141.4844970703125,137.95700073242188,138.6199951171875,39330000.0,5451924407.958984
2022-02-11,138.60000610351562,139.156494140625,133.39999389648438,134.28250122070312,39958000.0,5365660183.776855
2022-02-14,133.25650024414062,136.3000030517578,133.25650024414062,135.5260009765625,34302000.0,4648812885.498047
2022-02-15,137.57049560546875,138.10850524902344,135.82150268554688,136.60850524902344,26680000.0,3644714920.0439453
2022-02-16,136.64649963378906,138.08599853515625,134.9239959716797,137.73800659179688,25022000.0,3446480400.9399414
2022-02-17,136.2429962158203,137.11349487304688,132.47850036621094,132.53900146484375,38950000.0,5162394107.055664
2022-02-18,133.4669952392578,134.07000732421875,130.19650268554688,130.4029998779297,45620000.0,5948984854.431152
2022-02-22,129.83799743652344,132.1804962158203,128.22349548339844,129.81350708007812,44990000.0,5840309683.532715
2022-02-23,131.64849853515625,132.05099487304688,127.52749633789062,127.58799743652344,32786000.0,4183100083.9538574
2022-02-24,124.95349884033203,133.0,124.95349884033203,132.6909942626953,54456000.0,7225820783.569336
2022-02-25,133.552001953125,135.27149963378906,131.75149536132812,134.45950317382812,36406000.0,4895132672.546387
2022-02-28,133.0500030517578,135.75149536132812,132.59249877929688,135.0570068359375,38864000.0,5248855513.671875
2022-03-01,134.8784942626953,136.2554931640625,133.218505859375,134.06149291992188,26496000.0,3552093316.40625
2022-03-02,134.6280059814453,135.2624969482422,133.07150268554688,134.57150268554688,23520000.0,3165121743.1640625
2022-03-03,136.00999450683594,136.4394989013672,133.02549743652344,133.89950561523438,24604000.0,3294463436.1572266
2022-03-04,132.92750549316406,133.85150146484375,130.33749389648438,131.906494140625,30430000.0,4013914616.6992188
2022-03-07,131.48800659179688,131.73500061035156,126.29499816894531,126.37850189208984,45112000.0,5701186977.355957
2022-03-08,126.25,131.25,125.67449951171875,127.10449981689453,40428000.0,5138580718.597412
2022-03-09,131.25,133.73550415039062,129.90049743652344,133.4199981689453,37026000.0,4940008852.203369
2022-03-10,131.26600646972656,133.27200317382812,130.91250610351562,132.42950439453125,27102000.0,3589104428.100586
2022-03-11,133.48849487304688,133.79550170898438,129.63150024414062,129.87049865722656,31526000.0,4094297340.6677246
2022-03-14,130.25,130.40899658203125,125.2750015258789,125.95099639892578,38812000.0,4888410072.235107
2022-03-15,126.97599792480469,129.85450744628906,125.72049713134766,129.197998046875,30920000.0,3994802099.609375
2022-03-16,130.73300170898438,133.33299255371094,128.7344970703125,133.28050231933594,35576000.0,4741587150.512695
2022-03-17,133.1490020751953,134.08050537109375,132.18499755859375,133.83900451660156,28264000.0,3782825623.6572266
2022-03-18,133.42449951171875,136.24400329589844,132.2584991455078,136.12550354003906,44566000.0,6066569190.765381
2022-03-21,136.1634979248047,137.0500030517578,134.09249877929688,136.10150146484375,26832000.0,3651875487.3046875
2022-03-22,136.10150146484375,141.0500030517578,136.10150146484375,139.8679962158203,35496000.0,4964754393.676758
2022-03-23,138.70249938964844,139.5885009765625,137.8350067138672,138.27549743652344,25154000.0,3478181862.5183105
2022-03-24,139.1999969482422,141.61900329589844,137.75050354003906,141.57200622558594,26396000.0,3736934676.3305664
2022-03-25,141.91600036621094,142.03500366210938,139.7375030517578,141.67300415039062,24126000.0,3418002898.132324
2022-03-28,140.90049743652344,142.00250244140625,139.81149291992188,141.45550537109375,35050000.0,4958015463.256836
2022-03-29,142.6475067138672,143.7935028076172,142.0384979248047,142.5054931640625,34318000.0,4890503514.404297
2022-03-30,142.4600067138672,142.7205047607422,141.60000610351562,141.93850708007812,19884000.0,2822305274.7802734
2022-03-31,142.05299377441406,142.10800170898438,139.02450561523438,139.0675048828125,37524000.0,5218369053.222656
2022-04-01,139.5,140.4709930419922,138.3074951171875,140.15049743652344,25942000.0,3635784204.498291
2022-04-04,140.35850524902344,143.71200561523438,140.3105010986328,142.97149658203125,25942000.0,3708966564.3310547
2022-04-05,142.86900329589844,142.99049377441406,140.38250732421875,140.59100341796875,21418000.0,3011178111.2060547
2022-04-06,138.75,139.36050415039062,135.51699829101562,136.54800415039062,32468000.0,4433440598.754883
2022-04-07,136.00999450683594,137.1645050048828,134.2274932861328,135.8885040283203,26234000.0,3564899014.678955
2022-04-08,135.58349609375,135.6699981689453,132.9654998779297,133.28750610351562,25142000.0,3351114478.45459
2022-04-11,131.82350158691406,132.09249877929688,128.6685028076172,128.82350158691406,36884000.0,4751526032.531738
2022-04-12,131.60000610351562,131.60000610351562,126.78900146484375,127.7145004272461,32710000.0,4177541308.9752197
2022-04-13,128.0,130.33399963378906,127.74099731445312,129.8939971923828,27928000.0,3627679553.588867
2022-04-14,130.47950744628906,130.47950744628906,126.60099792480469,126.7300033569336,31598000.0,4004414646.0723877
2022-04-18,127.0,128.21249389648438,126.18199920654297,127.67649841308594,20808000.0,2656692578.979492
2022-04-19,127.69149780273438,130.33299255371094,126.99949645996094,130.00900268554688,26490000.0,3443938481.1401367
2022-04-20,130.89199829101562,131.3990020751953,127.5,128.0399932861328,31696000.0,4058355627.1972656
2022-04-21,129.25,130.09849548339844,124.52649688720703,124.81449890136719,36446000.0,4548989226.9592285
2022-04-22,125.0,125.4020004272461,118.92500305175781,119.635498046875,56884000.0,6805345670.8984375
2022-04-25,119.10099792480469,123.27749633789062,118.51100158691406,123.0739974975586,46128000.0,5677157356.567383
2022-04-26,122.29450225830078,122.51000213623047,118.51100158691406,118.6500015258789,73054000.0,8667857211.471558
2022-04-27,114.46949768066406,117.24199676513672,112.73650360107422,114.29450225830078,91820000.0,10494521197.357178
2022-04-28,116.41500091552734,119.64949798583984,114.11499786376953,118.52249908447266,48884000.0,5793853845.245361
2022-04-29,116.7344970703125,117.91999816894531,113.81449890136719,114.1094970703125,42676000.0,4869736896.972656
2022-05-02,113.40499877929688,116.74549865722656,112.5999984741211,116.58300018310547,35534000.0,4142660328.5064697
2022-05-03,116.43049621582031,118.44200134277344,116.03450012207031,117.33399963378906,24968000.0,2929595302.8564453
2022-05-04,117.03150177001953,122.85449981689453,115.11599731445312,122.26100158691406,49916000.0,6102780155.212402
2022-05-05,120.2040023803711,121.03900146484375,115.00550079345703,116.50550079345703,45840000.0,5340612156.37207
2022-05-06,115.18450164794922,117.57150268554688,114.0155029296875,115.74649810791016,39710000.0,4596293439.865112
2022-05-09,113.25,115.0770034790039,112.00050354003906,112.51100158691406,40802000.0,4590673886.749268
2022-05-10,115.50749969482422,116.25,112.90049743652344,114.3949966430664,39900000.0,4564360366.05835
2022-05-11,113.23650360107422,116.364501953125,113.23650360107422,113.60250091552734,37534000.0,4263956269.3634033
2022-05-12,111.37750244140625,114.29499816894531,109.82450103759766,112.84400177001953,53836000.0,6075069679.2907715
2022-05-13,114.53299713134766,117.875,113.6050033569336,116.05049896240234,35038000.0,4066177382.6446533
2022-05-16,114.95549774169922,116.16999816894531,113.8895034790039,114.44499969482422,25990000.0,2974425542.0684814
2022-05-17,116.84049987792969,116.9000015258789,114.87000274658203,116.4729995727539,23054000.0,2685168532.1502686
2022-05-18,115.0,115.4000015258789,111.55549621582031,111.89949798583984,35126000.0,3930581766.2506104
2022-05-19,111.43150329589844,113.01000213623047,110.0,110.38400268554688,34144000.0,3768951387.6953125
2022-05-20,111.95099639892578,112.18350219726562,105.79650115966797,108.90799713134766,48962000.0,5332353355.545044
2022-05-23,109.5875015258789,112.14749908447266,108.74099731445312,111.48799896240234,37184000.0,4145569753.4179688
2022-05-24,105.77200317382812,106.45850372314453,101.8844985961914,105.97000122070312,76780000.0,8136376693.725586
2022-05-25,104.9854965209961,106.5,103.85649871826172,105.80500030517578,40258000.0,4259497702.2857666
2022-05-26,105.677001953125,108.64949798583984,105.2249984741211,107.7925033569336,37948000.0,4090509917.388916
2022-05-27,109.48300170898438,112.31800079345703,109.13849639892578,112.31649780273438,37914000.0,4258367697.692871
2022-05-31,112.74649810791016,115.73500061035156,112.07849884033203,113.76200103759766,50012000.0,5689465195.892334
2022-06-01,114.8550033569336,117.10150146484375,113.25,113.89199829101562,36606000.0,4169130489.440918
2022-06-02,114.0,117.89949798583984,112.94650268554688,117.62249755859375,37992000.0,4468713927.246094
2022-06-03,116.0625,116.32150268554688,113.51850128173828,114.54100036621094,26136000.0,2993643585.571289
2022-06-06,116.70449829101562,119.34700012207031,116.16400146484375,116.82050323486328,33542000.0,3918393319.503784
2022-06-07,115.48049926757812,117.69100189208984,115.052001953125,117.14949798583984,31590000.0,3700752641.3726807
2022-06-08,116.7614974975586,118.57050323486328,116.5999984741211,117.19400024414062,26108000.0,3059700958.3740234
2022-06-09,116.32749938964844,118.29900360107422,114.7760009765625,114.83550262451172,25798000.0,2962526296.7071533
2022-06-10,112.44499969482422,113.27899932861328,110.36599731445312,111.1614990234375,41452000.0,4607866457.519531
2022-06-13,106.7864990234375,108.79149627685547,106.11900329589844,106.39250183105469,47252000.0,5027258496.520996
2022-06-14,106.53500366210938,107.92449951171875,105.80000305175781,106.71549987792969,33706000.0,3596952638.885498
2022-06-15,108.54499816894531,111.42350006103516,107.66950225830078,109.7645034790039,39698000.0,4357431259.109497
2022-06-16,107.22100067138672,108.64849853515625,105.13800048828125,106.03350067138672,51684000.0,5480235448.699951
2022-06-17,106.03350067138672,108.69950103759766,105.0459976196289,107.14350128173828,51376000.0,5504604521.850586
2022-06-21,108.92949676513672,112.489501953125,108.5999984741211,111.54399871826172,47416000.0,5288970243.225098
2022-06-22,110.55650329589844,113.34649658203125,110.38249969482422,111.48750305175781,30774000.0,3430916418.914795
2022-06-23,112.23149871826172,112.74250030517578,110.50050354003906,112.24199676513672,28362000.0,3183407512.2528076
2022-06-24,112.99500274658203,118.0790023803711,112.95249938964844,117.9749984741211,41164000.0,4856322837.188721
2022-06-27,118.27300262451172,118.57949829101562,115.17949676513672,115.83350372314453,36420000.0,4218656205.596924
2022-06-28,115.80249786376953,117.30950164794922,111.8479995727539,112.00749969482422,35792000.0,4008972429.0771484
2022-06-29,111.552001953125,113.1604995727539,110.87249755859375,111.70149993896484,24716000.0,2760814272.491455
2022-06-30,110.0,110.88800048828125,106.75,108.96299743652344,43170000.0,4703932599.334717
2022-07-01,107.93299865722656,109.25,106.73049926757812,108.73750305175781,35476000.0,3857571658.26416
2022-07-05,107.10050201416016,113.37699890136719,105.73149871826172,113.26300048828125,39342000.0,4455992965.209961
2022-07-06,113.302001953125,115.5895004272461,111.47599792480469,114.5719985961914,37432000.0,4288659051.4526367
2022-07-07,115.08000183105469,119.18949890136719,114.83350372314453,118.78299713134766,40936000.0,4862500770.568848
2022-07-08,117.25,119.68499755859375,116.90149688720703,119.35350036621094,38238000.0,4563839147.003174
2022-07-11,117.99800109863281,117.99800109863281,115.33049774169922,115.67649841308594,31196000.0,3608644044.494629
2022-07-12,116.21499633789062,116.9739990234375,113.69000244140625,114.02050018310547,29960000.0,3416054185.48584
2022-07-13,111.70099639892578,114.19599914550781,111.20149993896484,111.35350036621094,43722000.0,4868597743.011475
2022-07-14,110.21050262451172,111.09300231933594,108.37300109863281,110.36750030517578,37004000.0,4084038981.2927246
2022-07-15,112.00050354003906,113.1405029296875,110.9000015258789,111.77749633789062,46770000.0,5227833503.723145
2022-07-18,112.63999938964844,113.68000030517578,108.37000274658203,109.02999877929688,43164600.0,4706236285.308838
2022-07-19,110.8499984741211,114.0199966430664,109.55999755859375,113.80999755859375,36530900.0,4157581639.8132324
2022-07-20,113.16999816894531,115.4000015258789,112.4800033569336,113.9000015258789,35600400.0,4054885614.3218994
2022-07-21,114.27999877929688,114.55000305175781,111.11000061035156,114.33999633789062,32676200.0,3736196588.3361816
2022-07-22,111.0,112.33999633789062,106.5,107.9000015258789,48901200.0,5276439554.61731
2022-07-25,108.41000366210938,109.87000274658203,106.30000305175781,107.51000213623047,34690900.0,3729618733.1077576
2022-07-26,106.5999984741211,107.19999694824219,104.06999969482422,105.0199966430664,47991000.0,5040014658.8974
2022-07-27,109.26000213623047,113.91000366210938,108.01000213623047,113.05999755859375,59858500.0,6767601863.861084
2022-07-28,112.37000274658203,114.33999633789062,111.45999908447266,114.22000122070312,32816600.0,3748312092.059326
2022-07-29,113.08000183105469,116.70999908447266,113.05999755859375,116.31999969482422,37223400.0,4329825876.64032
2022-08-01,115.30000305175781,116.72000122070312,114.33999633789062,114.86000061035156,26034300.0,2990299713.8900757
2022-08-02,114.0,116.3499984741211,113.72000122070312,115.12999725341797,20236000.0,2329770624.420166
2022-08-03,115.70999908447266,118.62000274658203,115.4800033569336,118.08000183105469,28499000.0,3365161972.1832275
2022-08-04,117.4800033569336,118.77999877929688,116.88999938964844,118.19000244140625,21602900.0,2553246803.741455
2022-08-05,116.2300033569336,118.11000061035156,116.0,117.47000122070312,19159500.0,2250666488.3880615
2022-08-08,118.38999938964844,120.1500015258789,116.87999725341797,117.30000305175781,19138300.0,2244922648.4054565
2022-08-09,117.13999938964844,117.31999969482422,115.70999908447266,116.62999725341797,19086500.0,2226058442.577362
2022-08-10,118.77999877929688,120.91999816894531,118.41000366210938,119.69999694824219,30930400.0,3702368785.60791
2022-08-11,121.27999877929688,121.48999786376953,118.55999755859375,118.83999633789062,24293700.0,2887063219.0338135
2022-08-12,120.26000213623047,121.68000030517578,119.45999908447266,121.68000030517578,19096300.0,2323637789.8277283
2022-08-15,121.12999725341797,122.30000305175781,120.61000061035156,122.08000183105469,19494800.0,2379925219.696045
2022-08-16,121.5199966430664,122.43000030517578,120.63999938964844,121.69999694824219,19041200.0,2317313981.890869
2022-08-17,120.12000274658203,121.29000091552734,119.37999725341797,119.55000305175781,22847000.0,2731358919.7235107
2022-08-18,119.43000030517578,120.81999969482422,118.72000122070312,120.16999816894531,17987700.0,2161581876.0635376
2022-08-19,119.05999755859375,119.1500015258789,116.76000213623047,117.20999908447266,21809500.0,2556291475.0328064
2022-08-22,115.19999694824219,115.62999725341797,113.8499984741211,114.23999786376953,21456600.0,2451201938.1637573
2022-08-23,113.4800033569336,115.01000213623047,113.43000030517578,113.86000061035156,15870400.0,1807003753.6865234
2022-08-24,113.5,114.77999877929688,112.87000274658203,113.69000244140625,17734600.0,2016246717.2973633
2022-08-25,114.23999786376953,116.72000122070312,114.11000061035156,116.6500015258789,16956800.0,1978010745.8740234
2022-08-26,114.72000122070312,115.12000274658203,110.19000244140625,110.33999633789062,37245700.0,4109690401.602173
2022-08-29,109.98999786376953,110.94999694824219,108.80000305175781,109.41999816894531,21191200.0,2318741065.197754
2022-08-30,110.16999816894531,110.5,107.80000305175781,108.94000244140625,27513300.0,2997298969.1711426
2022-08-31,110.6500015258789,110.8499984741211,108.12999725341797,108.22000122070312,28627000.0,3098013974.9450684
2022-09-01,108.27999877929688,110.44999694824219,107.36000061035156,109.73999786376953,28360900.0,3112325105.4145813
2022-09-02,110.58999633789062,110.73999786376953,107.26000213623047,107.8499984741211,24160700.0,2605731458.1336975
2022-09-06,107.30000305175781,108.02999877929688,105.77999877929688,106.80999755859375,25068300.0,2677545061.7980957
2022-09-07,107.05999755859375,109.9800033569336,106.9000015258789,109.44999694824219,23167000.0,2535628079.2999268
2022-09-08,108.04000091552734,109.5999984741211,107.16000366210938,108.37999725341797,24238300.0,2626946887.4275208
2022-09-09,109.06999969482422,110.98999786376953,109.0199966430664,110.6500015258789,23197700.0,2566825540.396881
2022-09-12,110.98999786376953,111.62000274658203,109.93000030517578,110.86000061035156,22966800.0,2546099462.0178223
2022-09-13,107.80000305175781,108.30000305175781,104.08999633789062,104.31999969482422,38172900.0,3982196916.3505554
2022-09-14,104.56999969482422,105.27999877929688,103.66000366210938,105.0,26395100.0,2771485500.0
2022-09-15,104.02999877929688,105.2699966430664,102.3499984741211,102.91000366210938,34188300.0,3518318078.201294
2022-09-16,102.06999969482422,103.12999725341797,100.94000244140625,102.80000305175781,42797200.0,4399552290.606689
2022-09-19,101.75,103.33000183105469,101.55000305175781,103.06999969482422,23036800.0,2374402968.9697266
2022-09-20,102.08000183105469,102.37000274658203,100.5199966430664,101.13999938964844,26517100.0,2681939477.8152466
2022-09-21,101.66999816894531,102.87999725341797,99.2699966430664,99.27999877929688,31487300.0,3126059105.5633545
2022-09-22,98.81999969482422,101.23999786376953,98.79000091552734,100.13999938964844,34298600.0,3434661783.065796
2022-09-23,99.62999725341797,99.66000366210938,97.47000122070312,98.73999786376953,31625400.0,3122691928.440857
2022-09-26,98.0999984741211,99.87999725341797,97.80000305175781,98.16999816894531,27072700.0,2657726909.428406
2022-09-27,99.43000030517578,100.0,96.87000274658203,97.5,30072800.0,2932098000.0
2022-09-28,97.6500015258789,100.69999694824219,97.11000061035156,100.05000305175781,32466300.0,3248253414.0792847
2022-09-29,98.63999938964844,98.63999938964844,95.95999908447266,97.41999816894531,31047200.0,3024618167.150879
2022-09-30,97.05000305175781,98.9000015258789,95.55999755859375,95.6500015258789,32941500.0,3150854525.26474
2022-10-03,96.76000213623047,99.29000091552734,96.5199966430664,98.63999938964844,27982000.0,2760144462.9211426
2022-10-04,100.44000244140625,101.83999633789062,100.37999725341797,101.63999938964844,28850800.0,2932395294.390869
2022-10-05,99.83000183105469,101.93000030517578,98.80000305175781,101.43000030517578,22176900.0,2249402973.767853
2022-10-06,100.68000030517578,102.93000030517578,100.58999633789062,101.41999816894531,22324000.0,2264100039.123535
2022-10-07,99.8499984741211,100.52999877929688,98.30000305175781,98.68000030517578,27502800.0,2713976312.3931885
2022-10-10,99.0,99.0999984741211,97.01000213623047,97.86000061035156,18225100.0,1783508297.1237183
2022-10-11,97.43000030517578,99.25,96.30999755859375,97.18000030517578,26507100.0,2575959986.089325
2022-10-12,97.30000305175781,98.75,96.73999786376953,97.55999755859375,21876400.0,2134261530.5908203
2022-10-13,95.1500015258789,99.77999877929688,94.37999725341797,99.05999755859375,34574500.0,3424949885.5895996
2022-10-14,99.98999786376953,100.69000244140625,96.37000274658203,96.55999755859375,25410700.0,2453657129.962158
2022-10-17,98.86000061035156,100.93000030517578,98.83000183105469,99.97000122070312,28419200.0,2841067458.6914062
2022-10-18,103.12999725341797,103.47000122070312,99.97000122070312,100.7699966430664,24060700.0,2424596658.229828
2022-10-19,100.01000213623047,101.0199966430664,98.91999816894531,99.62999725341797,23811100.0,2372299827.6008606
2022-10-20,100.0,102.31999969482422,99.38999938964844,99.97000122070312,25323200.0,2531560334.9121094
2022-10-21,97.8499984741211,101.30999755859375,97.72000122070312,101.12999725341797,32458700.0,3282548241.849518
2022-10-24,101.80000305175781,102.75,99.9800033569336,102.5199966430664,27176400.0,2786124436.77063
2022-10-25,102.9000015258789,104.81999969482422,102.72000122070312,104.4800033569336,40611400.0,4243079208.329773
2022-10-26,96.43000030517578,98.30999755859375,94.69000244140625,94.93000030517578,88114100.0,8364671539.890289
2022-10-27,94.5199966430664,95.43000030517578,91.80000305175781,92.22000122070312,60710900.0,5598759272.109985
2022-10-28,92.2699966430664,96.55000305175781,92.12999725341797,96.29000091552734,43697300.0,4207613057.006073
2022-10-31,95.41999816894531,96.02999877929688,93.9800033569336,94.51000213623047,31675000.0,2993604317.6651
2022-11-01,95.44999694824219,96.02999877929688,90.37000274658203,90.47000122070312,47161400.0,4266691915.5700684
2022-11-02,90.94000244140625,91.18000030517578,86.87999725341797,86.97000122070312,57038300.0,4960621020.626831
2022-11-03,86.31999969482422,86.5199966430664,83.33999633789062,83.43000030517578,61288000.0,5113257858.703613
2022-11-04,85.4000015258789,86.63999938964844,83.70999908447266,86.58000183105469,51124900.0,4426393935.612488
2022-11-07,87.27999877929688,88.9000015258789,86.8499984741211,88.48999786376953,34078900.0,3015641788.1996155
2022-11-08,88.9000015258789,90.31999969482422,87.58999633789062,88.9000015258789,30429000.0,2705138146.430969
2022-11-09,88.44999694824219,89.44000244140625,87.27999877929688,87.31999969482422,31769100.0,2774077802.30484
2022-11-10,92.25,94.38999938964844,91.61000061035156,93.94000244140625,51620100.0,4849192320.025635
2022-11-11,94.69000244140625,96.93000030517578,93.91999816894531,96.41000366210938,33090500.0,3190255226.1810303
2022-11-14,95.08999633789062,96.79000091552734,94.51000213623047,95.69999694824219,30179500.0,2888178057.899475
2022-11-15,98.26000213623047,100.13999938964844,96.70999908447266,98.44000244140625,41640800.0,4099120453.6621094
2022-11-16,97.9000015258789,99.63999938964844,97.63999938964844,98.8499984741211,29105200.0,2877048975.5889893
2022-11-17,96.97000122070312,99.27999877929688,96.79000091552734,98.36000061035156,26052600.0,2562533751.901245
2022-11-18,98.7699966430664,98.9000015258789,96.37000274658203,97.43000030517578,28342300.0,2761390297.6493835
2022-11-21,97.29000091552734,98.4000015258789,95.36000061035156,95.5999984741211,21647400.0,2069491406.968689
2022-11-22,95.94999694824219,97.22000122070312,94.05000305175781,97.05000305175781,23438500.0,2274706496.5286255
2022-11-23,97.08999633789062,98.76000213623047,97.08999633789062,98.45999908447266,18868100.0,1857753108.7257385
2022-11-25,98.23999786376953,98.63999938964844,97.4000015258789,97.45999908447266,9701400.0,945498435.118103
2022-11-28,97.04000091552734,97.58000183105469,95.61000061035156,96.05000305175781,26237500.0,2520111955.0704956
2022-11-29,95.7300033569336,96.12000274658203,94.11000061035156,95.19000244140625,20061700.0,1909673271.9787598
2022-11-30,94.81999969482422,101.04000091552734,94.41999816894531,100.98999786376953,43647500.0,4407960931.758881
2022-12-01,101.0199966430664,102.25,100.25,100.98999786376953,28687100.0,2897110167.717743
2022-12-02,99.05000305175781,100.7699966430664,98.9000015258789,100.44000244140625,21480700.0,2157521560.443115
2022-12-05,99.4000015258789,101.37999725341797,99.0,99.4800033569336,24405100.0,2427819429.9263
2022-12-06,99.30000305175781,99.77999877929688,96.41999816894531,96.9800033569336,24910700.0,2415839769.6235657
2022-12-07,96.41000366210938,96.87999725341797,94.72000122070312,94.94000244140625,31045400.0,2947450351.7944336
2022-12-08,95.37999725341797,95.58000183105469,93.44999694824219,93.70999908447266,32213300.0,3018708313.507843
2022-12-09,93.7699966430664,94.26000213623047,92.75,92.83000183105469,28225400.0,2620163933.682251
2022-12-12,92.70999908447266,93.55999755859375,91.61000061035156,93.30999755859375,29420000.0,2745180128.173828
2022-12-13,97.76000213623047,99.52999877929688,95.02999877929688,95.62999725341797,40593700.0,3881975419.506073
2022-12-14,95.19999694824219,96.87000274658203,93.5999984741211,95.06999969482422,28733600.0,2731703343.231201
2022-12-15,93.12999725341797,93.63999938964844,90.01000213623047,90.86000061035156,40107000.0,3644122044.47937
2022-12-16,90.76000213623047,91.33000183105469,89.5199966430664,90.26000213623047,58011800.0,5236145191.926575
2022-12-19,90.26000213623047,90.55999755859375,88.20999908447266,88.44000244140625,29493000.0,2608360992.0043945
2022-12-20,88.11000061035156,89.18000030517578,87.44000244140625,89.0199966430664,23453800.0,2087857197.2671509
2022-12-21,89.08000183105469,90.22000122070312,88.31999969482422,89.58000183105469,24745600.0,2216710893.310547
2022-12-22,88.16000366210938,88.54000091552734,86.31999969482422,87.76000213623047,27658300.0,2427292467.084503
2022-12-23,87.11000061035156,89.55000305175781,87.06999969482422,89.2300033569336,23003000.0,2052557767.2195435
2022-12-27,88.80000305175781,88.94000244140625,87.01000213623047,87.38999938964844,20097300.0,1756303034.7335815
2022-12-28,86.9800033569336,88.04000091552734,85.94000244140625,86.0199966430664,19523200.0,1679385598.461914
2022-12-29,86.62000274658203,88.8499984741211,86.61000061035156,88.44999694824219,23333500.0,2063848003.791809
2022-12-30,86.9800033569336,88.30000305175781,86.56999969482422,88.2300033569336,23986300.0,2116311329.5204163
2023-01-03,89.58999633789062,91.05000305175781,88.5199966430664,89.12000274658203,28131200.0,2507052621.2646484
2023-01-04,90.3499984741211,90.6500015258789,87.2699966430664,88.08000183105469,34854800.0,3070010847.821045
2023-01-05,87.47000122070312,87.56999969482422,85.9000015258789,86.19999694824219,27194400.0,2344157197.0092773
2023-01-06,86.79000091552734,87.69000244140625,84.86000061035156,87.33999633789062,41381500.0,3614260058.456421
2023-01-09,88.36000061035156,90.05000305175781,87.86000061035156,88.0199966430664,29003900.0,2552923180.6358337
2023-01-10,85.9800033569336,88.66999816894531,85.83000183105469,88.41999816894531,30467800.0,2693962820.211792
2023-01-11,89.18000030517578,91.5999984741211,89.01000213623047,91.5199966430664,26862000.0,2458410149.82605
2023-01-12,91.4800033569336,91.87000274658203,89.75,91.12999725341797,30258100.0,2757420569.8936462
2023-01-13,90.8499984741211,92.19000244140625,90.12999725341797,92.12000274658203,26329200.0,2425445976.3153076
2023-01-17,92.05999755859375,92.25,90.05000305175781,91.29000091552734,32602400.0,2976273125.8483887
2023-01-18,92.13999938964844,92.80000305175781,90.63999938964844,91.12000274658203,29116700.0,2653113783.971405
2023-01-19,90.72000122070312,93.61000061035156,90.62999725341797,93.05000305175781,37000400.0,3442887332.91626
2023-01-20,95.0999984741211,98.30000305175781,95.0199966430664,98.0199966430664,63191100.0,6193991409.871674
2023-01-23,97.94999694824219,100.04000091552734,97.5,99.79000091552734,40005100.0,3992108965.625763
2023-01-24,98.0999984741211,99.61000061035156,97.19999694824219,97.69999694824219,33078500.0,3231769349.052429
2023-01-25,95.56999969482422,96.16000366210938,93.76000213623047,95.22000122070312,42330000.0,4030662651.6723633
2023-01-26,96.5,97.56999969482422,95.37999725341797,97.5199966430664,30114000.0,2936717178.9093018
2023-01-27,97.30999755859375,100.31999969482422,97.30999755859375,99.37000274658203,33879800.0,3366635819.05365
2023-01-30,97.4800033569336,98.29000091552734,96.4000015258789,96.94000244140625,27226200.0,2639307894.470215
2023-01-31,96.87000274658203,98.87999725341797,96.81999969482422,98.83999633789062,29870700.0,2952419878.6102295
2023-02-01,98.70999908447266,101.19000244140625,97.58000183105469,100.43000030517578,35531100.0,3568388383.843231
2023-02-02,105.80000305175781,107.8499984741211,105.61000061035156,107.73999786376953,69883800.0,7529280462.712097
2023-02-03,102.93000030517578,107.80999755859375,102.58000183105469,104.77999877929688,65309300.0,6843108374.276733
2023-02-06,102.4000015258789,104.36000061035156,101.87999725341797,102.9000015258789,31999600.0,3292758888.8275146
2023-02-07,103.22000122070312,108.18000030517578,103.12000274658203,107.63999938964844,49010200.0,5275457898.086548
2023-02-08,102.05000305175781,103.13999938964844,98.04000091552734,99.37000274658203,94743500.0,9414661855.220795
2023-02-09,100.0,100.02999877929688,93.62999725341797,95.01000213623047,119455000.0,11349419805.18341
2023-02-10,95.44999694824219,96.75,94.25,94.56999969482422,54980700.0,5199524782.221222
2023-02-13,94.73999786376953,95.19999694824219,93.83999633789062,94.61000061035156,50076100.0,4737699851.564026
2023-02-14,94.43000030517578,94.8499984741211,92.26000213623047,94.68000030517578,54726100.0,5181467164.70108
2023-02-15,94.48999786376953,97.12000274658203,94.1500015258789,96.94000244140625,50169000.0,4863382982.48291
2023-02-16,95.37000274658203,97.68000030517578,94.73999786376953,95.51000213623047,42462600.0,4055603016.7099
2023-02-17,94.8499984741211,95.55999755859375,93.20999908447266,94.3499984741211,34284100.0,3234704782.686615
2023-02-21,93.0,93.0999984741211,91.72000122070312,91.79000091552734,33629300.0,3086833477.7885437
2023-02-22,91.69999694824219,92.11000061035156,90.61000061035156,91.6500015258789,30884000.0,2830518647.125244
2023-02-23,91.91999816894531,91.94000244140625,89.76000213623047,90.88999938964844,41206400.0,3745249670.8496094
2023-02-24,89.44000244140625,89.88999938964844,88.58000183105469,89.12999725341797,36585100.0,3260829862.5160217
2023-02-27,89.87000274658203,90.16000366210938,89.33999633789062,89.87000274658203,27502300.0,2471631776.537323
2023-02-28,89.33000183105469,91.2300033569336,89.31999969482422,90.05999755859375,30142000.0,2714588446.411133
2023-03-01,89.9800033569336,91.02999877929688,89.66999816894531,90.36000061035156,31111200.0,2811208050.9887695
2023-03-02,89.66000366210938,92.27999877929688,89.58999633789062,92.0,32204400.0,2962804800.0
2023-03-03,92.4800033569336,93.7300033569336,92.44999694824219,93.6500015258789,35160100.0,3292743418.650055
2023-03-06,94.0199966430664,95.97000122070312,94.0,95.12999725341797,32639300.0,3104976519.353485
2023-03-07,94.9800033569336,95.66999816894531,93.52999877929688,93.86000061035156,27835500.0,2612640046.989441
2023-03-08,94.12000274658203,95.95999908447266,94.0,94.25,34103300.0,3214236025.0
2023-03-09,94.05000305175781,95.52999877929688,91.9000015258789,92.31999969482422,28813500.0,2660062311.2068176
2023-03-10,92.16999816894531,92.79000091552734,90.4000015258789,90.62999725341797,35941000.0,3257332731.285095
2023-03-13,90.08999633789062,92.56999969482422,89.41999816894531,91.11000061035156,37335600.0,3401646538.787842
2023-03-14,92.55999755859375,94.36000061035156,92.44000244140625,93.97000122070312,36050200.0,3387637338.006592
2023-03-15,93.22000122070312,96.93000030517578,92.63999938964844,96.11000061035156,50622100.0,4865290061.897278
2023-03-16,96.19999694824219,101.19000244140625,95.5,100.31999969482422,65492000.0,6570157420.013428
2023-03-17,100.26000213623047,102.83999633789062,100.0999984741211,101.62000274658203,61028500.0,6201716337.6197815
2023-03-20,100.12000274658203,101.75,99.87000274658203,101.22000122070312,32960400.0,3336251728.2348633
2023-03-21,101.25,105.0999984741211,101.22000122070312,104.91999816894531,42110300.0,4418212598.893738
2023-03-22,104.2699966430664,106.58999633789062,103.33000183105469,103.37000274658203,43427400.0,4489090457.2769165
2023-03-23,105.05999755859375,106.30000305175781,104.45999908447266,105.5999984741211,40797800.0,4308247617.747498
2023-03-24,104.98999786376953,105.48999786376953,103.83999633789062,105.44000244140625,30393300.0,3204669626.2023926
2023-03-27,104.62000274658203,104.76000213623047,101.93000030517578,102.45999908447266,31120900.0,3188647385.507965
2023-03-28,102.44000244140625,102.44999694824219,99.73999786376953,101.02999877929688,32057900.0,3238809597.8668213
2023-03-29,102.27999877929688,102.48999786376953,100.6500015258789,101.38999938964844,28779600.0,2917963626.434326
2023-03-30,100.91000366210938,101.16000366210938,99.77999877929688,100.88999938964844,33086200.0,3338066697.805786
2023-03-31,101.30000305175781,103.88999938964844,101.04000091552734,103.7300033569336,36863400.0,3823840605.747986
2023-04-03,102.38999938964844,104.52999877929688,101.93000030517578,104.36000061035156,25035400.0,2612694359.2803955
2023-04-04,104.33000183105469,105.58000183105469,104.04000091552734,104.72000122070312,24420100.0,2557272901.8096924
2023-04-05,105.77999877929688,106.0999984741211,103.66000366210938,104.47000122070312,28290500.0,2955508569.5343018
2023-04-06,105.26000213623047,109.16999816894531,104.33000183105469,108.41999816894531,48711500.0,5281300740.80658
2023-04-10,106.9800033569336,107.58999633789062,105.12000274658203,106.44000244140625,27067400.0,2881054122.0825195
2023-04-11,106.55000305175781,106.7300033569336,104.68000030517578,105.3499984741211,26311800.0,2771948089.8513794
2023-04-12,106.58000183105469,106.75,104.33999633789062,104.63999938964844,24370300.0,2550108177.1255493
2023-04-13,105.83999633789062,107.48999786376953,105.83999633789062,107.43000030517578,24843600.0,2668947955.581665
2023-04-14,106.88999938964844,108.94000244140625,106.83999633789062,108.87000274658203,26578000.0,2893546932.998657
2023-04-17,104.66000366210938,106.16000366210938,104.5199966430664,105.97000122070312,37571200.0,3981420109.8632812
2023-04-18,106.48999786376953,106.54000091552734,104.06999969482422,104.5,26596400.0,2779323800.0
2023-04-19,103.58000183105469,104.9800033569336,103.06999969482422,104.18000030517578,20905700.0,2177955832.3799133
2023-04-20,103.91000366210938,106.25,103.87000274658203,105.29000091552734,27820800.0,2929252057.470703
2023-04-21,105.47000122070312,106.0,104.77999877929688,105.41000366210938,25800100.0,2719588635.482788
2023-04-24,105.48999786376953,106.62999725341797,104.69999694824219,105.97000122070312,23542800.0,2494830544.7387695
2023-04-25,105.83000183105469,106.69000244140625,103.83999633789062,103.8499984741211,46664100.0,4846066713.796234
2023-04-26,104.91999816894531,106.3499984741211,102.62999725341797,103.70999908447266,53347600.0,5532679547.158813
2023-04-27,104.44999694824219,108.37000274658203,103.54000091552734,107.58999633789062,50089200.0,5389096844.567871
2023-04-28,107.04000091552734,107.3499984741211,105.08999633789062,107.33999633789062,36139800.0,3879245999.6520996
2023-05-01,106.83999633789062,107.98999786376953,106.81999969482422,107.19999694824219,26681700.0,2860278158.5739136
2023-05-02,107.13999938964844,107.19999694824219,103.70999908447266,105.31999969482422,30997200.0,3264625094.5404053
2023-05-03,105.52999877929688,107.48999786376953,104.95999908447266,105.41000366210938,21795400.0,2297453193.8171387
2023-05-04,105.48999786376953,105.5999984741211,103.97000122070312,104.69000244140625,23419500.0,2451787512.1765137
2023-05-05,104.81999969482422,105.87999725341797,104.11000061035156,105.56999969482422,26639300.0,2812310892.870331
2023-05-08,105.18000030517578,107.95999908447266,105.16000366210938,107.7699966430664,26511400.0,2857133489.0029907
2023-05-09,108.38999938964844,110.1500015258789,107.19000244140625,107.3499984741211,36360100.0,3903256679.5188904
2023-05-10,107.97000122070312,112.94000244140625,107.93000030517578,111.75,63153400.0,7057392450.0
2023-05-11,115.4000015258789,117.91999816894531,114.41000366210938,116.56999969482422,78900000.0,9197372975.92163
2023-05-12,116.68000030517578,118.02999877929688,116.11000061035156,117.51000213623047,41102300.0,4829931360.803986
2023-05-15,116.11000061035156,118.4800033569336,116.01000213623047,116.51000213623047,36266800.0,4225444945.474243
2023-05-16,116.48999786376953,120.75,116.43000030517578,119.51000213623047,45035600.0,5382204652.206421
2023-05-17,119.61000061035156,121.66999816894531,118.88999938964844,120.83999633789062,33323600.0,4026823701.965332
2023-05-18,120.94999694824219,123.30999755859375,120.83000183105469,122.83000183105469,35234200.0,4327816850.515747
2023-05-19,123.55000305175781,125.97000122070312,122.1500015258789,122.76000213623047,41353400.0,5076543472.340393
2023-05-22,122.94000244140625,126.43000030517578,122.73999786376953,125.05000305175781,35253000.0,4408387757.583618
2023-05-23,124.16000366210938,124.62999725341797,122.20999908447266,122.55999755859375,34046300.0,4172714444.8791504
2023-05-24,121.12000274658203,121.91000366210938,119.86000061035156,120.9000015258789,34182600.0,4132676392.1585083
2023-05-25,124.5199966430664,125.31999969482422,121.95999908447266,123.4800033569336,42317000.0,5225303302.055359
2023-05-26,123.16999816894531,125.26000213623047,122.44999694824219,124.61000061035156,35635900.0,4440589520.750427
2023-05-30,125.63999938964844,125.66000366210938,122.0,123.66999816894531,35076700.0,4337935424.772644
2023-05-31,122.75,124.05999755859375,122.5,122.87000274658203,37325800.0,4586221148.518372
2023-06-01,122.81999969482422,124.41999816894531,122.62000274658203,123.72000122070312,30772700.0,3807198481.564331
2023-06-02,123.98999786376953,126.1500015258789,123.76000213623047,124.66999816894531,26980100.0,3363609017.5979614
2023-06-05,124.01000213623047,127.43000030517578,123.83999633789062,126.01000213623047,32305500.0,4070816124.0119934
2023-06-06,126.01000213623047,128.2899932861328,125.36000061035156,127.30999755859375,26638300.0,3391321907.965088
2023-06-07,126.97000122070312,129.0399932861328,122.12000274658203,122.5,52539000.0,6436027500.0
2023-06-08,122.2300033569336,123.2300033569336,121.23999786376953,122.13999938964844,29389200.0,3589596870.062256
2023-06-09,122.25,123.76000213623047,121.91000366210938,122.2300033569336,23778300.0,2906421688.822174
2023-06-12,122.79000091552734,124.05000305175781,121.66000366210938,123.63999938964844,28306400.0,3499803278.7231445
2023-06-13,124.9800033569336,125.16000366210938,123.18000030517578,123.83000183105469,22278300.0,2758721929.7927856
2023-06-14,123.0999984741211,124.05000305175781,121.44999694824219,123.66999816894531,30592300.0,3783349684.9838257
2023-06-15,123.13999938964844,125.45999908447266,122.4000015258789,125.08999633789062,35246300.0,4408959537.924194
2023-06-16,125.93000030517578,126.11000061035156,123.27999877929688,123.52999877929688,45535600.0,5625012612.414551
2023-06-20,122.93000030517578,124.56999969482422,122.13999938964844,123.0999984741211,26097500.0,3212602210.1783752
2023-06-21,122.4000015258789,122.66000366210938,120.0999984741211,120.55000305175781,30306300.0,3653424557.487488
2023-06-22,120.0,123.23999786376953,118.83000183105469,123.1500015258789,26952200.0,3319163471.1257935
2023-06-23,121.37999725341797,122.79000091552734,121.05999755859375,122.33999633789062,34913600.0,4271329696.142578
2023-06-26,120.76000213623047,122.0,118.2699966430664,118.33999633789062,33969900.0,4019997841.5985107
2023-06-27,117.08000183105469,119.08000183105469,116.0999984741211,118.33000183105469,39535900.0,4678283119.392395
2023-06-28,117.08999633789062,120.38999938964844,116.8499984741211,120.18000030517578,27091400.0,3255844460.267639
2023-06-29,119.23999786376953,120.05999755859375,118.30000305175781,119.0999984741211,24090900.0,2869226153.240204
2023-06-30,120.16999816894531,121.08000183105469,119.69000244140625,119.69999694824219,29532200.0,3535004249.874878
2023-07-03,119.23999786376953,120.19000244140625,118.81999969482422,119.9000015258789,14467900.0,1734701232.0762634
2023-07-05,119.23999786376953,122.61000061035156,119.2300033569336,121.75,27584800.0,3358449400.0
2023-07-06,119.80000305175781,120.30000305175781,118.4000015258789,120.11000061035156,24745200.0,2972145987.1032715
2023-07-07,120.0999984741211,121.05000305175781,119.4000015258789,119.4800033569336,21709500.0,2593851132.87735
2023-07-10,118.30000305175781,118.30999755859375,116.13999938964844,116.44999694824219,35315200.0,4112454932.2265625
2023-07-11,116.29000091552734,117.70999908447266,115.3499984741211,117.13999938964844,23078800.0,2703450617.9138184
2023-07-12,118.80000305175781,120.33000183105469,118.41000366210938,118.93000030517578,30404400.0,3615995301.2786865
2023-07-13,120.93000030517578,124.83000183105469,120.44999694824219,124.54000091552734,44297900.0,5516860506.555939
2023-07-14,124.80000305175781,126.77999877929688,123.48999786376953,125.41999816894531,33283100.0,4174366341.0568237
2023-07-17,125.94000244140625,127.0999984741211,124.19999694824219,124.6500015258789,25716200.0,3205524369.239807
2023-07-18,124.5999984741211,124.68000030517578,122.95999908447266,123.76000213623047,26193600.0,3241719991.9555664
2023-07-19,124.5999984741211,125.18000030517578,121.80000305175781,122.02999877929688,37224000.0,4542444674.560547
2023-07-20,121.41999816894531,124.08999633789062,118.22000122070312,119.19999694824219,37906800.0,4518490444.317627
2023-07-21,120.62000274658203,120.98999786376953,118.7300033569336,120.0199966430664,72937900.0,8754006513.152313
2023-07-24,121.66000366210938,123.0,120.9800033569336,121.52999877929688,29686100.0,3607751696.762085
2023-07-25,121.36000061035156,123.1500015258789,121.0199966430664,122.20999908447266,52509600.0,6417198167.926025
2023-07-26,130.07000732421875,130.97999572753906,128.32000732421875,129.27000427246094,61682100.0,7973645330.534363
2023-07-27,131.6699981689453,133.24000549316406,128.7899932861328,129.39999389648438,44952100.0,5816801465.634155
2023-07-28,130.77999877929688,133.74000549316406,130.57000732421875,132.5800018310547,36591200.0,4851261363.000488
2023-07-31,132.72999572753906,133.52999877929688,131.77999877929688,132.72000122070312,28055500.0,3723525994.2474365
2023-08-01,130.77999877929688,132.6300048828125,130.67999267578125,131.5500030517578,23166800.0,3047592610.699463
2023-08-02,129.4499969482422,130.08999633789062,127.55999755859375,128.3800048828125,26273300.0,3372966382.2875977
2023-08-03,127.97000122070312,129.38999938964844,127.41999816894531,128.4499969482422,20089500.0,2580496213.6917114
2023-08-04,129.27999877929688,131.50999450683594,127.91000366210938,128.11000061035156,26147200.0,3349717807.9589844
2023-08-07,129.16000366210938,131.61000061035156,129.02000427246094,131.52999877929688,22746300.0,2991820811.2335205
2023-08-08,130.6199951171875,131.50999450683594,129.5399932861328,131.39999389648438,23535200.0,3092525136.352539
2023-08-09,131.66000366210938,132.0399932861328,129.0,129.66000366210938,24912900.0,3230206705.2337646
2023-08-10,131.32000732421875,132.0500030517578,129.4499969482422,129.69000244140625,20857800.0,2705048132.9223633
2023-08-11,128.66000366210938,129.92999267578125,128.1699981689453,129.55999755859375,19591100.0,2538222868.170166
2023-08-14,129.38999938964844,131.3699951171875,128.9600067138672,131.3300018310547,24695600.0,3243273193.218994
2023-08-15,131.10000610351562,131.4199981689453,129.27999877929688,129.77999877929688,19770700.0,2565841421.8658447
2023-08-16,128.6999969482422,130.27999877929688,127.87000274658203,128.6999969482422,25216100.0,3245311993.04657
2023-08-17,129.8000030517578,131.99000549316406,129.2899932861328,129.9199981689453,33446300.0,4345343234.757996
2023-08-18,128.50999450683594,129.25,126.37999725341797,127.45999908447266,30504800.0,3888141780.0720215
2023-08-21,127.18000030517578,128.72999572753906,126.55999755859375,128.3699951171875,25248700.0,3241175495.715332
2023-08-22,128.50999450683594,130.27999877929688,128.32000732421875,129.0800018310547,22054900.0,2846846532.383728
2023-08-23,130.17999267578125,133.41000366210938,129.8699951171875,132.3699951171875,27819700.0,3682493553.161621
2023-08-24,133.9499969482422,134.25,129.57000732421875,129.77999877929688,28500700.0,3698820811.2091064
2023-08-25,129.5399932861328,130.75999450683594,127.25,129.8800048828125,26762900.0,3475965582.6782227
2023-08-28,131.30999755859375,132.5399932861328,130.13999938964844,131.00999450683594,20543300.0,2691377620.1522827
2023-08-29,132.24000549316406,136.57000732421875,132.24000549316406,134.57000732421875,43075600.0,5796683807.495117
2023-08-30,134.77999877929688,136.27999877929688,134.07000732421875,135.8800048828125,28315800.0,3847551042.260742
2023-08-31,136.00999450683594,138.0,135.7899932861328,136.1699981689453,30053800.0,4092425890.9698486
2023-09-01,137.4600067138672,137.4600067138672,134.85000610351562,135.66000366210938,21543700.0,2922618420.8953857
2023-09-05,135.44000244140625,136.4199981689453,134.5800018310547,135.77000427246094,19403100.0,2634358969.898987
2023-09-06,136.02000427246094,136.52999877929688,133.6699981689453,134.4600067138672,18684500.0,2512317995.4452515
2023-09-07,133.58999633789062,135.5800018310547,132.9499969482422,135.25999450683594,18844300.0,2548879914.4851685
2023-09-08,134.91000366210938,136.66000366210938,134.85000610351562,136.3800048828125,23558300.0,3212881069.0307617
2023-09-11,136.5399932861328,137.47999572753906,135.7899932861328,136.9199981689453,20763400.0,2842924689.981079
2023-09-12,136.25999450683594,136.8699951171875,135.19000244140625,135.33999633789062,18405500.0,2491000302.597046
2023-09-13,135.08999633789062,136.89999389648438,134.14999389648438,136.7100067138672,20749500.0,2836664284.309387
2023-09-14,137.60000610351562,138.6999969482422,136.24000549316406,138.10000610351562,24751000.0,3418113251.068115
2023-09-15,137.97999572753906,138.52000427246094,136.47999572753906,137.39999389648438,38919600.0,5347552802.453613
2023-09-18,136.61000061035156,139.16000366210938,136.61000061035156,138.2100067138672,21861300.0,3021450419.7738647
2023-09-19,137.4199981689453,138.41000366210938,136.6199951171875,138.0399932861328,20353700.0,2809624611.3479614
2023-09-20,138.0800018310547,138.0800018310547,133.6199951171875,133.74000549316406,29927500.0,4002504014.3966675
2023-09-21,131.44000244140625,132.22999572753906,130.07000732421875,130.44000244140625,31503900.0,4109368792.9138184
2023-09-22,130.75999450683594,132.02999877929688,129.60000610351562,130.25,26397300.0,3438248325.0
2023-09-25,129.8300018310547,131.1699981689453,128.9600067138672,131.11000061035156,20094600.0,2634603018.2647705
2023-09-26,129.77000427246094,130.36000061035156,127.22000122070312,128.57000732421875,25718700.0,3306653447.369385
2023-09-27,128.57000732421875,130.89999389648438,128.57000732421875,130.5399932861328,22746500.0,2969327957.28302
2023-09-28,129.83999633789062,133.3000030517578,129.7899932861328,132.30999755859375,22513100.0,2978708206.036377
2023-09-29,133.27999877929688,134.0500030517578,130.36000061035156,130.86000061035156,30859800.0,4038313446.835327
2023-10-02,131.2100067138672,134.4199981689453,131.1699981689453,134.1699981689453,22288000.0,2990380919.189453
2023-10-03,133.94000244140625,134.25999450683594,131.83999633789062,132.42999267578125,22989400.0,3044486073.6206055
2023-10-04,132.7899932861328,135.57000732421875,132.52999877929688,135.24000549316406,26752300.0,3617981198.954773
2023-10-05,135.07000732421875,135.49000549316406,133.4499969482422,135.07000732421875,19832600.0,2678789427.258301
2023-10-06,134.00999450683594,138.16000366210938,134.00999450683594,137.5800018310547,27597600.0,3796877858.532715
2023-10-09,136.94000244140625,138.94000244140625,135.61000061035156,138.4199981689453,19278100.0,2668474566.7007446
2023-10-10,138.5,139.72000122070312,137.3300018310547,138.05999755859375,27786600.0,3836217928.161621
2023-10-11,138.5800018310547,141.11000061035156,138.5800018310547,140.5500030517578,25884300.0,3638038443.9926147
2023-10-12,141.0500030517578,141.22000122070312,138.25999450683594,138.97000122070312,24765500.0,3441661565.2313232
2023-10-13,139.3800048828125,140.0,136.6199951171875,137.36000061035156,23420500.0,3217039894.294739
2023-10-16,138.1699981689453,139.6300048828125,137.99000549316406,139.10000610351562,28501900.0,3964614463.961792
2023-10-17,138.6300048828125,139.89999389648438,137.17999267578125,139.72000122070312,23515800.0,3285627604.7058105
2023-10-18,139.4499969482422,140.72000122070312,137.3800048828125,137.9600067138672,23375000.0,3224815156.9366455
2023-10-19,138.5,139.66000366210938,137.3800048828125,137.75,26066000.0,3590591500.0
2023-10-20,137.3300018310547,137.8699951171875,135.0800018310547,135.60000610351562,26335700.0,3571121080.7403564
2023-10-23,135.0399932861328,137.66000366210938,133.9499969482422,136.5,26317900.0,3592393350.0
2023-10-24,137.8300018310547,139.36000061035156,137.4199981689453,138.80999755859375,44814300.0,6220672873.590088
2023-10-25,128.16000366210938,128.30999755859375,125.06999969482422,125.61000061035156,84366200.0,10597238433.493042
2023-10-26,123.2699966430664,124.33000183105469,121.2699966430664,122.27999877929688,57061100.0,6977431238.345337
2023-10-27,122.87999725341797,123.30999755859375,120.20999908447266,122.16999816894531,44566500.0,5444689223.396301
2023-10-30,123.20999908447266,125.4000015258789,122.75,124.45999908447266,28940100.0,3601884819.504547
2023-10-31,125.05999755859375,125.37000274658203,122.69000244140625,124.08000183105469,26292300.0,3262348632.142639
2023-11-01,124.06999969482422,126.48999786376953,123.72000122070312,126.44999694824219,30082400.0,3803919388.195801
2023-11-02,128.4199981689453,128.97999572753906,126.93000030517578,127.48999786376953,27124600.0,3458115196.055603
2023-11-03,128.02000427246094,129.52999877929688,127.86000061035156,129.10000610351562,26393100.0,3407349371.0906982
2023-11-06,129.0500030517578,130.33999633789062,128.6699981689453,130.25,19052700.0,2481614175.0
2023-11-07,130.7100067138672,131.91000366210938,129.8800048828125,130.97000122070312,29757300.0,3897313617.324829
2023-11-08,130.97000122070312,132.2100067138672,130.77999877929688,131.83999633789062,26425800.0,3483977375.22583
2023-11-09,131.9600067138672,132.5500030517578,130.07000732421875,130.24000549316406,23747800.0,3092913602.4505615
2023-11-10,130.10000610351562,132.8000030517578,129.41000366210938,132.58999633789062,26913300.0,3568434348.4405518
2023-11-13,131.77999877929688,132.58999633789062,131.25,132.08999633789062,18324800.0,2420522764.892578
2023-11-14,134.19000244140625,135.6999969482422,133.32000732421875,133.6199951171875,32395200.0,4328646465.8203125
2023-11-15,134.8699951171875,135.02999877929688,133.57000732421875,134.6199951171875,23861500.0,3212235013.4887695
2023-11-16,135.19000244140625,137.22000122070312,134.32000732421875,136.92999267578125,28013200.0,3835847270.8251953
2023-11-17,136.0,136.05999755859375,133.64999389648438,135.30999755859375,37240600.0,5039025495.080566
2023-11-20,133.69000244140625,136.66000366210938,133.6199951171875,136.25,27815500.0,3789861875.0
2023-11-21,136.2899932861328,137.17999267578125,135.9600067138672,136.97000122070312,22635300.0,3100357068.6309814
2023-11-22,137.47000122070312,139.4199981689453,137.47000122070312,138.49000549316406,17813900.0,2467047108.8546753
2023-11-24,138.02999877929688,138.1300048828125,135.99000549316406,136.69000244140625,12514300.0,1710579697.5524902
2023-11-27,136.02999877929688,138.4199981689453,136.0,136.41000366210938,23436500.0,3196973050.8270264
2023-11-28,136.0800018310547,137.25,135.4199981689453,137.1999969482422,18730000.0,2569755942.840576
2023-11-29,137.57000732421875,138.2899932861328,134.83999633789062,134.99000549316406,23967200.0,3235332459.6557617
2023-11-30,135.0500030517578,135.5500030517578,131.27999877929688,132.52999877929688,38988300.0,5167119351.40686
2023-12-01,131.86000061035156,132.11000061035156,130.6699981689453,131.86000061035156,31442300.0,4145981697.190857
2023-12-04,129.8800048828125,130.02999877929688,127.9000015258789,129.27000427246094,36669900.0,4740318129.670715
2023-12-05,128.9499969482422,132.13999938964844,128.25,130.99000549316406,27384800.0,3587135102.429199
2023-12-06,131.44000244140625,131.83999633789062,129.8800048828125,130.02000427246094,23576200.0,3065377624.7283936
2023-12-07,135.0399932861328,138.55999755859375,134.6999969482422,136.92999267578125,56767100.0,7773118587.225342
2023-12-08,134.1999969482422,136.39999389648438,134.02999877929688,134.99000549316406,32260100.0,4354791076.210022
2023-12-11,132.3800048828125,133.33999633789062,131.36000061035156,133.2899932861328,31138000.0,4150383810.9436035
2023-12-12,131.80999755859375,133.0,131.25999450683594,132.52000427246094,29032800.0,3847426780.041504
2023-12-13,133.3800048828125,133.5,131.57000732421875,132.57000732421875,30104800.0,3990993556.4941406
2023-12-14,133.3800048828125,133.72000122070312,129.69000244140625,131.94000244140625,38722400.0,5109033550.537109
2023-12-15,131.6199951171875,133.50999450683594,131.17999267578125,132.60000610351562,50847100.0,6742325770.346069
2023-12-18,132.6300048828125,137.14999389648438,132.42999267578125,135.8000030517578,32258000.0,4380636498.4436035
2023-12-19,136.83999633789062,137.47000122070312,136.0800018310547,136.64999389648438,25476800.0,3481404564.501953
2023-12-20,138.97000122070312,141.6999969482422,138.07000732421875,138.33999633789062,49107200.0,6793489868.1640625
2023-12-21,139.49000549316406,140.69000244140625,139.17999267578125,140.4199981689453,27488300.0,3859907035.6674194
2023-12-22,140.77000427246094,141.99000549316406,140.7100067138672,141.49000549316406,26532200.0,3754041123.7457275
2023-12-26,141.58999633789062,142.67999267578125,141.19000244140625,141.52000427246094,16780300.0,2374748127.6931763
2023-12-27,141.58999633789062,142.0800018310547,139.88999938964844,140.3699951171875,19628600.0,2755266486.1572266
2023-12-28,140.77999877929688,141.13999938964844,139.75,140.22999572753906,16045700.0,2250088442.4453735
2023-12-29,139.6300048828125,140.36000061035156,138.77999877929688,139.69000244140625,18733000.0,2616812815.7348633
2024-01-02,138.5500030517578,139.4499969482422,136.47999572753906,138.1699981689453,23711200.0,3276176460.583496
2024-01-03,137.25,139.6300048828125,137.0800018310547,138.9199981689453,24212100.0,3363544887.666321
2024-01-04,138.4199981689453,139.16000366210938,136.35000610351562,136.38999938964844,27137700.0,3701310886.4364624
2024-01-05,136.75,137.16000366210938,135.14999389648438,135.72999572753906,22513900.0,3055811550.8102417
2024-01-08,136.2899932861328,139.00999450683594,136.25999450683594,138.83999633789062,21404000.0,2971731281.616211
2024-01-09,138.5,141.49000549316406,138.14999389648438,140.9499969482422,24759600.0,3489865544.4396973
2024-01-10,141.0,143.0,140.91000366210938,142.27999877929688,21320200.0,3033438029.974365
2024-01-11,143.49000549316406,145.22000122070312,140.63999938964844,142.0800018310547,24008700.0,3411156139.9612427
2024-01-12,142.6699981689453,143.1999969482422,141.82000732421875,142.64999389648438,18785500.0,2679751460.342407
2024-01-16,142.0,144.35000610351562,141.4499969482422,142.49000549316406,22670500.0,3230319669.532776
2024-01-17,141.35000610351562,141.83999633789062,138.89999389648438,141.47000122070312,20968600.0,2966427867.5964355
2024-01-18,142.0500030517578,144.2100067138672,141.99000549316406,143.47999572753906,25746400.0,3694093361.9995117
2024-01-19,144.74000549316406,146.4499969482422,144.3800048828125,146.3800048828125,34271900.0,5016720889.343262
2024-01-22,147.10000610351562,148.38999938964844,145.83999633789062,145.99000549316406,32200400.0,4700936572.88208
2024-01-23,145.88999938964844,147.17999267578125,145.5,147.0399932861328,21636100.0,3181371998.738098
2024-01-24,148.5399932861328,149.85000610351562,148.10000610351562,148.6999969482422,25233500.0,3752221372.993469
2024-01-25,150.07000732421875,153.0500030517578,149.5399932861328,151.8699951171875,29149100.0,4426873674.67041
2024-01-26,151.10000610351562,152.5399932861328,151.00999450683594,152.19000244140625,26115500.0,3974518008.758545
2024-01-29,152.05999755859375,153.77999877929688,151.42999267578125,153.50999450683594,27784300.0,4265167740.3762817
2024-01-30,152.8000030517578,153.6199951171875,151.19000244140625,151.4600067138672,36331800.0,5502814671.92688
2024-01-31,143.6199951171875,144.0,139.8699951171875,140.10000610351562,71910000.0,10074591438.903809
2024-02-01,142.1199951171875,143.05999755859375,140.7899932861328,141.16000366210938,40466500.0,5712251288.192749
2024-02-02,139.25999450683594,142.6199951171875,136.5,142.3800048828125,62499600.0,8898693353.173828
2024-02-05,142.82000732421875,145.47000122070312,142.77999877929688,143.67999267578125,38505400.0,5532455589.978027
2024-02-06,144.64999389648438,145.36000061035156,143.19000244140625,144.10000610351562,29128200.0,4197373797.784424
2024-02-07,144.75999450683594,145.6199951171875,143.92999267578125,145.5399932861328,25208900.0,3668903136.7507935
2024-02-08,145.8300018310547,146.3300018310547,145.10000610351562,145.91000366210938,22563800.0,3292284140.6311035
2024-02-09,146.67999267578125,149.44000244140625,146.17999267578125,149.0,26829500.0,3997595500.0
2024-02-12,148.4199981689453,149.33999633789062,147.3699951171875,147.52999877929688,21564100.0,3181351646.6766357
2024-02-13,144.9199981689453,146.6699981689453,143.69000244140625,145.13999938964844,27837700.0,4040363761.0092163
2024-02-14,146.0800018310547,146.52000427246094,144.08999633789062,145.94000244140625,22704200.0,3313451003.430176
2024-02-15,143.13999938964844,143.52000427246094,140.4600067138672,142.77000427246094,37590700.0,5366824399.604797
2024-02-16,142.99000549316406,143.19000244140625,140.13999938964844,140.52000427246094,31468900.0,4422009962.449646
2024-02-20,139.66000366210938,142.0800018310547,139.49000549316406,141.1199951171875,25144700.0,3548419941.2231445
2024-02-21,141.4499969482422,142.69000244140625,140.67999267578125,142.5500030517578,23223300.0,3310481485.871887
2024-02-22,144.92999267578125,145.0,142.8000030517578,144.08999633789062,27191900.0,3918080771.420288
2024-02-23,143.6699981689453,144.67999267578125,143.42999267578125,143.9600067138672,19493800.0,2806327578.878784
2024-02-26,142.13999938964844,142.44000244140625,137.38999938964844,137.57000732421875,53641800.0,7379502818.884277
2024-02-27,138.02000427246094,139.25,137.08999633789062,138.8800048828125,33099200.0,4596817057.6171875
2024-02-28,137.89999389648438,138.00999450683594,135.41000366210938,136.3800048828125,37328600.0,5090874650.268555
2024-02-29,137.27999877929688,138.86000061035156,136.39999389648438,138.4600067138672,42133000.0,5833735462.875366
2024-03-01,138.42999267578125,138.8699951171875,136.9199981689453,137.13999938964844,31151100.0,4272061834.9868774
2024-03-04,135.66000366210938,135.66000366210938,131.91000366210938,133.35000610351562,55999400.0,7467520331.793213
2024-03-05,131.8800048828125,133.24000549316406,130.6699981689453,132.6699981689453,40194800.0,5332644042.401123
2024-03-06,133.1199951171875,133.5800018310547,130.85000610351562,131.39999389648438,35318600.0,4640863824.432373
2024-03-07,132.7899932861328,134.94000244140625,131.61000061035156,134.3800048828125,37738200.0,5071259500.268555
2024-03-08,134.2100067138672,138.08999633789062,134.0,135.41000366210938,39370400.0,5331146008.178711
2024-03-11,136.1300048828125,139.10000610351562,136.1300048828125,137.6699981689453,32437800.0,4465711866.604614
2024-03-12,137.02999877929688,139.3800048828125,137.02999877929688,138.5,27563400.0,3817530900.0
2024-03-13,139.0,141.08999633789062,138.99000549316406,139.7899932861328,23347200.0,3263704931.25
2024-03-14,141.19000244140625,143.58999633789062,140.4600067138672,143.10000610351562,42753400.0,6118011800.946045
2024-03-15,142.5,143.17999267578125,140.02999877929688,141.17999267578125,49475400.0,6984936609.631348
2024-03-18,148.61000061035156,152.14999389648438,147.1699981689453,147.67999267578125,69273700.0,10230339508.624268
2024-03-19,148.16000366210938,148.7899932861328,146.0800018310547,147.02999877929688,24070400.0,3539070882.6171875
2024-03-20,148.0,148.86000061035156,146.74000549316406,148.74000549316406,21311500.0,3169872627.067566
2024-03-21,149.47000122070312,150.3699951171875,146.89999389648438,147.60000610351562,24755600.0,3653926711.0961914
2024-03-22,149.1199951171875,151.5800018310547,148.97999572753906,150.77000427246094,29211800.0,4404263210.806274
2024-03-25,149.94000244140625,150.3800048828125,147.82000732421875,150.07000732421875,19229300.0,2885741191.8395996
2024-03-26,150.22000122070312,152.25999450683594,149.97999572753906,150.6699981689453,22149100.0,3337204856.4437866
2024-03-27,151.17999267578125,151.63999938964844,148.89999389648438,150.8699951171875,22879200.0,3451784792.2851562
2024-03-28,150.85000610351562,151.42999267578125,150.1699981689453,150.92999267578125,24485400.0,3695581242.663574
2024-04-01,150.69000244140625,155.74000549316406,150.61000061035156,155.49000549316406,31730800.0,4933822266.30249
2024-04-02,153.5,154.6999969482422,152.14999389648438,154.55999755859375,24586000.0,3800012099.975586
2024-04-03,153.60000610351562,155.0800018310547,152.72999572753906,154.9199981689453,24705000.0,3827298554.763794
2024-04-04,153.5,154.77000427246094,150.4499969482422,150.52999877929688,34724700.0,5227109048.61145
2024-04-05,150.02999877929688,153.4199981689453,149.60000610351562,152.5,23459200.0,3577528000.0
2024-04-08,152.77999877929688,155.27000427246094,152.61000061035156,154.85000610351562,20702000.0,3205704826.3549805
2024-04-09,156.08999633789062,158.55999755859375,155.19000244140625,156.60000610351562,31079500.0,4867049889.694214
2024-04-10,156.2100067138672,156.61000061035156,154.67999267578125,156.13999938964844,22838600.0,3566018990.060425
2024-04-11,156.91000366210938,159.67999267578125,156.4600067138672,159.41000366210938,27166400.0,4330595923.486328
2024-04-12,157.9600067138672,160.22000122070312,157.13999938964844,157.72999572753906,25353700.0,3999038992.677307
2024-04-15,158.86000061035156,159.24000549316406,154.58999633789062,154.86000061035156,27136500.0,4202358406.562805
2024-04-16,154.19000244140625,155.64999389648438,153.42999267578125,154.39999389648438,20779500.0,3208354673.171997
2024-04-17,155.6199951171875,157.0800018310547,154.5800018310547,155.47000122070312,21763100.0,3383509183.566284
2024-04-18,155.33999633789062,156.94000244140625,154.6199951171875,156.00999450683594,19883000.0,3101946720.779419
2024-04-19,156.1999969482422,156.36000061035156,152.3000030517578,154.08999633789062,32615600.0,5025737684.558105
2024-04-22,154.30999755859375,157.63999938964844,154.05999755859375,156.27999877929688,26446200.0,4133012103.717041
2024-04-23,156.9600067138672,158.97000122070312,156.27999877929688,158.25999450683594,21151600.0,3347452099.810791
2024-04-24,157.49000549316406,159.57000732421875,157.1699981689453,159.1300048828125,22779100.0,3624838294.226074
2024-04-25,151.3300018310547,156.49000549316406,150.8699951171875,156.0,57109700.0,8909113200.0
2024-04-26,174.3699951171875,174.7100067138672,169.64999389648438,171.9499969482422,64665300.0,11119198137.657166
2024-04-29,169.05999755859375,169.5500030517578,165.2100067138672,166.14999389648438,45610000.0,7578101221.618652
2024-04-30,165.61000061035156,168.10000610351562,162.60000610351562,162.77999877929688,33562900.0,5463368821.029663
2024-05-01,164.3000030517578,167.1199951171875,163.08999633789062,163.86000061035156,33493200.0,5488195772.442627
2024-05-02,164.7899932861328,166.72999572753906,163.88999938964844,166.6199951171875,24294500.0,4047949471.3745117
2024-05-03,167.55999755859375,167.9600067138672,163.0500030517578,167.24000549316406,34662400.0,5796939966.40625
2024-05-06,167.4600067138672,168.13999938964844,166.02999877929688,168.10000610351562,21871300.0,3676565663.4918213
2024-05-07,168.5,171.75999450683594,168.38999938964844,171.25,28039700.0,4801798625.0
2024-05-08,169.0,170.14999389648438,168.74000549316406,169.3800048828125,19569100.0,3314614253.552246
2024-05-09,169.38999938964844,170.69000244140625,168.17999267578125,169.9600067138672,15346700.0,2608325235.0357056
2024-05-10,168.02999877929688,169.85000610351562,166.19000244140625,168.64999389648438,29799900.0,5025752953.115845
2024-05-13,164.25999450683594,169.27999877929688,164.0,169.13999938964844,31327600.0,5298750244.87915
2024-05-14,169.77000427246094,171.25,168.8000030517578,170.33999633789062,25127100.0,4280150121.9818115
2024-05-15,170.6300048828125,172.64999389648438,170.50999450683594,172.50999450683594,26948400.0,4648868335.968018
2024-05-16,173.2899932861328,175.1199951171875,172.69000244140625,174.17999267578125,27867900.0,4854030617.889404
2024-05-17,174.17999267578125,176.27000427246094,173.69000244140625,176.05999755859375,24479300.0,4309825498.236084
2024-05-20,176.19000244140625,178.77000427246094,176.0800018310547,176.9199981689453,22554400.0,3990324406.70166
2024-05-21,176.89999389648438,178.14999389648438,175.80999755859375,177.85000610351562,16989400.0,3021564893.6950684
2024-05-22,176.63999938964844,177.14999389648438,175.2100067138672,176.3800048828125,17880000.0,3153674487.3046875
2024-05-23,177.07000732421875,178.25,172.9499969482422,173.5500030517578,21024900.0,3648871459.162903
2024-05-24,174.97999572753906,175.77000427246094,173.64999389648438,174.99000549316406,16579400.0,2901229297.0733643
2024-05-28,174.4499969482422,177.27000427246094,174.3699951171875,176.39999389648438,20572200.0,3628935954.437256
2024-05-29,175.42999267578125,176.83999633789062,174.72000122070312,175.89999389648438,23388700.0,4114072187.246704
2024-05-30,175.1999969482422,175.22000122070312,171.7899932861328,172.11000061035156,22931500.0,3946740478.996277
2024-05-31,171.86000061035156,173.05999755859375,169.44000244140625,172.5,37638900.0,6492710250.0
2024-06-03,172.5399932861328,174.52999877929688,171.16000366210938,173.1699981689453,27459100.0,4755092296.720886
2024-06-04,173.27999877929688,173.85000610351562,171.88999938964844,173.7899932861328,26879600.0,4671405503.533936
2024-06-05,175.1999969482422,176.64999389648438,173.92999267578125,175.41000366210938,22068500.0,3871035665.8172607
2024-06-06,175.89999389648438,177.14999389648438,175.75,176.72999572753906,23251000.0,4109149130.6610107
2024-06-07,177.0500030517578,177.8699951171875,174.3000030517578,174.4600067138672,19661400.0,3430127976.0040283
2024-06-10,174.97000122070312,177.05999755859375,172.75999450683594,175.00999450683594,23726700.0,4152409636.665344
2024-06-11,176.22000122070312,176.83999633789062,173.77000427246094,176.6199951171875,21540600.0,3804500666.821289
2024-06-12,178.25,180.41000366210938,176.11000061035156,177.7899932861328,27864700.0,4954064825.920105
2024-06-13,176.11000061035156,176.74000549316406,174.8800048828125,175.16000366210938,20913300.0,3663173704.586792
2024-06-14,174.22000122070312,177.05999755859375,174.14999389648438,176.7899932861328,18063600.0,3193463722.7233887
2024-06-17,175.4600067138672,178.36000061035156,174.80999755859375,177.24000549316406,19618500.0,3477183047.767639
2024-06-18,177.13999938964844,177.38999938964844,174.10000610351562,175.08999633789062,21869900.0,3829200710.910034
2024-06-20,175.3699951171875,177.2899932861328,174.99000549316406,176.3000030517578,20160100.0,3554225691.5237427
2024-06-21,177.0,180.85000610351562,176.61000061035156,179.6300048828125,57759000.0,10375249452.026367
2024-06-24,180.16000366210938,180.88999938964844,178.6699981689453,179.22000122070312,18298000.0,3279367582.336426
2024-06-25,179.6199951171875,184.2899932861328,179.4199981689453,184.02999877929688,23130200.0,4256650677.7648926
2024-06-26,182.6300048828125,184.50999450683594,182.47999572753906,183.8800048828125,19839000.0,3647995416.870117
2024-06-27,184.17999267578125,186.0500030517578,184.02000427246094,185.41000366210938,18848900.0,3494774618.0267334
2024-06-28,184.32000732421875,185.1300048828125,181.9600067138672,182.14999389648438,29156600.0,5310874512.042236
2024-07-01,183.02999877929688,183.8800048828125,181.3000030517578,182.99000549316406,16006100.0,2928956326.9241333
2024-07-02,182.0500030517578,185.57000732421875,181.55999755859375,185.24000549316406,17372500.0,3218081995.4299927
2024-07-03,184.85000610351562,186.08999633789062,184.0,185.82000732421875,10242100.0,1903187097.0153809
2024-07-05,185.86000061035156,190.86000061035156,185.8000030517578,190.60000610351562,20967500.0,3996405627.975464
2024-07-08,189.89999389648438,190.1699981689453,187.77999877929688,189.02999877929688,21035900.0,3976416151.321411
2024-07-09,190.30999755859375,191.36000061035156,188.72000122070312,188.97999572753906,15121400.0,2857642107.394409
2024-07-10,189.14999389648438,191.75,189.02999877929688,191.17999267578125,15952500.0,3049798833.1604004
2024-07-11,189.85000610351562,190.86000061035156,185.0800018310547,185.57000732421875,25625800.0,4755379893.688965
2024-07-12,185.0800018310547,187.11000061035156,184.49000549316406,185.07000732421875,22898400.0,4237807055.7128906
2024-07-15,184.9199981689453,188.24000549316406,184.9199981689453,186.52999877929688,16474000.0,3072895199.8901367
2024-07-16,187.36000061035156,188.67999267578125,183.3699951171875,183.9199981689453,18290700.0,3364025510.508728
2024-07-17,182.97000122070312,183.5500030517578,179.89999389648438,181.02000427246094,20734100.0,3753286870.5856323
2024-07-18,181.92999267578125,182.5,176.47000122070312,177.69000244140625,25315700.0,4498346794.805908
2024-07-19,178.8800048828125,180.2899932861328,177.1300048828125,177.66000366210938,18881900.0,3354558423.147583
2024-07-22,180.58999633789062,182.6999969482422,180.22999572753906,181.6699981689453,24100300.0,4378301456.871033
2024-07-23,182.0500030517578,183.61000061035156,181.5399932861328,181.7899932861328,36352700.0,6608557088.9328
2024-07-24,173.60000610351562,176.19000244140625,171.82000732421875,172.6300048828125,49585200.0,8559893318.115234
2024-07-25,172.52000427246094,173.4199981689453,167.19000244140625,167.27999877929688,44852000.0,7502842505.249023
2024-07-26,167.14999389648438,168.08999633789062,164.05999755859375,167.0,41336900.0,6903262300.0
2024-07-29,168.8300018310547,170.42999267578125,167.99000549316406,169.52999877929688,20293800.0,3440407889.227295
2024-07-30,170.24000549316406,171.22999572753906,168.44000244140625,170.2899932861328,18959700.0,3228647185.7070923
2024-07-31,173.24000549316406,174.25,170.00999450683594,171.5399932861328,25729100.0,4413569641.25824
2024-08-01,170.25,174.0500030517578,168.8800048828125,170.75999450683594,24531400.0,4188981729.244995
2024-08-02,166.44000244140625,168.50999450683594,164.6699981689453,166.66000366210938,29130100.0,4854822572.677612
2024-08-05,155.5,164.42999267578125,154.92999267578125,159.25,53630700.0,8540688975.0
2024-08-06,159.3300018310547,160.57000732421875,156.41000366210938,158.2899932861328,49004600.0,7756937804.989624
2024-08-07,161.25,162.97999572753906,158.47000122070312,158.94000244140625,25138600.0,3995529145.373535
2024-08-08,160.50999450683594,163.69000244140625,160.2100067138672,162.02999877929688,25578800.0,4144532932.775879
2024-08-09,160.00999450683594,163.7899932861328,159.05999755859375,163.6699981689453,28602300.0,4681338388.6276245
2024-08-12,164.35000610351562,164.89999389648438,161.83999633789062,162.2899932861328,15895300.0,2579648130.281067
2024-08-13,163.41000366210938,164.72999572753906,162.97000122070312,164.16000366210938,18551700.0,3045447139.9383545
2024-08-14,162.39999389648438,163.22000122070312,157.7100067138672,160.3699951171875,40591100.0,6509594508.80127
2024-08-15,160.5,161.63999938964844,159.61000061035156,161.3000030517578,31524300.0,5084869686.204529
2024-08-16,161.47000122070312,165.05999755859375,161.1300048828125,162.9600067138672,24208600.0,3945033618.533325
2024-08-19,165.27999877929688,166.69000244140625,164.25999450683594,166.6699981689453,22416200.0,3736108012.954712
2024-08-20,166.89999389648438,168.63999938964844,166.82000732421875,167.17999267578125,18341500.0,3066331835.662842
2024-08-21,165.14999389648438,166.85000610351562,164.6699981689453,165.85000610351562,22902000.0,3798296839.782715
2024-08-22,167.25999450683594,167.58999633789062,163.30999755859375,163.8000030517578,22493300.0,3684402608.644104
2024-08-23,164.72000122070312,166.17999267578125,163.8300018310547,165.6199951171875,13955700.0,2311342965.8569336
2024-08-26,166.3800048828125,167.5500030517578,164.4600067138672,166.16000366210938,14190400.0,2357876915.966797
2024-08-27,165.83999633789062,166.44000244140625,164.4600067138672,164.67999267578125,11821900.0,1946830405.4138184
2024-08-28,165.0399932861328,165.60000610351562,161.52999877929688,162.85000610351562,16407400.0,2671945190.1428223
2024-08-29,164.30999755859375,165.97000122070312,160.25,161.77999877929688,19699800.0,3187033619.9523926
2024-08-30,162.6199951171875,163.66000366210938,161.69000244140625,163.3800048828125,22123800.0,3614586552.026367
2024-09-03,161.72000122070312,161.85000610351562,156.47999572753906,157.36000061035156,38945300.0,6128432431.770325
2024-09-04,156.66000366210938,159.0,155.9600067138672,156.4499969482422,19353800.0,3027901950.9368896
2024-09-05,156.3000030517578,159.4499969482422,155.97999572753906,157.24000549316406,18688700.0,2938611290.660095
2024-09-06,157.3000030517578,157.8300018310547,150.5500030517578,150.9199981689453,37912100.0,5721694062.580872
2024-09-09,152.50999450683594,153.39999389648438,147.22000122070312,148.7100067138672,39260500.0,5838429218.589783
2024-09-10,150.4499969482422,151.27000427246094,148.33999633789062,148.66000366210938,31118800.0,4626120921.960449
2024-09-11,149.9199981689453,151.5,147.52000427246094,151.16000366210938,29607700.0,4475500040.426636
2024-09-12,153.8000030517578,154.82000732421875,152.64999389648438,154.69000244140625,29621500.0,4582149907.318115
2024-09-13,155.42999267578125,158.3800048828125,155.2100067138672,157.4600067138672,29591200.0,4659430550.671387
2024-09-16,157.30999755859375,158.25,156.60000610351562,158.05999755859375,18379800.0,2905111143.1274414
2024-09-17,159.02000427246094,160.5500030517578,158.3800048828125,159.32000732421875,20715600.0,3300409543.725586
2024-09-18,159.86000061035156,160.5,158.60000610351562,159.80999755859375,23677300.0,3783869255.194092
2024-09-19,163.7100067138672,163.7899932861328,161.33999633789062,162.13999938964844,26587700.0,4310929661.772156
2024-09-20,163.5,163.72999572753906,162.05999755859375,163.58999633789062,40896400.0,6690241926.23291
2024-09-23,164.35000610351562,165.49000549316406,161.6699981689453,161.85000610351562,24150900.0,3908823312.4053955
2024-09-24,163.02999877929688,163.22000122070312,160.69000244140625,162.2899932861328,23332100.0,3786566352.3513794
2024-09-25,161.47000122070312,162.80999755859375,161.3000030517578,161.49000549316406,18869200.0,3047187211.6516113
2024-09-26,163.63999938964844,164.0800018310547,162.27999877929688,162.72999572753906,20319300.0,3306559602.1865845
2024-09-27,162.80999755859375,165.6999969482422,162.6300048828125,163.9499969482422,21101300.0,3459558070.603943
2024-09-30,163.32000732421875,166.14999389648438,163.25999450683594,165.85000610351562,20413900.0,3385645439.5965576
2024-10-01,167.69000244140625,169.16000366210938,164.5800018310547,166.99000549316406,28338100.0,4732179474.6658325
2024-10-02,166.4199981689453,167.52000427246094,164.72999572753906,165.86000061035156,17760200.0,2945706782.839966
2024-10-03,164.41000366210938,166.63999938964844,163.9199981689453,165.86000061035156,15073100.0,2500024375.19989
2024-10-04,168.05999755859375,168.22999572753906,165.47999572753906,167.05999755859375,19047400.0,3182058597.4975586
2024-10-07,167.72000122070312,168.47999572753906,162.75,162.97999572753906,22463100.0,3661035942.0272827
2024-10-08,163.94000244140625,164.72999572753906,162.8699951171875,164.3800048828125,23072700.0,3792690538.659668
2024-10-09,163.4499969482422,164.83999633789062,159.74000549316406,161.86000061035156,31181800.0,5047086167.03186
2024-10-10,160.8699951171875,163.07000732421875,160.39999389648438,162.0800018310547,14144100.0,2292475753.8986206
2024-10-11,162.1300048828125,163.89999389648438,161.24000549316406,163.24000549316406,15344300.0,2504803616.2887573
2024-10-14,163.63999938964844,166.22999572753906,163.39999389648438,164.9600067138672,19016100.0,3136895983.67157
2024-10-15,165.7899932861328,167.67999267578125,164.6300048828125,165.4600067138672,20247200.0,3350101847.9370117
2024-10-16,164.52999877929688,165.8000030517578,163.74000549316406,165.16000366210938,16406000.0,2709615020.0805664
2024-10-17,165.72999572753906,166.3699951171875,162.75999450683594,162.92999267578125,21453400.0,3495402304.8706055
2024-10-18,163.19000244140625,164.7100067138672,163.0800018310547,163.4199981689453,19757700.0,3228803297.822571
2024-10-21,162.9499969482422,164.5,162.6199951171875,164.07000732421875,20946500.0,3436692408.416748
2024-10-22,162.97999572753906,165.77000427246094,162.97999572753906,165.13999938964844,16568100.0,2736056023.8876343
2024-10-23,164.75999450683594,165.82000732421875,161.92999267578125,162.77999877929688,18280500.0,2975699767.6849365
2024-10-24,162.8300018310547,163.3300018310547,161.00999450683594,162.72000122070312,22412500.0,3646962027.359009
2024-10-25,163.6699981689453,165.58999633789062,163.4199981689453,165.27000427246094,19828900.0,3277122387.7182007
2024-10-28,168.75,168.75,163.9499969482422,166.72000122070312,32138600.0,5358147431.231689
2024-10-29,167.72999572753906,170.3800048828125,167.08999633789062,169.67999267578125,42169000.0,7155235611.14502
2024-10-30,180.67999267578125,182.02000427246094,174.05999755859375,174.4600067138672,68890800.0,12018689430.523682
2024-10-31,173.1300048828125,176.82000732421875,171.0,171.11000061035156,44769000.0,7660423617.324829
2024-11-01,170.07000732421875,172.32000732421875,168.8800048828125,171.2899932861328,31796500.0,5446422271.522522
2024-11-04,169.92999267578125,170.72999572753906,168.00999450683594,169.24000549316406,21492700.0,3637424666.0629272
2024-11-05,169.42999267578125,170.52999877929688,168.83999633789062,169.74000549316406,18242100.0,3096414154.206848
2024-11-06,173.8000030517578,176.94000244140625,173.5,176.50999450683594,33695500.0,5947592519.90509
2024-11-07,177.41000366210938,181.0800018310547,177.19000244140625,180.75,25352900.0,4582536675.0
2024-11-08,180.64999389648438,180.89999389648438,178.0800018310547,178.35000610351562,22006200.0,3924805904.3151855
2024-11-11,178.5800018310547,180.5500030517578,178.47000122070312,180.35000610351562,17450400.0,3147179746.508789
2024-11-12,179.82000732421875,182.49000549316406,179.38999938964844,181.6199951171875,25134900.0,4565000415.270996
2024-11-13,180.4600067138672,180.9600067138672,178.5399932861328,178.8800048828125,23184000.0,4147154033.203125
2024-11-14,178.27999877929688,178.82000732421875,174.32000732421875,175.5800018310547,31007500.0,5444296906.776428
2024-11-15,173.72999572753906,174.13999938964844,171.22000122070312,172.49000549316406,32504600.0,5606718632.553101
2024-11-18,173.4199981689453,175.44000244140625,172.89999389648438,175.3000030517578,20135300.0,3529718151.448059
2024-11-19,173.72000122070312,178.8699951171875,173.55999755859375,178.1199951171875,23434900.0,4174224273.5717773
2024-11-20,177.33999633789062,177.67999267578125,173.77999877929688,175.97999572753906,18997100.0,3343109576.8356323
2024-11-21,173.89999389648438,174.1300048828125,163.6999969482422,167.6300048828125,59734400.0,10013277763.671875
2024-11-22,165.85000610351562,166.4600067138672,163.89999389648438,164.75999450683594,38604600.0,6360493683.938599
2024-11-25,166.08999633789062,168.6300048828125,165.61000061035156,167.64999389648438,33135300.0,5555132842.758179
2024-11-26,167.6300048828125,169.82000732421875,167.5800018310547,169.1199951171875,20486700.0,3464710603.967285
2024-11-27,169.0,169.47999572753906,168.02000427246094,169.22999572753906,19266500.0,3260469712.6846313
2024-11-29,168.5,169.42999267578125,167.16000366210938,168.9499969482422,14257200.0,2408753896.4904785
2024-12-02,168.77000427246094,172.0800018310547,168.57000732421875,171.49000549316406,23789100.0,4079592889.677429
2024-12-03,171.49000549316406,172.67999267578125,170.85000610351562,171.33999633789062,22248700.0,3812092176.522827
2024-12-04,171.14999389648438,174.91000366210938,171.05999755859375,174.3699951171875,31615100.0,5512724832.629395
2024-12-05,175.36000061035156,176.05999755859375,172.3300018310547,172.63999938964844,21356200.0,3686934354.96521
2024-12-06,172.02999877929688,175.0800018310547,171.86000061035156,174.7100067138672,21462400.0,3749696048.095703
2024-12-09,173.9600067138672,176.25999450683594,173.64999389648438,175.3699951171875,25389600.0,4452574028.027344
2024-12-10,182.85000610351562,186.36000061035156,181.0500030517578,185.1699981689453,54813000.0,10149723109.6344
2024-12-11,185.30999755859375,195.61000061035156,184.85000610351562,195.39999389648438,67894100.0,13266506725.6073
2024-12-12,195.0,195.17999267578125,191.7100067138672,191.9600067138672,34817500.0,6683567533.760071
2024-12-13,191.00999450683594,192.72999572753906,189.63999938964844,189.82000732421875,25143500.0,4772739354.156494
2024-12-16,192.8699951171875,199.0,192.6199951171875,196.66000366210938,44934900.0,8836897598.556519
2024-12-17,197.25,201.4199981689453,194.97999572753906,195.4199981689453,43504000.0,8501551600.341797
2024-12-18,195.22000122070312,197.0,187.74000549316406,188.39999389648438,34166100.0,6436893031.466675
2024-12-19,191.6300048828125,193.02999877929688,188.3800048828125,188.50999450683594,32265200.0,6082312674.761963
2024-12-20,185.77999877929688,192.88999938964844,185.22000122070312,191.41000366210938,63462900.0,12147433921.408081
2024-12-23,192.6199951171875,195.10000610351562,190.14999389648438,194.6300048828125,25675000.0,4997125375.366211
2024-12-24,194.83999633789062,196.11000061035156,193.77999877929688,196.11000061035156,10403300.0,2040191169.3496704
2024-12-26,195.14999389648438,196.75,194.3800048828125,195.60000610351562,12046600.0,2356315033.5266113
2024-12-27,194.9499969482422,195.32000732421875,190.64999389648438,192.75999450683594,18891400.0,3641506160.2264404
2024-12-30,189.8000030517578,192.5500030517578,189.1199951171875,191.24000549316406,14264700.0,2727981306.3583374
2024-12-31,191.0800018310547,191.9600067138672,188.50999450683594,189.3000030517578,17466900.0,3306484223.3047485
2025-01-02,190.64999389648438,192.0,187.5,189.42999267578125,20370800.0,3858840494.7998047
2025-01-03,191.3699951171875,193.2100067138672,189.97999572753906,191.7899932861328,18596200.0,3566565073.147583
2025-01-06,193.97999572753906,198.22000122070312,193.85000610351562,196.8699951171875,29563600.0,5820185787.646484
2025-01-07,197.11000061035156,201.0,194.60000610351562,195.49000549316406,26487200.0,5177982873.498535
2025-01-08,192.57000732421875,196.2899932861328,192.3800048828125,193.9499969482422,24864800.0,4822527884.118652
2025-01-10,194.3000030517578,196.52000427246094,190.30999755859375,192.0399932861328,26665200.0,5120784828.973389
2025-01-13,190.07000732421875,191.17999267578125,187.36000061035156,191.00999450683594,21823700.0,4168544817.1188354
2025-01-14,191.24000549316406,191.97999572753906,188.30999755859375,189.66000366210938,17174900.0,3257391596.8963623
2025-01-15,193.08999633789062,196.36000061035156,191.86000061035156,195.5500030517578,21776000.0,4258296866.455078
2025-01-16,194.13999938964844,195.47999572753906,192.80999755859375,192.91000366210938,17815400.0,3436768879.2419434
2025-01-17,196.52999877929688,197.22999572753906,193.75,196.0,27735100.0,5436079600.0
2025-01-21,199.07000732421875,202.2899932861328,197.8699951171875,198.0500030517578,29971300.0,5935816056.465149
2025-01-22,199.05999755859375,200.47999572753906,197.52999877929688,198.3699951171875,26200600.0,5197412894.067383
2025-01-23,198.13999938964844,200.3000030517578,195.1999969482422,197.97999572753906,26951400.0,5335838056.851196
2025-01-24,198.10000610351562,200.89999389648438,198.0,200.2100067138672,23877500.0,4780514435.310364
2025-01-27,192.41000366210938,196.8800048828125,190.72999572753906,191.80999755859375,41728900.0,8004020207.122803
2025-01-28,192.75,195.47999572753906,190.67999267578125,195.3000030517578,24157900.0,4718037943.72406
2025-01-29,195.55999755859375,196.7899932861328,193.42999267578125,195.41000366210938,18218300.0,3560038069.717407
2025-01-30,198.0,201.39999389648438,197.6699981689453,200.8699951171875,24354700.0,4892128470.080566
2025-01-31,202.0,205.47999572753906,201.8000030517578,204.02000427246094,32001100.0,6528864558.72345
2025-02-03,200.69000244140625,203.75,200.10000610351562,201.22999572753906,27838300.0,5601900990.061951
2025-02-04,203.38999938964844,207.0500030517578,202.80999755859375,206.3800048828125,43856400.0,9051084046.142578
2025-02-05,191.07000732421875,192.75,188.02999877929688,191.3300018310547,70373900.0,13464638415.85846
2025-02-06,189.5,192.10000610351562,188.72000122070312,191.60000610351562,29297400.0,5613382018.817139
2025-02-07,191.0500030517578,191.17999267578125,183.24000549316406,185.33999633789062,49315000.0,9140041919.403076
2025-02-10,187.35000610351562,188.1999969482422,185.86000061035156,186.47000122070312,23105600.0,4308501260.205078
2025-02-11,185.02999877929688,186.94000244140625,184.27999877929688,185.32000732421875,21239500.0,3936104295.562744
2025-02-12,183.22000122070312,185.11000061035156,181.8300018310547,183.61000061035156,22072600.0,4052750099.472046
2025-02-13,184.32000732421875,186.27999877929688,183.13999938964844,186.13999938964844,21402500.0,3983861336.9369507
2025-02-14,185.05999755859375,186.39999389648438,184.32000732421875,185.22999572753906,20448400.0,3787657044.63501
2025-02-18,185.60000610351562,185.9600067138672,181.74000549316406,183.77000427246094,29916700.0,5497792086.817932
2025-02-19,184.07000732421875,185.4600067138672,183.58999633789062,185.27000427246094,19549400.0,3621917421.524048
2025-02-20,184.8000030517578,185.30999755859375,182.72000122070312,184.55999755859375,20441500.0,3772683190.093994
2025-02-21,185.14999389648438,185.33999633789062,179.0800018310547,179.66000366210938,35199200.0,6323888400.90332
2025-02-24,181.99000549316406,183.1199951171875,178.88999938964844,179.25,29854200.0,5351365350.0
2025-02-25,178.0399932861328,178.74000549316406,174.69000244140625,175.4199981689453,41913400.0,7352448551.254272
2025-02-26,175.07000732421875,176.0800018310547,171.5800018310547,172.72999572753906,35431300.0,6120048297.621155
2025-02-27,173.99000549316406,174.55999755859375,167.94000244140625,168.5,39991000.0,6738483500.0
2025-02-28,168.67999267578125,170.61000061035156,166.77000427246094,170.27999877929688,48130600.0,8195678509.246826
2025-03-03,171.92999267578125,173.3699951171875,165.92999267578125,167.00999450683594,40770500.0,6809080981.040955
2025-03-04,166.24000549316406,173.2899932861328,165.8000030517578,170.9199981689453,45388000.0,7757716876.89209
2025-03-05,170.52000427246094,173.77999877929688,169.05999755859375,173.02000427246094,30954900.0,5355816930.253601
2025-03-06,170.52999877929688,174.80999755859375,170.5,172.35000610351562,28302000.0,4877849872.741699
2025-03-07,171.25999450683594,174.97000122070312,170.27000427246094,173.86000061035156,27385800.0,4761295204.714966
2025-03-10,168.25999450683594,168.4600067138672,163.69000244140625,165.8699951171875,43604000.0,7232595267.089844
2025-03-11,164.91000366210938,166.75,161.3699951171875,164.0399932861328,39587400.0,6493916830.215454
2025-03-12,166.5800018310547,167.63999938964844,163.52999877929688,167.11000061035156,28372400.0,4741311781.317139
2025-03-13,166.0399932861328,166.1300048828125,162.11000061035156,162.75999450683594,31756200.0,5168638937.557983
2025-03-14,163.27000427246094,166.49000549316406,162.4499969482422,165.49000549316406,31995900.0,5295001666.758728
2025-03-17,165.02999877929688,166.3000030517578,163.6699981689453,164.2899932861328,31184300.0,5123268437.632751
2025-03-18,163.67999267578125,164.25,156.72000122070312,160.6699981689453,42074800.0,6760158038.95874
2025-03-19,161.75999450683594,165.8699951171875,161.0,163.88999938964844,34275600.0,5617428063.079834
2025-03-20,161.57000732421875,164.88999938964844,160.9600067138672,162.8000030517578,28138500.0,4580947885.871887
2025-03-21,161.2100067138672,164.24000549316406,160.88999938964844,163.99000549316406,36625800.0,6006265143.191528
2025-03-24,167.07000732421875,168.32000732421875,165.13999938964844,167.67999267578125,30879100.0,5177807261.834717
2025-03-25,168.97999572753906,170.6300048828125,168.32000732421875,170.55999755859375,24174400.0,4123185604.9804688
2025-03-26,169.0,169.61000061035156,164.83999633789062,165.05999755859375,28901600.0,4770498025.439453
2025-03-27,164.6300048828125,165.4199981689453,162.0,162.24000549316406,24508300.0,3976226726.628113
2025-03-28,160.49000549316406,161.82000732421875,153.6300048828125,154.3300018310547,48669300.0,7511133158.11615
2025-03-31,153.11000061035156,155.5399932861328,150.66000366210938,154.63999938964844,54603500.0,8443885206.672668
2025-04-01,153.6199951171875,158.10000610351562,153.6199951171875,157.07000732421875,30672900.0,4817792627.655029
2025-04-02,155.14999389648438,158.41000366210938,154.6999969482422,157.0399932861328,25041700.0,3932548399.873352
2025-04-03,151.11000061035156,152.77999877929688,150.38999938964844,150.72000122070312,46883400.0,7066266105.230713
2025-04-04,148.00999450683594,151.07000732421875,145.3800048828125,145.60000610351562,62259500.0,9064983580.001831
2025-04-07,141.5500030517578,152.85000610351562,140.52999877929688,146.75,76794100.0,11269534175.0
2025-04-08,151.22000122070312,152.24000549316406,143.02999877929688,144.6999969482422,52200200.0,7553368780.697632
2025-04-09,144.4199981689453,159.5500030517578,143.91000366210938,158.7100067138672,70406200.0,11174168474.697876
2025-04-10,156.5399932861328,157.72000122070312,149.92999267578125,152.82000732421875,48022000.0,7338722391.723633
2025-04-11,152.89999389648438,157.6699981689453,152.82000732421875,157.13999938964844,33636200.0,5285592447.470093
2025-04-14,160.0,161.72000122070312,157.55999755859375,159.07000732421875,30333000.0,4825070532.165527
2025-04-15,159.1300048828125,159.64999389648438,155.2100067138672,156.30999755859375,27551500.0,4306574897.735596
2025-04-16,153.10000610351562,155.88999938964844,151.50999450683594,153.3300018310547,28187400.0,4321974093.612671
2025-04-17,154.2899932861328,154.67999267578125,148.5,151.16000366210938,33046600.0,4995324177.020264
2025-04-21,148.8800048828125,148.9499969482422,146.10000610351562,147.6699981689453,26049100.0,3846670549.3026733
2025-04-22,148.88999938964844,152.19000244140625,148.5399932861328,151.47000122070312,26971800.0,4085418578.9245605
2025-04-23,155.61000061035156,157.52999877929688,153.80999755859375,155.35000610351562,31128800.0,4835859269.995117
2025-04-24,156.14999389648438,159.58999633789062,155.7899932861328,159.27999877929688,45894000.0,7309996263.977051
2025-04-25,165.07000732421875,166.10000610351562,161.0399932861328,161.9600067138672,56034000.0,9075267016.204834
2025-04-28,162.42999267578125,163.14999389648438,158.60000610351562,160.61000061035156,29745800.0,4777472956.1553955
2025-04-29,160.32000732421875,160.74000549316406,157.52000427246094,160.16000366210938,26809000.0,4293729538.17749
2025-04-30,157.97999572753906,159.27000427246094,155.39999389648438,158.8000030517578,34981100.0,5554998786.753845
2025-05-01,160.4499969482422,161.9499969482422,158.91000366210938,161.3000030517578,30203200.0,4871776252.172852
2025-05-02,163.41000366210938,164.97000122070312,161.8699951171875,164.02999877929688,25715000.0,4218031418.609619
2025-05-05,163.0,165.38999938964844,162.72000122070312,164.2100067138672,21341800.0,3504537121.2860107
2025-05-06,162.1699981689453,164.8000030517578,161.19000244140625,163.22999572753906,21277200.0,3473077265.093994
2025-05-07,164.0800018310547,165.0,147.83999633789062,151.3800048828125,127490100.0,19299451960.510254
2025-05-08,155.0,155.92999267578125,152.89999389648438,154.27999877929688,57498700.0,8870899365.811157
2025-05-09,154.1699981689453,155.0500030517578,152.1999969482422,152.75,32435300.0,4954492075.0
2025-05-12,157.49000549316406,159.10000610351562,156.25,158.4600067138672,44138800.0,6994234544.342041
2025-05-13,158.7899932861328,160.57000732421875,156.16000366210938,159.52999877929688,42382100.0,6761216361.264038
2025-05-14,159.9600067138672,167.0,159.61000061035156,165.3699951171875,48755900.0,8062762944.934082
2025-05-15,165.83999633789062,166.2100067138672,162.3699951171875,163.9600067138672,33146700.0,5434733154.5425415
2025-05-16,167.72999572753906,169.35000610351562,165.6199951171875,166.19000244140625,42846900.0,7120726415.606689
2025-05-19,164.50999450683594,166.63999938964844,164.22000122070312,166.5399932861328,30426100.0,5067162489.723206
2025-05-20,166.42999267578125,168.5,162.89999389648438,163.97999572753906,46607700.0,7642730446.870422
2025-05-21,163.69000244140625,173.13999938964844,163.55999755859375,168.55999755859375,73416000.0,12375000780.761719
2025-05-22,171.85000610351562,176.77000427246094,170.7100067138672,170.8699951171875,74864400.0,12792079662.451172
2025-05-23,169.05999755859375,169.9600067138672,167.88999938964844,168.47000122070312,35211400.0,5932064600.982666
2025-05-27,170.16000366210938,173.1699981689453,170.0,172.89999389648438,37995700.0,6569456298.092651
2025-05-28,173.16000366210938,175.27000427246094,171.91000366210938,172.36000061035156,34784000.0,5995370261.230469
2025-05-29,174.0,174.4199981689453,170.6300048828125,171.86000061035156,29317300.0,5038471195.89386
2025-05-30,171.35000610351562,172.2100067138672,167.44000244140625,171.74000549316406,52639900.0,9040376715.159607
2025-06-02,167.83999633789062,169.8699951171875,167.38999938964844,169.02999877929688,38612300.0,6526637021.865845
2025-06-03,167.49000549316406,168.47999572753906,165.27999877929688,166.17999267578125,45084900.0,7492208351.78833
2025-06-04,166.74000549316406,168.22000122070312,166.36000061035156,168.0500030517578,26900800.0,4520679522.094727
2025-06-05,170.33999633789062,170.92999267578125,167.58999633789062,168.2100067138672,36379100.0,6119328655.244446
2025-06-06,170.8300018310547,174.5,170.8300018310547,173.67999267578125,35731800.0,6205898762.29248
2025-06-09,174.5399932861328,176.47000122070312,174.3699951171875,176.08999633789062,28935900.0,5095322525.033569
2025-06-10,176.1999969482422,181.11000061035156,174.91000366210938,178.60000610351562,61766100.0,11031425836.990356
2025-06-11,179.77000427246094,180.3699951171875,176.75,177.35000610351562,31646800.0,5612560173.156738
2025-06-12,176.17999267578125,176.72000122070312,174.75,175.6999969482422,20941900.0,3679491766.090393
2025-06-13,172.44000244140625,177.1300048828125,172.38999938964844,174.6699981689453,27663100.0,4831913626.347351
2025-06-16,174.72999572753906,176.94000244140625,174.64999389648438,176.77000427246094,27389200.0,4841589001.019287
2025-06-17,175.6999969482422,177.36000061035156,174.5800018310547,175.9499969482422,24973000.0,4393999273.788452
2025-06-18,176.00999450683594,176.55999755859375,173.1999969482422,173.32000732421875,28707500.0,4975584110.26001
2025-06-20,173.9499969482422,174.33999633789062,165.4600067138672,166.63999938964844,75659900.0,12607965689.820862
2025-06-23,166.27000427246094,167.33999633789062,162.0,165.19000244140625,57671000.0,9526672630.79834
2025-06-24,166.9199981689453,168.22000122070312,166.1300048828125,166.77000427246094,40524300.0,6758237684.138489
2025-06-25,167.6300048828125,172.36000061035156,167.5500030517578,170.67999267578125,35479000.0,6055555460.144043
2025-06-26,172.42999267578125,173.69000244140625,169.94000244140625,173.5399932861328,31796700.0,5517999104.521179
2025-06-27,173.5399932861328,178.67999267578125,171.72999572753906,178.52999877929688,108140200.0,19306269773.99292
2025-06-30,180.77999877929688,181.22999572753906,174.5800018310547,176.22999572753906,63378900.0,11169263276.216125
2025-07-01,175.74000549316406,176.08999633789062,173.52999877929688,175.83999633789062,35904500.0,6313447148.513794
2025-07-02,175.5399932861328,178.86000061035156,175.07000732421875,178.63999938964844,29128900.0,5203586678.22113
2025-07-03,178.5,179.6699981689453,177.0500030517578,179.52999877929688,21689700.0,3893951814.5233154
2025-07-07,179.05999755859375,179.3000030517578,175.67999267578125,176.7899932861328,34175600.0,6041904094.549561
2025-07-08,177.85000610351562,177.9499969482422,172.80999755859375,174.36000061035156,40442500.0,7051554324.684143
2025-07-09,175.25,179.44000244140625,172.77000427246094,176.6199951171875,43025600.0,7599181261.9140625
2025-07-10,175.6300048828125,178.42999267578125,174.3800048828125,177.6199951171875,29252400.0,5195811145.166016
2025-07-11,176.7899932861328,181.42999267578125,176.47999572753906,180.19000244140625,34282900.0,6177435834.698486
2025-07-14,181.00999450683594,183.6699981689453,179.67999267578125,181.55999755859375,32536600.0,5907345016.564941
2025-07-15,182.80999755859375,184.22000122070312,181.60000610351562,182.0,33448300.0,6087590600.0
2025-07-16,183.24000549316406,184.3300018310547,182.02999877929688,182.97000122070312,33104200.0,6057075514.4104
2025-07-17,182.13999938964844,184.05999755859375,180.47999572753906,183.5800018310547,31992600.0,5873201566.5802
2025-07-18,185.39999389648438,186.4199981689453,183.7100067138672,185.05999755859375,34014500.0,6294723286.956787
2025-07-21,186.25,190.2899932861328,186.14999389648438,190.10000610351562,45803100.0,8707169589.559937
2025-07-22,191.5,191.64999389648438,187.4600067138672,191.33999633789062,44660200.0,8545282504.449463
2025-07-23,191.5,192.52999877929688,189.17999267578125,190.22999572753906,58681900.0,11163057586.283875
2025-07-24,197.02999877929688,197.9499969482422,191.0,192.1699981689453,74881700.0,14390016151.887512
2025-07-25,191.97999572753906,194.3300018310547,191.25999450683594,193.17999267578125,39785900.0,7685839870.599365
2025-07-28,193.64999389648438,194.0500030517578,190.83999633789062,192.5800018310547,38139500.0,7344904979.83551
2025-07-29,192.42999267578125,195.9199981689453,192.0800018310547,195.75,41389200.0,8101935900.0
2025-07-30,195.60000610351562,197.60000610351562,194.69000244140625,196.52999877929688,32445400.0,6376494422.393799
2025-07-31,195.7100067138672,195.99000549316406,191.08999633789062,191.89999389648438,51329200.0,9850073166.711426
2025-08-01,189.02999877929688,190.8300018310547,187.82000732421875,189.1300048828125,34832200.0,6587814156.079102
2025-08-04,190.2899932861328,195.27000427246094,190.1199951171875,195.0399932861328,31547400.0,6153004684.194946
2025-08-05,194.7100067138672,197.86000061035156,193.88999938964844,194.6699981689453,31602300.0,6152019683.13446
2025-08-06,194.5,196.6300048828125,193.6699981689453,196.08999633789062,21562900.0,4228268982.0343018
2025-08-07,197.05999755859375,197.5399932861328,194.3300018310547,196.52000427246094,26321800.0,5172760248.458862
2025-08-08,197.22000122070312,202.61000061035156,197.1699981689453,201.4199981689453,39161800.0,7887969684.292603
2025-08-11,200.94000244140625,201.47999572753906,199.07000732421875,201.0,25832400.0,5192312400.0
2025-08-12,201.3699951171875,204.5,200.58999633789062,203.33999633789062,30397900.0,6181108874.679565
2025-08-13,204.1300048828125,204.52999877929688,197.50999450683594,201.9600067138672,28342900.0,5724132274.290466
2025-08-14,201.5,204.44000244140625,201.22999572753906,202.94000244140625,25230400.0,5120257437.597656
2025-08-15,203.85000610351562,206.44000244140625,201.27999877929688,203.89999389648438,34931400.0,7122512246.795654
2025-08-18,204.1999969482422,205.27000427246094,202.49000549316406,203.5,18526600.0,3770163100.0
2025-08-19,203.02999877929688,203.44000244140625,199.9600067138672,201.57000732421875,24240200.0,4886097291.540527
2025-08-20,200.72999572753906,201.27999877929688,196.60000610351562,199.32000732421875,28955500.0,5771410472.076416
2025-08-21,199.75,202.47999572753906,199.42999267578125,199.75,19774600.0,3949976350.0
2025-08-22,202.72999572753906,208.5399932861328,201.3000030517578,206.08999633789062,42827000.0,8826216273.162842
2025-08-25,206.42999267578125,210.52000427246094,205.27999877929688,208.49000549316406,29928900.0,6239876525.404358
2025-08-26,207.50999450683594,207.85000610351562,205.6999969482422,207.13999938964844,28464100.0,5896053656.626892
2025-08-27,205.6999969482422,208.91000366210938,205.64999389648438,207.47999572753906,23022900.0,4776791193.635559
2025-08-28,207.25,212.22000122070312,206.89999389648438,211.63999938964844,32339300.0,6844289432.261658
2025-08-29,210.50999450683594,214.64999389648438,210.1999969482422,212.91000366210938,39728400.0,8458573789.489746
2025-09-02,208.44000244140625,211.67999267578125,206.1999969482422,211.35000610351562,47523000.0,10043986340.057373
2025-09-03,226.2100067138672,231.30999755859375,224.7899932861328,230.66000366210938,103336100.0,23835505204.4281
2025-09-04,229.64999389648438,232.3699951171875,226.11000061035156,232.3000030517578,51684200.0,12006239817.727661
2025-09-05,232.1999969482422,235.75999450683594,231.89999389648438,235.0,46588900.0,10948391500.0
2025-09-08,235.47000122070312,238.1300048828125,233.6699981689453,234.0399932861328,32474700.0,7600378569.969177
2025-09-09,234.1699981689453,240.47000122070312,233.22999572753906,239.6300048828125,38061000.0,9120557615.844727
2025-09-10,238.89999389648438,241.66000366210938,237.85000610351562,239.1699981689453,35141100.0,8404696822.654724
2025-09-11,239.8800048828125,242.25,236.25,240.3699951171875,30599300.0,7355153591.589355
2025-09-12,240.3699951171875,242.0800018310547,238.0,240.8000030517578,26771600.0,6446601361.700439
2025-09-15,244.66000366210938,252.41000366210938,244.66000366210938,251.61000061035156,58383800.0,14689947953.634644
2025-09-16,252.0800018310547,253.0399932861328,249.47000122070312,251.16000366210938,34109700.0,8566992376.913452
2025-09-17,251.22000122070312,251.60000610351562,246.27999877929688,249.52999877929688,34108000.0,8510969198.364258
2025-09-18,251.67999267578125,253.99000549316406,249.8000030517578,252.02999877929688,31239500.0,7873291146.865845
2025-09-19,253.25,256.0,251.80999755859375,254.72000122070312,55571400.0,14155147075.836182
2025-09-22,254.42999267578125,255.77999877929688,250.3000030517578,252.52999877929688,32290500.0,8154319925.582886
2025-09-23,253.0399932861328,254.36000061035156,250.47999572753906,251.66000366210938,26628000.0,6701202577.514648
2025-09-24,251.66000366210938,252.35000610351562,246.44000244140625,247.13999938964844,28201000.0,6969595122.787476
2025-09-25,244.39999389648438,246.49000549316406,240.74000549316406,245.7899932861328,31020400.0,7624503907.733154
2025-09-26,247.07000732421875,249.4199981689453,245.97000122070312,246.5399932861328,18503200.0,4561778803.771973
2025-09-29,247.85000610351562,251.14999389648438,242.77000427246094,244.0500030517578,32505800.0,7933040589.199829
2025-09-30,242.80999755859375,243.2899932861328,239.25,243.10000610351562,34724300.0,8441477541.940308
2025-10-01,240.75,246.3000030517578,238.61000061035156,244.89999389648438,31658200.0,7753092986.773682
2025-10-02,245.14999389648438,246.80999755859375,242.3000030517578,245.69000244140625,25483300.0,6260992039.215088
2025-10-03,244.49000549316406,246.3000030517578,241.66000366210938,245.35000610351562,30249600.0,7421739544.628906
2025-10-06,244.77999877929688,251.32000732421875,244.5800018310547,250.42999267578125,28894700.0,7236099509.3688965
2025-10-07,248.27000427246094,250.44000244140625,245.52000427246094,245.75999450683594,23181300.0,5697036160.661316
2025-10-08,244.9600067138672,246.00999450683594,243.82000732421875,244.6199951171875,21307100.0,5212142697.961426
2025-10-09,244.47000122070312,244.75999450683594,239.14999389648438,241.52999877929688,27892100.0,6736778878.952026
2025-10-10,241.42999267578125,244.08999633789062,235.83999633789062,236.57000732421875,33180300.0,7849463814.019775
2025-10-13,240.2100067138672,244.5,239.7100067138672,244.14999389648438,24995000.0,6102529097.442627
2025-10-14,241.22999572753906,247.1199951171875,240.50999450683594,245.4499969482422,22111600.0,5427292152.520752
2025-10-15,247.25,252.11000061035156,245.99000549316406,251.02999877929688,27007700.0,6779742898.031616
2025-10-16,251.77000427246094,256.9599914550781,250.10000610351562,251.4600067138672,27997200.0,7040176099.969482
2025-10-17,250.75999450683594,254.22000122070312,247.80999755859375,253.3000030517578,29671600.0,7515816370.550537
2025-10-20,254.69000244140625,257.3299865722656,254.22999572753906,256.54998779296875,22350200.0,5733943537.17041
2025-10-21,254.74000549316406,254.8800048828125,244.14999389648438,250.4600067138672,47312100.0,11849788883.647156
2025-10-22,254.3699951171875,256.3599853515625,249.2899932861328,251.69000244140625,35029400.0,8816549771.520996
2025-10-23,252.97999572753906,255.0399932861328,251.85000610351562,253.0800018310547,19901400.0,5036646348.440552
2025-10-24,256.5799865722656,261.67999267578125,255.32000732421875,259.9200134277344,28655100.0,7448033976.773071
2025-10-27,264.82000732421875,270.1400146484375,264.2799987792969,269.2699890136719,35235200.0,9487781916.894531
2025-10-28,269.69000244140625,270.7300109863281,266.5,267.4700012207031,29738600.0,7954183378.302002
2025-10-29,267.75,275.3399963378906,267.6700134277344,274.57000732421875,43580300.0,11965843290.19165
2025-10-30,291.5899963378906,291.5899963378906,280.05999755859375,281.4800109863281,74876000.0,21076097302.612305
2025-10-31,283.2099914550781,286.0,277.0299987792969,281.19000244140625,39267900.0,11041740896.868896
2025-11-03,282.17999267578125,285.5299987792969,279.79998779296875,283.7200012207031,29786000.0,8450883956.359863
2025-11-04,276.75,281.2699890136719,276.260009765625,277.5400085449219,30078400.0,8347959393.017578
2025-11-05,278.8699951171875,286.4200134277344,277.3399963378906,284.30999755859375,31010300.0,8816538317.29126
2025-11-06,285.3299865722656,288.3500061035156,281.1400146484375,284.75,37173600.0,10585182600.0
2025-11-07,283.2099914550781,283.7799987792969,275.19000244140625,278.8299865722656,34479600.0,9613946405.01709
2025-11-10,284.4200134277344,290.79998779296875,282.8599853515625,290.1000061035156,29557300.0,8574572910.403442
2025-11-11,287.75,291.9200134277344,287.32000732421875,291.30999755859375,19842100.0,5780202102.557373
2025-11-12,291.67999267578125,292.010009765625,283.69000244140625,286.7099914550781,24829900.0,7118980416.830444
2025-11-13,282.3399963378906,282.8399963378906,277.239990234375,278.57000732421875,29494000.0,8216143796.020508
2025-11-14,271.4100036621094,278.55999755859375,270.70001220703125,276.4100036621094,31647200.0,8747602667.895508
2025-11-17,285.7799987792969,293.95001220703125,283.57000732421875,285.0199890136719,52670200.0,15012059825.3479
2025-11-18,287.9200134277344,288.79998779296875,278.20001220703125,284.2799987792969,49158700.0,13974835175.991821
2025-11-19,287.1600036621094,303.80999755859375,286.6300048828125,292.80999755859375,68198900.0,19969319742.49878
2025-11-20,304.5400085449219,306.4200134277344,288.6700134277344,289.45001220703125,62025200.0,17953194897.143555
2025-11-21,296.4200134277344,303.9200134277344,293.8500061035156,299.6600036621094,74137700.0,22216103453.500366
2025-11-24,311.1300048828125,319.4800109863281,309.6000061035156,318.5799865722656,85165100.0,27131896414.42566
2025-11-25,326.2099914550781,328.8299865722656,317.6499938964844,323.44000244140625,88632100.0,28667166640.386963
2025-11-26,320.67999267578125,324.5,316.7900085449219,319.95001220703125,51373400.0,16436919957.1167
2025-11-28,323.3699951171875,326.8500061035156,316.7900085449219,320.17999267578125,26018600.0,8330635157.434082
2025-12-01,317.70001220703125,319.8500061035156,313.8900146484375,314.8900146484375,41183000.0,12968115473.266602
2025-12-02,316.739990234375,318.3800048828125,313.9100036621094,315.80999755859375,35854700.0,11323272719.464111
2025-12-03,315.8900146484375,321.5799865722656,314.1000061035156,319.6300048828125,41838300.0,13372776033.288574
2025-12-04,322.2300109863281,322.3599853515625,314.70001220703125,317.6199951171875,31240900.0,9922734505.456543
2025-12-05,319.489990234375,323.1600036621094,319.1700134277344,321.2699890136719,28851700.0,9269185342.025757
2025-12-08,320.04998779296875,320.44000244140625,311.2200012207031,313.7200012207031,33909400.0,10638057009.39331
2025-12-09,312.3699951171875,317.989990234375,311.8999938964844,317.0799865722656,30194000.0,9573913114.562988
2025-12-10,315.8299865722656,321.30999755859375,314.67999267578125,320.2099914550781,33428900.0,10704267783.352661
2025-12-11,320.0799865722656,321.1199951171875,308.6000061035156,312.42999267578125,42353700.0,13232566180.792236
2025-12-12,313.70001220703125,314.8699951171875,305.55999755859375,309.2900085449219,35940200.0,11115944765.106201
2025-12-15,311.32000732421875,311.4200134277344,304.8800048828125,308.2200012207031,29151900.0,8985198653.585815
2025-12-16,304.95001220703125,310.7699890136719,302.5899963378906,306.57000732421875,30585000.0,9376443674.01123
2025-12-17,308.010009765625,308.0899963378906,296.1199951171875,296.7200012207031,43930400.0,13035028341.625977
2025-12-18,301.7200012207031,303.9599914550781,299.2300109863281,302.4599914550781,33518000.0,10137853993.591309
2025-12-19,301.7300109863281,307.25,300.9700012207031,307.1600036621094,59943200.0,18412153531.518555
2025-12-22,309.8800048828125,310.1300048828125,305.29998779296875,309.7799987792969,26429900.0,8187454389.736938
2025-12-23,309.6300048828125,314.94000244140625,309.32000732421875,314.3500061035156,25478700.0,8009229500.509644
2025-12-24,314.7699890136719,315.0799865722656,311.9200134277344,314.0899963378906,10097400.0,3171492329.022217
2025-12-26,314.4800109863281,315.0899963378906,312.2799987792969,313.510009765625,10899000.0,3416945596.435547
2025-12-29,311.3699951171875,314.0199890136719,310.6199951171875,313.55999755859375,19621800.0,6152611560.095215
2025-12-30,312.5,316.95001220703125,312.4599914550781,313.8500061035156,17380900.0,5454995571.084595
2025-12-31,312.8500061035156,314.5799865722656,311.44000244140625,313.0,16377700.0,5126220100.0
2026-01-02,316.8999938964844,322.5,310.3299865722656,315.1499938964844,32009400.0,10087762214.630127
2026-01-05,317.6600036621094,319.0199890136719,314.6300048828125,316.5400085449219,30195600.0,9558115482.019043
2026-01-06,316.3999938964844,320.94000244140625,311.7799987792969,314.3399963378906,31212100.0,9811211399.697876
2026-01-07,314.3599853515625,326.1499938964844,314.19000244140625,321.9800109863281,35104400.0,11302915097.668457
2026-01-08,328.9700012207031,330.32000732421875,321.5,325.44000244140625,31896100.0,10380266861.871338
2026-01-09,327.0899963378906,330.8299865722656,325.79998779296875,328.57000732421875,26214200.0,8613199885.998535
2026-01-12,325.79998779296875,334.0400085449219,325.0,331.8599853515625,33923900.0,11257984957.067871
2026-01-13,334.95001220703125,340.489990234375,333.6199951171875,335.9700012207031,33517600.0,11260908112.91504
2026-01-14,335.05999755859375,336.5199890136719,330.4800109863281,335.8399963378906,28525600.0,9580037399.536133
2026-01-15,337.6499938964844,337.69000244140625,330.739990234375,332.7799987792969,28442400.0,9465061837.280273
2026-01-16,334.4100036621094,334.6499938964844,327.70001220703125,330.0,40341600.0,13312728000.0
2026-01-20,320.8699951171875,327.7300109863281,320.42999267578125,322.0,35361000.0,11386242000.0
2026-01-21,320.9200134277344,332.4800109863281,319.3500061035156,328.3800048828125,35386600.0,11620251880.786133
2026-01-22,334.45001220703125,335.1499938964844,328.75,330.5400085449219,26253600.0,8677865168.33496
2026-01-23,332.489990234375,333.69000244140625,327.45001220703125,327.92999267578125,27280000.0,8945930200.195312
2026-01-26,327.80999755859375,335.8399963378906,327.0,333.260009765625,26042100.0,8678790500.317383
2026-01-27,335.3699951171875,337.9100036621094,333.4800109863281,334.54998779296875,21636200.0,7238390445.88623
2026-01-28,336.05999755859375,337.5400085449219,331.94000244140625,336.010009765625,27434400.0,9218233011.914062
2026-01-29,340.29998779296875,342.2900085449219,326.5400085449219,338.25,39785600.0,13457479200.0
2026-01-30,340.0,340.0,332.2900085449219,338.0,31024000.0,10486112000.0
2026-02-02,336.2200012207031,344.8299865722656,335.6300048828125,343.69000244140625,32006100.0,11000176587.139893
2026-02-03,347.3399963378906,349.0,337.4700012207031,339.7099914550781,36506700.0,12401690745.0531
2026-02-04,342.9599914550781,343.30999755859375,328.5199890136719,333.0400085449219,70618400.0,23518752539.42871
2026-02-05,312.2200012207031,332.69000244140625,306.4599914550781,331.25,88205800.0,29218171250.0
2026-02-06,327.17999267578125,330.3800048828125,319.9200134277344,322.8599853515625,56380500.0,18203007404.11377
2026-02-09,320.92999267578125,327.70001220703125,317.260009765625,324.32000732421875,39640100.0,12856077522.332764
2026-02-10,320.9700012207031,321.6700134277344,314.6099853515625,318.5799865722656,39170000.0,12478778074.035645
2026-02-11,318.9700012207031,321.05999755859375,309.6600036621094,310.9599914550781,45406400.0,14119573756.00586
2026-02-12,312.0899963378906,316.239990234375,307.20001220703125,309.0,47761300.0,14758241700.0
2026-02-13,307.7300109863281,308.6300048828125,303.7099914550781,305.7200012207031,38499700.0,11770128330.996704
2026-02-17,300.0400085449219,304.44000244140625,296.25,302.0199890136719,39247600.0,11853559720.812988
2026-02-18,302.0899963378906,305.3800048828125,301.25,303.3299865722656,28482100.0,8639475010.549927
2026-02-19,301.82000732421875,305.4700012207031,300.0400085449219,302.8500061035156,25834400.0,7823948197.680664
2026-02-20,304.32000732421875,316.5,303.8999938964844,314.9800109863281,53210800.0,16760338368.591309
2026-02-23,319.04998779296875,319.5199890136719,309.8699951171875,311.489990234375,31423000.0,9787949963.134766
2026-02-24,310.5199890136719,312.2699890136719,305.92999267578125,310.8999938964844,25615600.0,7963889883.654785
2026-02-25,312.05999755859375,313.6400146484375,309.44000244140625,312.8999938964844,29963600.0,9375610257.1167
2026-02-26,312.6400146484375,313.1400146484375,302.3500061035156,307.3800048828125,36431200.0,11198222433.886719
2026-02-27,304.1400146484375,312.3699951171875,303.79998779296875,311.760009765625,44640600.0,13917153891.94336
2026-03-02,303.2300109863281,308.489990234375,301.29998779296875,306.5199890136719,34790200.0,10663891721.783447
2026-03-03,298.5899963378906,303.94000244140625,296.7099914550781,303.5799865722656,35497000.0,10776178783.355713
2026-03-04,302.8900146484375,305.4700012207031,300.75,303.1300048828125,29536200.0,8953308450.219727
2026-03-05,303.0400085449219,303.29998779296875,297.989990234375,300.8800048828125,35752300.0,10757152198.571777
2026-03-06,296.0899963378906,300.5299987792969,295.17999267578125,298.5199890136719,25576900.0,7635215907.003784
2026-03-09,294.3599853515625,306.79998779296875,294.0799865722656,306.3599853515625,29312100.0,8980054526.623535
2026-03-10,306.1700134277344,309.510009765625,305.57000732421875,307.0400085449219,23239700.0,7135517686.581421
2026-03-11,306.75,311.4200134277344,305.9200134277344,308.70001220703125,24125700.0,7447603884.503174
2026-03-12,306.82000732421875,308.94000244140625,301.0299987792969,303.54998779296875,24928300.0,7566985160.699463
2026-03-13,307.010009765625,307.69000244140625,300.44000244140625,302.2799987792969,23693100.0,7161950239.077759
2026-03-16,304.3500061035156,306.489990234375,303.0199890136719,305.55999755859375,23519700.0,7186679474.578857
2026-03-17,305.8599853515625,311.4200134277344,305.5,310.9200134277344,21955200.0,6826311078.808594
2026-03-18,309.2699890136719,312.4700012207031,306.92999267578125,307.69000244140625,20009800.0,6156815410.852051
2026-03-19,304.010009765625,308.05999755859375,302.3500061035156,307.1300048828125,25075800.0,7701530576.44043
2026-03-20,305.4599914550781,306.0,298.2699890136719,301.0,44364100.0,13353594100.0
2026-03-23,302.1099853515625,305.9800109863281,300.92999267578125,302.05999755859375,29326900.0,8858483342.401123
2026-03-24,299.20001220703125,299.9200134277344,290.3299865722656,290.44000244140625,36864300.0,10706867382.000732
2026-03-25,293.44000244140625,296.0,289.239990234375,290.92999267578125,29460700.0,8571001235.223389
2026-03-26,287.9100036621094,287.95001220703125,278.5,280.9200134277344,39080600.0,10978522676.763916
2026-03-27,277.2799987792969,279.3699951171875,273.95001220703125,274.3399963378906,35890600.0,9846227072.564697
2026-03-30,276.4200134277344,277.0899963378906,272.1099853515625,273.5,35141200.0,9611118200.0
2026-03-31,278.0400085449219,288.0799865722656,277.0899963378906,287.55999755859375,43875400.0,12616809916.882324
2026-04-01,290.8399963378906,300.5199890136719,290.4100036621094,297.3900146484375,37684500.0,11206994007.019043
2026-04-02,290.69000244140625,298.0799865722656,289.45001220703125,295.7699890136719,21666500.0,6408300466.964722
2026-04-06,295.8699951171875,300.6199951171875,295.17999267578125,299.989990234375,16945500.0,5083480379.516602
2026-04-07,302.7300109863281,305.6300048828125,297.7200012207031,305.4599914550781,23205400.0,7088321285.71167
2026-04-08,320.45001220703125,322.0799865722656,315.0199890136719,317.32000732421875,33547100.0,10645166017.706299
2026-04-09,315.9100036621094,319.5400085449219,311.05999755859375,318.489990234375,23739200.0,7560697576.171875
2026-04-10,320.0199890136719,321.8299865722656,316.32000732421875,317.239990234375,19152600.0,6075970636.962891
2026-04-13,317.1400146484375,321.6300048828125,315.4700012207031,321.30999755859375,18866400.0,6061962937.939453
2026-04-14,324.7900085449219,333.2900085449219,323.75,332.9100036621094,27721400.0,9228731375.518799
2026-04-15,332.8900146484375,337.4800109863281,330.8999938964844,337.1199951171875,24918800.0,8400625734.326172
2026-04-16,338.75,339.8800048828125,334.5199890136719,336.0199890136719,20541500.0,6902354604.324341
2026-04-17,337.6499938964844,342.32000732421875,336.239990234375,341.67999267578125,25581900.0,8740823404.632568
2026-04-20,340.760009765625,341.3999938964844,336.6099853515625,337.4200134277344,18784200.0,6338165016.229248
2026-04-21,337.69000244140625,339.3399963378906,331.3500061035156,332.2900085449219,23123800.0,7683807699.591064
2026-04-22,337.0199890136719,339.82000732421875,335.1700134277344,339.32000732421875,20293000.0,6885820908.630371
2026-04-23,341.17999267578125,341.9599914550781,336.17999267578125,338.8900146484375,18650300.0,6320400440.197754
2026-04-24,338.7300109863281,345.2699890136719,335.3900146484375,344.3999938964844,26426100.0,9101148678.707886
2026-04-27,345.9800109863281,353.17999267578125,342.7300109863281,350.3399963378906,28576900.0,10011631041.348267
2026-04-28,348.54998779296875,352.4200134277344,346.1199951171875,349.7799987792969,27824100.0,9732313664.035034
2026-04-29,347.57000732421875,355.7900085449219,344.2099914550781,349.94000244140625,35376300.0,12379582508.36792
2026-04-30,374.07000732421875,385.8399963378906,365.82000732421875,384.79998779296875,72040000.0,27720991120.60547
2026-05-01,381.6300048828125,386.760009765625,379.04998779296875,385.69000244140625,30105200.0,11611274661.499023
2026-05-04,385.6300048828125,387.3800048828125,379.7900085449219,383.25,26298600.0,10078938450.0
2026-05-05,386.2300109863281,392.82000732421875,384.0199890136719,388.42999267578125,23878600.0,9275164423.10791
2026-05-06,394.25,399.8500061035156,392.760009765625,398.0400085449219,31308500.0,12462035607.528687
2026-05-07,399.9200134277344,400.1000061035156,392.67999267578125,397.989990234375,24433500.0,9724288426.391602
2026-05-08,397.0,402.0,396.3599853515625,400.79998779296875,21461800.0,8601889178.015137
2026-05-11,393.6499938964844,397.44000244140625,388.4700012207031,388.6400146484375,30753700.0,11952118418.493652
2026-05-12,387.3399963378906,388.5199890136719,382.7699890136719,387.3500061035156,26017500.0,10077878783.798218
2026-05-13,385.6000061035156,403.70001220703125,385.0,402.6199951171875,28144600.0,11331578714.575195
2026-05-14,397.2799987792969,402.92999267578125,395.8399963378906,401.07000732421875,21136700.0,8477296423.809814
2026-05-15,396.32000732421875,399.5400085449219,393.17999267578125,396.7799987792969,20309700.0,8058482741.207886
2026-05-18,395.69000244140625,408.6099853515625,394.5299987792969,396.94000244140625,26837200.0,10652758233.520508
2026-05-19,396.9599914550781,397.1499938964844,386.1099853515625,387.6600036621094,39545700.0,15330286206.820679
2026-05-20,387.70001220703125,393.8599853515625,382.8999938964844,388.9100036621094,31744400.0,12345714720.251465
2026-05-21,385.70001220703125,392.5,383.0199890136719,387.6600036621094,24852800.0,9634436539.013672
2026-05-22,387.3500061035156,388.739990234375,381.7699890136719,382.9700012207031,20442100.0,7828711061.953735
2026-05-26,384.510009765625,389.260009765625,382.6000061035156,388.8800048828125,27747400.0,10790409047.485352
2026-05-27,386.6700134277344,393.8800048828125,385.8999938964844,388.8299865722656,23087300.0,8977034548.989868
2026-05-28,388.0,391.8699951171875,385.1600036621094,390.1300048828125,24357500.0,9502591593.933105
2026-05-29,385.239990234375,385.239990234375,378.4599914550781,380.3399963378906,44415800.0,16893105209.344482
2026-06-01,376.5199890136719,378.55999755859375,373.5199890136719,376.3699951171875,28672100.0,10791318136.999512
2026-06-02,366.5899963378906,373.5400085449219,358.44000244140625,361.8500061035156,50412300.0,18241691062.69226
2026-06-03,362.0299987792969,366.45001220703125,358.0799865722656,358.989990234375,55441600.0,19902979442.578125
2026-06-04,358.8999938964844,373.25,358.2099914550781,372.19000244140625,44055500.0,16397016652.557373
2026-06-05,366.3399963378906,372.0799865722656,364.1199951171875,368.5299987792969,37471200.0,13809261290.25879
2026-06-08,365.17999267578125,366.20001220703125,360.5299987792969,363.30999755859375,27942500.0,10151789606.781006
2026-06-09,367.0899963378906,372.0799865722656,357.29998779296875,364.260009765625,29535100.0,10758455814.42871
2026-06-10,363.19000244140625,368.55999755859375,355.20001220703125,356.3800048828125,32357100.0,11531423455.993652
2026-06-11,355.92999267578125,358.79998779296875,346.3599853515625,357.7699890136719,35538200.0,12714501423.565674
2026-06-12,362.6199951171875,366.57000732421875,354.94000244140625,359.67999267578125,24704600.0,8885750347.058105
2026-06-15,367.92999267578125,372.989990234375,366.54998779296875,369.3500061035156,27727500.0,10241152294.23523
2026-06-16,369.6000061035156,376.0,367.05999755859375,373.25,24876100.0,9285004325.0
2026-06-17,369.1300048828125,372.3299865722656,362.0199890136719,363.7900085449219,24543600.0,8928716453.723145
2026-06-18,365.75,369.4800109863281,358.6700134277344,368.0299987792969,44470100.0,16366330848.71521
2026-06-22,357.95001220703125,358.9200134277344,341.7200012207031,349.67999267578125,52814800.0,18468278877.17285
2026-06-23,340.69000244140625,349.2900085449219,340.20001220703125,346.1300048828125,34007700.0,11771085367.053223
2026-06-24,349.0400085449219,353.4800109863281,341.92999267578125,345.2900085449219,44997300.0,15537118101.498413
2026-06-25,336.7300109863281,345.57000732421875,335.8399963378906,343.7099914550781,44491400.0,15292138713.824463
2026-06-26,342.54998779296875,346.3599853515625,330.20001220703125,337.3900146484375,114706300.0,38700760237.26807
2026-06-29,341.8299865722656,354.3500061035156,340.6700134277344,353.6499938964844,34213900.0,12099745526.174927
2026-06-30,353.8699951171875,358.6199951171875,350.3999938964844,357.3699951171875,35237200.0,12592717991.94336
2026-07-01,358.3699951171875,362.9700012207031,356.42999267578125,361.2099914550781,26736400.0,9657454815.53955
2026-07-02,359.4800109863281,364.2099914550781,353.4200134277344,359.9100036621094,25974800.0,9348590363.122559
2026-07-06,361.54998779296875,367.92999267578125,357.3800048828125,366.4599914550781,26915800.0,9863563838.006592
2026-07-07,369.07000732421875,373.1600036621094,365.5,367.0299987792969,24045600.0,8825456538.64746
2026-07-08,364.760009765625,367.8399963378906,358.0199890136719,361.9200134277344,22094800.0,7996550312.683105
2026-07-09,354.30999755859375,359.6499938964844,351.0799865722656,358.8900146484375,24729100.0,8875027061.242676
2026-07-10,357.5299987792969,357.82000732421875,352.75,357.17999267578125,18146100.0,6481423865.093994
2026-07-13,356.19000244140625,358.1300048828125,351.75,352.510009765625,15901700.0,5605508422.290039
2026-07-14,351.20001220703125,360.1600036621094,351.0899963378906,359.510009765625,18259400.0,6564437072.314453
2026-07-15,357.9700012207031,373.6499938964844,357.760009765625,370.9200134277344,28284600.0,10491324211.798096
2026-07-16,373.05999755859375,375.2699890136719,352.29998779296875,354.4599914550781,41158500.0,14589041558.303833
2026-07-17,346.0,348.5199890136719,341.3599853515625,346.7699890136719,29959300.0,10388986131.8573
2026-07-20,350.8800048828125,359.67999267578125,350.5199890136719,351.989990234375,24736600.0,8707035592.43164
2026-07-21,351.32000732421875,351.32000732421875,347.0,347.1499938964844,23369800.0,8112825927.362061
2026-07-22,348.1600036621094,349.94000244140625,341.7300109863281,342.0899963378906,39334100.0,13455802124.954224
2026-07-23,321.1300048828125,324.489990234375,314.8999938964844,317.69000244140625,69419700.0,22053944662.48169
2026-07-24,318.4200134277344,324.17999267578125,317.32000732421875,319.739990234375,31806600.0,10169841973.388672
2026-07-27,325.0400085449219,330.4200134277344,324.45001220703125,326.55999755859375,28471600.0,9297685626.489258
2026-07-28,327.8999938964844,335.8800048828125,324.44000244140625,333.7099914550781,29511900.0,9848415896.82312
2026-07-29,334.6700134277344,342.5,331.6199951171875,336.7099914550781,27501600.0,9260063501.000977
2026-07-30,334.20001220703125,336.510009765625,330.3399963378906,333.6600036621094,30168000.0,10065854990.478516
2026-07-31,340.8299865722656,358.5799865722656,340.0,356.1300048828125,46498000.0,16559332967.041016
2026-08-03,365.45001220703125,376.69000244140625,363.3500061035156,373.510009765625,38669700.0,14443520024.63379
2026-08-04,368.2200012207031,380.5199890136719,367.5,377.6499938964844,35705700.0,13484257387.069702
2026-08-05,383.3399963378906,384.4800109863281,356.7699890136719,362.42999267578125,46926300.0,17007498565.301514
2026-08-06,360.7699890136719,364.1300048828125,356.8800048828125,357.75,25235900.0,9028143225.0
2026-08-07,356.7200012207031,358.8999938964844,353.7799987792969,354.29998779296875,19859900.0,7036362327.56958
2026-08-10,355.17999267578125,357.6099853515625,352.7099914550781,357.5199890136719,18991400.0,6789805119.354248
2026-08-11,355.8900146484375,356.80999755859375,343.3900146484375,343.79998779296875,29081800.0,9998322484.997559
2026-08-12,346.30999755859375,346.4800109863281,340.8800048828125,343.5400085449219,25012000.0,8592622693.725586
2026-08-13,345.7699890136719,347.92999267578125,343.760009765625,346.3599853515625,17866100.0,6188102134.289551
2026-08-14,346.79998779296875,350.45001220703125,344.5,345.8999938964844,17808600.0,6159994631.304932
2026-08-17,346.2699890136719,347.25,341.92999267578125,344.0,18291300.0,6292207200.0
2026-08-18,342.4100036621094,344.8699951171875,340.19000244140625,344.20001220703125,19248800.0,6625437194.970703
2026-08-19,342.4599914550781,346.7300109863281,340.6600036621094,344.7200012207031,19733800.0,6802635560.089111
2026-08-20,343.05999755859375,343.8999938964844,338.57000732421875,340.6700134277344,18570400.0,6326378417.358398
2026-08-21,342.5799865722656,346.20001220703125,340.3999938964844,344.82000732421875,20849800.0,7189428188.708496
2026-08-24,343.6199951171875,351.6000061035156,342.489990234375,348.05999755859375,26338200.0,9167273827.697754
2026-08-25,349.6400146484375,350.1600036621094,345.6000061035156,346.9599914550781,20619300.0,7154072151.809692
