timestamps,open,high,low,close,volume,amount
2016-08-26,58.279998779296875,58.70000076293945,57.689998626708984,58.029998779296875,20971200.0,1216958710.4003906
2016-08-29,58.18000030517578,58.599998474121094,58.099998474121094,58.099998474121094,16417200.0,953839294.9493408
2016-08-30,57.97999954223633,58.189998626708984,57.61000061035156,57.88999938964844,16930200.0,980089267.666626
2016-08-31,57.650001525878906,57.79999923706055,57.29999923706055,57.459999084472656,20860300.0,1198632818.901825
2016-09-01,57.0099983215332,57.81999969482422,57.0099983215332,57.59000015258789,26075400.0,1501682289.9787903
2016-09-02,57.66999816894531,58.189998626708984,57.41999816894531,57.66999816894531,18900500.0,1089991800.3921509
2016-09-06,57.779998779296875,57.79999923706055,57.209999084472656,57.61000061035156,16278400.0,937798633.9355469
2016-09-07,57.470001220703125,57.84000015258789,57.40999984741211,57.65999984741211,17493400.0,1008669441.330719
2016-09-08,57.630001068115234,57.790000915527344,57.18000030517578,57.43000030517578,20146100.0,1156990529.1481018
2016-09-09,56.790000915527344,57.52000045776367,56.209999084472656,56.209999084472656,35113900.0,1973752286.8522644
2016-09-12,56.0,57.209999084472656,55.61000061035156,57.04999923706055,29303000.0,1671736127.6435852
2016-09-13,56.5,56.650001525878906,56.04999923706055,56.529998779296875,30130200.0,1703260169.2199707
2016-09-14,56.38999938964844,56.630001068115234,56.029998779296875,56.2599983215332,24062500.0,1353756209.6118927
2016-09-15,56.150001525878906,57.349998474121094,55.97999954223633,57.189998626708984,26847000.0,1535379893.131256
2016-09-16,57.630001068115234,57.630001068115234,56.75,57.25,44607000.0,2553750750.0
2016-09-19,57.27000045776367,57.75,56.849998474121094,56.93000030517578,20937100.0,1191949109.3894958
2016-09-20,57.349998474121094,57.349998474121094,56.75,56.810001373291016,17384000.0,987585063.873291
2016-09-21,57.5099983215332,57.849998474121094,57.08000183105469,57.7599983215332,33707300.0,1946933591.4234161
2016-09-22,57.91999816894531,58.0,57.630001068115234,57.81999969482422,19822200.0,1146119597.9507446
2016-09-23,57.869998931884766,57.90999984741211,57.380001068115234,57.43000030517578,19955300.0,1146032885.0898743
2016-09-26,57.08000183105469,57.13999938964844,56.83000183105469,56.900001525878906,21688700.0,1234087063.0943298
2016-09-27,56.93000030517578,58.060001373291016,56.68000030517578,57.95000076293945,28065100.0,1626372566.411972
2016-09-28,57.880001068115234,58.060001373291016,57.66999816894531,58.029998779296875,20536400.0,1191727266.9311523
2016-09-29,57.810001373291016,58.16999816894531,57.209999084472656,57.400001525878906,25463500.0,1461604938.8542175
2016-09-30,57.56999969482422,57.77000045776367,57.34000015258789,57.599998474121094,29910800.0,1722862034.3597412
2016-10-03,57.40999984741211,57.54999923706055,57.060001373291016,57.41999816894531,19189500.0,1101861054.862976
2016-10-04,57.27000045776367,57.599998474121094,56.970001220703125,57.2400016784668,20085900.0,1149716949.7135162
2016-10-05,57.290000915527344,57.959999084472656,57.2599983215332,57.63999938964844,16726400.0,964109685.7910156
2016-10-06,57.7400016784668,57.86000061035156,57.279998779296875,57.7400016784668,16212600.0,936115551.2123108
2016-10-07,57.849998474121094,57.97999954223633,57.41999816894531,57.79999923706055,20089000.0,1161144184.6733093
2016-10-10,57.90999984741211,58.38999938964844,57.869998931884766,58.040000915527344,18196500.0,1056124876.6593933
2016-10-11,57.88999938964844,58.02000045776367,56.88999938964844,57.189998626708984,26497400.0,1515386269.6113586
2016-10-12,57.11000061035156,57.27000045776367,56.400001525878906,57.11000061035156,22177500.0,1266557038.5360718
2016-10-13,56.70000076293945,57.29999923706055,56.31999969482422,56.91999816894531,25313700.0,1440855757.649231
2016-10-14,57.119998931884766,57.7400016784668,57.119998931884766,57.41999816894531,27402500.0,1573451499.824524
2016-10-17,57.36000061035156,57.459999084472656,56.869998931884766,57.220001220703125,23830000.0,1363552629.0893555
2016-10-18,57.529998779296875,57.95000076293945,57.40999984741211,57.65999984741211,19149500.0,1104160167.0780182
2016-10-19,57.470001220703125,57.84000015258789,57.400001525878906,57.529998779296875,22878400.0,1316194324.0722656
2016-10-20,57.5,57.52000045776367,56.65999984741211,57.25,49455600.0,2831333100.0
2016-10-21,60.279998779296875,60.45000076293945,59.4900016784668,59.65999984741211,80032200.0,4774721039.788055
2016-10-24,59.939998626708984,61.0,59.93000030517578,61.0,54067000.0,3298087000.0
2016-10-25,60.849998474121094,61.369998931884766,60.79999923706055,60.9900016784668,35137200.0,2143017886.9766235
2016-10-26,60.810001373291016,61.20000076293945,60.470001220703125,60.630001068115234,29911600.0,1813540339.9490356
2016-10-27,60.61000061035156,60.83000183105469,60.09000015258789,60.099998474121094,28479900.0,1711641946.5431213
2016-10-28,60.0099983215332,60.52000045776367,59.58000183105469,59.869998931884766,33574700.0,2010117253.1383514
2016-10-31,60.15999984741211,60.41999816894531,59.91999816894531,59.91999816894531,26434700.0,1583967175.5966187
2016-11-01,59.970001220703125,60.02000045776367,59.25,59.79999923706055,24533000.0,1467073381.2828064
2016-11-02,59.81999969482422,59.93000030517578,59.29999923706055,59.43000030517578,22147000.0,1316196216.758728
2016-11-03,59.529998779296875,59.63999938964844,59.11000061035156,59.209999084472656,21600400.0,1278959664.2242432
2016-11-04,58.650001525878906,59.279998779296875,58.52000045776367,58.709999084472656,28697000.0,1684800843.7271118
2016-11-07,59.779998779296875,60.52000045776367,59.779998779296875,60.41999816894531,31664800.0,1913187158.0200195
2016-11-08,60.54999923706055,60.779998779296875,60.150001525878906,60.470001220703125,22935400.0,1386903665.9973145
2016-11-09,60.0,60.59000015258789,59.20000076293945,60.16999816894531,49632500.0,2986387434.120178
2016-11-10,60.47999954223633,60.4900016784668,57.630001068115234,58.70000076293945,57822400.0,3394174924.11499
2016-11-11,58.22999954223633,59.119998931884766,58.0099983215332,59.02000045776367,38767800.0,2288075573.7464905
2016-11-14,59.02000045776367,59.08000183105469,57.279998779296875,58.119998931884766,41328400.0,2402006563.8565063
2016-11-15,58.33000183105469,59.4900016784668,58.31999969482422,58.869998931884766,35904100.0,2113674328.6502838
2016-11-16,58.939998626708984,59.65999984741211,58.810001373291016,59.650001525878906,27332500.0,1630383666.7060852
2016-11-17,60.40999984741211,60.95000076293945,59.970001220703125,60.63999938964844,32132700.0,1948526908.3877563
2016-11-18,60.779998779296875,61.13999938964844,60.29999923706055,60.349998474121094,27686300.0,1670868162.7540588
2016-11-21,60.5,60.970001220703125,60.41999816894531,60.86000061035156,19652600.0,1196057247.994995
2016-11-22,60.97999954223633,61.2599983215332,60.810001373291016,61.119998931884766,23206700.0,1418393479.2125702
2016-11-23,61.0099983215332,61.099998474121094,60.25,60.400001525878906,21848900.0,1319673593.3387756
2016-11-25,60.29999923706055,60.529998779296875,60.130001068115234,60.529998779296875,8409600.0,509033077.734375
2016-11-28,60.34000015258789,61.02000045776367,60.209999084472656,60.61000061035156,20732600.0,1256602898.6541748
2016-11-29,60.650001525878906,61.40999984741211,60.52000045776367,61.09000015258789,22366700.0,1366381706.4128876
2016-11-30,60.86000061035156,61.18000030517578,60.220001220703125,60.2599983215332,34655400.0,2088334345.8320618
2016-12-01,60.11000061035156,60.150001525878906,58.939998626708984,59.20000076293945,34542100.0,2044892346.353531
2016-12-02,59.08000183105469,59.470001220703125,58.79999923706055,59.25,25515700.0,1511805225.0
2016-12-05,59.70000076293945,60.59000015258789,59.560001373291016,60.220001220703125,23552700.0,1418343622.7508545
2016-12-06,60.43000030517578,60.459999084472656,59.79999923706055,59.95000076293945,19907000.0,1193424665.1878357
2016-12-07,60.0099983215332,61.380001068115234,59.79999923706055,61.369998931884766,30809000.0,1890748297.0924377
2016-12-08,61.29999923706055,61.58000183105469,60.84000015258789,61.0099983215332,21220800.0,1294680972.3815918
2016-12-09,61.18000030517578,61.9900016784668,61.130001068115234,61.970001220703125,27349400.0,1694842351.385498
2016-12-12,61.81999969482422,62.29999923706055,61.720001220703125,62.16999816894531,20198100.0,1255715840.0161743
2016-12-13,62.5,63.41999816894531,62.2400016784668,62.97999954223633,35718900.0,2249576305.649185
2016-12-14,63.0,63.45000076293945,62.529998779296875,62.68000030517578,30352700.0,1902507245.262909
2016-12-15,62.70000076293945,63.150001525878906,62.29999923706055,62.58000183105469,27669900.0,1731582392.6651
2016-12-16,62.95000076293945,62.95000076293945,62.119998931884766,62.29999923706055,42453100.0,2644828097.610855
2016-12-19,62.560001373291016,63.77000045776367,62.41999816894531,63.619998931884766,34338200.0,2184596247.3228455
2016-12-20,63.689998626708984,63.79999923706055,63.029998779296875,63.540000915527344,26028400.0,1653844559.829712
2016-12-21,63.43000030517578,63.70000076293945,63.119998931884766,63.540000915527344,17096300.0,1086298917.6521301
2016-12-22,63.84000015258789,64.0999984741211,63.40999984741211,63.54999923706055,22176600.0,1409322913.080597
2016-12-23,63.45000076293945,63.540000915527344,62.79999923706055,63.2400016784668,12403800.0,784416332.8193665
2016-12-27,63.209999084472656,64.06999969482422,63.209999084472656,63.279998779296875,11763200.0,744375281.640625
2016-12-28,63.400001525878906,63.400001525878906,62.83000183105469,62.9900016784668,14653300.0,923011391.5950775
2016-12-29,62.86000061035156,63.20000076293945,62.72999954223633,62.900001525878906,10250600.0,644762755.6411743
2016-12-30,62.959999084472656,62.9900016784668,62.029998779296875,62.13999938964844,25579900.0,1589534970.387268
2017-01-03,62.790000915527344,62.84000015258789,62.130001068115234,62.58000183105469,20694100.0,1295036815.8920288
2017-01-04,62.47999954223633,62.75,62.119998931884766,62.29999923706055,21340000.0,1329481983.718872
2017-01-05,62.189998626708984,62.65999984741211,62.029998779296875,62.29999923706055,24876000.0,1549774781.0211182
2017-01-06,62.29999923706055,63.150001525878906,62.040000915527344,62.84000015258789,19922900.0,1251955039.0399933
2017-01-09,62.7599983215332,63.08000183105469,62.540000915527344,62.63999938964844,20382700.0,1276772315.5593872
2017-01-10,62.72999954223633,63.06999969482422,62.279998779296875,62.619998931884766,18593000.0,1164293640.1405334
2017-01-11,62.61000061035156,63.22999954223633,62.43000030517578,63.189998626708984,21517300.0,1359678157.4504852
2017-01-12,63.060001373291016,63.400001525878906,61.95000076293945,62.61000061035156,20968200.0,1312819014.7979736
2017-01-13,62.619998931884766,62.869998931884766,62.349998474121094,62.70000076293945,19422300.0,1217778224.818039
2017-01-17,62.68000030517578,62.70000076293945,62.029998779296875,62.529998779296875,20664000.0,1292119894.7753906
2017-01-18,62.66999816894531,62.70000076293945,62.119998931884766,62.5,19670100.0,1229381250.0
2017-01-19,62.2400016784668,62.97999954223633,62.20000076293945,62.29999923706055,18451700.0,1149540895.92247
2017-01-20,62.66999816894531,62.81999969482422,62.369998931884766,62.7400016784668,30213500.0,1895595040.7123566
2017-01-23,62.70000076293945,63.119998931884766,62.56999969482422,62.959999084472656,23097600.0,1454224874.8535156
2017-01-24,63.20000076293945,63.7400016784668,62.939998626708984,63.52000045776367,24672900.0,1567222619.2943573
2017-01-25,63.95000076293945,64.0999984741211,63.45000076293945,63.68000030517578,23672700.0,1507477543.2243347
2017-01-26,64.12000274658203,64.54000091552734,63.54999923706055,64.2699966430664,43554600.0,2799253995.7901
2017-01-27,65.38999938964844,65.91000366210938,64.88999938964844,65.77999877929688,44818000.0,2948127985.2905273
2017-01-30,65.69000244140625,65.79000091552734,64.80000305175781,65.12999725341797,31651400.0,2061455595.0668335
2017-01-31,64.86000061035156,65.1500015258789,64.26000213623047,64.6500015258789,25270500.0,1633737863.559723
2017-02-01,64.36000061035156,64.62000274658203,63.470001220703125,63.58000183105469,39671500.0,2522314042.640686
2017-02-02,63.25,63.40999984741211,62.75,63.16999816894531,45827000.0,2894891506.088257
2017-02-03,63.5,63.70000076293945,63.06999969482422,63.68000030517578,30301800.0,1929618633.2473755
2017-02-06,63.5,63.650001525878906,63.13999938964844,63.63999938964844,19796400.0,1259842883.9172363
2017-02-07,63.7400016784668,63.779998779296875,63.22999954223633,63.43000030517578,20277200.0,1286182802.1881104
2017-02-08,63.56999969482422,63.810001373291016,63.220001220703125,63.34000015258789,18096400.0,1146225978.7612915
2017-02-09,63.52000045776367,64.44000244140625,63.31999969482422,64.05999755859375,22644400.0,1450600208.7158203
2017-02-10,64.25,64.30000305175781,63.97999954223633,64.0,18170700.0,1162924800.0
2017-02-13,64.23999786376953,64.86000061035156,64.12999725341797,64.72000122070312,22920100.0,1483388899.9786377
2017-02-14,64.41000366210938,64.72000122070312,64.0199966430664,64.56999969482422,23108400.0,1492109380.947876
2017-02-15,64.5,64.56999969482422,64.16000366210938,64.52999877929688,17005200.0,1097345535.2416992
2017-02-16,64.73999786376953,65.23999786376953,64.44000244140625,64.5199966430664,20546300.0,1325647207.0274353
2017-02-17,64.47000122070312,64.69000244140625,64.30000305175781,64.62000274658203,21248800.0,1373097514.3615723
2017-02-21,64.61000061035156,64.94999694824219,64.44999694824219,64.48999786376953,20655900.0,1332098946.874237
2017-02-22,64.33000183105469,64.38999938964844,64.05000305175781,64.36000061035156,19292700.0,1241678183.7753296
2017-02-23,64.41999816894531,64.7300033569336,64.19000244140625,64.62000274658203,20273100.0,1310047777.6817322
2017-02-24,64.52999877929688,64.80000305175781,64.13999938964844,64.62000274658203,21796800.0,1408509275.8666992
2017-02-27,64.54000091552734,64.54000091552734,64.05000305175781,64.2300033569336,15871500.0,1019426498.2795715
2017-02-28,64.08000183105469,64.19999694824219,63.7599983215332,63.97999954223633,23239800.0,1486882393.3616638
2017-03-01,64.12999725341797,64.98999786376953,64.0199966430664,64.94000244140625,26937500.0,1749321315.7653809
2017-03-02,64.69000244140625,64.75,63.880001068115234,64.01000213623047,24539600.0,1570779848.4222412
2017-03-03,63.9900016784668,64.27999877929688,63.619998931884766,64.25,18135900.0,1165231575.0
2017-03-06,63.970001220703125,64.55999755859375,63.810001373291016,64.2699966430664,18750300.0,1205081718.056488
2017-03-07,64.19000244140625,64.77999877929688,64.19000244140625,64.4000015258789,18521000.0,1192752428.2608032
2017-03-08,64.26000213623047,65.08000183105469,64.25,64.98999786376953,21510900.0,1397993345.04776
2017-03-09,65.19000244140625,65.19999694824219,64.4800033569336,64.7300033569336,19846800.0,1284683430.6243896
2017-03-10,65.11000061035156,65.26000213623047,64.75,64.93000030517578,19538200.0,1268615331.9625854
2017-03-13,65.01000213623047,65.19000244140625,64.56999969482422,64.70999908447266,20100000.0,1300670981.5979004
2017-03-14,64.52999877929688,64.55000305175781,64.1500015258789,64.41000366210938,14280200.0,919787734.2956543
2017-03-15,64.55000305175781,64.91999816894531,64.25,64.75,24833800.0,1607988550.0
2017-03-16,64.75,64.76000213623047,64.30000305175781,64.63999938964844,20674300.0,1336386739.3814087
2017-03-17,64.91000366210938,65.23999786376953,64.68000030517578,64.87000274658203,49219700.0,3192882074.1859436
2017-03-20,64.91000366210938,65.18000030517578,64.72000122070312,64.93000030517578,14598100.0,947854637.4549866
2017-03-21,65.19000244140625,65.5,64.12999725341797,64.20999908447266,26640500.0,1710586480.6098938
2017-03-22,64.12000274658203,65.13999938964844,64.12000274658203,65.02999877929688,20680000.0,1344820374.7558594
2017-03-23,64.94000244140625,65.23999786376953,64.7699966430664,64.87000274658203,19269200.0,1249993056.9244385
2017-03-24,65.36000061035156,65.44999694824219,64.76000213623047,64.9800033569336,22617100.0,1469659233.9241028
2017-03-27,64.62999725341797,65.22000122070312,64.3499984741211,65.0999984741211,18614700.0,1211816941.596222
2017-03-28,64.95999908447266,65.47000122070312,64.6500015258789,65.29000091552734,20080400.0,1311049334.3841553
2017-03-29,65.12000274658203,65.5,64.94999694824219,65.47000122070312,13618400.0,891596664.6240234
2017-03-30,65.41999816894531,65.9800033569336,65.36000061035156,65.70999908447266,15122800.0,993719174.1546631
2017-03-31,65.6500015258789,66.19000244140625,65.44999694824219,65.86000061035156,21040300.0,1385714170.84198
2017-04-03,65.80999755859375,65.94000244140625,65.19000244140625,65.55000305175781,20400900.0,1337279057.258606
2017-04-04,65.38999938964844,65.80999755859375,65.27999877929688,65.7300033569336,12997400.0,854319145.6314087
2017-04-05,66.30000305175781,66.3499984741211,65.44000244140625,65.55999755859375,21448600.0,1406170163.635254
2017-04-06,65.5999984741211,66.05999755859375,65.4800033569336,65.7300033569336,18103500.0,1189943115.7722473
2017-04-07,65.8499984741211,65.95999908447266,65.44000244140625,65.68000030517578,14108500.0,926646284.3055725
2017-04-10,65.61000061035156,65.81999969482422,65.36000061035156,65.52999877929688,17952700.0,1176440409.085083
2017-04-11,65.5999984741211,65.61000061035156,64.8499984741211,65.4800033569336,18791500.0,1230467483.0818176
2017-04-12,65.41999816894531,65.51000213623047,65.11000061035156,65.2300033569336,17108500.0,1115987512.4320984
2017-04-13,65.29000091552734,65.86000061035156,64.94999694824219,64.94999694824219,17896500.0,1162377620.3842163
2017-04-17,65.04000091552734,65.48999786376953,65.01000213623047,65.4800033569336,16689300.0,1092815420.0248718
2017-04-18,65.33000183105469,65.70999908447266,65.16000366210938,65.38999938964844,15155600.0,991024674.7497559
2017-04-19,65.6500015258789,65.75,64.88999938964844,65.04000091552734,26992800.0,1755611736.7126465
2017-04-20,65.45999908447266,65.75,65.13999938964844,65.5,22299500.0,1460617250.0
2017-04-21,65.66999816894531,66.69999694824219,65.44999694824219,66.4000015258789,32522600.0,2159500689.6255493
2017-04-24,67.4800033569336,67.66000366210938,67.0999984741211,67.52999877929688,29770000.0,2010368063.659668
2017-04-25,67.9000015258789,68.04000091552734,67.5999984741211,67.91999816894531,30242700.0,2054084128.6239624
2017-04-26,68.08000183105469,68.30999755859375,67.62000274658203,67.83000183105469,26190800.0,1776522011.956787
2017-04-27,68.1500015258789,68.37999725341797,67.58000183105469,68.2699966430664,34971000.0,2387470052.6046753
2017-04-28,68.91000366210938,69.13999938964844,67.69000244140625,68.45999908447266,39548800.0,2707510811.791992
2017-05-01,68.68000030517578,69.55000305175781,68.5,69.41000366210938,31954400.0,2217955021.020508
2017-05-02,69.70999908447266,69.70999908447266,69.12999725341797,69.30000305175781,23906100.0,1656692802.9556274
2017-05-03,69.37999725341797,69.37999725341797,68.70999908447266,69.08000183105469,28928000.0,1998346292.96875
2017-05-04,69.02999877929688,69.08000183105469,68.63999938964844,68.80999755859375,21749400.0,1496576160.900879
2017-05-05,68.9000015258789,69.02999877929688,68.48999786376953,69.0,19128800.0,1319887200.0
2017-05-08,68.97000122070312,69.05000305175781,68.41999816894531,68.94000244140625,18566100.0,1279946979.3273926
2017-05-09,68.86000061035156,69.27999877929688,68.68000030517578,69.04000091552734,22858400.0,1578143956.9274902
2017-05-10,68.98999786376953,69.55999755859375,68.91999816894531,69.30999755859375,17977800.0,1246041274.1088867
2017-05-11,68.36000061035156,68.7300033569336,68.12000274658203,68.45999908447266,28789400.0,1970922297.642517
2017-05-12,68.61000061035156,68.61000061035156,68.04000091552734,68.37999725341797,18714100.0,1279670106.6001892
2017-05-15,68.13999938964844,68.4800033569336,67.56999969482422,68.43000030517578,31530300.0,2157618438.622284
2017-05-16,68.2300033569336,69.44000244140625,68.16000366210938,69.41000366210938,34956000.0,2426296088.0126953
2017-05-17,68.88999938964844,69.0999984741211,67.43000030517578,67.4800033569336,30548800.0,2061433126.550293
2017-05-18,67.4000015258789,68.12999725341797,67.13999938964844,67.70999908447266,25201300.0,1706379999.9275208
2017-05-19,67.5,68.0999984741211,67.43000030517578,67.69000244140625,26961100.0,1824996924.822998
2017-05-22,67.88999938964844,68.5,67.5,68.44999694824219,16237600.0,1111463670.4467773
2017-05-23,68.72000122070312,68.75,68.37999725341797,68.68000030517578,15425800.0,1059443948.7075806
2017-05-24,68.87000274658203,68.87999725341797,68.44999694824219,68.7699966430664,14593900.0,1003622454.0092468
2017-05-25,68.97000122070312,69.87999725341797,68.91000366210938,69.62000274658203,21854100.0,1521482502.0240784
2017-05-26,69.80000305175781,70.22000122070312,69.5199966430664,69.95999908447266,19827900.0,1387159865.8470154
2017-05-30,69.79000091552734,70.41000366210938,69.7699966430664,70.41000366210938,17072800.0,1202095910.522461
2017-05-31,70.52999877929688,70.73999786376953,69.80999755859375,69.83999633789062,30436400.0,2125678064.5385742
2017-06-01,70.23999786376953,70.61000061035156,69.44999694824219,70.0999984741211,21603600.0,1514412327.0355225
2017-06-02,70.44000244140625,71.86000061035156,70.23999786376953,71.76000213623047,34770300.0,2495116802.2773743
2017-06-05,71.97000122070312,72.88999938964844,71.80999755859375,72.27999877929688,33316800.0,2408138263.330078
2017-06-06,72.30000305175781,72.62000274658203,72.2699966430664,72.5199966430664,31511100.0,2285184866.21933
2017-06-07,72.63999938964844,72.7699966430664,71.94999694824219,72.38999938964844,22301800.0,1614427288.3880615
2017-06-08,72.51000213623047,72.5199966430664,71.5,71.94999694824219,24588300.0,1769128109.9624634
2017-06-09,72.04000091552734,72.08000183105469,68.58999633789062,70.31999969482422,49187400.0,3458857952.989197
2017-06-12,69.25,69.94000244140625,68.12999725341797,69.77999877929688,47761700.0,3332811367.6971436
2017-06-13,70.0199966430664,70.81999969482422,69.95999908447266,70.6500015258789,25258600.0,1784520128.541565
2017-06-14,70.91000366210938,71.0999984741211,69.43000030517578,70.2699966430664,25510700.0,1792636803.3622742
2017-06-15,69.2699966430664,70.20999908447266,68.80000305175781,69.9000015258789,26068700.0,1822202169.7776794
2017-06-16,69.7300033569336,70.02999877929688,69.22000122070312,70.0,48345100.0,3384157000.0
2017-06-19,70.5,70.94000244140625,70.3499984741211,70.87000274658203,23798300.0,1686585586.3639832
2017-06-20,70.81999969482422,70.87000274658203,69.87000274658203,69.91000366210938,21512200.0,1503917980.7800293
2017-06-21,70.20999908447266,70.62000274658203,69.94000244140625,70.2699966430664,19891100.0,1397747530.2268982
2017-06-22,70.54000091552734,70.58999633789062,69.70999908447266,70.26000213623047,22965700.0,1613570131.060028
2017-06-23,70.08999633789062,71.25,69.91999816894531,71.20999908447266,27617300.0,1966627907.7156067
2017-06-26,71.4000015258789,71.70999908447266,70.44000244140625,70.52999877929688,19607000.0,1382881686.0656738
2017-06-27,70.11000061035156,70.18000030517578,69.18000030517578,69.20999908447266,25215100.0,1745137047.9148865
2017-06-28,69.20999908447266,69.83999633789062,68.79000091552734,69.80000305175781,25806200.0,1801272838.7542725
2017-06-29,69.37999725341797,69.48999786376953,68.08999633789062,68.48999786376953,28918700.0,1980641701.222992
2017-06-30,68.77999877929688,69.37999725341797,68.73999786376953,68.93000030517578,24161100.0,1665424630.3733826
2017-07-03,69.33000183105469,69.5999984741211,68.0199966430664,68.16999816894531,16165500.0,1102002105.4000854
2017-07-05,68.26000213623047,69.44000244140625,68.22000122070312,69.08000183105469,21176300.0,1462858842.7749634
2017-07-06,68.2699966430664,68.77999877929688,68.12000274658203,68.56999969482422,21117600.0,1448033825.55542
2017-07-07,68.69999694824219,69.83999633789062,68.69999694824219,69.45999908447266,16878300.0,1172366702.5474548
2017-07-10,69.45999908447266,70.25,69.19999694824219,69.9800033569336,15014500.0,1050714760.4026794
2017-07-11,70.0,70.68000030517578,69.75,69.98999786376953,17460000.0,1222025362.701416
2017-07-12,70.69000244140625,71.27999877929688,70.55000305175781,71.1500015258789,17750900.0,1262976562.0857239
2017-07-13,71.5,72.04000091552734,71.30999755859375,71.7699966430664,20269800.0,1454763477.9556274
2017-07-14,72.23999786376953,73.2699966430664,71.95999908447266,72.77999877929688,25868100.0,1882680286.4227295
2017-07-17,72.80000305175781,73.44999694824219,72.72000122070312,73.3499984741211,21803900.0,1599316031.729889
2017-07-18,73.08999633789062,73.38999938964844,72.66000366210938,73.30000305175781,26435300.0,1937707570.6741333
2017-07-19,73.5,74.04000091552734,73.44999694824219,73.86000061035156,22416200.0,1655660545.6817627
2017-07-20,74.18000030517578,74.30000305175781,73.27999877929688,74.22000122070312,42361000.0,3144033471.710205
2017-07-21,73.44999694824219,74.29000091552734,73.16999816894531,73.79000091552734,46717100.0,3447254851.7707825
2017-07-24,73.52999877929688,73.75,73.12999725341797,73.5999984741211,21394800.0,1574657247.354126
2017-07-25,73.80000305175781,74.30999755859375,73.5,74.19000244140625,22018700.0,1633567406.7565918
2017-07-26,74.33999633789062,74.37999725341797,73.80999755859375,74.05000305175781,16252200.0,1203475459.5977783
2017-07-27,73.76000213623047,74.41999816894531,72.31999969482422,73.16000366210938,36844200.0,2695521806.92749
2017-07-28,72.66999816894531,73.30999755859375,72.54000091552734,73.04000091552734,18306700.0,1337121384.7602844
2017-07-31,73.30000305175781,73.44000244140625,72.41000366210938,72.69999694824219,23600100.0,1715727197.9782104
2017-08-01,73.0999984741211,73.41999816894531,72.48999786376953,72.58000183105469,22132300.0,1606362374.5254517
2017-08-02,72.55000305175781,72.55999755859375,71.44000244140625,72.26000213623047,26499200.0,1914832248.6083984
2017-08-03,72.19000244140625,72.44000244140625,71.8499984741211,72.1500015258789,18214400.0,1314168987.7929688
2017-08-04,72.4000015258789,73.04000091552734,72.23999786376953,72.68000030517578,22579000.0,1641041726.890564
2017-08-07,72.80000305175781,72.9000015258789,72.26000213623047,72.4000015258789,18705700.0,1354292708.542633
2017-08-08,72.08999633789062,73.12999725341797,71.75,72.79000091552734,22044600.0,1604626454.182434
2017-08-09,72.25,72.51000213623047,72.05000305175781,72.47000122070312,22213400.0,1609805125.1159668
2017-08-10,71.9000015258789,72.19000244140625,71.3499984741211,71.41000366210938,24734500.0,1766290735.5804443
2017-08-11,71.61000061035156,72.69999694824219,71.27999877929688,72.5,21443700.0,1554668250.0
2017-08-14,73.05999755859375,73.72000122070312,72.94999694824219,73.58999633789062,20096600.0,1478908720.4040527
2017-08-15,73.58999633789062,73.58999633789062,73.04000091552734,73.22000122070312,19181400.0,1404462131.414795
2017-08-16,73.33999633789062,74.0999984741211,73.16999816894531,73.6500015258789,18150400.0,1336776987.6953125
2017-08-17,73.58000183105469,73.87000274658203,72.4000015258789,72.4000015258789,22977500.0,1663571035.0608826
2017-08-18,72.2699966430664,72.83999633789062,71.93000030517578,72.48999786376953,18761500.0,1360021094.921112
2017-08-21,72.47000122070312,72.4800033569336,71.69999694824219,72.1500015258789,17734800.0,1279565847.0611572
2017-08-22,72.3499984741211,73.23999786376953,72.3499984741211,73.16000366210938,14343700.0,1049385144.5281982
2017-08-23,72.95999908447266,73.1500015258789,72.52999877929688,72.72000122070312,13766500.0,1001099896.8048096
2017-08-24,72.73999786376953,72.86000061035156,72.06999969482422,72.69000244140625,17098300.0,1242875468.7438965
2017-08-25,72.86000061035156,73.3499984741211,72.4800033569336,72.81999969482422,12794300.0,931680922.0954895
2017-08-28,73.05999755859375,73.08999633789062,72.55000305175781,72.83000183105469,14569700.0,1061111277.6779175
2017-08-29,72.25,73.16000366210938,72.05000305175781,73.05000305175781,11478400.0,838497155.0292969
2017-08-30,73.01000213623047,74.20999908447266,72.83000183105469,74.01000213623047,16897800.0,1250606214.0975952
2017-08-31,74.02999877929688,74.95999908447266,73.80000305175781,74.7699966430664,27652800.0,2067599763.1713867
2017-09-01,74.70999908447266,74.73999786376953,73.63999938964844,73.94000244140625,21736200.0,1607174681.0668945
2017-09-05,73.33999633789062,73.88999938964844,72.9800033569336,73.61000061035156,21556000.0,1586737173.1567383
2017-09-06,73.73999786376953,74.04000091552734,73.3499984741211,73.4000015258789,16535800.0,1213727745.2316284
2017-09-07,73.68000030517578,74.5999984741211,73.5999984741211,74.33999633789062,17471200.0,1298808944.0185547
2017-09-08,74.33000183105469,74.44000244140625,73.83999633789062,73.9800033569336,14703800.0,1087787173.3596802
2017-09-11,74.30999755859375,74.94000244140625,74.30999755859375,74.76000213623047,17910400.0,1338981542.2607422
2017-09-12,74.76000213623047,75.23999786376953,74.37000274658203,74.68000030517578,14394900.0,1075011136.3929749
2017-09-13,74.93000030517578,75.2300033569336,74.55000305175781,75.20999908447266,13380800.0,1006369955.7495117
2017-09-14,75.0,75.48999786376953,74.5199966430664,74.7699966430664,15733900.0,1176423650.1823425
2017-09-15,74.83000183105469,75.38999938964844,74.06999969482422,75.30999755859375,38578400.0,2905339209.814453
2017-09-18,75.2300033569336,75.97000122070312,75.04000091552734,75.16000366210938,23307000.0,1751754205.3527832
2017-09-19,75.20999908447266,75.70999908447266,75.01000213623047,75.44000244140625,16093300.0,1214078591.2902832
2017-09-20,75.3499984741211,75.55000305175781,74.30999755859375,74.94000244140625,21587900.0,1617797278.704834
2017-09-21,75.11000061035156,75.23999786376953,74.11000061035156,74.20999908447266,19186100.0,1423800463.4346008
2017-09-22,73.98999786376953,74.51000213623047,73.8499984741211,74.41000366210938,14111400.0,1050029325.6774902
2017-09-25,74.08999633789062,74.25,72.91999816894531,73.26000213623047,24149200.0,1769170443.5882568
2017-09-26,73.66999816894531,73.80999755859375,72.98999786376953,73.26000213623047,18019600.0,1320115934.4940186
2017-09-27,73.55000305175781,74.16999816894531,73.16999816894531,73.8499984741211,19565100.0,1444882605.1460266
2017-09-28,73.54000091552734,73.97000122070312,73.30999755859375,73.87000274658203,10883800.0,803986335.8932495
2017-09-29,73.94000244140625,74.54000091552734,73.87999725341797,74.48999786376953,17079100.0,1272222122.5151062
2017-10-02,74.70999908447266,75.01000213623047,74.30000305175781,74.61000061035156,15304800.0,1141891137.3413086
2017-10-03,74.66999816894531,74.87999725341797,74.19000244140625,74.26000213623047,12190400.0,905259130.0415039
2017-10-04,74.08999633789062,74.72000122070312,73.70999908447266,74.69000244140625,13317700.0,994699045.513916
2017-10-05,75.22000122070312,76.12000274658203,74.95999908447266,75.97000122070312,21195300.0,1610206966.873169
2017-10-06,75.66999816894531,76.02999877929688,75.54000091552734,76.0,13959800.0,1060944800.0
2017-10-09,75.97000122070312,76.55000305175781,75.86000061035156,76.29000091552734,11386500.0,868676095.4246521
2017-10-10,76.33000183105469,76.62999725341797,76.13999938964844,76.29000091552734,13944500.0,1063825917.766571
2017-10-11,76.36000061035156,76.45999908447266,75.94999694824219,76.41999816894531,15388900.0,1176019709.8220825
2017-10-12,76.48999786376953,77.29000091552734,76.37000274658203,77.12000274658203,16876500.0,1301515726.3526917
2017-10-13,77.58999633789062,77.87000274658203,77.29000091552734,77.48999786376953,15335700.0,1188363360.2394104
2017-10-16,77.41999816894531,77.80999755859375,77.3499984741211,77.6500015258789,12380100.0,961314783.8905334
2017-10-17,77.47000122070312,77.62000274658203,77.25,77.58999633789062,16824000.0,1305374098.3886719
2017-10-18,77.66999816894531,77.8499984741211,77.37000274658203,77.61000061035156,13300700.0,1032267335.118103
2017-10-19,77.56999969482422,77.93000030517578,77.3499984741211,77.91000366210938,15092800.0,1175880103.2714844
2017-10-20,78.31999969482422,78.97000122070312,78.22000122070312,78.80999755859375,22866400.0,1802100928.1738281
2017-10-23,78.98999786376953,79.33999633789062,78.76000213623047,78.83000183105469,20627200.0,1626042213.7695312
2017-10-24,78.9000015258789,79.19999694824219,78.45999908447266,78.86000061035156,17517200.0,1381406402.6916504
2017-10-25,78.58000183105469,79.0999984741211,78.01000213623047,78.62999725341797,20410800.0,1604901147.9400635
2017-10-26,79.19999694824219,79.41999816894531,78.75,78.76000213623047,32120700.0,2529826400.617218
2017-10-27,84.37000274658203,86.19999694824219,83.61000061035156,83.80999755859375,71066700.0,5956099953.497314
2017-10-30,83.69999694824219,84.33000183105469,83.11000061035156,83.88999938964844,31756700.0,2664069543.6172485
2017-10-31,84.36000061035156,84.36000061035156,83.11000061035156,83.18000030517578,27086600.0,2253063396.2661743
2017-11-01,83.68000030517578,83.76000213623047,82.87999725341797,83.18000030517578,22307400.0,1855529538.8076782
2017-11-02,83.3499984741211,84.45999908447266,83.12000274658203,84.05000305175781,23992900.0,2016603318.22052
2017-11-03,84.08000183105469,84.54000091552734,83.4000015258789,84.13999938964844,17633500.0,1483682679.2373657
2017-11-06,84.19999694824219,84.69999694824219,84.08000183105469,84.47000122070312,19860900.0,1677650247.2442627
2017-11-07,84.7699966430664,84.9000015258789,83.93000030517578,84.2699966430664,17939700.0,1511778458.7776184
2017-11-08,84.13999938964844,84.61000061035156,83.83000183105469,84.55999755859375,18034200.0,1524971907.9711914
2017-11-09,84.11000061035156,84.2699966430664,82.9000015258789,84.08999633789062,21178400.0,1780891578.4423828
2017-11-10,83.79000091552734,84.0999984741211,83.2300033569336,83.87000274658203,19397800.0,1626893539.277649
2017-11-13,83.66000366210938,83.94000244140625,83.45999908447266,83.93000030517578,14196900.0,1191545821.33255
2017-11-14,83.5,84.0999984741211,82.9800033569336,84.05000305175781,18801300.0,1580249322.3770142
2017-11-15,83.47000122070312,83.69000244140625,82.69000244140625,82.9800033569336,19383100.0,1608409703.0677795
2017-11-16,83.0999984741211,83.41999816894531,82.94000244140625,83.19999694824219,20962800.0,1744104896.0266113
2017-11-17,83.12000274658203,83.12000274658203,82.23999786376953,82.4000015258789,22079000.0,1819309633.6898804
2017-11-20,82.4000015258789,82.58999633789062,82.25,82.52999877929688,16315000.0,1346476930.0842285
2017-11-21,82.73999786376953,83.83999633789062,82.73999786376953,83.72000122070312,21237500.0,1778003525.9246826
2017-11-22,83.83000183105469,83.9000015258789,83.04000091552734,83.11000061035156,20553100.0,1708168153.5446167
2017-11-24,83.01000213623047,83.43000030517578,82.77999877929688,83.26000213623047,7425600.0,618255471.862793
2017-11-27,83.30999755859375,83.9800033569336,83.30000305175781,83.87000274658203,18265200.0,1531902374.16687
2017-11-28,84.06999969482422,85.05999755859375,84.0199966430664,84.87999725341797,21926000.0,1861078819.7784424
2017-11-29,84.70999908447266,84.91999816894531,83.18000030517578,83.33999633789062,27381100.0,2281940773.727417
2017-11-30,83.51000213623047,84.5199966430664,83.33999633789062,84.16999816894531,33054600.0,2782205621.4752197
2017-12-01,83.5999984741211,84.80999755859375,83.22000122070312,84.26000213623047,29532100.0,2488374809.087372
2017-12-04,84.41999816894531,84.43000030517578,80.69999694824219,81.08000183105469,39094900.0,3169814563.5849
2017-12-05,81.33999633789062,82.68000030517578,80.9800033569336,81.58999633789062,26152300.0,2133766061.227417
2017-12-06,81.55000305175781,83.13999938964844,81.43000030517578,82.77999877929688,26162100.0,2165698606.063843
2017-12-07,82.54000091552734,82.80000305175781,82.0,82.48999786376953,23184500.0,1912489355.4725647
2017-12-08,83.62999725341797,84.58000183105469,83.33000183105469,84.16000366210938,24489100.0,2061002745.6817627
2017-12-11,84.29000091552734,85.37000274658203,84.12000274658203,85.2300033569336,22857900.0,1948178893.7324524
2017-12-12,85.30999755859375,86.05000305175781,85.08000183105469,85.58000183105469,23924100.0,2047424521.8063354
2017-12-13,85.73999786376953,86.0,85.16999816894531,85.3499984741211,22062700.0,1883051411.3349915
2017-12-14,85.43000030517578,85.87000274658203,84.52999877929688,84.69000244140625,19306000.0,1635025187.133789
2017-12-15,85.26000213623047,87.08999633789062,84.87999725341797,86.8499984741211,53936700.0,4684402312.699127
2017-12-18,87.12000274658203,87.5,86.2300033569336,86.37999725341797,22283800.0,1924874582.7957153
2017-12-19,86.3499984741211,86.3499984741211,85.2699966430664,85.83000183105469,23524800.0,2019133627.0751953
2017-12-20,86.19999694824219,86.30000305175781,84.70999908447266,85.5199966430664,23674900.0,2024677368.5249329
2017-12-21,86.05000305175781,86.0999984741211,85.4000015258789,85.5,17990700.0,1538204850.0
2017-12-22,85.4000015258789,85.62999725341797,84.91999816894531,85.51000213623047,14145800.0,1209607388.218689
2017-12-26,85.30999755859375,85.52999877929688,85.02999877929688,85.4000015258789,9891200.0,844708495.0927734
2017-12-27,85.6500015258789,85.9800033569336,85.22000122070312,85.70999908447266,14678000.0,1258051366.5618896
2017-12-28,85.9000015258789,85.93000030517578,85.55000305175781,85.72000122070312,10594300.0,908143408.9324951
2017-12-29,85.62999725341797,86.05000305175781,85.5,85.54000091552734,18717400.0,1601086413.1362915
2018-01-02,86.12999725341797,86.30999755859375,85.5,85.94999694824219,22483800.0,1932482541.3848877
2018-01-03,86.05999755859375,86.51000213623047,85.97000122070312,86.3499984741211,26061400.0,2250401850.2334595
2018-01-04,86.58999633789062,87.66000366210938,86.56999969482422,87.11000061035156,21912000.0,1908754333.3740234
2018-01-05,87.66000366210938,88.41000366210938,87.43000030517578,88.19000244140625,23407100.0,2064272206.1462402
2018-01-08,88.19999694824219,88.58000183105469,87.5999984741211,88.27999877929688,22113000.0,1952135613.0065918
2018-01-09,88.6500015258789,88.7300033569336,87.86000061035156,88.22000122070312,19484300.0,1718904969.784546
2018-01-10,87.86000061035156,88.19000244140625,87.41000366210938,87.81999969482422,18652200.0,1638036198.3078003
2018-01-11,88.12999725341797,88.12999725341797,87.23999786376953,88.08000183105469,17808900.0,1568607944.6090698
2018-01-12,88.66999816894531,89.77999877929688,88.44999694824219,89.5999984741211,24271500.0,2174726362.96463
2018-01-16,90.0999984741211,90.79000091552734,88.01000213623047,88.3499984741211,36599700.0,3233583439.15329
2018-01-17,89.08000183105469,90.27999877929688,88.75,90.13999938964844,25621200.0,2309494952.3620605
2018-01-18,89.80000305175781,90.66999816894531,89.66000366210938,90.0999984741211,24159700.0,2176788933.1352234
2018-01-19,90.13999938964844,90.61000061035156,89.66000366210938,90.0,36875000.0,3318750000.0
2018-01-22,90.0,91.62000274658203,89.73999786376953,91.61000061035156,23601600.0,2162142590.4052734
2018-01-23,91.9000015258789,92.30000305175781,91.54000091552734,91.9000015258789,23412800.0,2151636355.7250977
2018-01-24,92.55000305175781,93.43000030517578,91.58000183105469,91.81999969482422,33277500.0,3055540039.844513
2018-01-25,92.47000122070312,93.23999786376953,91.93000030517578,92.33000183105469,26383200.0,2435960904.309082
2018-01-26,93.12000274658203,94.05999755859375,92.58000183105469,94.05999755859375,29172200.0,2743937060.7788086
2018-01-29,95.13999938964844,95.44999694824219,93.72000122070312,93.91999816894531,31569900.0,2965044950.1937866
2018-01-30,93.30000305175781,93.66000366210938,92.0999984741211,92.73999786376953,38635100.0,3583019091.466522
2018-01-31,93.75,95.4000015258789,93.51000213623047,95.01000213623047,48756300.0,4632336167.154694
2018-02-01,94.79000091552734,96.06999969482422,93.58000183105469,94.26000213623047,47227900.0,4451701954.889679
2018-02-02,93.63999938964844,93.97000122070312,91.5,91.77999877929688,47867800.0,4393306625.567627
2018-02-05,90.55999755859375,93.23999786376953,88.0,88.0,51031500.0,4490772000.0
2018-02-06,86.88999938964844,91.4800033569336,85.25,91.33000183105469,67998600.0,6210312262.509155
2018-02-07,90.48999786376953,91.7699966430664,89.19999694824219,89.61000061035156,41107600.0,3683652061.090088
2018-02-08,89.70999908447266,89.87999725341797,84.76000213623047,85.01000213623047,55628700.0,4728995905.835724
2018-02-09,86.30000305175781,88.93000030517578,83.83000183105469,88.18000030517578,63499100.0,5599350657.378387
2018-02-12,88.73999786376953,89.77999877929688,87.93000030517578,89.12999725341797,35720300.0,3183750240.891266
2018-02-13,88.93000030517578,90.0,87.80000305175781,89.83000183105469,26407700.0,2372203739.353943
2018-02-14,88.51000213623047,90.98999786376953,88.41000366210938,90.80999755859375,34960900.0,3174799243.64624
2018-02-15,91.20999908447266,92.72000122070312,90.62000274658203,92.66000366210938,27823900.0,2578162675.894165
2018-02-16,92.44999694824219,93.5,91.80000305175781,92.0,30596900.0,2814914800.0
2018-02-20,91.4800033569336,93.05999755859375,91.01000213623047,92.72000122070312,30911700.0,2866132861.734009
2018-02-21,92.9800033569336,93.36000061035156,91.48999786376953,91.48999786376953,26922500.0,2463139467.487335
2018-02-22,92.05000305175781,92.7300033569336,91.36000061035156,91.7300033569336,24392800.0,2237551625.88501
2018-02-23,93.5999984741211,94.06999969482422,92.36000061035156,94.05999755859375,26329200.0,2476524487.7197266
2018-02-26,94.4000015258789,95.44999694824219,94.25,95.41999816894531,30199800.0,2881664860.7025146
2018-02-27,95.73999786376953,95.83999633789062,94.19999694824219,94.19999694824219,25869100.0,2436869141.053772
2018-02-28,94.83999633789062,95.70999908447266,93.62999725341797,93.7699966430664,31167300.0,2922557616.3734436
2018-03-01,93.98999786376953,94.56999969482422,91.83999633789062,92.8499984741211,37135600.0,3448040403.3355713
2018-03-02,91.58000183105469,93.1500015258789,90.86000061035156,93.05000305175781,32830400.0,3054868820.1904297
2018-03-05,92.33999633789062,94.2699966430664,92.26000213623047,93.63999938964844,23901600.0,2238145809.411621
2018-03-06,94.33999633789062,94.48999786376953,92.94000244140625,93.31999969482422,22175800.0,2069445649.232483
2018-03-07,93.16000366210938,93.94000244140625,92.43000030517578,93.86000061035156,26716100.0,2507573162.3062134
2018-03-08,94.2699966430664,95.0999984741211,93.7699966430664,94.43000030517578,25887800.0,2444584961.9003296
2018-03-09,95.29000091552734,96.54000091552734,95.0,96.54000091552734,36937300.0,3565926975.817108
2018-03-12,96.5,97.20999908447266,96.04000091552734,96.7699966430664,26073700.0,2523151861.4723206
2018-03-13,97.0,97.23999786376953,93.97000122070312,94.41000366210938,35387800.0,3340962327.593994
2018-03-14,95.12000274658203,95.41000366210938,93.5,93.8499984741211,32132000.0,3015588150.970459
2018-03-15,93.52999877929688,94.58000183105469,92.83000183105469,94.18000030517578,27611000.0,2600403988.4262085
2018-03-16,94.68000030517578,95.37999725341797,93.91999816894531,94.5999984741211,49081300.0,4643090905.10788
2018-03-19,93.73999786376953,93.9000015258789,92.11000061035156,92.88999938964844,33344100.0,3097333428.6483765
2018-03-20,93.05000305175781,93.7699966430664,93.0,93.12999725341797,23075200.0,2148993312.6220703
2018-03-21,92.93000030517578,94.05000305175781,92.20999908447266,92.4800033569336,24457100.0,2261792690.1008606
2018-03-22,91.2699966430664,91.75,89.66000366210938,89.79000091552734,38604700.0,3466316048.3436584
2018-03-23,89.5,90.45999908447266,87.08000183105469,87.18000030517578,44068900.0,3841926715.448761
2018-03-26,90.61000061035156,94.0,90.4000015258789,93.77999877929688,56396800.0,5288891835.15625
2018-03-27,94.94000244140625,95.13999938964844,88.51000213623047,89.47000122070312,56569000.0,5061228499.053955
2018-03-28,89.81999969482422,91.2300033569336,88.87000274658203,89.38999938964844,52501100.0,4693073296.955872
2018-03-29,90.18000030517578,92.29000091552734,88.4000015258789,91.2699966430664,45867500.0,4186326571.0258484
2018-04-02,90.47000122070312,90.87999725341797,87.51000213623047,88.5199966430664,48515400.0,4294583045.137024
2018-04-03,89.58000183105469,90.05000305175781,87.88999938964844,89.70999908447266,37213800.0,3338449963.9297485
2018-04-04,87.8499984741211,92.76000213623047,87.7300033569336,92.33000183105469,35560000.0,3283254865.1123047
2018-04-05,92.44000244140625,93.06999969482422,91.4000015258789,92.37999725341797,29771900.0,2750328040.2290344
2018-04-06,91.48999786376953,92.45999908447266,89.4800033569336,90.2300033569336,38026000.0,3431086107.650757
2018-04-09,91.04000091552734,93.16999816894531,90.62000274658203,90.7699966430664,31533900.0,2862331997.1427917
2018-04-10,92.38999938964844,93.27999877929688,91.63999938964844,92.87999725341797,26812000.0,2490298486.3586426
2018-04-11,92.01000213623047,93.29000091552734,91.4800033569336,91.86000061035156,24872100.0,2284751121.180725
2018-04-12,92.43000030517578,94.16000366210938,92.43000030517578,93.58000183105469,26758900.0,2504097910.9970093
2018-04-13,94.05000305175781,94.18000030517578,92.44000244140625,93.08000183105469,23346100.0,2173055030.747986
2018-04-16,94.06999969482422,94.66000366210938,93.41999816894531,94.16999816894531,20288100.0,1910530339.8513794
2018-04-17,95.0,96.54000091552734,94.87999725341797,96.06999969482422,26771000.0,2571889961.830139
2018-04-18,96.22000122070312,96.72000122070312,95.5199966430664,96.44000244140625,21043300.0,2029415903.3752441
2018-04-19,96.44000244140625,97.06999969482422,95.33999633789062,96.11000061035156,23552500.0,2263630789.375305
2018-04-20,95.91000366210938,96.11000061035156,94.05000305175781,95.0,31154400.0,2959668000.0
2018-04-23,95.73999786376953,96.29000091552734,94.62999725341797,95.3499984741211,22331800.0,2129337095.9243774
2018-04-24,96.23999786376953,96.47000122070312,92.41000366210938,93.12000274658203,34524800.0,3214949470.8251953
2018-04-25,93.30000305175781,93.30000305175781,90.27999877929688,92.30999755859375,33729300.0,3113551600.653076
2018-04-26,93.55000305175781,95.1500015258789,93.0999984741211,94.26000213623047,42529000.0,4008783630.8517456
2018-04-27,97.5999984741211,97.9000015258789,93.91000366210938,95.81999969482422,48272800.0,4625499681.268311
2018-04-30,96.33000183105469,96.4000015258789,93.1500015258789,93.5199966430664,41523600.0,3883286932.608032
2018-05-01,93.20999908447266,95.29000091552734,92.79000091552734,95.0,31408900.0,2983845500.0
2018-05-02,94.98999786376953,95.16999816894531,93.19000244140625,93.51000213623047,27471000.0,2568813268.684387
2018-05-03,92.95999908447266,94.93000030517578,92.44999694824219,94.06999969482422,31142500.0,2929574965.496063
2018-05-04,93.31999969482422,95.37000274658203,92.91999816894531,95.16000366210938,22531300.0,2144078590.512085
2018-05-07,95.16999816894531,96.70999908447266,95.0999984741211,96.22000122070312,24242000.0,2332565269.592285
2018-05-08,95.8499984741211,96.16000366210938,95.05999755859375,95.80999755859375,23484600.0,2250059468.664551
2018-05-09,96.01000213623047,96.97000122070312,95.05000305175781,96.94000244140625,27327400.0,2649118222.717285
2018-05-10,97.45999908447266,97.94999694824219,97.05000305175781,97.91000366210938,22388100.0,2192018952.987671
2018-05-11,97.80000305175781,97.87000274658203,97.04000091552734,97.69999694824219,16778300.0,1639239858.796692
2018-05-14,97.91999816894531,98.69000244140625,97.30999755859375,98.02999877929688,19454100.0,1907085399.2523193
2018-05-15,97.23999786376953,97.8499984741211,96.33999633789062,97.31999969482422,24594000.0,2393488072.494507
2018-05-16,97.36000061035156,97.4000015258789,96.62000274658203,97.1500015258789,17384700.0,1688923631.526947
2018-05-17,96.76000213623047,97.54000091552734,95.83000183105469,96.18000030517578,17246700.0,1658787611.2632751
2018-05-18,96.01000213623047,96.93000030517578,96.01000213623047,96.36000061035156,17865800.0,1721548498.904419
2018-05-21,97.0,98.01000213623047,96.80000305175781,97.5999984741211,19422500.0,1895635970.363617
2018-05-22,97.68000030517578,98.16999816894531,97.19999694824219,97.5,15441200.0,1505517000.0
2018-05-23,96.70999908447266,98.7300033569336,96.31999969482422,98.66000366210938,21251200.0,2096643469.8242188
2018-05-24,98.7300033569336,98.94000244140625,96.80999755859375,98.30999755859375,26649300.0,2619892617.9382324
2018-05-25,98.30000305175781,98.9800033569336,97.86000061035156,98.36000061035156,18363900.0,1806273215.208435
2018-05-29,97.83999633789062,98.87999725341797,97.2300033569336,98.01000213623047,28671000.0,2810044771.247864
2018-05-30,98.30999755859375,99.25,97.91000366210938,98.94999694824219,22158500.0,2192583507.3776245
2018-05-31,99.29000091552734,99.98999786376953,98.61000061035156,98.83999633789062,34140900.0,3374486430.97229
2018-06-01,99.27999877929688,100.86000061035156,99.16999816894531,100.79000091552734,28655600.0,2888197950.2349854
2018-06-04,101.26000213623047,101.86000061035156,100.8499984741211,101.66999816894531,27281600.0,2773720222.0458984
2018-06-05,102.0,102.33000183105469,101.52999877929688,102.19000244140625,23514400.0,2402936593.408203
2018-06-06,102.4800033569336,102.5999984741211,101.9000015258789,102.48999786376953,21122900.0,2164885975.8766174
2018-06-07,102.6500015258789,102.69000244140625,100.37999725341797,100.87999725341797,28232200.0,2848064258.457947
2018-06-08,101.08999633789062,101.94999694824219,100.54000091552734,101.62999725341797,22165100.0,2252639052.1217346
2018-06-11,101.01000213623047,101.58999633789062,100.66999816894531,101.05000305175781,23490900.0,2373755516.6885376
2018-06-12,101.0999984741211,101.44999694824219,100.75,101.30999755859375,18325200.0,1856525967.2607422
2018-06-13,101.72000122070312,102.01000213623047,100.55999755859375,100.8499984741211,29492900.0,2974358919.997406
2018-06-14,101.6500015258789,102.02999877929688,101.0,101.41999816894531,25691800.0,2605662308.956909
2018-06-15,101.51000213623047,101.52999877929688,100.06999969482422,100.12999725341797,65738600.0,6582405837.4435425
2018-06-18,100.01000213623047,101.11000061035156,99.41999816894531,100.86000061035156,23586000.0,2378883974.395752
2018-06-19,99.6500015258789,101.0,99.5,100.86000061035156,28653100.0,2889951683.4884644
2018-06-20,101.37000274658203,102.5199966430664,101.12000274658203,101.87000274658203,26180800.0,2667038167.907715
2018-06-21,102.08000183105469,102.45999908447266,100.87999725341797,101.13999938964844,23198200.0,2346265933.8409424
2018-06-22,100.41000366210938,100.7699966430664,99.62999725341797,100.41000366210938,38923100.0,3908268613.5406494
2018-06-25,100.0,100.11000061035156,97.30000305175781,98.38999938964844,35433300.0,3486282365.37323
2018-06-26,98.81999969482422,100.08000183105469,98.75,99.08000183105469,26897200.0,2664974625.250244
2018-06-27,99.58000183105469,100.0199966430664,97.4000015258789,97.54000091552734,31298400.0,3052845964.654541
2018-06-28,97.37999725341797,99.11000061035156,97.26000213623047,98.62999725341797,26650700.0,2628558467.8016663
2018-06-29,98.93000030517578,99.91000366210938,98.33000183105469,98.61000061035156,28053200.0,2766326069.1223145
2018-07-02,98.0999984741211,100.05999755859375,98.0,100.01000213623047,19564500.0,1956645686.794281
2018-07-03,100.4800033569336,100.62999725341797,98.94000244140625,99.05000305175781,14670300.0,1453093259.7702026
2018-07-05,99.5,99.91999816894531,99.02999877929688,99.76000213623047,18977400.0,1893185464.5401
2018-07-06,99.88999938964844,101.43000030517578,99.66999816894531,101.16000366210938,19234600.0,1945772206.439209
2018-07-09,101.6500015258789,102.25,101.25,101.8499984741211,18212000.0,1854892172.2106934
2018-07-10,102.0,102.51000213623047,101.86000061035156,102.12000274658203,19293100.0,1970211424.9900818
2018-07-11,101.1500015258789,102.33999633789062,101.0999984741211,101.9800033569336,19644600.0,2003356373.9456177
2018-07-12,102.7699966430664,104.41000366210938,102.7300033569336,104.19000244140625,24335900.0,2535557480.4138184
2018-07-13,104.37000274658203,105.5999984741211,104.08999633789062,105.43000030517578,24635200.0,2597289143.5180664
2018-07-16,105.4000015258789,105.81999969482422,104.5199966430664,104.91000366210938,21786900.0,2285663758.7860107
2018-07-17,104.61000061035156,106.5,104.31999969482422,105.94999694824219,25901700.0,2744285035.9542847
2018-07-18,105.94000244140625,106.05000305175781,104.72000122070312,105.12000274658203,29493900.0,3100398849.007416
2018-07-19,104.93000030517578,105.30999755859375,103.88999938964844,104.4000015258789,40171600.0,4193915101.296997
2018-07-20,108.08000183105469,108.19999694824219,106.08000183105469,106.2699966430664,56004000.0,5951544891.998291
2018-07-23,106.30000305175781,108.13999938964844,106.12999725341797,107.97000122070312,29707000.0,3207464826.2634277
2018-07-24,108.56999969482422,108.81999969482422,107.26000213623047,107.66000366210938,26316600.0,2833245252.3742676
2018-07-25,107.95999908447266,111.1500015258789,107.5999984741211,110.83000183105469,30702100.0,3402713799.217224
2018-07-26,110.73999786376953,111.0,109.5,109.62000274658203,31372100.0,3439009688.166046
2018-07-27,110.18000030517578,110.18000030517578,106.13999938964844,107.68000030517578,37005300.0,3984730715.2931213
2018-07-30,107.19000244140625,107.52999877929688,104.76000213623047,105.37000274658203,34668300.0,3652998866.21933
2018-07-31,106.48999786376953,106.72000122070312,105.37999725341797,106.08000183105469,27655200.0,2933663666.6381836
2018-08-01,106.02999877929688,106.44999694824219,105.41999816894531,106.27999877929688,23628700.0,2511258207.156372
2018-08-02,105.4000015258789,108.08999633789062,104.83999633789062,107.56999969482422,26104300.0,2808039543.0336
2018-08-03,107.80000305175781,108.05000305175781,106.81999969482422,108.04000091552734,18659600.0,2015983201.083374
2018-08-06,108.12000274658203,108.41999816894531,107.55999755859375,108.12999725341797,20265900.0,2191351711.338043
2018-08-07,108.55999755859375,109.0999984741211,108.16999816894531,108.87999725341797,16080200.0,1750812131.8344116
2018-08-08,109.33000183105469,109.75,108.76000213623047,109.48999786376953,15487500.0,1695726341.9151306
2018-08-09,109.70999908447266,110.16000366210938,109.5999984741211,109.66999816894531,13677200.0,1499978498.9562988
2018-08-10,109.41999816894531,109.69000244140625,108.37999725341797,109.0,18183700.0,1982023300.0
2018-08-13,109.23999786376953,109.58000183105469,108.0999984741211,108.20999908447266,18472500.0,1998909208.0879211
2018-08-14,108.55999755859375,109.75,108.04000091552734,109.55999755859375,16788300.0,1839326107.0129395
2018-08-15,108.48999786376953,108.98999786376953,106.81999969482422,107.66000366210938,29982800.0,3227948357.800293
2018-08-16,108.30000305175781,108.86000061035156,107.30000305175781,107.63999938964844,21384300.0,2301806038.948059
2018-08-17,107.36000061035156,107.9000015258789,106.69000244140625,107.58000183105469,18061500.0,1943056203.0715942
2018-08-20,107.51000213623047,107.9000015258789,106.4800033569336,106.87000274658203,17914200.0,1914490603.2028198
2018-08-21,106.91999816894531,107.3499984741211,105.8499984741211,105.9800033569336,22881900.0,2425023838.813019
2018-08-22,105.8499984741211,107.33999633789062,105.77999877929688,107.05999755859375,18000600.0,1927144192.0532227
2018-08-23,107.1500015258789,108.18000030517578,106.87000274658203,107.55999755859375,18167700.0,1954117767.6452637
2018-08-24,107.66999816894531,108.55999755859375,107.55999755859375,108.4000015258789,17234000.0,1868165626.296997
2018-08-27,109.2699966430664,109.63999938964844,108.51000213623047,109.5999984741211,19662300.0,2154988049.997711
2018-08-28,109.94000244140625,110.5,109.79000091552734,110.26000213623047,19151500.0,2111644430.9120178
2018-08-29,110.44999694824219,112.02999877929688,110.2699966430664,112.0199966430664,20818000.0,2332032290.1153564
2018-08-30,111.66999816894531,112.61000061035156,111.44000244140625,111.94999694824219,22798700.0,2552314395.423889
2018-08-31,111.69000244140625,112.77999877929688,111.5199966430664,112.33000183105469,23222700.0,2608605933.5220337
2018-09-04,110.8499984741211,111.95999908447266,110.22000122070312,111.70999908447266,22634600.0,2528511145.277405
2018-09-05,111.01000213623047,111.41999816894531,108.0999984741211,108.48999786376953,32872400.0,3566326605.7769775
2018-09-06,108.25,108.98999786376953,107.51000213623047,108.73999786376953,23477600.0,2552954173.8464355
2018-09-07,108.2300033569336,108.72000122070312,107.2300033569336,108.20999908447266,22498600.0,2434573485.4019165
2018-09-10,108.83999633789062,109.63999938964844,108.36000061035156,109.37999725341797,20727900.0,2267217645.0691223
2018-09-11,108.9000015258789,111.58999633789062,108.88999938964844,111.23999786376953,24301800.0,2703332180.0857544
2018-09-12,111.43000030517578,111.8499984741211,110.51000213623047,111.70999908447266,18891100.0,2110324763.7046814
2018-09-13,112.12000274658203,113.7300033569336,112.12000274658203,112.91000366210938,26055600.0,2941937891.418457
2018-09-14,113.36000061035156,113.7300033569336,112.44000244140625,113.37000274658203,19122300.0,2167895203.5209656
2018-09-17,113.69000244140625,113.69999694824219,111.86000061035156,112.13999938964844,20736500.0,2325391097.343445
2018-09-18,112.19000244140625,113.69999694824219,111.72000122070312,113.20999908447266,22170900.0,2509967568.701935
2018-09-19,113.05000305175781,113.31999969482422,111.04000091552734,111.69999694824219,21728400.0,2427062213.6901855
2018-09-20,112.27999877929688,113.80000305175781,111.93000030517578,113.56999969482422,23714500.0,2693255757.762909
2018-09-21,114.0,115.29000091552734,113.51000213623047,114.26000213623047,71229700.0,8138705674.163055
2018-09-24,113.02999877929688,114.9000015258789,112.22000122070312,114.66999816894531,27334500.0,3134447064.9490356
2018-09-25,114.80000305175781,115.0999984741211,113.75,114.44999694824219,22668000.0,2594352530.822754
2018-09-26,114.47000122070312,115.05999755859375,113.73999786376953,113.9800033569336,19352000.0,2205741024.963379
2018-09-27,114.77999877929688,114.91000366210938,114.19999694824219,114.41000366210938,19091300.0,2184235702.9144287
2018-09-28,114.19000244140625,114.56999969482422,113.68000030517578,114.37000274658203,21647800.0,2475858945.4574585
2018-10-01,114.75,115.68000030517578,114.7300033569336,115.61000061035156,18883100.0,2183075202.5253296
2018-10-02,115.30000305175781,115.83999633789062,114.44000244140625,115.1500015258789,20787200.0,2393646111.71875
2018-10-03,115.41999816894531,116.18000030517578,114.93000030517578,115.16999816894531,16648000.0,1917350129.5166016
2018-10-04,114.61000061035156,114.76000213623047,111.62999725341797,112.79000091552734,34821700.0,3927539574.8802185
2018-10-05,112.62999725341797,113.16999816894531,110.63999938964844,112.12999725341797,29068900.0,3259495677.1598816
2018-10-08,111.66000366210938,112.02999877929688,109.33999633789062,110.8499984741211,29640600.0,3285660464.7720337
2018-10-09,111.13999938964844,113.08000183105469,110.80000305175781,112.26000213623047,26198600.0,2941054891.9662476
2018-10-10,111.23999786376953,111.5,105.79000091552734,106.16000366210938,61376300.0,6515708232.766724
2018-10-11,105.3499984741211,108.93000030517578,104.19999694824219,105.91000366210938,63904300.0,6768104647.024536
2018-10-12,109.01000213623047,111.23999786376953,107.12000274658203,109.56999969482422,47742100.0,5231101882.430267
2018-10-15,108.91000366210938,109.4800033569336,106.94999694824219,107.5999984741211,32068100.0,3450527511.0679626
2018-10-16,109.54000091552734,111.41000366210938,108.94999694824219,111.0,31610200.0,3508732200.0
2018-10-17,111.68000030517578,111.80999755859375,109.55000305175781,110.70999908447266,26548200.0,2939151197.694397
2018-10-18,110.0999984741211,110.52999877929688,107.83000183105469,108.5,32506200.0,3526922700.0
2018-10-19,108.93000030517578,110.86000061035156,108.20999908447266,108.66000366210938,32785500.0,3562472550.064087
2018-10-22,109.31999969482422,110.54000091552734,108.23999786376953,109.62999725341797,26545600.0,2910194055.090332
2018-10-23,107.7699966430664,108.97000122070312,105.11000061035156,108.0999984741211,43770400.0,4731580173.21167
2018-10-24,108.41000366210938,108.48999786376953,101.58999633789062,102.31999969482422,63897800.0,6538022876.499939
2018-10-25,106.55000305175781,109.2699966430664,106.1500015258789,108.30000305175781,61646800.0,6676348628.1311035
2018-10-26,105.69000244140625,108.75,104.76000213623047,106.95999908447266,55523100.0,5938750725.167084
2018-10-29,108.11000061035156,108.69999694824219,101.62999725341797,103.8499984741211,55162000.0,5728573615.829468
2018-10-30,103.66000366210938,104.37999725341797,100.11000061035156,103.7300033569336,65350900.0,6778849076.378632
2018-10-31,105.44000244140625,108.13999938964844,105.38999938964844,106.80999755859375,51062400.0,5453974819.3359375
2018-11-01,107.05000305175781,107.31999969482422,105.52999877929688,105.91999816894531,33384200.0,3536054402.871704
2018-11-02,106.4800033569336,107.31999969482422,104.9800033569336,106.16000366210938,37680200.0,4000130169.9890137
2018-11-05,106.37000274658203,107.73999786376953,105.9000015258789,107.51000213623047,27922100.0,3001905030.648041
2018-11-06,107.37999725341797,108.83999633789062,106.27999877929688,107.72000122070312,24340200.0,2621926373.712158
2018-11-07,109.44000244140625,112.23999786376953,109.4000015258789,111.95999908447266,37901700.0,4243474297.2999573
2018-11-08,111.80000305175781,112.20999908447266,110.91000366210938,111.75,25644100.0,2865728175.0
2018-11-09,110.8499984741211,111.44999694824219,108.76000213623047,109.56999969482422,32039200.0,3510535134.222412
2018-11-12,109.41999816894531,109.95999908447266,106.0999984741211,106.87000274658203,33621800.0,3593161858.3450317
2018-11-13,107.55000305175781,108.73999786376953,106.63999938964844,106.94000244140625,35374600.0,3782959810.3637695
2018-11-14,108.0999984741211,108.26000213623047,104.47000122070312,104.97000122070312,39495100.0,4145800695.211792
2018-11-15,104.98999786376953,107.80000305175781,103.91000366210938,107.27999877929688,38505200.0,4130837808.996582
2018-11-16,107.08000183105469,108.87999725341797,106.80000305175781,108.29000091552734,33502100.0,3627942439.6720886
2018-11-19,108.2699966430664,108.55999755859375,103.55000305175781,104.62000274658203,44773900.0,4684245540.975189
2018-11-20,101.80000305175781,102.97000122070312,99.3499984741211,101.70999908447266,64052500.0,6514779716.358185
2018-11-21,103.5999984741211,104.43000030517578,102.23999786376953,103.11000061035156,28130600.0,2900546183.1695557
2018-11-23,102.16999816894531,103.80999755859375,102.0,103.06999969482422,13823100.0,1424746912.7815247
2018-11-26,104.79000091552734,106.62999725341797,104.58000183105469,106.47000122070312,32336200.0,3442835253.4729004
2018-11-27,106.2699966430664,107.33000183105469,105.36000061035156,107.13999938964844,29124500.0,3120398912.223816
2018-11-28,107.88999938964844,111.33000183105469,107.86000061035156,111.12000274658203,46788500.0,5199138248.508453
2018-11-29,110.33000183105469,111.12000274658203,109.02999877929688,110.19000244140625,28123200.0,3098895476.6601562
2018-11-30,110.69999694824219,110.97000122070312,109.36000061035156,110.88999938964844,33665600.0,3733178363.4521484
2018-12-03,113.0,113.41999816894531,110.7300033569336,112.08999633789062,34732800.0,3893199424.8046875
2018-12-04,111.94000244140625,112.63999938964844,108.20999908447266,108.5199966430664,45197000.0,4904778288.276672
2018-12-06,105.81999969482422,109.23999786376953,105.0,109.19000244140625,49107400.0,5362037125.891113
2018-12-07,108.37999725341797,109.44999694824219,104.30000305175781,104.81999969482422,45044900.0,4721606404.253387
2018-12-10,104.80000305175781,107.9800033569336,103.88999938964844,107.58999633789062,40801500.0,4389833235.580444
2018-12-11,109.80000305175781,110.94999694824219,107.44000244140625,108.58999633789062,42381900.0,4602250365.792847
2018-12-12,110.88999938964844,111.2699966430664,109.04000091552734,109.08000183105469,36183000.0,3946841706.2530518
2018-12-13,109.58000183105469,110.87000274658203,108.62999725341797,109.44999694824219,31333400.0,3429440534.3780518
2018-12-14,108.25,109.26000213623047,105.5,106.02999877929688,47043100.0,4987979835.574341
2018-12-17,105.41000366210938,105.80000305175781,101.70999908447266,102.88999938964844,56957300.0,5860336562.236023
2018-12-18,103.75,104.51000213623047,102.5199966430664,103.97000122070312,49319200.0,5127717284.204102
2018-12-19,103.6500015258789,106.87999725341797,101.3499984741211,103.69000244140625,68198200.0,7071471524.499512
2018-12-20,103.05000305175781,104.30999755859375,98.77999877929688,101.51000213623047,70334200.0,7139624792.250061
2018-12-21,101.62999725341797,103.0,97.45999908447266,98.2300033569336,111242100.0,10927311856.432343
2018-12-24,97.68000030517578,97.97000122070312,93.9800033569336,94.12999725341797,43935200.0,4135620255.328369
2018-12-26,95.13999938964844,100.69000244140625,93.95999908447266,100.55999755859375,51634800.0,5192395361.938477
2018-12-27,99.30000305175781,101.19000244140625,96.4000015258789,101.18000030517578,49498500.0,5008258245.105743
2018-12-28,102.08999633789062,102.41000366210938,99.5199966430664,100.38999938964844,38196300.0,3834526533.6868286
2018-12-31,101.29000091552734,102.4000015258789,100.44000244140625,101.56999969482422,33173800.0,3369462855.8761597
2019-01-02,99.55000305175781,101.75,98.94000244140625,101.12000274658203,35329300.0,3572498913.0348206
2019-01-03,100.0999984741211,100.19000244140625,97.19999694824219,97.4000015258789,42579100.0,4147204404.9705505
2019-01-04,99.72000122070312,102.51000213623047,98.93000030517578,101.93000030517578,44060600.0,4491096971.446228
2019-01-07,101.63999938964844,103.2699966430664,100.9800033569336,102.05999755859375,35656100.0,3639061478.9489746
2019-01-08,103.04000091552734,103.97000122070312,101.70999908447266,102.80000305175781,31514400.0,3239680416.1743164
2019-01-09,103.86000061035156,104.87999725341797,103.23999786376953,104.2699966430664,32280800.0,3365918907.635498
2019-01-10,103.22000122070312,103.75,102.37999725341797,103.5999984741211,30067600.0,3115003314.1204834
2019-01-11,103.19000244140625,103.44000244140625,101.63999938964844,102.80000305175781,28314200.0,2910699846.408081
2019-01-14,101.9000015258789,102.87000274658203,101.26000213623047,102.05000305175781,28437100.0,2902006141.783142
2019-01-15,102.51000213623047,105.05000305175781,101.87999725341797,105.01000213623047,31587600.0,3317013943.4783936
2019-01-16,105.26000213623047,106.26000213623047,104.95999908447266,105.37999725341797,29853900.0,3146003900.0038147
2019-01-17,105.0,106.62999725341797,104.76000213623047,106.12000274658203,28393000.0,3013065237.9837036
2019-01-18,107.45999908447266,107.9000015258789,105.91000366210938,107.70999908447266,37427600.0,4031326761.734009
2019-01-22,106.75,107.0999984741211,104.86000061035156,105.68000030517578,32371300.0,3420998993.878937
2019-01-23,106.12000274658203,107.04000091552734,105.33999633789062,106.70999908447266,25874300.0,2761046529.311371
2019-01-24,106.86000061035156,107.0,105.33999633789062,106.19999694824219,23164800.0,2460101689.3066406
2019-01-25,107.23999786376953,107.87999725341797,106.19999694824219,107.16999816894531,31225600.0,3346447494.8242188
2019-01-28,106.26000213623047,106.4800033569336,104.66000366210938,105.08000183105469,29476700.0,3097411689.9734497
2019-01-29,104.87999725341797,104.97000122070312,102.16999816894531,102.94000244140625,31490500.0,3241632146.8811035
2019-01-30,104.62000274658203,106.37999725341797,104.33000183105469,106.37999725341797,49471900.0,5262820586.121368
2019-01-31,103.80000305175781,105.22000122070312,103.18000030517578,104.43000030517578,55636400.0,5810109268.978882
2019-02-01,103.77999877929688,104.0999984741211,102.3499984741211,102.77999877929688,35535700.0,3652359202.62146
2019-02-04,102.87000274658203,105.80000305175781,102.7699966430664,105.73999786376953,31315100.0,3311258607.1037292
2019-02-05,106.05999755859375,107.2699966430664,105.95999908447266,107.22000122070312,27325400.0,2929829421.356201
2019-02-06,107.0,107.0,105.52999877929688,106.02999877929688,20609800.0,2185257068.8415527
2019-02-07,105.19000244140625,105.58999633789062,104.29000091552734,105.2699966430664,29760700.0,3132908789.0953064
2019-02-08,104.38999938964844,105.77999877929688,104.26000213623047,105.66999816894531,21461100.0,2267794397.7035522
2019-02-11,106.19999694824219,106.58000183105469,104.97000122070312,105.25,18914100.0,1990709025.0
2019-02-12,106.13999938964844,107.13999938964844,105.4800033569336,106.88999938964844,25056600.0,2678299958.706665
2019-02-13,107.5,107.77999877929688,106.70999908447266,106.80999755859375,18394900.0,1964759224.0905762
2019-02-14,106.30999755859375,107.29000091552734,105.66000366210938,106.9000015258789,21784700.0,2328784463.240814
2019-02-15,107.91000366210938,108.30000305175781,107.36000061035156,108.22000122070312,26606900.0,2879398750.479126
2019-02-19,107.79000091552734,108.66000366210938,107.77999877929688,108.16999816894531,18038500.0,1951224511.97052
2019-02-20,107.86000061035156,107.94000244140625,106.29000091552734,107.1500015258789,21607700.0,2315265087.9707336
2019-02-21,106.9000015258789,109.4800033569336,106.87000274658203,109.41000366210938,29063200.0,3179804818.432617
2019-02-22,110.05000305175781,111.19999694824219,109.81999969482422,110.97000122070312,27763200.0,3080882337.890625
2019-02-25,111.76000213623047,112.18000030517578,111.26000213623047,111.58999633789062,23750600.0,2650329367.022705
2019-02-26,111.26000213623047,113.23999786376953,111.16999816894531,112.36000061035156,21536700.0,2419863625.1449585
2019-02-27,111.69000244140625,112.36000061035156,110.87999725341797,112.16999816894531,21487100.0,2410207967.655945
2019-02-28,112.04000091552734,112.87999725341797,111.7300033569336,112.02999877929688,29083900.0,3258269281.4971924
2019-03-01,112.88999938964844,113.0199966430664,111.66999816894531,112.52999877929688,23501200.0,2644590007.3120117
2019-03-04,113.0199966430664,113.25,110.80000305175781,112.26000213623047,26608000.0,2987014136.8408203
2019-03-05,112.25,112.38999938964844,111.2300033569336,111.69999694824219,19538300.0,2182428050.3738403
2019-03-06,111.87000274658203,112.66000366210938,111.43000030517578,111.75,17687000.0,1976522250.0
2019-03-07,111.4000015258789,111.55000305175781,109.87000274658203,110.38999938964844,25339000.0,2797172194.5343018
2019-03-08,109.16000366210938,110.70999908447266,108.80000305175781,110.51000213623047,22818400.0,2521661432.7453613
2019-03-11,110.98999786376953,112.94999694824219,110.9800033569336,112.83000183105469,26491600.0,2989047276.5075684
2019-03-12,112.81999969482422,113.98999786376953,112.6500015258789,113.62000274658203,26132700.0,2969197445.7756042
2019-03-13,114.12999725341797,115.0,113.77999877929688,114.5,35513800.0,4066330100.0
2019-03-14,114.54000091552734,115.19999694824219,114.33000183105469,114.58999633789062,30763400.0,3525177893.3410645
2019-03-15,115.33999633789062,117.25,114.58999633789062,115.91000366210938,54681100.0,6338086501.248169
2019-03-18,116.16999816894531,117.61000061035156,116.05000305175781,117.56999969482422,31207600.0,3669077522.4761963
2019-03-19,118.08999633789062,118.44000244140625,116.98999786376953,117.6500015258789,37588700.0,4422310612.355804
2019-03-20,117.38999938964844,118.75,116.70999908447266,117.5199966430664,28113300.0,3303874921.625519
2019-03-21,117.13999938964844,120.81999969482422,117.08999633789062,120.22000122070312,29854400.0,3589096004.4433594
2019-03-22,119.5,119.58999633789062,117.04000091552734,117.05000305175781,33624500.0,3935747827.6138306
2019-03-25,116.55999755859375,118.01000213623047,116.31999969482422,117.66000366210938,27067100.0,3184715085.1226807
2019-03-26,118.62000274658203,118.70999908447266,116.8499984741211,117.91000366210938,26097700.0,3077179902.572632
2019-03-27,117.87999725341797,118.20999908447266,115.5199966430664,116.7699966430664,22733400.0,2654579041.685486
2019-03-28,117.44000244140625,117.58000183105469,116.12999725341797,116.93000030517578,18334800.0,2143888169.595337
2019-03-29,118.06999969482422,118.31999969482422,116.95999908447266,117.94000244140625,25399800.0,2995652474.0112305
2019-04-01,118.94999694824219,119.11000061035156,118.0999984741211,119.0199966430664,22789100.0,2712358605.4985046
2019-04-02,119.05999755859375,119.4800033569336,118.5199966430664,119.19000244140625,18142300.0,2162380781.2927246
2019-04-03,119.86000061035156,120.43000030517578,119.1500015258789,119.97000122070312,22860700.0,2742598206.906128
2019-04-04,120.0999984741211,120.2300033569336,118.37999725341797,119.36000061035156,20112800.0,2400663820.275879
2019-04-05,119.38999938964844,120.2300033569336,119.37000274658203,119.88999938964844,15826200.0,1897403108.340454
2019-04-08,119.80999755859375,120.0199966430664,118.63999938964844,119.93000030517578,15116200.0,1812885870.6130981
2019-04-09,118.62999725341797,119.54000091552734,118.58000183105469,119.27999877929688,17612000.0,2100759338.5009766
2019-04-10,119.76000213623047,120.3499984741211,119.54000091552734,120.19000244140625,16477200.0,1980394708.227539
2019-04-11,120.54000091552734,120.8499984741211,119.91999816894531,120.33000183105469,14209100.0,1709781029.0176392
2019-04-12,120.63999938964844,120.9800033569336,120.37000274658203,120.94999694824219,19745100.0,2388169784.742737
2019-04-15,120.94000244140625,121.58000183105469,120.56999969482422,121.05000305175781,15792600.0,1911694278.1951904
2019-04-16,121.63999938964844,121.6500015258789,120.0999984741211,120.7699966430664,14071800.0,1699451238.7619019
2019-04-17,121.23999786376953,121.8499984741211,120.54000091552734,121.7699966430664,19300900.0,2350270528.2081604
2019-04-18,122.19000244140625,123.5199966430664,121.30000305175781,123.37000274658203,27991000.0,3453249746.8795776
2019-04-22,122.62000274658203,124.0,122.56999969482422,123.76000213623047,15648700.0,1936683145.4292297
2019-04-23,124.0999984741211,125.58000183105469,123.83000183105469,125.44000244140625,24025500.0,3013758778.656006
2019-04-24,125.79000091552734,125.8499984741211,124.5199966430664,125.01000213623047,31257000.0,3907437636.772156
2019-04-25,130.05999755859375,131.3699951171875,128.8300018310547,129.14999389648438,38033900.0,4912077952.859497
2019-04-26,129.6999969482422,130.52000427246094,129.02000427246094,129.88999938964844,23654900.0,3072534946.562195
2019-04-29,129.89999389648438,130.17999267578125,129.35000610351562,129.77000427246094,16324200.0,2118391503.7445068
2019-04-30,129.80999755859375,130.6999969482422,129.38999938964844,130.60000610351562,24166500.0,3156145047.5006104
2019-05-01,130.52999877929688,130.64999389648438,127.69999694824219,127.87999725341797,26821700.0,3429958922.3320007
2019-05-02,127.9800033569336,128.0,125.5199966430664,126.20999908447266,27350200.0,3451868716.960144
2019-05-03,127.36000061035156,129.42999267578125,127.25,128.89999389648438,24911100.0,3211040637.954712
2019-05-06,126.38999938964844,128.55999755859375,126.11000061035156,128.14999389648438,24239800.0,3106330222.052002
2019-05-07,126.45999908447266,127.18000030517578,124.22000122070312,125.5199966430664,36017700.0,4520941583.090973
2019-05-08,125.44000244140625,126.37000274658203,124.75,125.51000213623047,28419000.0,3566868750.7095337
2019-05-09,124.29000091552734,125.79000091552734,123.56999969482422,125.5,27235800.0,3418092900.0
2019-05-10,124.91000366210938,127.93000030517578,123.81999969482422,127.12999725341797,30915100.0,3930236578.089142
2019-05-13,124.11000061035156,125.55000305175781,123.04000091552734,123.3499984741211,33944900.0,4187103363.204193
2019-05-14,123.87000274658203,125.87999725341797,123.69999694824219,124.7300033569336,25266300.0,3151465683.8172913
2019-05-15,124.26000213623047,126.70999908447266,123.69999694824219,126.0199966430664,24722700.0,3115554571.007538
2019-05-16,126.75,129.3800048828125,126.45999908447266,128.92999267578125,30112200.0,3882365725.45166
2019-05-17,128.30999755859375,130.4600067138672,127.91999816894531,128.07000732421875,25770500.0,3300428123.7487793
2019-05-20,126.5199966430664,127.58999633789062,125.76000213623047,126.22000122070312,23706900.0,2992284946.939087
2019-05-21,127.43000030517578,127.52999877929688,126.58000183105469,126.9000015258789,15293300.0,1940719793.3357239
2019-05-22,126.62000274658203,128.24000549316406,126.5199966430664,127.66999816894531,15396500.0,1965671126.8081665
2019-05-23,126.19999694824219,126.29000091552734,124.73999786376953,126.18000030517578,23603800.0,2978327491.203308
2019-05-24,126.91000366210938,127.41999816894531,125.97000122070312,126.23999786376953,14123400.0,1782937985.8291626
2019-05-28,126.9800033569336,128.0,126.05000305175781,126.16000366210938,23128400.0,2917879028.6987305
2019-05-29,125.37999725341797,125.38999938964844,124.04000091552734,124.94000244140625,22763100.0,2844021769.5739746
2019-05-30,125.26000213623047,125.76000213623047,124.77999877929688,125.7300033569336,16829600.0,2115985664.4958496
2019-05-31,124.2300033569336,124.62000274658203,123.31999969482422,123.68000030517578,26646800.0,3295676232.131958
2019-06-03,123.8499984741211,124.37000274658203,119.01000213623047,119.83999633789062,37983600.0,4551954484.899902
2019-06-04,121.27999877929688,123.27999877929688,120.6500015258789,123.16000366210938,29382600.0,3618761123.602295
2019-06-05,124.94999694824219,125.87000274658203,124.20999908447266,125.83000183105469,24926100.0,3136451208.6410522
2019-06-06,126.44000244140625,127.97000122070312,125.5999984741211,127.81999969482422,21459000.0,2742889373.451233
2019-06-07,129.19000244140625,132.25,128.25999450683594,131.39999389648438,33885600.0,4452567633.178711
2019-06-10,132.39999389648438,134.0800018310547,132.0,132.60000610351562,26477100.0,3510863621.6033936
2019-06-11,133.8800048828125,134.24000549316406,131.27999877929688,132.10000610351562,23913700.0,3158999915.9576416
2019-06-12,131.39999389648438,131.97000122070312,130.7100067138672,131.49000549316406,17092500.0,2247492918.8919067
2019-06-13,131.97999572753906,133.0,131.55999755859375,132.32000732421875,17200800.0,2276009981.982422
2019-06-14,132.25999450683594,133.7899932861328,131.63999938964844,132.4499969482422,17821700.0,2360484110.612488
2019-06-17,132.6300048828125,133.72999572753906,132.52999877929688,132.85000610351562,14517800.0,1928689818.6096191
2019-06-18,134.19000244140625,135.24000549316406,133.57000732421875,135.16000366210938,25934500.0,3505307114.9749756
2019-06-19,135.0,135.92999267578125,133.80999755859375,135.69000244140625,23744400.0,3221877693.9697266
2019-06-20,137.4499969482422,137.66000366210938,135.72000122070312,136.9499969482422,33042600.0,4525183969.161987
2019-06-21,136.5800018310547,137.72999572753906,136.4600067138672,136.97000122070312,36727900.0,5030620507.833862
2019-06-24,137.0,138.39999389648438,137.0,137.77999877929688,20628800.0,2842236038.8183594
2019-06-25,137.25,137.58999633789062,132.72999572753906,133.42999267578125,33327400.0,4446874737.902832
2019-06-26,134.35000610351562,135.74000549316406,133.60000610351562,133.92999267578125,23657700.0,3168475587.72583
2019-06-27,134.13999938964844,134.7100067138672,133.50999450683594,134.14999389648438,16557500.0,2221188523.94104
2019-06-28,134.57000732421875,134.60000610351562,133.16000366210938,133.9600067138672,30043000.0,4024560481.704712
2019-07-01,136.6300048828125,136.6999969482422,134.97000122070312,135.67999267578125,22613500.0,3068199514.3737793
2019-07-02,136.1199951171875,136.58999633789062,135.33999633789062,136.5800018310547,15237800.0,2081178751.901245
2019-07-03,136.8000030517578,137.74000549316406,136.2899932861328,137.4600067138672,13629300.0,1873483669.50531
2019-07-05,135.94000244140625,137.3300018310547,135.72000122070312,137.05999755859375,18141100.0,2486419121.710205
2019-07-08,136.39999389648438,137.10000610351562,135.3699951171875,136.9600067138672,16779700.0,2298147824.6566772
2019-07-09,136.0,136.97000122070312,135.8000030517578,136.4600067138672,19953100.0,2722800159.9624634
2019-07-10,137.1300048828125,138.5800018310547,137.02000427246094,137.85000610351562,24204400.0,3336576687.7319336
2019-07-11,138.1999969482422,139.22000122070312,137.8699951171875,138.39999389648438,22327900.0,3090181223.7213135
2019-07-12,138.85000610351562,139.1300048828125,138.00999450683594,138.89999389648438,18936800.0,2630321404.4189453
2019-07-15,139.44000244140625,139.5399932861328,138.4600067138672,138.89999389648438,16651500.0,2312893248.3673096
2019-07-16,138.9600067138672,139.0500030517578,136.52000427246094,137.0800018310547,22726100.0,3115293829.612732
2019-07-17,137.6999969482422,137.92999267578125,136.22000122070312,136.27000427246094,20211000.0,2754153056.350708
2019-07-18,135.5500030517578,136.6199951171875,134.6699981689453,136.4199981689453,30381800.0,4144685100.3692627
2019-07-19,140.22000122070312,140.6699981689453,136.4499969482422,136.6199951171875,48992400.0,6693341448.779297
2019-07-22,137.41000366210938,139.19000244140625,137.3300018310547,138.42999267578125,25074900.0,3471118223.3459473
2019-07-23,139.75999450683594,139.99000549316406,138.02999877929688,139.2899932861328,18034600.0,2512039312.918091
2019-07-24,138.89999389648438,140.74000549316406,138.85000610351562,140.72000122070312,20738300.0,2918293601.3153076
2019-07-25,140.42999267578125,140.61000061035156,139.32000732421875,140.19000244140625,18356900.0,2573453855.8166504
2019-07-26,140.3699951171875,141.67999267578125,140.3000030517578,141.33999633789062,19037600.0,2690774314.2822266
2019-07-29,141.5,141.50999450683594,139.3699951171875,141.02999877929688,16605900.0,2341930056.729126
2019-07-30,140.13999938964844,141.22000122070312,139.8000030517578,140.35000610351562,16846500.0,2364406377.822876
2019-07-31,140.3300018310547,140.49000549316406,135.0800018310547,136.27000427246094,38598800.0,5259858640.911865
2019-08-01,137.0,140.94000244140625,136.92999267578125,138.05999755859375,40557500.0,5599368350.982666
2019-08-02,138.08999633789062,138.32000732421875,135.25999450683594,136.89999389648438,30791600.0,4215369852.0629883
2019-08-05,133.3000030517578,133.92999267578125,130.77999877929688,132.2100067138672,42749600.0,5651924903.015137
2019-08-06,133.8000030517578,135.67999267578125,133.2100067138672,134.69000244140625,32696700.0,4403918602.825928
2019-08-07,133.7899932861328,135.64999389648438,131.8300018310547,135.27999877929688,33414500.0,4520313519.210815
2019-08-08,136.60000610351562,138.99000549316406,135.92999267578125,138.88999938964844,27496500.0,3818988868.2174683
2019-08-09,138.61000061035156,139.3800048828125,136.4600067138672,137.7100067138672,23466700.0,3231599414.552307
2019-08-12,137.07000732421875,137.86000061035156,135.24000549316406,135.7899932861328,20484300.0,2781562959.4711304
2019-08-13,136.0500030517578,138.8000030517578,135.0,138.60000610351562,25154600.0,3486427713.531494
2019-08-14,136.36000061035156,136.9199981689453,133.6699981689453,133.97999572753906,32527300.0,4358007515.028381
2019-08-15,134.38999938964844,134.5800018310547,132.25,133.67999267578125,28074400.0,3752985586.376953
2019-08-16,134.8800048828125,136.4600067138672,134.72000122070312,136.1300048828125,24449100.0,3328256102.380371
2019-08-19,137.85000610351562,138.5500030517578,136.88999938964844,138.41000366210938,24355700.0,3371072526.1932373
2019-08-20,138.2100067138672,138.7100067138672,137.24000549316406,137.25999450683594,21170800.0,2905903891.7053223
2019-08-21,138.5500030517578,139.49000549316406,138.0,138.7899932861328,14970300.0,2077727836.491394
2019-08-22,138.66000366210938,139.1999969482422,136.2899932861328,137.77999877929688,18697000.0,2576072637.1765137
2019-08-23,137.19000244140625,138.35000610351562,132.8000030517578,133.38999938964844,38508600.0,5136662130.496216
2019-08-26,134.99000549316406,135.55999755859375,133.89999389648438,135.4499969482422,20312600.0,2751341608.0108643
2019-08-27,136.38999938964844,136.72000122070312,134.66000366210938,135.74000549316406,23102100.0,3135879180.9036255
2019-08-28,134.8800048828125,135.75999450683594,133.5500030517578,135.55999755859375,17393300.0,2357835705.5358887
2019-08-29,137.25,138.44000244140625,136.91000366210938,138.1199951171875,20168700.0,2785700745.5200195
2019-08-30,139.14999389648438,139.17999267578125,136.27000427246094,137.86000061035156,23940100.0,3300382200.6118774
2019-09-03,136.61000061035156,137.1999969482422,135.6999969482422,136.0399932861328,18869300.0,2566979445.314026
2019-09-04,137.3000030517578,137.69000244140625,136.47999572753906,137.6300048828125,17995900.0,2476775804.8706055
2019-09-05,139.11000061035156,140.3800048828125,138.75999450683594,140.0500030517578,26101800.0,3655557169.656372
2019-09-06,140.02999877929688,140.17999267578125,138.1999969482422,139.10000610351562,20824500.0,2896688077.102661
2019-09-09,139.58999633789062,139.75,136.4600067138672,137.52000427246094,25773900.0,3544426838.117981
2019-09-10,136.8000030517578,136.88999938964844,134.50999450683594,136.0800018310547,28903400.0,3933174724.923706
2019-09-11,135.91000366210938,136.27000427246094,135.08999633789062,136.1199951171875,24726100.0,3365716611.26709
2019-09-12,137.85000610351562,138.4199981689453,136.8699951171875,137.52000427246094,27010000.0,3714415315.39917
2019-09-13,137.77999877929688,138.05999755859375,136.57000732421875,137.32000732421875,23363100.0,3208221063.116455
2019-09-16,135.8300018310547,136.6999969482422,135.66000366210938,136.3300018310547,16731400.0,2280991792.6361084
2019-09-17,136.9600067138672,137.52000427246094,136.42999267578125,137.38999938964844,17814200.0,2447492927.127075
2019-09-18,137.36000061035156,138.6699981689453,136.52999877929688,138.52000427246094,23982100.0,3322000594.4625854
2019-09-19,140.3000030517578,142.3699951171875,140.07000732421875,141.07000732421875,35772100.0,5046370409.002686
2019-09-20,141.00999450683594,141.64999389648438,138.25,139.44000244140625,39167300.0,5461488407.623291
2019-09-23,139.22999572753906,139.6300048828125,138.44000244140625,139.13999938964844,17139300.0,2384762191.5390015
2019-09-24,140.36000061035156,140.69000244140625,136.8800048828125,137.3800048828125,29773200.0,4090242361.376953
2019-09-25,137.5,139.9600067138672,136.02999877929688,139.36000061035156,21382000.0,2979795533.050537
2019-09-26,139.44000244140625,140.17999267578125,138.44000244140625,139.5399932861328,17456600.0,2435893846.798706
2019-09-27,140.14999389648438,140.36000061035156,136.64999389648438,137.72999572753906,22477700.0,3095853524.964905
2019-09-30,138.0500030517578,139.22000122070312,137.77999877929688,139.02999877929688,17280900.0,2402563505.9051514
2019-10-01,139.66000366210938,140.25,137.0,137.07000732421875,21466600.0,2942427019.226074
2019-10-02,136.25,136.3699951171875,133.5800018310547,134.64999389648438,30521700.0,4109746718.710327
2019-10-03,134.9499969482422,136.75,133.22000122070312,136.27999877929688,24132900.0,3288831582.5408936
2019-10-04,136.75,138.25,136.4199981689453,138.1199951171875,22897700.0,3162630212.194824
2019-10-07,137.13999938964844,138.17999267578125,137.02000427246094,137.1199951171875,15303700.0,2098443269.2749023
2019-10-08,137.0800018310547,137.75999450683594,135.6199951171875,135.6699981689453,25550500.0,3466436288.215637
2019-10-09,137.4600067138672,138.6999969482422,136.97000122070312,138.24000549316406,19749900.0,2730226284.489441
2019-10-10,138.49000549316406,139.6699981689453,138.25,139.10000610351562,17654600.0,2455754967.755127
2019-10-11,140.1199951171875,141.02999877929688,139.5,139.67999267578125,25446000.0,3554297093.6279297
2019-10-14,139.69000244140625,140.2899932861328,139.52000427246094,139.5500030517578,13304300.0,1856615105.6015015
2019-10-15,140.05999755859375,141.7899932861328,139.80999755859375,141.57000732421875,19695700.0,2788320393.255615
2019-10-16,140.7899932861328,140.99000549316406,139.52999877929688,140.41000366210938,20751600.0,2913732231.994629
2019-10-17,140.9499969482422,141.4199981689453,139.02000427246094,139.69000244140625,21460600.0,2997831266.394043
2019-10-18,139.75999450683594,140.0,136.55999755859375,137.41000366210938,32273500.0,4434701753.189087
2019-10-21,138.4499969482422,138.5,137.00999450683594,138.42999267578125,20078200.0,2779425078.942871
2019-10-22,138.97000122070312,140.00999450683594,136.25999450683594,136.3699951171875,27431000.0,3740765336.0595703
2019-10-23,136.8800048828125,137.4499969482422,135.61000061035156,137.24000549316406,29844600.0,4095873067.941284
2019-10-24,139.38999938964844,140.4199981689453,138.6699981689453,139.94000244140625,37029300.0,5181880332.403564
2019-10-25,139.33999633789062,141.13999938964844,139.1999969482422,140.72999572753906,25959700.0,3653308470.088196
2019-10-28,144.39999389648438,145.6699981689453,143.50999450683594,144.19000244140625,35280100.0,5087037705.133057
2019-10-29,144.0800018310547,144.5,142.64999389648438,142.8300018310547,20589500.0,2940798322.7005005
2019-10-30,143.52000427246094,145.0,142.7899932861328,144.61000061035156,18496600.0,2674793337.2894287
2019-10-31,144.89999389648438,144.92999267578125,142.99000549316406,143.3699951171875,24605100.0,3527633066.85791
2019-11-01,144.25999450683594,144.4199981689453,142.97000122070312,143.72000122070312,33128400.0,4761213688.439941
2019-11-04,144.8300018310547,145.0,144.16000366210938,144.5500030517578,16912000.0,2444629651.611328
2019-11-05,144.97000122070312,145.02000427246094,143.91000366210938,144.4600067138672,18250200.0,2636424014.529419
2019-11-06,144.3699951171875,144.52000427246094,143.1999969482422,144.05999755859375,16575800.0,2387909707.5317383
2019-11-07,143.83999633789062,144.8800048828125,143.77000427246094,144.25999450683594,17786700.0,2565909244.294739
2019-11-08,143.97999572753906,145.99000549316406,143.75999450683594,145.9600067138672,16732700.0,2442305004.3411255
2019-11-11,145.33999633789062,146.4199981689453,144.72999572753906,146.11000061035156,14362600.0,2098519494.7662354
2019-11-12,146.27999877929688,147.57000732421875,146.05999755859375,147.07000732421875,18641600.0,2741620248.5351562
2019-11-13,146.74000549316406,147.4600067138672,146.27999877929688,147.30999755859375,16919200.0,2492367310.6933594
2019-11-14,147.02000427246094,148.41000366210938,147.0,148.05999755859375,19729800.0,2921194139.831543
2019-11-15,148.92999267578125,149.99000549316406,148.27000427246094,149.97000122070312,23485700.0,3522150457.6690674
2019-11-18,150.07000732421875,150.5500030517578,148.97999572753906,150.33999633789062,21534000.0,3237421481.1401367
2019-11-19,150.8800048828125,151.3300018310547,150.1999969482422,150.38999938964844,23935700.0,3599689908.390808
2019-11-20,150.30999755859375,150.83999633789062,148.4600067138672,149.6199951171875,25696800.0,3844755090.5273438
2019-11-21,149.39999389648438,149.8000030517578,148.5,149.47999572753906,18576100.0,2776755348.6343384
2019-11-22,150.07000732421875,150.3000030517578,148.82000732421875,149.58999633789062,15901800.0,2378750203.765869
2019-11-25,150.0,151.35000610351562,149.9199981689453,151.22999572753906,22420900.0,3390712611.2075806
2019-11-26,151.36000061035156,152.4199981689453,151.32000732421875,152.02999877929688,24620100.0,3742993772.946167
2019-11-27,152.3300018310547,152.5,151.52000427246094,152.32000732421875,15184400.0,2312887919.213867
2019-11-29,152.10000610351562,152.3000030517578,151.27999877929688,151.3800048828125,11977300.0,1813123732.4829102
2019-12-02,151.80999755859375,151.8300018310547,148.32000732421875,149.5500030517578,27418400.0,4100421803.6743164
2019-12-03,147.49000549316406,149.42999267578125,146.64999389648438,149.30999755859375,24066000.0,3593294401.245117
2019-12-04,150.13999938964844,150.17999267578125,149.1999969482422,149.85000610351562,17574700.0,2633568902.267456
2019-12-05,150.0500030517578,150.32000732421875,149.47999572753906,149.92999267578125,17869100.0,2679114032.1228027
2019-12-06,150.99000549316406,151.8699951171875,150.27000427246094,151.75,16403500.0,2489231125.0
2019-12-09,151.07000732421875,152.2100067138672,150.91000366210938,151.36000061035156,16687400.0,2525804874.1851807
2019-12-10,151.2899932861328,151.88999938964844,150.75999450683594,151.1300048828125,16476100.0,2490033073.449707
2019-12-11,151.5399932861328,151.8699951171875,150.3300018310547,151.6999969482422,18856600.0,2860546162.4542236
2019-12-12,151.64999389648438,153.44000244140625,151.02000427246094,153.24000549316406,24612100.0,3771558339.198303
2019-12-13,153.0,154.88999938964844,152.8300018310547,154.52999877929688,23845400.0,3684829632.8918457
2019-12-16,155.11000061035156,155.89999389648438,154.82000732421875,155.52999877929688,24144200.0,3755147396.5270996
2019-12-17,155.4499969482422,155.7100067138672,154.4499969482422,154.69000244140625,25425600.0,3933086126.0742188
2019-12-18,154.3000030517578,155.47999572753906,154.17999267578125,154.3699951171875,24129200.0,3724824486.1816406
2019-12-19,154.0,155.77000427246094,153.75,155.7100067138672,24958900.0,3886350486.5707397
2019-12-20,157.35000610351562,158.49000549316406,156.2899932861328,157.41000366210938,53477500.0,8417893470.840454
2019-12-23,158.1199951171875,158.1199951171875,157.27000427246094,157.41000366210938,17718200.0,2789021926.8859863
2019-12-24,157.47999572753906,157.7100067138672,157.1199951171875,157.3800048828125,8989200.0,1414720339.8925781
2019-12-26,157.55999755859375,158.72999572753906,157.39999389648438,158.6699981689453,14520600.0,2303983575.4119873
2019-12-27,159.4499969482422,159.5500030517578,158.22000122070312,158.9600067138672,18412800.0,2926898811.6210938
2019-12-30,158.99000549316406,159.02000427246094,156.72999572753906,157.58999633789062,16348400.0,2576344296.130371
2019-12-31,156.77000427246094,157.77000427246094,156.4499969482422,157.6999969482422,18369400.0,2896854323.94104
2020-01-02,158.77999877929688,160.72999572753906,158.3300018310547,160.6199951171875,22622100.0,3633561591.5405273
2020-01-03,158.32000732421875,159.9499969482422,158.05999755859375,158.6199951171875,21116200.0,3349451540.8935547
2020-01-06,157.0800018310547,159.10000610351562,156.50999450683594,159.02999877929688,20813700.0,3310002685.5926514
2020-01-07,159.32000732421875,159.6699981689453,157.32000732421875,157.5800018310547,21634100.0,3409101517.61322
2020-01-08,158.92999267578125,160.8000030517578,157.9499969482422,160.08999633789062,27746500.0,4441937083.389282
2020-01-09,161.83999633789062,162.22000122070312,161.02999877929688,162.08999633789062,21385000.0,3466294571.685791
2020-01-10,162.82000732421875,163.22000122070312,161.17999267578125,161.33999633789062,20725900.0,3343916630.0994873
2020-01-13,161.75999450683594,163.30999755859375,161.25999450683594,163.27999877929688,21626500.0,3531174893.600464
2020-01-14,163.38999938964844,163.60000610351562,161.72000122070312,162.1300048828125,23477400.0,3806390976.635742
2020-01-15,162.6199951171875,163.94000244140625,162.57000732421875,163.17999267578125,21417900.0,3494972765.130615
2020-01-16,164.35000610351562,166.24000549316406,164.02999877929688,166.1699981689453,23865400.0,3965713474.3011475
2020-01-17,167.4199981689453,167.47000122070312,165.42999267578125,167.10000610351562,34371700.0,5743511279.788208
2020-01-21,166.67999267578125,168.19000244140625,166.42999267578125,166.5,29517200.0,4914613800.0
2020-01-22,167.39999389648438,167.49000549316406,165.67999267578125,165.6999969482422,24138800.0,3999799086.3342285
2020-01-23,166.19000244140625,166.8000030517578,165.27000427246094,166.72000122070312,19680800.0,3281183000.024414
2020-01-24,167.50999450683594,167.52999877929688,164.4499969482422,165.0399932861328,24918100.0,4112483056.703186
2020-01-27,161.14999389648438,163.3800048828125,160.1999969482422,162.27999877929688,32078100.0,5205634028.842163
2020-01-28,163.77999877929688,165.75999450683594,163.07000732421875,165.4600067138672,24899900.0,4119937621.1746216
2020-01-29,167.83999633789062,168.75,165.69000244140625,168.0399932861328,34754500.0,5840145946.662903
2020-01-30,174.0500030517578,174.0500030517578,170.7899932861328,172.77999877929688,51597500.0,8915015987.01477
2020-01-31,172.2100067138672,172.39999389648438,169.5800018310547,170.22999572753906,36142700.0,6152571666.581726
2020-02-03,170.42999267578125,174.5,170.39999389648438,174.3800048828125,30107000.0,5250058807.006836
2020-02-04,177.13999938964844,180.63999938964844,176.30999755859375,180.1199951171875,36433300.0,6562365818.103027
2020-02-05,184.02999877929688,184.1999969482422,178.41000366210938,179.89999389648438,39186300.0,7049615130.825806
2020-02-06,180.97000122070312,183.82000732421875,180.05999755859375,183.6300048828125,27751400.0,5095989717.504883
2020-02-07,182.85000610351562,185.6300048828125,182.47999572753906,183.88999938964844,33529100.0,6165666178.535461
2020-02-10,183.5800018310547,188.83999633789062,183.25,188.6999969482422,35844300.0,6763819300.611877
2020-02-11,190.64999389648438,190.6999969482422,183.5,184.44000244140625,53159900.0,9804812085.784912
2020-02-12,185.5800018310547,185.85000610351562,181.85000610351562,184.7100067138672,47062900.0,8692988574.97406
2020-02-13,183.0800018310547,186.22999572753906,182.8699951171875,183.7100067138672,35295800.0,6484191654.971313
2020-02-14,183.25,185.41000366210938,182.64999389648438,185.35000610351562,23149500.0,4290759966.293335
2020-02-18,185.61000061035156,187.6999969482422,185.5,187.22999572753906,27792200.0,5203533487.258911
2020-02-19,188.05999755859375,188.17999267578125,186.47000122070312,187.27999877929688,29997500.0,5617931763.381958
2020-02-20,186.9499969482422,187.25,181.10000610351562,184.4199981689453,36862400.0,6798163740.50293
2020-02-21,183.1699981689453,183.5,177.25,178.58999633789062,48572600.0,8674580456.121826
2020-02-24,167.77000427246094,174.5500030517578,163.22999572753906,170.88999938964844,68311100.0,11673683837.306213
2020-02-25,174.1999969482422,174.83999633789062,167.64999389648438,168.07000732421875,68073300.0,11441080029.58374
2020-02-26,169.7100067138672,173.25999450683594,168.2100067138672,170.1699981689453,56206100.0,9564591934.083557
2020-02-27,163.32000732421875,167.02999877929688,157.97999572753906,158.17999267578125,93174900.0,14738404999.56665
2020-02-28,152.41000366210938,163.7100067138672,152.0,162.00999450683594,97012700.0,15717026994.093323
2020-03-02,165.30999755859375,172.9199981689453,162.30999755859375,172.7899932861328,71030800.0,12273411455.108643
2020-03-03,173.8000030517578,175.0,162.25999450683594,164.50999450683594,71677000.0,11791582876.26648
2020-03-04,168.49000549316406,170.6999969482422,165.6199951171875,170.5500030517578,49814400.0,8495846072.021484
2020-03-05,166.0500030517578,170.8699951171875,165.69000244140625,166.27000427246094,47817300.0,7950582675.297546
2020-03-06,162.61000061035156,163.11000061035156,156.0,161.57000732421875,72821100.0,11765705660.357666
2020-03-09,151.0,157.75,150.0,150.6199951171875,70419300.0,10606554622.155762
2020-03-10,158.16000366210938,161.02999877929688,152.5800018310547,160.9199981689453,65354400.0,10516829928.33252
2020-03-11,157.1300048828125,157.6999969482422,151.14999389648438,153.6300048828125,56371600.0,8660369183.251953
2020-03-12,145.3000030517578,153.47000122070312,138.5800018310547,139.05999755859375,93226400.0,12964062956.396484
2020-03-13,147.5,161.91000366210938,140.72999572753906,158.8300018310547,92727400.0,14727893111.78894
2020-03-16,140.0,149.35000610351562,135.0,135.4199981689453,87905900.0,11904216817.03949
2020-03-17,140.0,147.5,135.0,146.57000732421875,81059800.0,11880935479.699707
2020-03-18,138.0,146.0,135.02000427246094,140.39999389648438,81593200.0,11455684781.994629
2020-03-19,142.77000427246094,150.14999389648438,139.0,142.7100067138672,85922700.0,12262029093.873596
2020-03-20,146.0,147.10000610351562,135.86000061035156,137.35000610351562,84866200.0,11656373087.982178
2020-03-23,137.00999450683594,140.57000732421875,132.52000427246094,135.97999572753906,78975200.0,10739047358.581543
2020-03-24,143.75,149.60000610351562,141.27000427246094,148.33999633789062,82516700.0,12240526975.81482
2020-03-25,148.91000366210938,154.3300018310547,144.44000244140625,146.9199981689453,75638200.0,11112764205.50232
2020-03-26,148.39999389648438,156.66000366210938,148.3699951171875,156.11000061035156,64568100.0,10079726130.40924
2020-03-27,151.75,154.88999938964844,149.1999969482422,149.6999969482422,57042300.0,8539232135.920715
2020-03-30,152.44000244140625,160.60000610351562,150.00999450683594,160.22999572753906,63420300.0,10161834398.039246
2020-03-31,159.39999389648438,164.77999877929688,156.55999755859375,157.7100067138672,77927200.0,12289899235.192871
2020-04-01,153.0,157.75,150.82000732421875,152.11000061035156,57969900.0,8817801524.382019
2020-04-02,151.86000061035156,155.47999572753906,150.36000061035156,155.25999450683594,49630700.0,7705662209.370422
2020-04-03,155.10000610351562,157.3800048828125,152.19000244140625,153.8300018310547,41243300.0,6344456914.518738
2020-04-06,160.32000732421875,166.5,157.5800018310547,165.27000427246094,67111700.0,11091550945.732117
2020-04-07,169.58999633789062,170.0,163.25999450683594,163.49000549316406,62769000.0,10262104154.800415
2020-04-08,165.6699981689453,166.6699981689453,163.5,165.1300048828125,48318200.0,7978784601.928711
2020-04-09,166.36000061035156,167.3699951171875,163.3300018310547,165.13999938964844,51385100.0,8485735382.637024
2020-04-13,164.35000610351562,165.57000732421875,162.3000030517578,165.50999450683594,41905300.0,6935745972.807312
2020-04-14,169.0,173.75,168.0,173.6999969482422,52874300.0,9184265748.640442
2020-04-15,171.1999969482422,173.57000732421875,169.24000549316406,171.8800048828125,40940800.0,7036904903.90625
2020-04-16,174.3000030517578,177.27999877929688,172.89999389648438,177.0399932861328,50479600.0,8936908045.08667
2020-04-17,179.5,180.0,175.8699951171875,178.60000610351562,52765600.0,9423936482.055664
2020-04-20,176.6300048828125,178.75,174.99000549316406,175.05999755859375,36669600.0,6419380086.474609
2020-04-21,173.5,173.6699981689453,166.11000061035156,167.82000732421875,56203700.0,9432105345.648193
2020-04-22,171.38999938964844,174.0,170.82000732421875,173.52000427246094,34620200.0,6007297251.913452
2020-04-23,174.11000061035156,175.05999755859375,170.91000366210938,171.4199981689453,32790800.0,5620998875.958252
2020-04-24,172.05999755859375,174.55999755859375,170.7100067138672,174.5500030517578,34277600.0,5983155184.606934
2020-04-27,176.58999633789062,176.89999389648438,173.3000030517578,174.0500030517578,33194400.0,5777485421.30127
2020-04-28,175.58999633789062,175.6699981689453,169.38999938964844,169.80999755859375,34392700.0,5840224303.033447
2020-04-29,173.22000122070312,177.67999267578125,171.8800048828125,177.42999267578125,51286600.0,9099781062.365723
2020-04-30,180.0,180.39999389648438,176.22999572753906,179.2100067138672,53875900.0,9655100400.715637
2020-05-01,175.8000030517578,178.63999938964844,174.00999450683594,174.57000732421875,39370500.0,6872908473.358154
2020-05-04,174.49000549316406,179.0,173.8000030517578,178.83999633789062,30372900.0,5431889324.771118
2020-05-05,180.6199951171875,183.64999389648438,179.89999389648438,180.75999450683594,36839200.0,6659053589.63623
2020-05-06,182.0800018310547,184.1999969482422,181.6300048828125,182.5399932861328,32139300.0,5866707606.221008
2020-05-07,184.1699981689453,184.5500030517578,182.5800018310547,183.60000610351562,28316000.0,5198817772.827148
2020-05-08,184.97999572753906,185.0,183.36000061035156,184.67999267578125,30877800.0,5702511877.844238
2020-05-11,183.14999389648438,187.50999450683594,182.85000610351562,186.74000549316406,30892700.0,5768902967.698669
2020-05-12,186.8000030517578,187.0399932861328,182.3000030517578,182.50999450683594,32038200.0,5847291706.008911
2020-05-13,182.5500030517578,184.0500030517578,176.5399932861328,179.75,44711500.0,8036892125.0
2020-05-14,177.5399932861328,180.69000244140625,175.67999267578125,180.52999877929688,41873900.0,7559495115.884399
2020-05-15,179.05999755859375,187.05999755859375,177.0,183.16000366210938,46610400.0,8537161034.692383
2020-05-18,185.75,186.1999969482422,183.9600067138672,184.91000366210938,35264500.0,6520758824.142456
2020-05-19,185.02999877929688,186.60000610351562,183.49000549316406,183.6300048828125,26799100.0,4921118863.85498
2020-05-20,184.80999755859375,185.85000610351562,183.94000244140625,185.66000366210938,31261300.0,5803973072.4823
2020-05-21,185.39999389648438,186.6699981689453,183.2899932861328,183.42999267578125,29119500.0,5341389671.722412
2020-05-22,183.19000244140625,184.4600067138672,182.5399932861328,183.50999450683594,20826900.0,3821944304.5944214
2020-05-26,186.33999633789062,186.5,181.10000610351562,181.57000732421875,36073600.0,6549883816.2109375
2020-05-27,180.1999969482422,181.99000549316406,176.60000610351562,181.80999755859375,39517100.0,7184603854.522705
2020-05-28,180.74000549316406,184.14999389648438,180.3800048828125,181.39999389648438,33810200.0,6133170073.638916
2020-05-29,182.72999572753906,184.27000427246094,180.41000366210938,183.25,42130400.0,7720395800.0
2020-06-01,182.5399932861328,183.0,181.4600067138672,182.8300018310547,22622400.0,4136053433.4228516
2020-06-02,184.25,185.0,181.35000610351562,184.91000366210938,30794600.0,5694229598.773193
2020-06-03,184.82000732421875,185.94000244140625,183.5800018310547,185.36000061035156,27311000.0,5062366976.669312
2020-06-04,184.3000030517578,185.83999633789062,182.3000030517578,182.9199981689453,28761800.0,5261108403.335571
2020-06-05,182.6199951171875,187.72999572753906,182.00999450683594,187.1999969482422,39893600.0,7468081798.254395
2020-06-08,185.94000244140625,188.5500030517578,184.44000244140625,188.36000061035156,33211600.0,6255736996.270752
2020-06-09,188.0,190.6999969482422,187.25999450683594,189.8000030517578,29783900.0,5652984310.8932495
2020-06-10,191.1300048828125,198.52000427246094,191.00999450683594,196.83999633789062,43872300.0,8635823371.334839
2020-06-11,193.1300048828125,195.75999450683594,186.07000732421875,186.27000427246094,52854700.0,9845245194.819641
2020-06-12,190.5399932861328,191.72000122070312,185.17999267578125,187.74000549316406,43373600.0,8142959902.258301
2020-06-15,184.5800018310547,190.82000732421875,184.00999450683594,188.94000244140625,32770200.0,6191601668.005371
2020-06-16,192.88999938964844,195.5800018310547,191.4600067138672,193.57000732421875,42556700.0,8237700730.69458
2020-06-17,195.02999877929688,196.32000732421875,193.69000244140625,194.24000549316406,25687800.0,4989598413.1073
2020-06-18,194.0,196.49000549316406,194.0,196.32000732421875,23061600.0,4527453480.908203
2020-06-19,198.58999633789062,199.2899932861328,194.3699951171875,195.14999389648438,44441100.0,8672680393.753052
2020-06-22,195.7899932861328,200.75999450683594,195.22999572753906,200.57000732421875,32818900.0,6582487013.372803
2020-06-23,202.08999633789062,203.9499969482422,201.42999267578125,201.91000366210938,30917400.0,6242532347.2229
2020-06-24,201.60000610351562,203.25,196.55999755859375,197.83999633789062,36740600.0,7268760169.451904
2020-06-25,197.8000030517578,200.61000061035156,195.47000122070312,200.33999633789062,27803900.0,5570233224.179077
2020-06-26,199.72999572753906,199.88999938964844,194.8800048828125,196.3300018310547,54675800.0,10734499914.11438
2020-06-29,195.77999877929688,198.52999877929688,193.5500030517578,198.44000244140625,26701600.0,5298665569.189453
2020-06-30,197.8800048828125,204.39999389648438,197.74000549316406,203.50999450683594,34310300.0,6982488964.527893
2020-07-01,203.13999938964844,206.35000610351562,201.77000427246094,204.6999969482422,32061200.0,6562927542.156982
2020-07-02,205.67999267578125,208.02000427246094,205.0,206.25999450683594,29315800.0,6046676746.963501
2020-07-06,208.8300018310547,211.1300048828125,208.08999633789062,210.6999969482422,31897600.0,6720824222.65625
2020-07-07,210.4499969482422,214.6699981689453,207.99000549316406,208.25,33600700.0,6997345775.0
2020-07-08,210.07000732421875,213.25999450683594,208.69000244140625,212.8300018310547,33600000.0,7151088061.5234375
2020-07-09,216.3300018310547,216.3800048828125,211.47000122070312,214.32000732421875,33121700.0,7098642986.590576
2020-07-10,213.6199951171875,214.0800018310547,211.0800018310547,213.6699981689453,26177600.0,5593367744.067383
2020-07-13,214.47999572753906,215.8000030517578,206.5,207.07000732421875,38135600.0,7896738971.313477
2020-07-14,206.1300048828125,208.85000610351562,202.02999877929688,208.35000610351562,37591800.0,7832251759.442139
2020-07-15,209.55999755859375,211.3300018310547,205.02999877929688,208.0399932861328,32179400.0,6694602159.951782
2020-07-16,205.39999389648438,205.6999969482422,202.30999755859375,203.9199981689453,29940700.0,6105507489.176941
2020-07-17,204.47000122070312,205.0399932861328,201.38999938964844,202.8800048828125,31635300.0,6418169818.469238
2020-07-20,205.0,212.3000030517578,203.00999450683594,211.60000610351562,36884800.0,7804823905.126953
2020-07-21,213.66000366210938,213.94000244140625,208.02999877929688,208.75,37990400.0,7930496000.0
2020-07-22,209.1999969482422,212.3000030517578,208.38999938964844,211.75,49605700.0,10504006975.0
2020-07-23,207.19000244140625,210.9199981689453,202.14999389648438,202.5399932861328,67457000.0,13662740327.102661
2020-07-24,200.4199981689453,202.86000061035156,197.50999450683594,201.3000030517578,39827000.0,8017175221.542358
2020-07-27,201.47000122070312,203.97000122070312,200.86000061035156,203.85000610351562,30160900.0,6148299649.087524
2020-07-28,203.61000061035156,204.6999969482422,201.74000549316406,202.02000427246094,23251400.0,4697247927.340698
2020-07-29,202.5,204.64999389648438,202.00999450683594,204.05999755859375,19632600.0,4006228308.0688477
2020-07-30,201.0,204.4600067138672,199.57000732421875,203.89999389648438,25079600.0,5113730286.92627
2020-07-31,204.39999389648438,205.10000610351562,199.00999450683594,205.00999450683594,51044000.0,10464530159.606934
2020-08-03,211.52000427246094,217.63999938964844,210.44000244140625,216.5399932861328,78983000.0,17102978289.718628
2020-08-04,214.1699981689453,214.77000427246094,210.30999755859375,213.2899932861328,49280100.0,10510952198.139954
2020-08-05,214.89999389648438,215.0,211.57000732421875,212.94000244140625,28806400.0,6134034886.328125
2020-08-06,212.33999633789062,216.3699951171875,211.5500030517578,216.35000610351562,32656800.0,7065298879.321289
2020-08-07,214.85000610351562,215.6999969482422,210.92999267578125,212.47999572753906,27820400.0,5911278473.138428
2020-08-10,211.6699981689453,211.8800048828125,206.35000610351562,208.25,36716500.0,7646211125.0
2020-08-11,207.16000366210938,207.64999389648438,203.13999938964844,203.3800048828125,36446500.0,7412489347.961426
2020-08-12,205.2899932861328,210.27999877929688,204.75,209.19000244140625,28013100.0,5860060457.391357
2020-08-13,209.44000244140625,211.35000610351562,208.14999389648438,208.6999969482422,22588900.0,4714303361.064148
2020-08-14,208.75999450683594,209.58999633789062,207.50999450683594,208.89999389648438,17958900.0,3751614100.3875732
2020-08-17,209.60000610351562,211.19000244140625,208.9199981689453,210.27999877929688,20184800.0,4244459719.3603516
2020-08-18,210.52999877929688,212.36000061035156,209.2100067138672,211.49000549316406,21336200.0,4512393055.203247
2020-08-19,211.49000549316406,212.10000610351562,209.25,209.6999969482422,27627600.0,5793507635.687256
2020-08-20,209.5399932861328,215.0,208.91000366210938,214.5800018310547,26981500.0,5789690319.404602
2020-08-21,213.86000061035156,216.25,212.85000610351562,213.02000427246094,36249300.0,7721826040.873718
2020-08-24,214.7899932861328,215.52000427246094,212.42999267578125,213.69000244140625,25460100.0,5440568831.158447
2020-08-25,213.10000610351562,216.61000061035156,213.10000610351562,216.47000122070312,23043700.0,4988269767.129517
2020-08-26,217.8800048828125,222.08999633789062,217.36000061035156,221.14999389648438,39600800.0,8757716678.295898
2020-08-27,222.88999938964844,231.14999389648438,219.39999389648438,226.5800018310547,57602200.0,13051506581.472778
2020-08-28,228.17999267578125,230.63999938964844,226.5800018310547,228.91000366210938,26292900.0,6018707835.287476
2020-08-31,227.0,228.6999969482422,224.30999755859375,225.52999877929688,28774200.0,6489445290.875244
2020-09-01,225.50999450683594,227.4499969482422,224.42999267578125,227.27000427246094,25725500.0,5846634494.911194
2020-09-02,227.97000122070312,232.86000061035156,227.35000610351562,231.64999389648438,34080800.0,7894817111.987305
2020-09-03,229.27000427246094,229.30999755859375,214.9600067138672,217.3000030517578,58400300.0,12690385368.223572
2020-09-04,215.10000610351562,218.36000061035156,205.19000244140625,214.25,59664100.0,12783033425.0
2020-09-08,206.5,210.02999877929688,202.1999969482422,202.66000366210938,52924300.0,10725638831.814575
2020-09-09,207.60000610351562,214.83999633789062,206.6999969482422,211.2899932861328,45679000.0,9651515603.31726
2020-09-10,213.39999389648438,214.74000549316406,204.11000061035156,205.3699951171875,35461500.0,7282728081.848145
2020-09-11,207.1999969482422,208.6300048828125,201.24000549316406,204.02999877929688,33620100.0,6859508961.959839
2020-09-14,204.24000549316406,209.1999969482422,204.02999877929688,205.41000366210938,30375800.0,6239493189.239502
2020-09-15,208.4199981689453,209.77999877929688,206.92999267578125,208.77999877929688,21823900.0,4556393815.359497
2020-09-16,210.6199951171875,210.64999389648438,204.63999938964844,205.0500030517578,26328100.0,5398576985.346985
2020-09-17,200.0500030517578,204.3300018310547,199.9600067138672,202.91000366210938,34011300.0,6901233007.553101
2020-09-18,202.8000030517578,203.64999389648438,196.25,200.38999938964844,55225300.0,11066597833.293152
2020-09-21,197.19000244140625,202.7100067138672,196.3800048828125,202.5399932861328,39839700.0,8069132570.521545
2020-09-22,205.05999755859375,208.10000610351562,202.0800018310547,207.4199981689453,33517100.0,6952116820.628357
2020-09-23,207.89999389648438,208.10000610351562,200.02999877929688,200.58999633789062,30803800.0,6178934129.193115
2020-09-24,199.85000610351562,205.57000732421875,199.1999969482422,203.19000244140625,31202500.0,6340036051.1779785
2020-09-25,203.5500030517578,209.0399932861328,202.5399932861328,207.82000732421875,29437300.0,6117659901.605225
2020-09-28,210.8800048828125,212.57000732421875,208.05999755859375,209.44000244140625,32004900.0,6703106334.136963
2020-09-29,209.35000610351562,210.07000732421875,206.80999755859375,207.25999450683594,24221900.0,5020230860.945129
2020-09-30,207.72999572753906,211.97999572753906,206.5399932861328,210.3300018310547,33829100.0,7115274664.942932
2020-10-01,213.49000549316406,213.99000549316406,211.32000732421875,212.4600067138672,27158400.0,5770073846.337891
2020-10-02,208.0,210.99000549316406,205.5399932861328,206.19000244140625,33154800.0,6836188292.944336
2020-10-05,207.22000122070312,210.41000366210938,206.97999572753906,210.3800048828125,21331600.0,4487742112.158203
2020-10-06,208.82000732421875,210.17999267578125,204.82000732421875,205.91000366210938,28554300.0,5879616017.56897
2020-10-07,207.05999755859375,210.11000061035156,206.72000122070312,209.8300018310547,25681100.0,5388665260.023499
2020-10-08,210.50999450683594,211.19000244140625,208.32000732421875,210.5800018310547,19925800.0,4195975000.4852295
2020-10-09,211.22999572753906,215.86000061035156,211.22999572753906,215.80999755859375,26458000.0,5709900915.405273
2020-10-12,218.7899932861328,223.86000061035156,216.80999755859375,221.39999389648438,40461400.0,8958153713.043213
2020-10-13,222.72000122070312,225.2100067138672,220.42999267578125,222.86000061035156,28950800.0,6451975305.670166
2020-10-14,223.0,224.22000122070312,219.1300048828125,220.86000061035156,23421700.0,5172916676.295471
2020-10-15,217.10000610351562,220.36000061035156,216.00999450683594,219.66000366210938,22733100.0,4993552829.251099
2020-10-16,220.14999389648438,222.2899932861328,219.32000732421875,219.66000366210938,26057900.0,5723878409.42688
2020-10-19,220.4199981689453,222.3000030517578,213.72000122070312,214.22000122070312,27625800.0,5917998909.7229
2020-10-20,215.8000030517578,217.3699951171875,213.08999633789062,214.64999389648438,22753500.0,4884038636.123657
2020-10-21,213.1199951171875,216.9199981689453,213.1199951171875,214.8000030517578,22724900.0,4881308589.350891
2020-10-22,213.92999267578125,216.05999755859375,211.6999969482422,214.88999938964844,22351500.0,4803113821.357727
2020-10-23,215.02999877929688,216.27999877929688,213.16000366210938,216.22999572753906,18879600.0,4082335827.3376465
2020-10-26,213.85000610351562,216.33999633789062,208.10000610351562,210.0800018310547,37111600.0,7796404995.953369
2020-10-27,211.58999633789062,214.6699981689453,210.3300018310547,213.25,36700300.0,7826338975.0
2020-10-28,207.6699981689453,208.83999633789062,202.10000610351562,202.67999267578125,51195600.0,10376323833.032227
2020-10-29,204.07000732421875,207.36000061035156,203.3699951171875,204.72000122070312,31432600.0,6434881910.369873
2020-10-30,203.5,204.2899932861328,199.6199951171875,202.47000122070312,36953700.0,7482015684.109497
2020-11-02,204.2899932861328,205.27999877929688,200.1199951171875,202.3300018310547,30842200.0,6240302382.473755
2020-11-03,203.88999938964844,208.1199951171875,203.1199951171875,206.42999267578125,27512000.0,5679301958.496094
2020-11-04,214.02000427246094,218.32000732421875,212.4199981689453,216.38999938964844,42311800.0,9155850376.174927
2020-11-05,222.0399932861328,224.1199951171875,221.14999389648438,223.2899932861328,36080100.0,8056325286.7630005
2020-11-06,222.25999450683594,224.36000061035156,218.02999877929688,223.72000122070312,25231900.0,5644880698.800659
2020-11-09,224.44000244140625,228.1199951171875,217.8800048828125,218.38999938964844,44395000.0,9695424022.903442
2020-11-10,214.5,216.5,209.72000122070312,211.00999450683594,44045100.0,9293956309.05304
2020-11-11,212.38999938964844,218.0399932861328,212.1999969482422,216.5500030517578,29440800.0,6375405329.846191
2020-11-12,217.2100067138672,219.11000061035156,214.4600067138672,215.44000244140625,21593900.0,4652189868.719482
2020-11-13,216.36000061035156,217.4199981689453,214.16000366210938,216.50999450683594,18621100.0,4031654258.7112427
2020-11-16,214.8699951171875,217.74000549316406,214.52000427246094,217.22999572753906,24953300.0,5420605252.3880005
2020-11-17,216.10000610351562,217.67999267578125,214.0800018310547,214.4600067138672,24154100.0,5180088448.167419
2020-11-18,213.64999389648438,215.1699981689453,210.92999267578125,211.0800018310547,28372800.0,5988930675.952148
2020-11-19,211.3800048828125,213.02999877929688,209.92999267578125,212.4199981689453,24792700.0,5266465288.60321
2020-11-20,212.1999969482422,213.2899932861328,210.0,210.38999938964844,22843100.0,4805959795.057678
2020-11-23,210.9499969482422,212.2899932861328,208.16000366210938,210.11000061035156,25683500.0,5396360200.675964
2020-11-24,209.58999633789062,214.25,208.86000061035156,213.86000061035156,33979700.0,7266898662.739563
2020-11-25,215.11000061035156,215.2899932861328,212.4600067138672,213.8699951171875,21012900.0,4494028820.397949
2020-11-27,214.85000610351562,216.27000427246094,214.0399932861328,215.22999572753906,14512200.0,3123460743.9971924
2020-11-30,214.10000610351562,214.75999450683594,210.83999633789062,214.07000732421875,33064800.0,7078181978.173828
2020-12-01,214.50999450683594,217.32000732421875,213.35000610351562,216.2100067138672,30904500.0,6681862152.4887085
2020-12-02,214.8800048828125,215.47000122070312,212.8000030517578,215.3699951171875,23724500.0,5109545449.157715
2020-12-03,214.61000061035156,216.3800048828125,213.64999389648438,214.24000549316406,25120900.0,5381901753.993225
2020-12-04,214.22000122070312,215.3800048828125,213.17999267578125,214.36000061035156,24666000.0,5287403775.054932
2020-12-07,214.3699951171875,215.5399932861328,212.99000549316406,214.2899932861328,24620000.0,5275819634.70459
2020-12-08,213.97000122070312,216.9499969482422,212.88999938964844,216.00999450683594,23284100.0,5029598313.096619
2020-12-09,215.16000366210938,215.22999572753906,211.2100067138672,211.8000030517578,32440600.0,6870919179.0008545
2020-12-10,211.77000427246094,213.0800018310547,210.36000061035156,210.52000427246094,26733300.0,5627894430.21698
2020-12-11,210.0500030517578,213.32000732421875,209.11000061035156,213.25999450683594,30979400.0,6606666673.825073
2020-12-14,213.10000610351562,216.2100067138672,212.8800048828125,214.1999969482422,28798400.0,6168617192.114258
2020-12-15,215.1699981689453,215.4199981689453,212.24000549316406,214.1300048828125,27000600.0,5781638609.838867
2020-12-16,214.75,220.11000061035156,214.72000122070312,219.27999877929688,35023300.0,7679909181.246948
2020-12-17,219.8699951171875,220.88999938964844,217.9199981689453,219.4199981689453,32515800.0,7134616776.461792
2020-12-18,218.58999633789062,219.69000244140625,216.02000427246094,218.58999633789062,63354900.0,13848747358.987427
2020-12-21,217.5500030517578,224.0,217.27999877929688,222.58999633789062,37181900.0,8276318984.835815
2020-12-22,222.69000244140625,225.6300048828125,221.85000610351562,223.94000244140625,22612200.0,5063776123.205566
2020-12-23,223.11000061035156,223.55999755859375,220.8000030517578,221.02000427246094,18699600.0,4132985671.8933105
2020-12-24,221.4199981689453,223.61000061035156,221.1999969482422,222.75,10550600.0,2350146150.0
2020-12-28,224.4499969482422,226.02999877929688,223.02000427246094,224.9600067138672,17933500.0,4034320280.403137
2020-12-29,226.30999755859375,227.17999267578125,223.5800018310547,224.14999389648438,17403200.0,3900927173.779297
2020-12-30,225.22999572753906,225.6300048828125,221.47000122070312,221.67999267578125,20272300.0,4493963315.52124
2020-12-31,221.6999969482422,223.0,219.67999267578125,222.4199981689453,20942100.0,4657941843.65387
2021-01-04,222.52999877929688,223.0,214.80999755859375,217.69000244140625,37130100.0,8082851559.649658
2021-01-05,217.25999450683594,218.52000427246094,215.6999969482422,217.89999389648438,23823000.0,5191031554.595947
2021-01-06,212.1699981689453,216.49000549316406,211.94000244140625,212.25,35930700.0,7626291075.0
2021-01-07,214.0399932861328,219.33999633789062,213.7100067138672,218.2899932861328,27694500.0,6045432219.062805
2021-01-08,218.67999267578125,220.5800018310547,217.02999877929688,219.6199951171875,22956200.0,5041640531.90918
2021-01-11,218.47000122070312,218.91000366210938,216.72999572753906,217.49000549316406,23031300.0,5009077563.514709
2021-01-12,216.5,217.10000610351562,213.32000732421875,214.92999267578125,23249300.0,4996971878.717041
2021-01-13,214.02000427246094,216.75999450683594,213.92999267578125,216.33999633789062,20087100.0,4345643140.438843
2021-01-14,215.91000366210938,217.4600067138672,212.74000549316406,213.02000427246094,29480800.0,6280000141.955566
2021-01-15,213.52000427246094,214.50999450683594,212.02999877929688,212.64999389648438,31746500.0,6750893031.234741
2021-01-19,213.75,216.97999572753906,212.6300048828125,216.44000244140625,30480900.0,6597286070.41626
2021-01-20,217.6999969482422,225.7899932861328,217.2899932861328,224.33999633789062,37777300.0,8474959343.6553955
2021-01-21,224.6999969482422,226.3000030517578,222.4199981689453,224.97000122070312,30709400.0,6908693755.487061
2021-01-22,227.0800018310547,230.07000732421875,225.8000030517578,225.9499969482422,30172700.0,6817521472.920227
2021-01-25,229.1199951171875,229.77999877929688,224.22000122070312,229.52999877929688,33152100.0,7609401472.531128
2021-01-26,231.86000061035156,234.17999267578125,230.0800018310547,232.3300018310547,49169600.0,11423573258.032227
2021-01-27,238.0,240.44000244140625,230.13999938964844,232.89999389648438,69870600.0,16272862313.543701
2021-01-28,235.61000061035156,242.63999938964844,235.08999633789062,238.92999267578125,49111200.0,11734138656.298828
2021-01-29,235.99000549316406,238.02000427246094,231.35000610351562,231.9600067138672,42503100.0,9859019361.360168
2021-02-01,235.05999755859375,242.5,232.42999267578125,239.64999389648438,33314200.0,7983747826.66626
2021-02-02,241.3000030517578,242.30999755859375,238.69000244140625,239.50999450683594,25916300.0,6207212870.637512
2021-02-03,239.57000732421875,245.08999633789062,239.25999450683594,243.0,27158100.0,6599418300.0
2021-02-04,242.66000366210938,243.24000549316406,240.3699951171875,242.00999450683594,25296100.0,6121909022.044373
2021-02-05,242.22999572753906,243.27999877929688,240.4199981689453,242.1999969482422,18054800.0,4372872504.901123
2021-02-08,243.14999389648438,243.67999267578125,240.80999755859375,242.47000122070312,22211900.0,5385719420.114136
2021-02-09,241.8699951171875,244.75999450683594,241.3800048828125,243.77000427246094,23565000.0,5744440150.680542
2021-02-10,245.0,245.9199981689453,240.88999938964844,242.82000732421875,22186700.0,5387374656.500244
2021-02-11,244.77999877929688,245.14999389648438,242.14999389648438,244.49000549316406,15751100.0,3850986525.5233765
2021-02-12,243.92999267578125,245.3000030517578,242.72999572753906,244.99000549316406,16561100.0,4057303979.9728394
2021-02-16,245.02999877929688,246.1300048828125,242.9199981689453,243.6999969482422,26728500.0,6513735368.431091
2021-02-17,241.32000732421875,244.30999755859375,240.94000244140625,244.1999969482422,21653500.0,5287784633.918762
2021-02-18,241.8000030517578,243.92999267578125,240.86000061035156,243.7899932861328,16925600.0,4126291910.3637695
2021-02-19,243.75,243.86000061035156,240.17999267578125,240.97000122070312,25262600.0,6087528752.838135
2021-02-22,237.4199981689453,237.92999267578125,232.39999389648438,234.50999450683594,36446900.0,8547162318.791199
2021-02-23,230.3300018310547,234.8300018310547,228.72999572753906,233.27000427246094,30228700.0,7051448978.15094
2021-02-24,230.00999450683594,235.1999969482422,229.0,234.5500030517578,26339700.0,6177976715.382385
2021-02-25,232.0800018310547,234.58999633789062,227.8800048828125,228.99000549316406,39542200.0,9054768595.211792
2021-02-26,231.52999877929688,235.3699951171875,229.5399932861328,232.3800048828125,37819200.0,8788425880.664062
2021-03-01,235.89999389648438,237.47000122070312,233.14999389648438,236.94000244140625,25324000.0,6000268621.826172
2021-03-02,237.00999450683594,237.3000030517578,233.4499969482422,233.8699951171875,22812500.0,5335159263.61084
2021-03-03,232.16000366210938,233.5800018310547,227.25999450683594,227.55999755859375,34029500.0,7743752936.920166
2021-03-04,226.74000549316406,232.49000549316406,224.25999450683594,226.72999572753906,44727800.0,10141133902.902222
2021-03-05,229.52000427246094,233.27000427246094,226.4600067138672,231.60000610351562,41872800.0,9697740735.57129
2021-03-08,231.3699951171875,233.3699951171875,227.1300048828125,227.38999938964844,35267400.0,8019454064.474487
2021-03-09,232.8800048828125,235.3800048828125,231.6699981689453,233.77999877929688,33080500.0,7733559249.61853
2021-03-10,237.0,237.0,232.0399932861328,232.4199981689453,29746800.0,6913751201.531982
2021-03-11,234.9600067138672,239.1699981689453,234.30999755859375,237.1300048828125,29907600.0,7091989334.033203
2021-03-12,234.00999450683594,235.82000732421875,233.22999572753906,235.75,22653700.0,5340609775.0
2021-03-15,234.9600067138672,235.19000244140625,231.80999755859375,234.80999755859375,26034900.0,6113254805.438232
2021-03-16,236.27999877929688,240.05999755859375,235.94000244140625,237.7100067138672,28092200.0,6677797050.6073
2021-03-17,236.14999389648438,238.5500030517578,233.22999572753906,237.0399932861328,29562100.0,7007399985.523987
2021-03-18,232.55999755859375,234.19000244140625,230.3300018310547,230.72000122070312,34833000.0,8036669802.520752
2021-03-19,231.02000427246094,232.47000122070312,229.35000610351562,230.35000610351562,46430700.0,10695312028.390503
2021-03-22,230.27000427246094,236.89999389648438,230.13999938964844,235.99000549316406,30127000.0,7109670895.492554
2021-03-23,237.49000549316406,241.0500030517578,237.07000732421875,237.5800018310547,31638400.0,7516651129.931641
2021-03-24,237.85000610351562,238.0,235.32000732421875,235.4600067138672,25620100.0,6032508918.009949
2021-03-25,235.3000030517578,236.94000244140625,231.57000732421875,232.33999633789062,34061900.0,7913941721.261597
2021-03-26,231.5500030517578,236.7100067138672,231.5500030517578,236.47999572753906,25479900.0,6025486643.138123
2021-03-29,236.58999633789062,236.8000030517578,231.8800048828125,235.24000549316406,25227500.0,5934517238.578796
2021-03-30,233.52999877929688,233.85000610351562,231.10000610351562,231.85000610351562,24792000.0,5748025351.318359
2021-03-31,232.91000366210938,239.10000610351562,232.38999938964844,235.77000427246094,43623500.0,10285112781.3797
2021-04-01,238.47000122070312,242.83999633789062,238.0500030517578,242.35000610351562,30338000.0,7352414485.168457
2021-04-05,242.75999450683594,249.9600067138672,242.6999969482422,249.07000732421875,36910600.0,9193323412.341309
2021-04-06,247.61000061035156,249.39999389648438,246.8800048828125,247.86000061035156,22931900.0,5683900747.996521
2021-04-07,247.80999755859375,250.92999267578125,247.19000244140625,249.89999389648438,22719800.0,5677677881.329346
2021-04-08,252.77000427246094,254.13999938964844,252.0,253.25,23625200.0,5983081900.0
2021-04-09,252.8699951171875,255.99000549316406,252.44000244140625,255.85000610351562,24326800.0,6224011928.479004
2021-04-12,254.7100067138672,257.6700134277344,254.6199951171875,255.91000366210938,27148700.0,6947623916.421509
2021-04-13,257.260009765625,259.19000244140625,256.8299865722656,258.489990234375,23837500.0,6161755142.211914
2021-04-14,257.4800109863281,258.8299865722656,255.16000366210938,255.58999633789062,23070900.0,5896691246.511841
2021-04-15,257.92999267578125,259.92999267578125,257.7300109863281,259.5,25627500.0,6650336250.0
2021-04-16,259.4700012207031,261.0,257.6000061035156,260.739990234375,24878600.0,6486845921.044922
2021-04-19,260.19000244140625,261.4800109863281,257.82000732421875,258.739990234375,23209300.0,6005174055.34668
2021-04-20,257.82000732421875,260.20001220703125,256.8399963378906,258.260009765625,19722900.0,5093636346.606445
2021-04-21,258.94000244140625,260.67999267578125,257.25,260.5799865722656,24030400.0,6261841309.326172
2021-04-22,260.2099914550781,261.7799987792969,255.63999938964844,257.1700134277344,25606200.0,6585146797.833252
2021-04-23,257.8800048828125,261.510009765625,257.2699890136719,261.1499938964844,21462600.0,5604957859.002686
2021-04-26,261.6600036621094,262.44000244140625,260.1700134277344,261.54998779296875,19763300.0,5169090873.748779
2021-04-27,261.5799865722656,263.19000244140625,260.1199951171875,261.9700012207031,31014200.0,8124790011.859131
2021-04-28,256.0799865722656,256.5400085449219,252.9499969482422,254.55999755859375,46903100.0,11939653021.490479
2021-04-29,255.4600067138672,256.1000061035156,249.0,252.50999450683594,40589000.0,10249128167.037964
2021-04-30,249.74000549316406,253.0800018310547,249.60000610351562,252.17999267578125,30945100.0,7803735091.351318
2021-05-03,253.39999389648438,254.35000610351562,251.1199951171875,251.86000061035156,19626600.0,4943155487.979126
2021-05-04,250.97000122070312,251.2100067138672,245.75999450683594,247.7899932861328,32756100.0,8116633799.079895
2021-05-05,249.05999755859375,249.5,245.82000732421875,246.47000122070312,21901300.0,5398013437.734985
2021-05-06,246.4499969482422,249.86000061035156,244.69000244140625,249.72999572753906,26491100.0,6615622289.81781
2021-05-07,252.14999389648438,254.3000030517578,251.1699981689453,252.4600067138672,27032900.0,6824726115.4953
2021-05-10,250.8699951171875,251.72999572753906,247.1199951171875,247.17999267578125,29299900.0,7242349067.401123
2021-05-11,244.5500030517578,246.60000610351562,242.57000732421875,246.22999572753906,33641600.0,8283571024.267578
2021-05-12,242.1699981689453,244.3800048828125,238.07000732421875,239.0,36684400.0,8767571600.0
2021-05-13,241.8000030517578,245.60000610351562,241.4199981689453,243.02999877929688,29624300.0,7199593592.837524
2021-05-14,245.5800018310547,249.17999267578125,245.49000549316406,248.14999389648438,23901100.0,5931057819.119263
2021-05-17,246.5500030517578,246.58999633789062,243.52000427246094,245.17999267578125,24970200.0,6122193453.112793
2021-05-18,246.27000427246094,246.41000366210938,242.89999389648438,243.0800018310547,20168000.0,4902437476.928711
2021-05-19,239.30999755859375,243.22999572753906,238.60000610351562,243.1199951171875,25739800.0,6257860050.317383
2021-05-20,243.9600067138672,247.9499969482422,243.86000061035156,246.47999572753906,21800700.0,5373436442.857361
2021-05-21,247.57000732421875,248.3300018310547,244.74000549316406,245.1699981689453,21863100.0,5360176186.967468
2021-05-24,247.7899932861328,251.16000366210938,247.50999450683594,250.77999877929688,21411500.0,5369575943.862915
2021-05-25,251.77000427246094,252.75,250.82000732421875,251.72000122070312,17704300.0,4456526417.611694
2021-05-26,251.42999267578125,252.94000244140625,250.75,251.49000549316406,17771600.0,4469379781.622314
2021-05-27,251.1699981689453,251.47999572753906,249.25,249.30999755859375,24426200.0,6089695862.365723
2021-05-28,251.0,252.0800018310547,249.55999755859375,249.67999267578125,18270200.0,4561703402.185059
2021-06-01,251.22999572753906,251.2899932861328,246.9600067138672,247.39999389648438,23213300.0,5742970278.317261
2021-06-02,248.1300048828125,249.27000427246094,245.83999633789062,247.3000030517578,19406700.0,4799276969.224548
2021-06-03,245.22000122070312,246.33999633789062,243.0,245.7100067138672,25307700.0,6218355136.912537
2021-06-04,247.75999450683594,251.64999389648438,247.50999450683594,250.7899932861328,25281100.0,6340246899.266052
2021-06-07,249.97999572753906,254.08999633789062,249.80999755859375,253.80999755859375,23079200.0,5857731695.654297
2021-06-08,255.16000366210938,256.010009765625,252.50999450683594,252.57000732421875,22455000.0,5671459514.465332
2021-06-09,253.80999755859375,255.52999877929688,253.2100067138672,253.58999633789062,17937600.0,4548795918.310547
2021-06-10,254.2899932861328,257.4599914550781,253.6699981689453,257.239990234375,24563600.0,6318740224.121094
2021-06-11,257.989990234375,258.489990234375,256.6099853515625,257.8900146484375,18999700.0,4899832911.315918
2021-06-14,257.8999938964844,259.95001220703125,256.79998779296875,259.8900146484375,19150500.0,4977023725.524902
2021-06-15,259.7699890136719,259.989990234375,257.67999267578125,258.3599853515625,18038900.0,4660529939.758301
2021-06-16,259.3999938964844,260.5799865722656,254.4199981689453,257.3800048828125,27220000.0,7005883732.910156
2021-06-17,256.07000732421875,261.75,256.010009765625,260.8999938964844,27565500.0,7191838781.75354
2021-06-18,259.6300048828125,262.29998779296875,258.75,259.42999267578125,37202200.0,9651366473.52295
2021-06-21,259.82000732421875,263.5199890136719,257.9200134277344,262.6300048828125,26696100.0,7011196873.352051
2021-06-22,262.7200012207031,265.7900085449219,262.3999938964844,265.510009765625,24694100.0,6556530732.15332
2021-06-23,265.989990234375,266.8299865722656,264.42999267578125,265.2699890136719,19518700.0,5177725334.561157
2021-06-24,266.1600036621094,267.8500061035156,265.4700012207031,266.69000244140625,21446900.0,5719673813.360596
2021-06-25,266.2300109863281,267.25,264.760009765625,265.0199890136719,25611100.0,6787453440.628052
2021-06-28,266.19000244140625,268.8999938964844,265.9100036621094,268.7200012207031,19590000.0,5264224823.913574
2021-06-29,268.8699951171875,271.6499938964844,267.9800109863281,271.3999938964844,19937800.0,5411118798.309326
2021-06-30,270.69000244140625,271.3599853515625,269.6000061035156,270.8999938964844,21656500.0,5866745717.819214
2021-07-01,269.6099853515625,271.8399963378906,269.6000061035156,271.6000061035156,16725300.0,4542591582.08313
2021-07-02,272.82000732421875,278.0,272.5,277.6499938964844,26458000.0,7346063538.513184
2021-07-06,278.0299987792969,279.3699951171875,274.29998779296875,277.6600036621094,31565600.0,8764504611.59668
2021-07-07,279.3999938964844,280.69000244140625,277.1499938964844,279.92999267578125,23260000.0,6511171629.638672
2021-07-08,276.8999938964844,278.7300109863281,274.8699951171875,277.4200134277344,24618600.0,6829692342.5720215
2021-07-09,275.7200012207031,278.04998779296875,275.32000732421875,277.94000244140625,23916700.0,6647407656.390381
2021-07-12,279.1600036621094,279.7699890136719,276.5799865722656,277.32000732421875,18931700.0,5250139182.659912
2021-07-13,277.5199890136719,282.8500061035156,277.3900146484375,280.9800109863281,26120100.0,7339225984.963989
2021-07-14,282.3500061035156,283.6600036621094,280.54998779296875,282.510009765625,23113700.0,6529851612.719727
2021-07-15,282.0,282.510009765625,279.8299865722656,281.0299987792969,22604200.0,6352458298.406982
2021-07-16,282.07000732421875,284.1000061035156,279.4599914550781,280.75,26186800.0,7351944100.0
2021-07-19,278.92999267578125,280.3699951171875,274.45001220703125,277.010009765625,32935600.0,9123490877.636719
2021-07-20,278.0299987792969,280.9700012207031,276.260009765625,279.32000732421875,26259700.0,7334859596.331787
2021-07-21,278.8999938964844,281.5199890136719,277.2900085449219,281.3999938964844,24364300.0,6856113871.292114
2021-07-22,283.8399963378906,286.4200134277344,283.4200134277344,286.1400146484375,23384100.0,6691126716.540527
2021-07-23,287.3699951171875,289.989990234375,286.5,289.6700134277344,22768100.0,6595235832.723999
2021-07-26,289.0,289.69000244140625,286.6400146484375,289.04998779296875,23176100.0,6699051422.088623
2021-07-27,289.42999267578125,289.5799865722656,282.95001220703125,286.5400085449219,33604100.0,9628919101.14441
2021-07-28,288.989990234375,290.1499938964844,283.8299865722656,286.2200012207031,33566900.0,9607518158.97522
2021-07-29,286.239990234375,288.6199951171875,286.0799865722656,286.5,18168300.0,5205217950.0
2021-07-30,285.1700134277344,286.6600036621094,283.9100036621094,284.9100036621094,20944800.0,5967383044.702148
2021-08-02,286.3599853515625,286.7699890136719,283.739990234375,284.82000732421875,16267400.0,4633280987.145996
2021-08-03,285.4200134277344,287.2300109863281,284.0,287.1199951171875,17879000.0,5133418392.700195
2021-08-04,286.2200012207031,287.5899963378906,284.6499938964844,286.510009765625,16191300.0,4638969521.118164
2021-08-05,286.8800048828125,289.6300048828125,286.1000061035156,289.5199890136719,13900200.0,4024385751.287842
2021-08-06,288.510009765625,289.5,287.6199951171875,289.4599914550781,16589300.0,4801938636.245728
2021-08-09,289.75,291.54998779296875,287.80999755859375,288.3299865722656,16117600.0,4647187391.577148
2021-08-10,288.79998779296875,289.25,285.20001220703125,286.44000244140625,18616600.0,5332538949.450684
2021-08-11,287.2099914550781,288.6600036621094,285.8599853515625,286.95001220703125,13955900.0,4004645675.3601074
2021-08-12,286.6300048828125,289.9700012207031,286.3399963378906,289.80999755859375,14561300.0,4220010317.449951
2021-08-13,289.4800109863281,292.8999938964844,289.29998779296875,292.8500061035156,18249000.0,5344219761.383057
2021-08-16,293.19000244140625,294.82000732421875,290.0199890136719,294.6000061035156,22507600.0,6630739097.375488
2021-08-17,292.3900146484375,293.42999267578125,291.0799865722656,293.0799865722656,20075300.0,5883668654.434204
2021-08-18,292.0400085449219,294.82000732421875,290.2699890136719,290.7300109863281,21813000.0,6341693729.644775
2021-08-19,288.69000244140625,297.4700012207031,288.6400146484375,296.7699890136719,29850500.0,8858732557.052612
2021-08-20,299.7200012207031,305.8399963378906,298.05999755859375,304.3599853515625,40817600.0,12423244138.085938
2021-08-23,303.25,305.3999938964844,301.8500061035156,304.6499938964844,22830200.0,6955220290.655518
2021-08-24,305.0199890136719,305.6499938964844,302.0,302.6199951171875,18175800.0,5500360507.250977
2021-08-25,304.29998779296875,304.5899963378906,300.4200134277344,302.010009765625,20006100.0,6042042456.37207
2021-08-26,300.989990234375,302.42999267578125,298.95001220703125,299.0899963378906,17666100.0,5283753784.30481
2021-08-27,298.989990234375,300.8699951171875,296.8299865722656,299.7200012207031,22605700.0,6775380431.594849
2021-08-30,301.1199951171875,304.2200012207031,301.05999755859375,303.5899963378906,16348100.0,4963119619.13147
2021-08-31,304.4200134277344,304.5,301.5,301.8800048828125,26285300.0,7935006492.346191
2021-09-01,302.8699951171875,305.19000244140625,301.489990234375,301.8299865722656,18983800.0,5729880099.090576
2021-09-02,302.20001220703125,303.3599853515625,300.17999267578125,301.1499938964844,16285600.0,4904408340.600586
2021-09-03,300.989990234375,302.6000061035156,300.260009765625,301.1400146484375,14747900.0,4441182822.033691
2021-09-07,301.010009765625,301.0899963378906,298.20001220703125,300.17999267578125,17180400.0,5157212346.166992
2021-09-08,299.7799987792969,300.6099853515625,297.4700012207031,300.2099914550781,15046800.0,4517199699.42627
2021-09-09,300.82000732421875,302.1400146484375,297.0,297.25,19927000.0,5923300750.0
2021-09-10,298.4200134277344,299.9200134277344,295.3800048828125,295.7099914550781,19633400.0,5805792546.234131
2021-09-13,297.54998779296875,298.5400085449219,294.0799865722656,296.989990234375,23652900.0,7024674540.014648
2021-09-14,299.55999755859375,301.3900146484375,298.1000061035156,299.7900085449219,21853400.0,6551430972.735596
2021-09-15,303.260009765625,305.32000732421875,301.82000732421875,304.82000732421875,28356300.0,8643567573.687744
2021-09-16,303.760009765625,305.30999755859375,300.760009765625,305.2200012207031,19550800.0,5967295199.865723
2021-09-17,304.1700134277344,304.5,299.5299987792969,299.8699951171875,41372500.0,12406371372.98584
2021-09-20,296.3299865722656,298.7200012207031,289.5199890136719,294.29998779296875,38278700.0,11265420942.730713
2021-09-21,295.69000244140625,297.5400085449219,294.07000732421875,294.79998779296875,22364100.0,6592936407.000732
2021-09-22,296.7300109863281,300.2200012207031,294.510009765625,298.5799865722656,26626300.0,7950080296.469116
2021-09-23,298.8500061035156,300.8999938964844,297.5299987792969,299.55999755859375,18604600.0,5573193930.578613
2021-09-24,298.2300109863281,299.79998779296875,296.92999267578125,299.3500061035156,14999000.0,4489950741.546631
2021-09-27,296.1400146484375,296.4700012207031,292.94000244140625,294.1700134277344,23571700.0,6934087305.514526
2021-09-28,289.79998779296875,290.7799987792969,282.75,283.5199890136719,43186200.0,12244150949.542236
2021-09-29,285.1000061035156,286.7699890136719,283.010009765625,284.0,26353700.0,7484450800.0
2021-09-30,285.7099914550781,287.8299865722656,281.6199951171875,281.9200134277344,32343600.0,9118308146.30127
2021-10-01,282.1199951171875,289.9800109863281,281.2900085449219,289.1000061035156,30086300.0,8697949513.632202
2021-10-04,287.3999938964844,287.75,280.25,283.1099853515625,31350700.0,8875696217.76123
2021-10-05,284.04998779296875,290.3999938964844,284.04998779296875,288.760009765625,24993000.0,7216978924.072266
2021-10-06,285.7799987792969,293.6300048828125,285.510009765625,293.1099853515625,28002600.0,8207841675.805664
2021-10-07,295.17999267578125,296.6400146484375,293.9200134277344,294.8500061035156,20430500.0,6023933049.697876
2021-10-08,296.2200012207031,296.6400146484375,293.760009765625,294.8500061035156,17685700.0,5214628752.944946
2021-10-11,292.9200134277344,297.9700012207031,292.75,294.2300109863281,19298600.0,5678227290.020752
2021-10-12,295.3399963378906,295.44000244140625,292.3500061035156,292.8800048828125,17974100.0,5264254495.76416
2021-10-13,294.9100036621094,297.2799987792969,293.489990234375,296.30999755859375,23416300.0,6938483795.831299
2021-10-14,299.2099914550781,303.2699890136719,297.8299865722656,302.75,27262900.0,8253842975.0
2021-10-15,302.3399963378906,304.45001220703125,300.5199890136719,304.2099914550781,25384800.0,7722309791.088867
2021-10-18,303.57000732421875,308.2099914550781,302.69000244140625,307.2900085449219,22729300.0,6984486791.220093
2021-10-19,308.3500061035156,309.29998779296875,307.2200012207031,308.2300109863281,17682100.0,5450153877.261353
2021-10-20,309.2099914550781,309.70001220703125,306.1099853515625,307.4100036621094,16537100.0,5083669971.560669
2021-10-21,307.1700134277344,311.0199890136719,306.3599853515625,310.760009765625,16918100.0,5257468921.21582
2021-10-22,310.3999938964844,311.0899963378906,307.79998779296875,309.1600036621094,17449300.0,5394625651.901245
2021-10-25,309.3599853515625,309.3999938964844,306.4599914550781,308.1300048828125,17554500.0,5409068170.715332
2021-10-26,311.0,312.3999938964844,308.6000061035156,310.1099853515625,28107300.0,8716354391.271973
2021-10-27,316.0,326.1000061035156,316.0,323.1700134277344,52588700.0,16995090885.147095
2021-10-28,324.3299865722656,324.8699951171875,321.3599853515625,324.3500061035156,26297900.0,8529724025.509644
2021-10-29,324.1300048828125,332.0,323.8999938964844,331.6199951171875,34766000.0,11529100750.24414
2021-11-01,331.3599853515625,331.489990234375,326.3699951171875,329.3699951171875,27073200.0,8917099751.80664
2021-11-02,330.30999755859375,333.45001220703125,330.0,333.1300048828125,26487100.0,8823647752.331543
2021-11-03,333.8999938964844,334.8999938964844,330.6499938964844,334.0,21500100.0,7181033400.0
2021-11-04,332.8900146484375,336.5400085449219,329.510009765625,336.44000244140625,23992200.0,8071935826.574707
2021-11-05,338.510009765625,338.7900085449219,334.4200134277344,336.05999755859375,22570100.0,7584907750.897217
2021-11-08,337.29998779296875,337.6499938964844,334.44000244140625,336.989990234375,20897000.0,7042079825.927734
2021-11-09,337.1099853515625,338.7200012207031,334.5299987792969,335.95001220703125,21307400.0,7158221290.100098
2021-11-10,334.57000732421875,334.6300048828125,329.9200134277344,330.79998779296875,25500900.0,8435697408.709717
2021-11-11,331.25,333.7699890136719,330.510009765625,332.42999267578125,16849800.0,5601378890.588379
2021-11-12,333.9200134277344,337.2300109863281,333.7900085449219,336.7200012207031,23831000.0,8024374349.090576
2021-11-15,337.5400085449219,337.8800048828125,334.0299987792969,336.07000732421875,16723000.0,5620098732.48291
2021-11-16,335.67999267578125,340.6700134277344,335.510009765625,339.510009765625,20886800.0,7091277671.972656
2021-11-17,338.94000244140625,342.19000244140625,338.0,339.1199951171875,19053400.0,6461388914.96582
2021-11-18,338.17999267578125,342.45001220703125,337.1199951171875,341.2699890136719,22463500.0,7666118398.208618
2021-11-19,342.6400146484375,345.1000061035156,342.20001220703125,343.1099853515625,21963400.0,7535861852.270508
2021-11-22,344.6199951171875,349.6700134277344,339.54998779296875,339.8299865722656,31031100.0,10545298296.322632
2021-11-23,337.04998779296875,339.45001220703125,333.55999755859375,337.67999267578125,30427600.0,10274791745.141602
2021-11-24,336.2799987792969,338.1600036621094,333.9100036621094,337.9100036621094,21661300.0,7319569962.32605
2021-11-26,334.3500061035156,337.92999267578125,328.1199951171875,329.67999267578125,24217200.0,7983926318.62793
2021-11-29,334.94000244140625,339.0299987792969,334.739990234375,336.6300048828125,28563500.0,9615331144.470215
2021-11-30,335.32000732421875,337.7799987792969,328.989990234375,330.5899963378906,42885600.0,14177550346.948242
2021-12-01,335.1300048828125,339.2799987792969,329.3900146484375,330.0799865722656,33337600.0,11004074560.351562
2021-12-02,330.29998779296875,333.489990234375,327.79998779296875,329.489990234375,30766000.0,10137089039.550781
2021-12-03,331.989990234375,332.70001220703125,318.0299987792969,323.010009765625,41779300.0,13495132101.000977
2021-12-06,323.95001220703125,327.45001220703125,319.2300109863281,326.19000244140625,30032600.0,9796333867.321777
2021-12-07,331.6400146484375,335.79998779296875,330.1000061035156,334.9200134277344,31021900.0,10389855164.553833
2021-12-08,335.30999755859375,335.5,330.79998779296875,334.9700012207031,24761000.0,8294192200.22583
2021-12-09,334.4100036621094,336.489990234375,332.1199951171875,333.1000061035156,22214200.0,7399550155.584717
2021-12-10,334.9800109863281,343.0,334.7900085449219,342.5400085449219,38095700.0,13049301403.52478
2021-12-13,340.67999267578125,343.7900085449219,339.0799865722656,339.3999938964844,28899400.0,9808456183.61206
2021-12-14,333.2200012207031,334.6400146484375,324.1099853515625,328.3399963378906,44438700.0,14591002595.26062
2021-12-15,328.6099853515625,335.19000244140625,324.5,334.6499938964844,35381100.0,11840284899.050903
2021-12-16,335.7099914550781,336.760009765625,323.0199890136719,324.8999938964844,35034800.0,11382806306.16455
2021-12-17,320.8800048828125,324.9200134277344,317.25,323.79998779296875,47750300.0,15461546557.110596
2021-12-20,320.04998779296875,322.79998779296875,317.57000732421875,319.9100036621094,28326500.0,9061930718.734741
2021-12-21,323.2900085449219,327.7300109863281,319.79998779296875,327.2900085449219,24740600.0,8097351185.406494
2021-12-22,328.29998779296875,333.6099853515625,325.75,333.20001220703125,24831500.0,8273856103.1188965
2021-12-23,332.75,336.3900146484375,332.7300109863281,334.69000244140625,19617800.0,6565881529.89502
2021-12-27,335.4599914550781,342.4800109863281,335.42999267578125,342.45001220703125,19947000.0,6830850393.493652
2021-12-28,343.1499938964844,343.80999755859375,340.32000732421875,341.25,15661500.0,5344486875.0
2021-12-29,341.29998779296875,344.29998779296875,339.67999267578125,341.95001220703125,15042000.0,5143612083.618164
2021-12-30,341.9100036621094,343.1300048828125,338.82000732421875,339.32000732421875,15994500.0,5427253857.147217
2021-12-31,338.510009765625,339.3599853515625,335.8500061035156,336.32000732421875,18000800.0,6054029187.841797
2022-01-03,335.3500061035156,338.0,329.7799987792969,334.75,28865100.0,9662592225.0
2022-01-04,334.8299865722656,335.20001220703125,326.1199951171875,329.010009765625,32674300.0,10750171762.08496
2022-01-05,325.8599853515625,326.07000732421875,315.9800109863281,316.3800048828125,40054300.0,12672379629.577637
2022-01-06,313.1499938964844,318.70001220703125,311.489990234375,313.8800048828125,39646100.0,12444118061.584473
2022-01-07,314.1499938964844,316.5,310.0899963378906,314.0400085449219,32720000.0,10275389079.589844
2022-01-10,309.489990234375,314.7200012207031,304.69000244140625,314.2699890136719,44289500.0,13918860678.42102
2022-01-11,313.3800048828125,316.6099853515625,309.8900146484375,314.9800109863281,29386800.0,9256254586.853027
2022-01-12,319.6700134277344,323.4100036621094,317.0799865722656,318.2699890136719,34372200.0,10939639716.375732
2022-01-13,320.4700012207031,320.8800048828125,304.0,304.79998779296875,45366000.0,13827556246.21582
2022-01-14,304.25,310.82000732421875,303.75,310.20001220703125,39846400.0,12360353766.40625
2022-01-18,304.07000732421875,309.79998779296875,301.739990234375,302.6499938964844,42333200.0,12812142721.618652
2022-01-19,306.2900085449219,313.9100036621094,302.70001220703125,303.3299865722656,45933900.0,13933129270.211792
2022-01-20,309.07000732421875,311.6499938964844,301.1400146484375,301.6000061035156,35380700.0,10670819335.946655
2022-01-21,302.69000244140625,304.1099853515625,295.6099853515625,296.0299987792969,57984400.0,17165121861.218262
2022-01-24,292.20001220703125,297.1099853515625,276.04998779296875,296.3699951171875,85731500.0,25408244236.38916
2022-01-25,291.5199890136719,294.989990234375,285.1700134277344,288.489990234375,72848600.0,21016091902.58789
2022-01-26,307.989990234375,308.5,293.0299987792969,296.7099914550781,90428900.0,26831158146.292114
2022-01-27,302.6600036621094,307.29998779296875,297.92999267578125,299.8399963378906,53481300.0,16035832796.14563
2022-01-28,300.2300109863281,308.4800109863281,294.45001220703125,308.260009765625,49743700.0,15333993447.77832
2022-01-31,308.95001220703125,312.3800048828125,306.3699951171875,310.9800109863281,46444500.0,14443311120.254517
2022-02-01,310.4100036621094,310.6300048828125,305.1300048828125,308.760009765625,40950400.0,12643845903.90625
2022-02-02,309.6300048828125,315.1199951171875,308.8800048828125,313.4599914550781,36636000.0,11483920246.948242
2022-02-03,309.489990234375,311.2300109863281,299.9599914550781,301.25,43730000.0,13173662500.0
2022-02-04,300.2099914550781,308.79998779296875,299.9700012207031,305.94000244140625,35096500.0,10737423295.684814
2022-02-07,306.1700134277344,307.8399963378906,299.8999938964844,300.95001220703125,28533300.0,8587096983.306885
2022-02-08,301.25,305.55999755859375,299.95001220703125,304.55999755859375,32421200.0,9874200592.84668
2022-02-09,309.8699951171875,311.92999267578125,307.3900146484375,311.2099914550781,31284700.0,9736111219.674683
2022-02-10,304.0400085449219,309.1199951171875,300.70001220703125,302.3800048828125,45386200.0,13723879377.612305
2022-02-11,303.19000244140625,304.2900085449219,294.2200012207031,295.0400085449219,39175600.0,11558369358.752441
2022-02-14,293.7699890136719,296.760009765625,291.3500061035156,295.0,36359500.0,10726052500.0
2022-02-15,300.010009765625,300.79998779296875,297.0199890136719,300.4700012207031,27058300.0,8130207434.030151
2022-02-16,298.3699951171875,300.8699951171875,293.67999267578125,299.5,29982100.0,8979638950.0
2022-02-17,296.3599853515625,296.79998779296875,290.0,290.7300109863281,32461600.0,9437561324.63379
2022-02-18,293.04998779296875,293.8599853515625,286.30999755859375,287.92999267578125,34264000.0,9865633269.042969
2022-02-22,285.0,291.5400085449219,284.5,287.7200012207031,41736100.0,12008310742.947388
2022-02-23,290.17999267578125,291.70001220703125,280.1000061035156,280.2699890136719,37811200.0,10597344608.59375
2022-02-24,272.510009765625,295.1600036621094,271.5199890136719,294.5899963378906,56989700.0,16788595514.297485
2022-02-25,295.1400146484375,297.6300048828125,291.6499938964844,297.30999755859375,32546700.0,9676459297.540283
2022-02-28,294.30999755859375,299.1400146484375,293.0,298.7900085449219,34627500.0,10346351020.889282
2022-03-01,296.3999938964844,299.9700012207031,292.1499938964844,294.95001220703125,31217800.0,9207690491.07666
2022-03-02,295.3599853515625,301.4700012207031,293.70001220703125,300.19000244140625,31873000.0,9567955947.814941
2022-03-03,302.8900146484375,303.1300048828125,294.04998779296875,295.9200134277344,27314500.0,8082907206.771851
2022-03-04,294.2900085449219,295.6600036621094,287.1700134277344,289.8599853515625,32356500.0,9378854616.027832
2022-03-07,288.5299987792969,289.69000244140625,278.5299987792969,278.9100036621094,43157200.0,12036974810.046387
2022-03-08,277.79998779296875,283.9599914550781,270.0,275.8500061035156,48159500.0,13284798368.94226
2022-03-09,283.44000244140625,289.6000061035156,280.7799987792969,288.5,35204500.0,10156498250.0
2022-03-10,283.0199890136719,286.6000061035156,280.5799865722656,285.5899963378906,30628000.0,8747050407.836914
2022-03-11,287.9599914550781,289.510009765625,279.42999267578125,280.07000732421875,27209300.0,7620508850.286865
2022-03-14,280.3399963378906,285.3999938964844,275.82000732421875,276.44000244140625,30660700.0,8475843982.855225
2022-03-15,280.3500061035156,287.82000732421875,278.7300109863281,287.1499938964844,34245100.0,9833480255.984497
2022-03-16,289.1099853515625,294.57000732421875,283.20001220703125,294.3900146484375,37826300.0,11135685011.096191
2022-03-17,293.2900085449219,295.6099853515625,289.3699951171875,295.2200012207031,30816600.0,9097676689.61792
2022-03-18,295.3699951171875,301.0,292.7300109863281,300.42999267578125,43390600.0,13035837640.197754
2022-03-21,298.8900146484375,300.1400146484375,294.8999938964844,299.1600036621094,28351200.0,8481545095.825195
2022-03-22,299.79998779296875,305.0,298.7699890136719,304.05999755859375,27599700.0,8391964714.61792
2022-03-23,300.510009765625,303.2300109863281,297.7200012207031,299.489990234375,25715400.0,7701504894.873047
2022-03-24,299.1400146484375,304.20001220703125,298.32000732421875,304.1000061035156,24484500.0,7445736599.441528
2022-03-25,305.2300109863281,305.5,299.2900085449219,303.67999267578125,22566500.0,6852994554.718018
2022-03-28,304.3299865722656,310.79998779296875,304.3299865722656,310.70001220703125,29578200.0,9189947101.062012
2022-03-29,313.9100036621094,315.82000732421875,309.04998779296875,315.4100036621094,30393400.0,9586382405.303955
2022-03-30,313.760009765625,315.95001220703125,311.5799865722656,313.8599853515625,28163600.0,8839427083.447266
2022-03-31,313.8999938964844,315.1400146484375,307.8900146484375,308.30999755859375,33422100.0,10304367569.403076
2022-04-01,309.3699951171875,310.1300048828125,305.5400085449219,309.4200134277344,27110500.0,8388531274.032593
2022-04-04,310.0899963378906,315.1099853515625,309.7099914550781,314.9700012207031,24289600.0,7650495341.650391
2022-04-05,313.2699890136719,314.8699951171875,309.8699951171875,310.8800048828125,23156700.0,7198955009.069824
2022-04-06,305.19000244140625,307.0,296.7099914550781,299.5,40110400.0,12013064800.0
2022-04-07,296.6600036621094,303.6499938964844,296.3500061035156,301.3699951171875,31411200.0,9466393190.625
2022-04-08,300.44000244140625,301.1199951171875,296.2799987792969,296.9700012207031,24361900.0,7234753472.738647
2022-04-11,291.7900085449219,292.6099853515625,285.0,285.260009765625,34569300.0,9861238855.59082
2022-04-12,289.239990234375,290.739990234375,280.489990234375,282.05999755859375,30966700.0,8734467326.397705
2022-04-13,282.7300109863281,288.5799865722656,281.29998779296875,287.6199951171875,21907200.0,6300948757.03125
2022-04-14,288.0899963378906,288.30999755859375,279.32000732421875,279.8299865722656,28221600.0,7897249949.047852
2022-04-18,278.9100036621094,282.4599914550781,278.3399963378906,280.5199890136719,20778000.0,5828644331.726074
2022-04-19,279.3800048828125,286.1700134277344,278.4100036621094,285.29998779296875,22297700.0,6361533537.811279
2022-04-20,289.3999938964844,289.70001220703125,285.3699951171875,286.3599853515625,22906700.0,6559562276.452637
2022-04-21,288.5799865722656,293.29998779296875,280.05999755859375,280.80999755859375,29454600.0,8271146154.089355
2022-04-22,281.67999267578125,283.20001220703125,273.3800048828125,274.0299987792969,29405800.0,8058071338.104248
2022-04-25,273.2900085449219,281.1099853515625,270.7699890136719,280.7200012207031,35678900.0,10015780851.553345
2022-04-26,277.5,278.3599853515625,270.0,270.2200012207031,46518400.0,12570202104.785156
2022-04-27,282.1000061035156,290.9700012207031,279.1600036621094,283.2200012207031,63477700.0,17978154271.487427
2022-04-28,285.19000244140625,290.9800109863281,281.4599914550781,289.6300048828125,33646600.0,9745064922.29004
2022-04-29,288.6099853515625,289.8800048828125,276.5,277.5199890136719,37073900.0,10288748320.69397
2022-05-02,277.7099914550781,284.94000244140625,276.2200012207031,284.4700012207031,35151100.0,9999433459.909058
2022-05-03,283.9599914550781,284.1300048828125,280.1499938964844,281.7799987792969,25978600.0,7320249876.287842
2022-05-04,282.5899963378906,290.8800048828125,276.7300109863281,289.9800109863281,33599300.0,9743125383.132935
2022-05-05,285.5400085449219,286.3500061035156,274.3399963378906,277.3500061035156,43260400.0,11998272204.040527
2022-05-06,274.80999755859375,279.25,271.2699890136719,274.7300109863281,37780300.0,10379382234.066772
2022-05-09,270.05999755859375,272.3599853515625,263.32000732421875,264.5799865722656,47726000.0,12627344439.14795
2022-05-10,271.69000244140625,273.75,265.07000732421875,269.5,39336400.0,10601159800.0
2022-05-11,265.67999267578125,271.3599853515625,259.29998779296875,260.54998779296875,48975900.0,12760670147.149658
2022-05-12,257.69000244140625,259.8800048828125,250.02000427246094,255.35000610351562,51033800.0,13031481141.485596
2022-05-13,257.3500061035156,263.0400085449219,255.35000610351562,261.1199951171875,34925100.0,9119641941.467285
2022-05-16,259.9599914550781,265.82000732421875,255.77999877929688,261.5,32550900.0,8512060350.0
2022-05-17,266.1099853515625,268.3299865722656,262.4599914550781,266.82000732421875,28828800.0,7692100627.1484375
2022-05-18,263.0,263.6000061035156,252.77000427246094,254.0800018310547,31356000.0,7966932537.414551
2022-05-19,253.89999389648438,257.6700134277344,251.8800048828125,253.13999938964844,32692300.0,8275728802.046204
2022-05-20,257.239990234375,258.5400085449219,246.44000244140625,252.55999755859375,39199300.0,9900175112.298584
2022-05-23,255.49000549316406,261.5,253.42999267578125,260.6499938964844,33175400.0,8647167807.513428
2022-05-24,257.8900146484375,261.3299865722656,253.5,259.6199951171875,29043900.0,7540377176.184082
2022-05-25,258.1400146484375,264.5799865722656,257.1300048828125,262.5199890136719,28547900.0,7494394394.363403
2022-05-26,262.2699890136719,267.1099853515625,261.42999267578125,265.8999938964844,25002100.0,6648058237.399292
2022-05-27,268.4800109863281,273.3399963378906,267.55999755859375,273.239990234375,26910800.0,7353106729.199219
2022-05-31,272.5299987792969,274.7699890136719,268.92999267578125,271.8699951171875,37827700.0,10284216614.294434
2022-06-01,275.20001220703125,277.69000244140625,270.0400085449219,272.4200134277344,25292200.0,6890101463.616943
2022-06-02,264.45001220703125,274.6499938964844,261.6000061035156,274.5799865722656,44008200.0,12083770965.06958
2022-06-03,270.30999755859375,273.45001220703125,268.4100036621094,270.0199890136719,28059000.0,7576490871.734619
2022-06-06,272.05999755859375,274.17999267578125,267.2200012207031,268.75,22400300.0,6020080625.0
2022-06-07,266.6400146484375,273.1300048828125,265.94000244140625,272.5,22860700.0,6229540750.0
2022-06-08,271.7099914550781,273.0,269.6099853515625,270.4100036621094,17372300.0,4697643706.619263
2022-06-09,267.7799987792969,272.7099914550781,264.6300048828125,264.7900085449219,26439700.0,7000968388.925171
2022-06-10,260.5799865722656,260.5799865722656,252.52999877929688,252.99000549316406,31422800.0,7949654344.610596
2022-06-13,245.11000061035156,249.02000427246094,241.52999877929688,242.25999450683594,46135800.0,11176858654.568481
2022-06-14,243.86000061035156,245.74000549316406,241.50999450683594,244.49000549316406,28651500.0,7005005392.38739
2022-06-15,248.30999755859375,255.3000030517578,246.4199981689453,251.75999450683594,33111700.0,8336201410.1119995
2022-06-16,245.97999572753906,247.4199981689453,243.02000427246094,244.97000122070312,33169200.0,8125458964.489746
2022-06-17,244.6999969482422,250.5,244.02999877929688,247.64999389648438,43084800.0,10669950457.03125
2022-06-21,250.25999450683594,254.75,249.50999450683594,253.74000549316406,29928300.0,7594007006.401062
2022-06-22,251.88999938964844,257.1700134277344,250.3699951171875,253.1300048828125,25939900.0,6566167013.659668
2022-06-23,255.57000732421875,259.3699951171875,253.6300048828125,258.8599853515625,25861400.0,6694481625.170898
2022-06-24,261.80999755859375,267.9800109863281,261.7200012207031,267.70001220703125,33923200.0,9081241054.101562
2022-06-27,268.2099914550781,268.29998779296875,263.2799987792969,264.8900146484375,24615100.0,6520294199.572754
2022-06-28,263.9800109863281,266.9100036621094,256.32000732421875,256.4800109863281,27295500.0,7000750139.877319
2022-06-29,257.5899963378906,261.9700012207031,255.75999450683594,260.260009765625,20069800.0,5223366343.994141
2022-06-30,257.04998779296875,259.5299987792969,252.89999389648438,256.8299865722656,31730900.0,8149446620.925903
2022-07-01,256.3900146484375,259.7699890136719,254.61000061035156,259.5799865722656,22837700.0,5928209859.341431
2022-07-05,256.1600036621094,262.9800109863281,254.74000549316406,262.8500061035156,22941000.0,6030041990.020752
2022-07-06,263.75,267.989990234375,262.3999938964844,266.2099914550781,23824400.0,6342293320.422363
2022-07-07,265.1199951171875,269.05999755859375,265.0199890136719,268.3999938964844,20859900.0,5598797032.681274
2022-07-08,264.7900085449219,268.1000061035156,263.2900085449219,267.6600036621094,19658800.0,5261874479.992676
2022-07-11,265.6499938964844,266.5299987792969,262.17999267578125,264.510009765625,19455200.0,5146095141.9921875
2022-07-12,265.8800048828125,265.94000244140625,252.0399932861328,253.6699981689453,35868500.0,9098762329.322815
2022-07-13,250.19000244140625,253.5500030517578,248.11000061035156,252.72000122070312,29497400.0,7454582964.007568
2022-07-14,250.57000732421875,255.13999938964844,245.94000244140625,254.0800018310547,25102800.0,6378119469.9646
2022-07-15,255.72000122070312,260.3699951171875,254.77000427246094,256.7200012207031,29774100.0,7643606988.345337
2022-07-18,259.75,260.8399963378906,253.3000030517578,254.25,20975000.0,5332893750.0
2022-07-19,257.5799865722656,259.7200012207031,253.67999267578125,259.5299987792969,25012600.0,6491520047.467041
2022-07-20,259.8999938964844,264.8699951171875,258.9100036621094,262.2699890136719,22788300.0,5976687190.640259
2022-07-21,259.7900085449219,264.8900146484375,257.0299987792969,264.8399963378906,22404700.0,5933660665.951538
2022-07-22,265.239990234375,265.3299865722656,259.07000732421875,260.3599853515625,21881300.0,5697014947.473145
2022-07-25,261.0,261.5,256.80999755859375,258.8299865722656,21056000.0,5449924197.265625
2022-07-26,259.8599853515625,259.8800048828125,249.57000732421875,251.89999389648438,39348000.0,9911760959.838867
2022-07-27,261.1600036621094,270.04998779296875,258.8500061035156,268.739990234375,45994000.0,12360427110.839844
2022-07-28,269.75,277.8399963378906,267.8699951171875,276.4100036621094,33459300.0,9248485235.531616
2022-07-29,277.70001220703125,282.0,276.6300048828125,280.739990234375,32152800.0,9026576758.007812
2022-08-01,277.82000732421875,281.2799987792969,275.8399963378906,278.010009765625,21539600.0,5988224406.347656
2022-08-02,276.0,277.8900146484375,272.3800048828125,274.82000732421875,22754200.0,6253309410.656738
2022-08-03,276.760009765625,283.5,276.6099853515625,282.4700012207031,23518900.0,6643383711.709595
2022-08-04,281.79998779296875,283.79998779296875,280.1700134277344,283.6499938964844,18098700.0,5133696144.534302
2022-08-05,279.1499938964844,283.6499938964844,278.67999267578125,282.9100036621094,16774600.0,4745702147.43042
2022-08-08,284.04998779296875,285.9200134277344,279.32000732421875,280.32000732421875,18739200.0,5252972681.25
2022-08-09,279.6400146484375,283.0799865722656,277.6099853515625,282.29998779296875,23405200.0,6607287674.291992
2022-08-10,288.1700134277344,289.80999755859375,286.94000244140625,289.1600036621094,24687800.0,7138724338.409424
2022-08-11,290.8500061035156,291.2099914550781,286.510009765625,287.0199890136719,20065900.0,5759314397.549438
2022-08-12,288.4800109863281,291.9100036621094,286.94000244140625,291.9100036621094,22619700.0,6602916709.835815
2022-08-15,291.0,294.17999267578125,290.1099853515625,293.4700012207031,18085700.0,5307610401.0772705
2022-08-16,291.989990234375,294.0400085449219,290.4200134277344,292.7099914550781,18102900.0,5298899704.312134
2022-08-17,289.739990234375,293.3500061035156,289.4700012207031,291.32000732421875,18253400.0,5317580621.691895
2022-08-18,290.19000244140625,291.9100036621094,289.0799865722656,290.1700134277344,17186200.0,4986919884.7717285
2022-08-19,288.8999938964844,289.25,285.55999755859375,286.1499938964844,20570000.0,5886105374.450684
2022-08-22,282.0799865722656,282.4599914550781,277.2200012207031,277.75,25061100.0,6960720525.0
2022-08-23,276.44000244140625,278.8599853515625,275.3999938964844,276.44000244140625,17527400.0,4845274498.791504
2022-08-24,275.4100036621094,277.2300109863281,275.1099853515625,275.7900085449219,18137000.0,5002003384.979248
2022-08-25,277.3299865722656,279.0199890136719,274.5199890136719,278.8500061035156,16583400.0,4624281191.217041
2022-08-26,279.0799865722656,280.3399963378906,267.9800109863281,268.0899963378906,27549300.0,7385691736.11145
2022-08-29,265.8500061035156,267.3999938964844,263.8500061035156,265.2300109863281,20338500.0,5394380578.445435
2022-08-30,266.6700134277344,267.04998779296875,260.6600036621094,262.9700012207031,22767100.0,5987064314.79187
2022-08-31,265.3900146484375,267.1099853515625,261.3299865722656,261.4700012207031,24791800.0,6482311976.263428
2022-09-01,258.8699951171875,260.8900146484375,255.41000366210938,260.3999938964844,23263400.0,6057789218.011475
2022-09-02,261.70001220703125,264.739990234375,254.47000122070312,256.05999755859375,22855400.0,5852353668.200684
2022-09-06,256.20001220703125,257.8299865722656,251.94000244140625,253.25,21328200.0,5401366650.0
2022-09-07,254.6999969482422,258.8299865722656,253.22000122070312,258.0899963378906,24126700.0,6226859914.645386
2022-09-08,257.510009765625,260.42999267578125,254.7899932861328,258.5199890136719,20319900.0,5253100324.758911
2022-09-09,260.5,265.2300109863281,260.2900085449219,264.4599914550781,22084700.0,5840519573.287964
2022-09-12,265.7799987792969,267.45001220703125,265.1600036621094,266.6499938964844,18747700.0,4999074090.57312
2022-09-13,258.8399963378906,260.3999938964844,251.58999633789062,251.99000549316406,33353300.0,8404698250.215149
2022-09-14,253.52999877929688,254.22999572753906,249.86000061035156,252.22000122070312,23913000.0,6031336889.190674
2022-09-15,249.77000427246094,251.39999389648438,244.02000427246094,245.3800048828125,31530900.0,7737052395.959473
2022-09-16,244.25999450683594,245.3000030517578,242.05999755859375,244.74000549316406,39791800.0,9738645350.582886
2022-09-19,242.47000122070312,245.13999938964844,240.85000610351562,244.52000427246094,26826900.0,6559713702.616882
2022-09-20,242.07000732421875,243.50999450683594,239.63999938964844,242.4499969482422,26660300.0,6463789653.639221
2022-09-21,244.27000427246094,247.66000366210938,238.89999389648438,238.9499969482422,28625600.0,6840087032.641602
2022-09-22,237.8699951171875,243.86000061035156,237.57000732421875,240.97999572753906,31061200.0,7485127843.292236
2022-09-23,239.5399932861328,241.1300048828125,235.1999969482422,237.9199981689453,34176000.0,8131153857.421875
2022-09-26,237.0500030517578,241.4499969482422,236.89999389648438,237.4499969482422,27694200.0,6575987705.484009
2022-09-27,239.97999572753906,241.8000030517578,234.5,236.41000366210938,27018700.0,6387490965.945435
2022-09-28,236.80999755859375,242.3300018310547,234.72999572753906,241.07000732421875,29029700.0,6998189991.619873
2022-09-29,238.88999938964844,239.9499969482422,234.41000366210938,237.5,27484200.0,6527497500.0
2022-09-30,238.2899932861328,240.5399932861328,232.72999572753906,232.89999389648438,35694800.0,8313318702.13623
2022-10-03,235.41000366210938,241.61000061035156,234.66000366210938,240.74000549316406,28880400.0,6952667654.644775
2022-10-04,245.08999633789062,250.36000061035156,244.97999572753906,248.8800048828125,34888400.0,8683025162.353516
2022-10-05,245.99000549316406,250.5800018310547,244.10000610351562,249.1999969482422,20347100.0,5070497257.905579
2022-10-06,247.92999267578125,250.33999633789062,246.0800018310547,246.7899932861328,20239900.0,4995004785.1119995
2022-10-07,240.89999389648438,241.32000732421875,233.1699981689453,234.24000549316406,37769600.0,8847151311.47461
2022-10-10,233.0500030517578,234.55999755859375,226.72999572753906,229.25,29743600.0,6818720300.0
2022-10-11,227.6199951171875,229.05999755859375,224.11000061035156,225.41000366210938,30474000.0,6869144451.599121
2022-10-12,225.39999389648438,227.86000061035156,223.9600067138672,225.75,21903900.0,4944805425.0
2022-10-13,219.85000610351562,236.10000610351562,219.1300048828125,234.24000549316406,42551800.0,9967333865.744019
2022-10-14,235.5399932861328,237.24000549316406,228.33999633789062,228.55999755859375,30198600.0,6902191942.272949
2022-10-17,235.82000732421875,238.9600067138672,235.13999938964844,237.52999877929688,28142300.0,6684640484.646606
2022-10-18,243.24000549316406,243.92999267578125,235.3699951171875,238.5,26329600.0,6279609600.0
2022-10-19,237.0399932861328,239.61000061035156,234.2899932861328,236.47999572753906,19985700.0,4726218250.611877
2022-10-20,235.77000427246094,241.30999755859375,234.8699951171875,236.14999389648438,21811000.0,5150667516.876221
2022-10-21,234.74000549316406,243.0,234.5,242.1199951171875,26299700.0,6367683235.583496
2022-10-24,243.75999450683594,247.83999633789062,241.3000030517578,247.25,24911200.0,6159294200.0
2022-10-25,247.25999450683594,251.0399932861328,245.8300018310547,250.66000366210938,34775500.0,8716826957.351685
2022-10-26,231.1699981689453,238.3000030517578,230.05999755859375,231.32000732421875,82543200.0,19093893628.564453
2022-10-27,231.0399932861328,233.69000244140625,225.77999877929688,226.75,40424600.0,9166278050.0
2022-10-28,226.24000549316406,236.60000610351562,226.0500030517578,235.8699951171875,40647700.0,9587572800.524902
2022-10-31,233.75999450683594,234.9199981689453,231.14999389648438,232.1300048828125,28357300.0,6582580187.463379
2022-11-01,234.60000610351562,235.74000549316406,227.3300018310547,228.1699981689453,30592300.0,6980245034.983826
2022-11-02,229.4600067138672,231.3000030517578,220.0399932861328,220.10000610351562,38407000.0,8453380934.417725
2022-11-03,220.08999633789062,220.41000366210938,213.97999572753906,214.25,36633900.0,7848813075.0
2022-11-04,217.5500030517578,221.58999633789062,213.42999267578125,221.38999938964844,36789100.0,8144738826.545715
2022-11-07,221.99000549316406,228.41000366210938,221.27999877929688,227.8699951171875,33498000.0,7633189096.435547
2022-11-08,228.6999969482422,231.64999389648438,225.83999633789062,228.8699951171875,28192500.0,6452417337.341309
2022-11-09,227.3699951171875,228.6300048828125,224.3300018310547,224.50999450683594,27852900.0,6253254425.999451
2022-11-10,235.42999267578125,243.3300018310547,235.0,242.97999572753906,46268000.0,11242198442.321777
2022-11-11,242.99000549316406,247.99000549316406,241.92999267578125,247.11000061035156,34620200.0,8554997643.130493
2022-11-14,241.99000549316406,243.91000366210938,239.2100067138672,241.5500030517578,31123300.0,7517833209.980774
2022-11-15,245.66000366210938,247.0,240.02999877929688,241.97000122070312,31390100.0,7595462535.317993
2022-11-16,242.7899932861328,243.8000030517578,240.4199981689453,241.72999572753906,24093300.0,5824073306.062317
2022-11-17,237.77999877929688,243.25,237.6300048828125,241.67999267578125,23123500.0,5588487310.638428
2022-11-18,243.50999450683594,243.74000549316406,239.02999877929688,241.22000122070312,27613500.0,6660928503.707886
2022-11-21,241.42999267578125,244.6699981689453,241.19000244140625,242.0500030517578,26394700.0,6388837215.550232
2022-11-22,243.58999633789062,245.30999755859375,240.7100067138672,245.02999877929688,19665700.0,4818686446.994019
2022-11-23,245.11000061035156,248.27999877929688,244.27000427246094,247.5800018310547,19508500.0,4829914465.72113
2022-11-25,247.30999755859375,248.6999969482422,246.72999572753906,247.49000549316406,9200800.0,2277106042.541504
2022-11-28,246.0800018310547,246.64999389648438,240.8000030517578,241.75999450683594,24778200.0,5990377495.889282
2022-11-29,241.39999389648438,242.7899932861328,238.2100067138672,240.3300018310547,17956300.0,4315437611.878967
2022-11-30,240.57000732421875,255.3300018310547,239.86000061035156,255.13999938964844,47594200.0,12143184158.950806
2022-12-01,253.8699951171875,256.1199951171875,250.9199981689453,254.69000244140625,26041500.0,6632509698.577881
2022-12-02,249.82000732421875,256.05999755859375,249.69000244140625,255.02000427246094,21528500.0,5490198161.979675
2022-12-05,252.00999450683594,253.82000732421875,248.05999755859375,250.1999969482422,23435300.0,5863511988.48114
2022-12-06,250.82000732421875,251.86000061035156,243.77999877929688,245.1199951171875,22463700.0,5506302034.313965
2022-12-07,244.8300018310547,246.16000366210938,242.2100067138672,244.3699951171875,20481500.0,5005064054.992676
2022-12-08,244.83999633789062,248.74000549316406,243.05999755859375,247.39999389648438,22611800.0,5594159181.988525
2022-12-09,244.6999969482422,248.30999755859375,244.16000366210938,245.4199981689453,20609700.0,5058032536.262512
2022-12-12,247.4499969482422,252.5399932861328,247.1699981689453,252.50999450683594,30665100.0,7743244232.551575
2022-12-13,261.69000244140625,263.9200134277344,253.07000732421875,256.9200134277344,42196900.0,10841228114.608765
2022-12-14,257.1300048828125,262.5899963378906,254.30999755859375,257.2200012207031,35410900.0,9108391741.226196
2022-12-15,253.72000122070312,254.1999969482422,247.33999633789062,249.00999450683594,35560400.0,8854895008.660889
2022-12-16,248.5500030517578,249.83999633789062,243.50999450683594,244.69000244140625,86102000.0,21068298590.20996
2022-12-19,244.86000061035156,245.2100067138672,238.7100067138672,240.4499969482422,29696400.0,7140499289.373779
2022-12-20,239.39999389648438,242.91000366210938,238.4199981689453,241.8000030517578,25150800.0,6081463516.75415
2022-12-21,241.69000244140625,245.6199951171875,240.11000061035156,244.42999267578125,23690600.0,5790693184.484863
2022-12-22,241.25999450683594,241.99000549316406,233.8699951171875,238.19000244140625,28651700.0,6824548492.950439
2022-12-23,236.11000061035156,238.8699951171875,233.94000244140625,238.72999572753906,21207000.0,5062747019.393921
2022-12-27,238.6999969482422,238.92999267578125,235.8300018310547,236.9600067138672,16688600.0,3954530768.045044
2022-12-28,236.88999938964844,239.72000122070312,234.1699981689453,234.52999877929688,17457100.0,4094213641.6900635
2022-12-29,235.64999389648438,241.9199981689453,235.64999389648438,241.00999450683594,19770700.0,4764936298.396301
2022-12-30,238.2100067138672,239.9600067138672,236.66000366210938,239.82000732421875,21938500.0,5261291230.682373
2023-01-03,243.0800018310547,245.75,237.39999389648438,239.5800018310547,25740000.0,6166789247.131348
2023-01-04,232.27999877929688,232.8699951171875,225.9600067138672,229.10000610351562,50623400.0,11597821248.980713
2023-01-05,227.1999969482422,227.5500030517578,221.75999450683594,222.30999755859375,39585600.0,8800274639.355469
2023-01-06,223.0,225.75999450683594,219.35000610351562,224.92999267578125,43613600.0,9810006728.564453
2023-01-09,226.4499969482422,231.24000549316406,226.41000366210938,227.1199951171875,27369800.0,6216228842.358398
2023-01-10,227.75999450683594,231.30999755859375,227.3300018310547,228.85000610351562,27033900.0,6186708180.001831
2023-01-11,231.2899932861328,235.9499969482422,231.11000061035156,235.77000427246094,28669300.0,6759360983.488464
2023-01-12,235.25999450683594,239.89999389648438,233.55999755859375,238.50999450683594,27269500.0,6504048295.204163
2023-01-13,237.0,239.3699951171875,234.9199981689453,239.22999572753906,21333300.0,5103565267.854309
2023-01-17,237.97000122070312,240.91000366210938,237.08999633789062,240.35000610351562,29831300.0,7169953137.075806
2023-01-18,241.57000732421875,242.3800048828125,235.52000427246094,235.80999755859375,30028700.0,7081067673.687744
2023-01-19,233.77999877929688,235.52000427246094,230.67999267578125,231.92999267578125,28623000.0,6638532180.358887
2023-01-20,234.86000061035156,240.74000549316406,234.50999450683594,240.22000122070312,35389800.0,8501337799.200439
2023-01-23,241.10000610351562,245.1699981689453,239.64999389648438,242.5800018310547,31934000.0,7746549778.4729
2023-01-24,242.5,243.9499969482422,240.44000244140625,242.0399932861328,40234400.0,9738333905.871582
2023-01-25,234.47999572753906,243.3000030517578,230.89999389648438,240.61000061035156,66526600.0,16006965266.604614
2023-01-26,243.64999389648438,248.30999755859375,242.0,248.0,33454500.0,8296716000.0
2023-01-27,248.99000549316406,249.8300018310547,246.8300018310547,248.16000366210938,26498900.0,6575967121.04187
2023-01-30,244.50999450683594,245.60000610351562,242.1999969482422,242.7100067138672,25867400.0,6278276827.670288
2023-01-31,243.4499969482422,247.9499969482422,242.9499969482422,247.80999755859375,26541100.0,6577149926.202393
2023-02-01,248.0,255.17999267578125,245.47000122070312,252.75,31259900.0,7900939725.0
2023-02-02,258.82000732421875,264.69000244140625,257.25,264.6000061035156,39940400.0,10568230083.776855
2023-02-03,259.5400085449219,264.20001220703125,257.1000061035156,258.3500061035156,29077300.0,7512120632.473755
2023-02-06,257.44000244140625,258.29998779296875,254.77999877929688,256.7699890136719,22518000.0,5781946612.609863
2023-02-07,260.5299987792969,268.7699890136719,260.0799865722656,267.55999755859375,50841400.0,13603124859.875488
2023-02-08,273.20001220703125,276.760009765625,266.2099914550781,266.7300109863281,54686000.0,14586397380.79834
2023-02-09,273.79998779296875,273.9800109863281,262.79998779296875,263.6199951171875,42375100.0,11170923655.090332
2023-02-10,261.5299987792969,264.0899963378906,260.6600036621094,263.1000061035156,25818500.0,6792847507.583618
2023-02-13,267.6400146484375,274.6000061035156,267.1499938964844,271.32000732421875,44630900.0,12109256114.886475
2023-02-14,272.6700134277344,274.9700012207031,269.2799987792969,272.1700134277344,37047900.0,10083327440.46936
2023-02-15,268.32000732421875,270.7300109863281,266.17999267578125,269.32000732421875,28922400.0,7789380979.833984
2023-02-16,264.0199890136719,266.739990234375,261.8999938964844,262.1499938964844,29603600.0,7760583559.313965
2023-02-17,259.3900146484375,260.0899963378906,256.0,258.05999755859375,30000100.0,7741825732.757568
2023-02-21,254.47999572753906,255.49000549316406,251.58999633789062,252.6699981689453,28397400.0,7175171006.002808
2023-02-22,254.08999633789062,254.33999633789062,250.33999633789062,251.50999450683594,22491100.0,5656736437.452698
2023-02-23,255.55999755859375,256.8399963378906,250.47999572753906,254.77000427246094,29219100.0,7444150231.837463
2023-02-24,249.9600067138672,251.0,248.10000610351562,249.22000122070312,24990900.0,6228232128.50647
2023-02-27,252.4600067138672,252.82000732421875,249.38999938964844,250.16000366210938,21190000.0,5300890477.600098
2023-02-28,249.07000732421875,251.49000549316406,248.72999572753906,249.4199981689453,22491000.0,5609705178.817749
2023-03-01,250.75999450683594,250.92999267578125,245.7899932861328,246.27000427246094,27565300.0,6788506548.7716675
2023-03-02,246.5500030517578,251.39999389648438,245.61000061035156,251.11000061035156,24808200.0,6229587117.141724
2023-03-03,252.19000244140625,255.6199951171875,251.38999938964844,255.2899932861328,30760100.0,7852745722.480774
2023-03-06,256.42999267578125,260.1199951171875,255.97999572753906,256.8699951171875,24109800.0,6193084208.276367
2023-03-07,256.29998779296875,257.69000244140625,253.38999938964844,254.14999389648438,21473200.0,5457413648.937988
2023-03-08,254.0399932861328,254.5399932861328,250.80999755859375,253.6999969482422,17340200.0,4399208687.081909
2023-03-09,255.82000732421875,259.55999755859375,251.5800018310547,252.32000732421875,26653400.0,6725186083.215332
2023-03-10,251.0800018310547,252.7899932861328,247.60000610351562,248.58999633789062,28333900.0,7043524097.238159
2023-03-13,247.39999389648438,257.9100036621094,245.72999572753906,253.9199981689453,33339700.0,8465616562.953186
2023-03-14,256.75,261.07000732421875,255.86000061035156,260.7900085449219,33620300.0,8767838324.282837
2023-03-15,259.9800109863281,266.4800109863281,259.2099914550781,265.44000244140625,46028000.0,12217672432.373047
2023-03-16,265.2099914550781,276.55999755859375,263.2799987792969,276.20001220703125,54768800.0,15127143228.564453
2023-03-17,278.260009765625,283.3299865722656,276.32000732421875,279.42999267578125,69527400.0,19428040872.766113
2023-03-20,276.9800109863281,277.4800109863281,269.8500061035156,272.2300109863281,43466600.0,11832912995.53833
2023-03-21,274.8800048828125,275.0,269.5199890136719,273.7799987792969,34558700.0,9461480843.814087
2023-03-22,273.3999938964844,281.0400085449219,272.17999267578125,272.2900085449219,34873300.0,9495651154.989624
2023-03-23,277.94000244140625,281.05999755859375,275.20001220703125,277.6600036621094,36610900.0,10165382628.07312
2023-03-24,277.239990234375,280.6300048828125,275.2799987792969,280.57000732421875,28172000.0,7904218246.337891
2023-03-27,280.5,281.4599914550781,275.5199890136719,276.3800048828125,26840200.0,7418094607.055664
2023-03-28,275.7900085449219,276.1400146484375,272.04998779296875,275.2300109863281,21878600.0,6021647318.3654785
2023-03-29,278.9599914550781,281.1400146484375,278.4100036621094,280.510009765625,25087000.0,7037154614.990234
2023-03-30,284.2300109863281,284.4599914550781,281.4800109863281,284.04998779296875,25053400.0,7116417964.172363
2023-03-31,283.7300109863281,289.2699890136719,283.0,288.29998779296875,32766000.0,9446437400.024414
2023-04-03,286.5199890136719,288.2699890136719,283.95001220703125,287.2300109863281,24883300.0,7147230532.376099
2023-04-04,287.2300109863281,290.45001220703125,285.6700134277344,287.17999267578125,25824300.0,7416222284.857178
2023-04-05,285.8500061035156,287.1499938964844,282.9200134277344,284.3399963378906,22064800.0,6273905151.196289
2023-04-06,283.2099914550781,292.0799865722656,282.0299987792969,291.6000061035156,29770300.0,8681019661.703491
2023-04-10,289.2099914550781,289.6000061035156,284.7099914550781,289.3900146484375,23103000.0,6685777508.422852
2023-04-11,285.75,285.9800109863281,281.6400146484375,282.8299865722656,27276600.0,7714640411.737061
2023-04-12,284.7900085449219,287.010009765625,281.9599914550781,283.489990234375,27403400.0,7768589598.388672
2023-04-13,283.5899963378906,289.8999938964844,283.1700134277344,289.8399963378906,24222700.0,7020707279.293823
2023-04-14,287.0,288.4800109863281,283.69000244140625,286.1400146484375,20987900.0,6005478013.439941
2023-04-17,289.92999267578125,291.6000061035156,286.1600036621094,288.79998779296875,23836200.0,6883894269.030762
2023-04-18,291.57000732421875,291.760009765625,287.010009765625,288.3699951171875,20161800.0,5814058167.553711
2023-04-19,285.989990234375,289.04998779296875,284.5400085449219,288.45001220703125,17150300.0,4947004244.354248
2023-04-20,285.25,289.0299987792969,285.0799865722656,286.1099853515625,23244400.0,6650454943.505859
2023-04-21,285.010009765625,286.2699890136719,283.05999755859375,285.760009765625,21676400.0,6194248275.683594
2023-04-24,282.0899963378906,284.95001220703125,278.7200012207031,281.7699890136719,26611000.0,7498181177.642822
2023-04-25,279.510009765625,281.6000061035156,275.3699951171875,275.4200134277344,45772200.0,12606579938.616943
2023-04-26,296.70001220703125,299.57000732421875,292.7300109863281,295.3699951171875,64599200.0,19080665388.57422
2023-04-27,295.9700012207031,305.20001220703125,295.25,304.8299865722656,46462600.0,14163193734.112549
2023-04-28,304.010009765625,308.92999267578125,303.30999755859375,307.260009765625,36469600.0,11205649652.148438
2023-05-01,306.9700012207031,308.6000061035156,305.1499938964844,305.55999755859375,21294100.0,6506625144.012451
2023-05-02,307.760009765625,309.17999267578125,303.9100036621094,305.4100036621094,26404400.0,8064167900.695801
2023-05-03,306.6199951171875,308.6099853515625,304.0899963378906,304.3999938964844,22360800.0,6806627383.520508
2023-05-04,306.239990234375,307.760009765625,303.3999938964844,305.4100036621094,22519900.0,6877802741.470337
2023-05-05,305.7200012207031,311.9700012207031,304.2699890136719,310.6499938964844,28197100.0,8759428942.89856
2023-05-08,310.1300048828125,310.20001220703125,306.0899963378906,308.6499938964844,21318600.0,6579985759.881592
2023-05-09,308.0,310.0400085449219,306.30999755859375,307.0,21340800.0,6551625600.0
2023-05-10,308.6199951171875,313.0,307.6700134277344,312.30999755859375,30078000.0,9393660106.567383
2023-05-11,310.1000061035156,311.1199951171875,306.260009765625,310.1099853515625,31680200.0,9824346357.93457
2023-05-12,310.54998779296875,310.6499938964844,306.6000061035156,308.9700012207031,19774700.0,6109789083.139038
2023-05-15,309.1000061035156,309.8999938964844,307.5899963378906,309.4599914550781,16336500.0,5055493150.405884
2023-05-16,309.8299865722656,313.7099914550781,309.8299865722656,311.739990234375,26730300.0,8332903460.961914
2023-05-17,312.2900085449219,314.42999267578125,310.739990234375,314.0,24315000.0,7634910000.0
2023-05-18,314.5299987792969,319.0400085449219,313.7200012207031,318.5199890136719,27276000.0,8687951220.336914
2023-05-19,316.739990234375,318.75,316.3699951171875,318.3399963378906,27546700.0,8769216377.120972
2023-05-22,318.6000061035156,322.5899963378906,318.010009765625,321.17999267578125,24115700.0,7745480349.371338
2023-05-23,320.0299987792969,322.7200012207031,315.25,315.260009765625,30797200.0,9709125572.753906
2023-05-24,314.7300109863281,316.5,312.6099853515625,313.8500061035156,23384900.0,7339351007.730103
2023-05-25,323.239990234375,326.8999938964844,320.0,325.9200134277344,43301700.0,14112890645.443726
2023-05-26,324.0199890136719,333.3999938964844,323.8800048828125,332.8900146484375,36630600.0,12193960970.581055
2023-05-30,335.2300109863281,335.739990234375,330.5199890136719,331.2099914550781,29503100.0,9771721498.898315
2023-05-31,332.2900085449219,335.94000244140625,327.3299865722656,328.3900146484375,45950600.0,15089718207.104492
2023-06-01,325.92999267578125,333.5299987792969,324.7200012207031,332.5799865722656,26773900.0,8904463302.487183
2023-06-02,334.25,337.5,332.54998779296875,335.3999938964844,25873800.0,8678072362.078857
2023-06-05,335.2200012207031,338.55999755859375,334.6600036621094,335.94000244140625,21307100.0,7157907226.019287
2023-06-06,335.3299865722656,335.3699951171875,332.1700134277344,333.67999267578125,20396200.0,6805803866.61377
2023-06-07,331.6499938964844,334.489990234375,322.5,323.3800048828125,40717100.0,13167095996.813965
2023-06-08,323.94000244140625,326.6400146484375,323.3500061035156,325.260009765625,23277700.0,7571304929.321289
2023-06-09,324.989990234375,329.989990234375,324.4100036621094,326.7900085449219,22529000.0,7362252102.508545
2023-06-12,328.5799865722656,332.1000061035156,325.1600036621094,331.8500061035156,24260300.0,8050780703.07312
2023-06-13,334.4700012207031,336.9800109863281,330.3900146484375,334.2900085449219,22951300.0,7672390273.117065
2023-06-14,334.3399963378906,339.0400085449219,332.80999755859375,337.3399963378906,26003800.0,8772121796.77124
2023-06-15,337.4800109863281,349.8399963378906,337.20001220703125,348.1000061035156,38899100.0,13540776947.421265
2023-06-16,351.32000732421875,351.4700012207031,341.95001220703125,342.3299865722656,46552000.0,15936145534.91211
2023-06-20,339.30999755859375,342.0799865722656,335.8599853515625,338.04998779296875,26375400.0,8916203648.034668
2023-06-21,336.3699951171875,337.7300109863281,332.07000732421875,333.55999755859375,25117800.0,8378293306.677246
2023-06-22,334.1199951171875,340.1199951171875,333.3399963378906,339.7099914550781,23556800.0,8002480326.708984
2023-06-23,334.3599853515625,337.9599914550781,333.45001220703125,335.0199890136719,23146900.0,7754674183.700562
2023-06-26,333.7200012207031,336.1099853515625,328.489990234375,328.6000061035156,21520600.0,7071669291.351318
2023-06-27,331.8599853515625,336.1499938964844,329.29998779296875,334.57000732421875,24354100.0,8148151415.374756
2023-06-28,334.6600036621094,337.9800109863281,333.80999755859375,335.8500061035156,20259500.0,6804153198.654175
2023-06-29,334.7099914550781,336.1099853515625,332.6199951171875,335.04998779296875,16997000.0,5694844642.51709
2023-06-30,337.75,342.7300109863281,337.20001220703125,340.5400085449219,26832800.0,9137641941.28418
2023-07-03,339.19000244140625,340.8999938964844,336.57000732421875,337.989990234375,12508700.0,4227815390.8447266
2023-07-05,335.0899963378906,341.6499938964844,334.7300109863281,338.1499938964844,18172400.0,6144996949.084473
2023-07-06,337.29998779296875,342.989990234375,335.5,341.2699890136719,28161200.0,9610572414.611816
2023-07-07,339.32000732421875,341.7900085449219,337.0,337.2200012207031,21214800.0,7154054881.896973
2023-07-10,334.6000061035156,335.2300109863281,327.5899963378906,331.8299865722656,32791400.0,10881169821.685791
2023-07-11,331.05999755859375,332.8599853515625,327.0,332.4700012207031,26698200.0,8876350586.590576
2023-07-12,336.6000061035156,341.6499938964844,335.6700134277344,337.20001220703125,29995300.0,10114415526.153564
2023-07-13,339.55999755859375,343.739990234375,339.0199890136719,342.6600036621094,20567200.0,7047556827.319336
2023-07-14,347.5899963378906,351.42999267578125,344.30999755859375,345.239990234375,28352700.0,9788485871.118164
2023-07-17,345.67999267578125,346.989990234375,342.20001220703125,345.7300109863281,20363900.0,7040411370.724487
2023-07-18,345.8299865722656,366.7799987792969,342.1700134277344,359.489990234375,64738600.0,23272878681.78711
2023-07-19,361.75,362.4599914550781,352.44000244140625,355.0799865722656,39732900.0,14108357598.477173
2023-07-20,353.57000732421875,357.9700012207031,345.3699951171875,346.8699951171875,33778400.0,11716713443.066406
2023-07-21,349.1499938964844,350.29998779296875,339.8299865722656,343.7699890136719,69405400.0,23859493595.489502
2023-07-24,345.8500061035156,346.9200134277344,342.30999755859375,345.1099853515625,26678100.0,9206878700.20752
2023-07-25,347.1099853515625,351.8900146484375,345.07000732421875,350.9800109863281,41637700.0,14614000403.445435
2023-07-26,341.44000244140625,344.6700134277344,333.1099853515625,337.7699890136719,58383700.0,19720261707.577515
2023-07-27,340.4800109863281,341.3299865722656,329.04998779296875,330.7200012207031,39635300.0,13108186464.382935
2023-07-28,333.6700134277344,340.010009765625,333.1700134277344,338.3699951171875,28484900.0,9638435473.913574
2023-07-31,336.9200134277344,337.70001220703125,333.3599853515625,335.9200134277344,25446000.0,8547820661.682129
2023-08-01,335.19000244140625,338.5400085449219,333.70001220703125,336.3399963378906,18311900.0,6159024378.939819
2023-08-02,333.6300048828125,333.6300048828125,326.3599853515625,327.5,27761300.0,9091825750.0
2023-08-03,326.0,329.8800048828125,325.95001220703125,326.6600036621094,18253700.0,5962753708.847046
2023-08-04,331.8800048828125,335.1400146484375,327.239990234375,327.7799987792969,23741500.0,7781988841.018677
2023-08-07,328.3699951171875,331.1099853515625,327.5199890136719,330.1099853515625,17741500.0,5856646305.114746
2023-08-08,326.9599914550781,328.75,323.0,326.04998779296875,22327600.0,7279913707.446289
2023-08-09,326.4700012207031,327.1099853515625,321.04998779296875,322.2300109863281,22373300.0,7209348704.800415
2023-08-10,326.0199890136719,328.260009765625,321.17999267578125,322.92999267578125,20113700.0,6495316993.682861
2023-08-11,320.260009765625,322.4100036621094,319.2099914550781,321.010009765625,24355500.0,7818359292.84668
2023-08-14,321.3900146484375,324.05999755859375,320.0799865722656,324.0400085449219,18836100.0,6103650004.953003
2023-08-15,323.0,325.0899963378906,320.8999938964844,321.8599853515625,16966300.0,5460773069.470215
2023-08-16,320.79998779296875,324.4200134277344,319.79998779296875,320.3999938964844,20698900.0,6631927433.66394
2023-08-17,320.5400085449219,321.8699951171875,316.2099914550781,316.8800048828125,21257200.0,6735981639.794922
2023-08-18,314.489990234375,318.3800048828125,311.54998779296875,316.4800109863281,24755000.0,7834462671.966553
2023-08-21,317.92999267578125,322.7699890136719,317.0400085449219,321.8800048828125,24040000.0,7737995317.3828125
2023-08-22,325.5,326.0799865722656,321.4599914550781,322.4599914550781,16084600.0,5186639978.55835
2023-08-23,323.82000732421875,329.20001220703125,323.4599914550781,327.0,21166400.0,6921412800.0
2023-08-24,332.8500061035156,332.9800109863281,319.9599914550781,319.9700012207031,23281400.0,7449349586.419678
2023-08-25,321.4700012207031,325.3599853515625,318.79998779296875,322.9800109863281,21684100.0,7003530856.228638
2023-08-28,325.6600036621094,326.1499938964844,321.7200012207031,323.70001220703125,14808500.0,4793511630.767822
2023-08-29,321.8800048828125,328.9800109863281,321.8800048828125,328.4100036621094,19284600.0,6333255556.622314
2023-08-30,328.6700134277344,329.80999755859375,326.45001220703125,328.7900085449219,15222100.0,5004874389.071655
2023-08-31,329.20001220703125,330.9100036621094,326.7799987792969,327.760009765625,26411000.0,8656469617.919922
2023-09-01,331.30999755859375,331.989990234375,326.7799987792969,328.6600036621094,14942000.0,4910837774.719238
2023-09-05,329.0,334.8500061035156,328.6600036621094,333.54998779296875,18553900.0,6188653118.511963
2023-09-06,333.3800048828125,334.4599914550781,330.17999267578125,332.8800048828125,17535800.0,5837317189.624023
2023-09-07,331.2900085449219,333.0799865722656,329.0299987792969,329.9100036621094,18381000.0,6064075777.313232
2023-09-08,330.0899963378906,336.1600036621094,329.4599914550781,334.2699890136719,19530100.0,6528326312.435913
2023-09-11,337.239990234375,338.4200134277344,335.42999267578125,337.94000244140625,16583300.0,5604160442.486572
2023-09-12,335.82000732421875,336.7900085449219,331.4800109863281,331.7699890136719,17565500.0,5827705742.019653
2023-09-13,331.30999755859375,336.8500061035156,331.1700134277344,336.05999755859375,16544400.0,5559911023.608398
2023-09-14,339.1499938964844,340.8599853515625,336.57000732421875,338.70001220703125,20267000.0,6864433147.399902
2023-09-15,336.9200134277344,337.3999938964844,329.6499938964844,330.2200012207031,37679800.0,12442623601.99585
2023-09-18,327.79998779296875,330.3999938964844,326.3599853515625,329.05999755859375,16834200.0,5539461810.900879
2023-09-19,326.1700134277344,329.3900146484375,324.510009765625,328.6499938964844,16505900.0,5424663934.255981
2023-09-20,329.510009765625,329.5899963378906,320.510009765625,320.7699890136719,21436500.0,6876185869.491577
2023-09-21,319.260009765625,325.3500061035156,315.0,319.5299987792969,35560400.0,11362614568.591309
2023-09-22,321.32000732421875,321.45001220703125,316.1499938964844,317.010009765625,21447900.0,6799198988.452148
2023-09-25,316.5899963378906,317.6700134277344,315.0,317.5400085449219,17836000.0,5663643592.407227
2023-09-26,315.1300048828125,315.8800048828125,310.0199890136719,312.1400146484375,26297600.0,8208533249.21875
2023-09-27,312.29998779296875,314.29998779296875,309.69000244140625,312.7900085449219,19410100.0,6071285344.857788
2023-09-28,310.989990234375,315.4800109863281,309.45001220703125,313.6400146484375,19683600.0,6173564592.333984
2023-09-29,317.75,319.4700012207031,314.9800109863281,315.75,24147300.0,7624509975.0
2023-10-02,316.2799987792969,321.8900146484375,315.17999267578125,321.79998779296875,20570000.0,6619425748.901367
2023-10-03,320.8299865722656,321.3900146484375,311.2099914550781,313.3900146484375,21033500.0,6591688873.10791
2023-10-04,314.0299987792969,320.0400085449219,314.0,318.9599914550781,20720100.0,6608882918.948364
2023-10-05,319.0899963378906,319.9800109863281,314.8999938964844,319.3599853515625,16965600.0,5418133767.480469
2023-10-06,316.54998779296875,329.19000244140625,316.29998779296875,327.260009765625,25673600.0,8401942586.71875
2023-10-09,324.75,330.29998779296875,323.17999267578125,329.82000732421875,19891200.0,6560515729.6875
2023-10-10,330.9599914550781,331.1000061035156,327.6700134277344,328.3900146484375,20557100.0,6750746370.129395
2023-10-11,331.2099914550781,332.82000732421875,329.1400146484375,332.4200134277344,20063200.0,6669409213.40332
2023-10-12,330.57000732421875,333.6300048828125,328.7200012207031,331.1600036621094,19313100.0,6395726266.726685
2023-10-13,332.3800048828125,333.8299865722656,326.3599853515625,327.7300109863281,21072400.0,6906057883.508301
2023-10-16,331.04998779296875,336.1400146484375,330.6000061035156,332.6400146484375,22158000.0,7370637444.580078
2023-10-17,329.5899963378906,333.4599914550781,327.4100036621094,332.05999755859375,18338500.0,6089482265.2282715
2023-10-18,332.489990234375,335.5899963378906,328.29998779296875,330.1099853515625,23153600.0,7643234556.8359375
2023-10-19,332.1499938964844,336.8800048828125,330.9100036621094,331.32000732421875,25052100.0,8300261955.487061
2023-10-20,331.7200012207031,331.9200134277344,325.45001220703125,326.6700134277344,25027700.0,8175799095.065308
2023-10-23,325.4700012207031,332.7300109863281,324.3900146484375,329.32000732421875,24374700.0,8027076382.525635
2023-10-24,331.29998779296875,331.8399963378906,327.6000061035156,330.5299987792969,31153600.0,10297199369.970703
2023-10-25,345.0199890136719,346.20001220703125,337.6199951171875,340.6700134277344,55053800.0,18755178785.247803
2023-10-26,340.5400085449219,341.6300048828125,326.94000244140625,327.8900146484375,37828500.0,12403587419.128418
2023-10-27,330.42999267578125,336.7200012207031,328.3999938964844,329.80999755859375,29856500.0,9846972192.108154
2023-10-30,333.4100036621094,339.45001220703125,331.8299865722656,337.30999755859375,22828100.0,7700146355.267334
2023-10-31,338.8500061035156,339.0,334.69000244140625,338.1099853515625,20265300.0,6851900286.14502
2023-11-01,339.7900085449219,347.4200134277344,339.6499938964844,346.07000732421875,28158800.0,9744916122.24121
2023-11-02,347.239990234375,348.8299865722656,344.7699890136719,348.32000732421875,24348100.0,8480930370.330811
2023-11-03,349.6300048828125,354.3900146484375,347.3299865722656,352.79998779296875,23637700.0,8339380271.453857
2023-11-06,353.45001220703125,357.5400085449219,353.3500061035156,356.5299987792969,23828300.0,8495503769.91272
2023-11-07,359.3999938964844,362.4599914550781,357.6300048828125,360.5299987792969,25833900.0,9313895935.464478
2023-11-08,361.67999267578125,363.8699951171875,360.54998779296875,363.20001220703125,26767800.0,9722065286.755371
2023-11-09,362.29998779296875,364.7900085449219,360.3599853515625,360.69000244140625,24847300.0,8962172697.662354
2023-11-10,361.489990234375,370.1000061035156,361.07000732421875,369.6700134277344,28042100.0,10366323483.54187
2023-11-13,368.2200012207031,368.4700012207031,365.8999938964844,366.67999267578125,19986500.0,7328649673.614502
2023-11-14,371.010009765625,371.95001220703125,367.3500061035156,370.2699890136719,27683900.0,10250517348.85559
2023-11-15,371.2799987792969,373.1300048828125,367.1099853515625,369.6700134277344,26860100.0,9929373527.670288
2023-11-16,370.9599914550781,376.3500061035156,370.17999267578125,376.1700134277344,27182300.0,10225166155.996704
2023-11-17,373.6099853515625,374.3699951171875,367.0,369.8500061035156,40157000.0,14852066695.098877
2023-11-20,371.2200012207031,378.8699951171875,371.0,377.44000244140625,52465100.0,19802427472.088623
2023-11-21,375.6700134277344,376.2200012207031,371.1199951171875,373.07000732421875,28423100.0,10603806125.177002
2023-11-22,378.0,379.7900085449219,374.9700012207031,377.8500061035156,23345300.0,8821021747.488403
2023-11-24,377.3299865722656,377.9700012207031,375.1400146484375,377.42999267578125,10176600.0,3840954063.4643555
2023-11-27,376.7799987792969,380.6400146484375,376.20001220703125,378.6099853515625,22179200.0,8397266587.109375
2023-11-28,378.3500061035156,383.0,378.1600036621094,382.70001220703125,20453100.0,7827401619.671631
2023-11-29,383.760009765625,384.29998779296875,377.44000244140625,378.8500061035156,28963400.0,10972784266.778564
2023-11-30,378.489990234375,380.0899963378906,375.4700012207031,378.9100036621094,30554400.0,11577367815.893555
2023-12-01,376.760009765625,378.1600036621094,371.30999755859375,374.510009765625,33040500.0,12373997977.661133
2023-12-04,369.1000061035156,369.5199890136719,362.8999938964844,369.1400146484375,32063300.0,11835847031.677246
2023-12-05,366.45001220703125,373.0799865722656,365.6199951171875,372.5199890136719,23065000.0,8592173546.600342
2023-12-06,373.5400085449219,374.17999267578125,368.0299987792969,368.79998779296875,21182100.0,7811958221.429443
2023-12-07,368.2300109863281,371.45001220703125,366.32000732421875,370.95001220703125,23118900.0,8575956237.213135
2023-12-08,369.20001220703125,374.4599914550781,368.2300109863281,374.2300109863281,20154400.0,7542381333.422852
2023-12-11,368.4800109863281,371.6000061035156,366.1000061035156,371.29998779296875,27708800.0,10288277101.757812
2023-12-12,370.8500061035156,374.4200134277344,370.4599914550781,374.3800048828125,24838300.0,9298962875.280762
2023-12-13,376.0199890136719,377.6400146484375,370.7699890136719,374.3699951171875,30955500.0,11588810383.850098
2023-12-14,373.30999755859375,373.760009765625,364.1300048828125,365.92999267578125,43277500.0,15836535258.026123
2023-12-15,366.8500061035156,372.3999938964844,366.2799987792969,370.7300109863281,78502300.0,29103158541.452026
2023-12-18,369.45001220703125,373.0,368.67999267578125,372.6499938964844,21802900.0,8124850551.925659
2023-12-19,371.489990234375,373.260009765625,369.8399963378906,373.260009765625,20603700.0,7690537263.208008
2023-12-20,375.0,376.0299987792969,370.5299987792969,370.6199951171875,26316700.0,9753495225.500488
2023-12-21,372.55999755859375,374.4100036621094,370.0400085449219,373.5400085449219,17708000.0,6614646471.313477
2023-12-22,373.67999267578125,375.17999267578125,372.7099914550781,374.5799865722656,17107500.0,6408127120.285034
2023-12-26,375.0,376.94000244140625,373.5,374.6600036621094,12673100.0,4748103692.410278
2023-12-27,373.69000244140625,375.05999755859375,372.80999755859375,374.07000732421875,14905400.0,5575663087.17041
2023-12-28,375.3699951171875,376.4599914550781,374.1600036621094,375.2799987792969,14327000.0,5376636542.510986
2023-12-29,376.0,377.1600036621094,373.4800109863281,376.0400085449219,18730800.0,7043530192.053223
2024-01-02,373.8599853515625,375.8999938964844,366.7699890136719,370.8699951171875,25258600.0,9367656858.666992
2024-01-03,369.010009765625,373.260009765625,368.510009765625,370.6000061035156,23083500.0,8554745240.890503
2024-01-04,370.6700134277344,373.1000061035156,367.1700134277344,367.94000244140625,20901500.0,7690497961.029053
2024-01-05,368.9700012207031,372.05999755859375,366.5,367.75,21004600.0,7724441650.0
2024-01-08,369.29998779296875,375.20001220703125,369.010009765625,374.69000244140625,23134000.0,8668078516.479492
2024-01-09,372.010009765625,375.989990234375,371.19000244140625,375.7900085449219,20830000.0,7827705877.990723
2024-01-10,376.3699951171875,384.1700134277344,376.32000732421875,382.7699890136719,25514200.0,9766070053.692627
2024-01-11,386.0,390.67999267578125,380.3800048828125,384.6300048828125,27850800.0,10712253339.990234
2024-01-12,385.489990234375,388.67999267578125,384.6499938964844,388.4700012207031,21661200.0,8414726390.441895
2024-01-16,393.6600036621094,394.0299987792969,387.6199951171875,390.2699890136719,27202300.0,10616241322.146606
2024-01-17,387.9800109863281,390.1099853515625,384.80999755859375,389.4700012207031,22234100.0,8659514954.141235
2024-01-18,391.7200012207031,393.989990234375,390.1199951171875,393.8699951171875,23392100.0,9213446312.780762
2024-01-19,395.760009765625,398.6700134277344,393.5,398.6700134277344,29331100.0,11693430030.85022
2024-01-22,400.0199890136719,400.6199951171875,393.5899963378906,396.510009765625,27016900.0,10712471282.836914
2024-01-23,395.75,399.3800048828125,393.92999267578125,398.8999938964844,20525900.0,8187781384.719849
2024-01-24,401.5400085449219,405.6300048828125,400.45001220703125,402.55999755859375,24867000.0,10010459459.28955
2024-01-25,404.32000732421875,407.010009765625,402.5299987792969,404.8699951171875,21021200.0,8510853141.357422
2024-01-26,404.3699951171875,406.1700134277344,402.42999267578125,403.92999267578125,17803300.0,7191286838.604736
2024-01-29,406.05999755859375,409.9800109863281,404.3299865722656,409.7200012207031,24510200.0,10042319173.919678
2024-01-30,412.260009765625,413.04998779296875,406.45001220703125,408.5899963378906,33477600.0,13678612461.401367
2024-01-31,406.9599914550781,415.32000732421875,397.2099914550781,397.5799865722656,47871100.0,19032591295.199585
2024-02-01,401.8299865722656,408.0,401.79998779296875,403.7799987792969,30657700.0,12378966068.57605
2024-02-02,403.80999755859375,412.6499938964844,403.55999755859375,411.2200012207031,28256700.0,11619720208.493042
2024-02-05,409.8999938964844,411.1600036621094,403.989990234375,405.6499938964844,25352300.0,10284160340.26184
2024-02-06,405.8800048828125,407.9700012207031,402.9100036621094,405.489990234375,18382600.0,7453960294.482422
2024-02-07,407.44000244140625,414.29998779296875,407.3999938964844,414.04998779296875,22340500.0,9250083752.288818
2024-02-08,414.04998779296875,415.55999755859375,412.5299987792969,414.1099853515625,21225300.0,8789608672.08252
2024-02-09,415.25,420.82000732421875,415.0899963378906,420.54998779296875,22032800.0,9265893771.044922
2024-02-12,420.55999755859375,420.739990234375,414.75,415.260009765625,21202900.0,8804716461.05957
2024-02-13,404.94000244140625,410.07000732421875,403.3900146484375,406.32000732421875,27824900.0,11305813571.795654
2024-02-14,408.07000732421875,409.8399963378906,404.57000732421875,409.489990234375,20401200.0,8354087188.769531
2024-02-15,408.1400146484375,409.1300048828125,404.2900085449219,406.55999755859375,21825500.0,8873375226.715088
2024-02-16,407.9599914550781,408.2900085449219,403.44000244140625,404.05999755859375,22296500.0,9009123735.565186
2024-02-20,403.239990234375,404.489990234375,398.010009765625,402.7900085449219,24307900.0,9790979248.709106
2024-02-21,400.1700134277344,402.2900085449219,397.2200012207031,402.17999267578125,18518900.0,7447931066.363525
2024-02-22,410.19000244140625,412.8299865722656,408.57000732421875,411.6499938964844,27009900.0,11118625170.144653
2024-02-23,415.6700134277344,415.8599853515625,408.9700012207031,410.3399963378906,16295900.0,6686859546.322632
2024-02-26,411.4599914550781,412.1600036621094,407.3599853515625,407.5400085449219,16193500.0,6599499128.372192
2024-02-27,407.989990234375,408.32000732421875,403.8500061035156,407.4800109863281,14835800.0,6045291946.990967
2024-02-28,408.17999267578125,409.29998779296875,405.32000732421875,407.7200012207031,13183100.0,5375013548.092651
2024-02-29,408.6400146484375,414.20001220703125,405.9200134277344,413.6400146484375,31947300.0,13214681639.978027
2024-03-01,411.2699890136719,415.8699951171875,410.8800048828125,415.5,17823400.0,7405622700.0
2024-03-04,413.44000244140625,417.3500061035156,412.32000732421875,414.9200134277344,17596000.0,7300932556.274414
2024-03-05,413.9599914550781,414.25,400.6400146484375,402.6499938964844,26919200.0,10839015715.698242
2024-03-06,402.9700012207031,405.1600036621094,398.3900146484375,402.0899963378906,22344100.0,8984339087.173462
2024-03-07,406.1199951171875,409.7799987792969,402.239990234375,409.1400146484375,18718500.0,7658487364.196777
2024-03-08,407.9599914550781,410.4200134277344,404.3299865722656,406.2200012207031,18002200.0,7312853705.975342
2024-03-11,403.760009765625,405.67999267578125,401.260009765625,404.5199890136719,16120800.0,6521185838.891602
2024-03-12,407.6199951171875,415.57000732421875,406.7900085449219,415.2799987792969,22457000.0,9325942932.58667
2024-03-13,418.1000061035156,418.17999267578125,411.45001220703125,415.1000061035156,17115900.0,7104810194.467163
2024-03-14,420.239990234375,427.82000732421875,417.989990234375,425.2200012207031,34157300.0,14524367147.695923
2024-03-15,419.2900085449219,422.6000061035156,412.7900085449219,416.4200134277344,45079900.0,18772172563.320923
2024-03-18,414.25,420.7300109863281,413.7799987792969,417.32000732421875,20106000.0,8390636067.260742
2024-03-19,417.8299865722656,421.6700134277344,415.54998779296875,421.4100036621094,19837900.0,8359889511.64856
2024-03-20,422.0,425.9599914550781,420.6600036621094,425.2300109863281,17860100.0,7594650519.216919
2024-03-21,429.8299865722656,430.82000732421875,427.1600036621094,429.3699951171875,21296200.0,9143949290.014648
2024-03-22,429.70001220703125,429.8599853515625,426.07000732421875,428.739990234375,17648500.0,7566617717.651367
2024-03-25,425.239990234375,427.4100036621094,421.6099853515625,422.8599853515625,18060500.0,7637062765.441895
2024-03-26,425.6099853515625,425.989990234375,421.3500061035156,421.6499938964844,16725600.0,7052349137.915039
2024-03-27,424.44000244140625,424.45001220703125,419.010009765625,421.42999267578125,16705000.0,7039988027.648926
2024-03-28,420.9599914550781,421.8699951171875,419.1199951171875,420.7200012207031,21871200.0,9201651290.698242
2024-04-01,423.95001220703125,427.8900146484375,422.2200012207031,424.57000732421875,16316000.0,6927284239.501953
2024-04-02,420.1099853515625,422.3800048828125,417.8399963378906,421.44000244140625,17912000.0,7548833323.730469
2024-04-03,419.7300109863281,423.260009765625,419.0899963378906,420.45001220703125,16502300.0,6938392236.444092
2024-04-04,424.989990234375,428.6700134277344,417.57000732421875,417.8800048828125,19370900.0,8094711786.584473
2024-04-05,420.010009765625,426.510009765625,418.32000732421875,425.5199890136719,16554800.0,7044398314.123535
2024-04-08,425.1700134277344,427.2799987792969,423.29998779296875,424.5899963378906,14272400.0,6059918263.73291
2024-04-09,426.44000244140625,427.739990234375,421.6199951171875,426.2799987792969,12496900.0,5327178516.744995
2024-04-10,422.19000244140625,424.0299987792969,419.70001220703125,423.260009765625,16216600.0,6863838274.365234
2024-04-11,425.82000732421875,429.3699951171875,422.3599853515625,427.92999267578125,17966400.0,7688361420.410156
2024-04-12,424.04998779296875,425.17999267578125,419.7699890136719,421.8999938964844,19253800.0,8123178102.484131
2024-04-15,426.6000061035156,426.82000732421875,413.42999267578125,413.6400146484375,20273500.0,8385930836.975098
2024-04-16,414.57000732421875,418.3999938964844,413.7300109863281,414.5799865722656,16765600.0,6950682222.875977
2024-04-17,417.25,418.8800048828125,410.3299865722656,411.8399963378906,15855500.0,6529929061.935425
2024-04-18,410.6300048828125,411.8900146484375,403.95001220703125,404.2699890136719,21029900.0,8501757441.958618
2024-04-19,404.0299987792969,405.4800109863281,397.7699890136719,399.1199951171875,30565800.0,12199421946.75293
2024-04-22,400.0799865722656,402.8500061035156,395.75,400.9599914550781,20286900.0,8134235250.650024
2024-04-23,404.239990234375,408.20001220703125,403.05999755859375,407.57000732421875,15734500.0,6412910280.24292
2024-04-24,409.55999755859375,412.4700012207031,406.7799987792969,409.05999755859375,15065300.0,6162611581.219482
2024-04-25,394.0299987792969,399.8900146484375,388.0299987792969,399.0400085449219,40586500.0,16195637306.808472
2024-04-26,412.1700134277344,413.0,405.760009765625,406.32000732421875,29694700.0,12065550721.490479
2024-04-29,405.25,406.32000732421875,399.19000244140625,402.25,19582100.0,7876899725.0
2024-04-30,401.489990234375,402.1600036621094,389.1700134277344,389.3299865722656,28781400.0,11205462075.531006
2024-05-01,392.6099853515625,401.7200012207031,390.30999755859375,394.94000244140625,23562500.0,9305773807.525635
2024-05-02,397.6600036621094,399.92999267578125,394.6499938964844,397.8399963378906,17709400.0,7045507631.14624
2024-05-03,402.2799987792969,407.1499938964844,401.8599853515625,406.6600036621094,17446700.0,7094875085.891724
2024-05-06,408.760009765625,413.92999267578125,406.3699951171875,413.5400085449219,16996600.0,7028774109.234619
2024-05-07,414.6600036621094,414.6700134277344,409.0899963378906,409.3399963378906,20018200.0,8194249914.691162
2024-05-08,408.1700134277344,412.2300109863281,406.7099914550781,410.5400085449219,11792300.0,4841210942.764282
2024-05-09,410.57000732421875,412.7200012207031,409.1000061035156,412.32000732421875,14689700.0,6056857211.590576
2024-05-10,412.94000244140625,415.3800048828125,411.79998779296875,414.739990234375,13402300.0,5558469771.118164
2024-05-13,418.010009765625,418.3500061035156,410.82000732421875,413.7200012207031,15440200.0,6387919562.8479
2024-05-14,412.0199890136719,417.489990234375,411.54998779296875,416.55999755859375,15109300.0,6293929971.112061
2024-05-15,417.8999938964844,423.80999755859375,417.2699890136719,423.0799865722656,22239500.0,9409087361.373901
2024-05-16,421.79998779296875,425.4200134277344,420.3500061035156,420.989990234375,17530100.0,7379996627.807617
2024-05-17,422.5400085449219,422.9200134277344,418.0299987792969,420.2099914550781,15352200.0,6451147830.81665
2024-05-20,420.2099914550781,426.7699890136719,419.989990234375,425.3399963378906,16272100.0,6921174954.40979
2024-05-21,426.8299865722656,432.9700012207031,424.8500061035156,429.0400085449219,21453300.0,9204324015.316772
2024-05-22,430.0899963378906,432.4100036621094,427.1300048828125,430.5199890136719,18073700.0,7781089125.436401
2024-05-23,432.9700012207031,433.6000061035156,425.4200134277344,427.0,17211700.0,7349395900.0
2024-05-24,427.19000244140625,431.05999755859375,424.4100036621094,430.1600036621094,11855300.0,5099675891.415405
2024-05-28,429.6300048828125,430.82000732421875,426.6000061035156,430.32000732421875,15718000.0,6763769875.12207
2024-05-29,425.69000244140625,430.94000244140625,425.69000244140625,429.1700134277344,15517100.0,6659474015.359497
2024-05-30,424.29998779296875,424.29998779296875,414.239990234375,414.6700134277344,28394500.0,11774347696.273804
2024-05-31,416.75,416.75,404.510009765625,415.1300048828125,47995300.0,19924289123.35205
2024-06-03,415.5299987792969,416.42999267578125,408.9200134277344,413.5199890136719,17484700.0,7230272951.907349
2024-06-04,412.42999267578125,416.44000244140625,409.67999267578125,416.07000732421875,14348900.0,5970146928.094482
2024-06-05,417.80999755859375,424.0799865722656,416.29998779296875,424.010009765625,16988000.0,7203082045.8984375
2024-06-06,424.010009765625,425.30999755859375,420.5799865722656,424.5199890136719,14861300.0,6308918912.728882
2024-06-07,426.20001220703125,426.2799987792969,423.0,423.8500061035156,13621700.0,5773557628.140259
2024-06-10,424.70001220703125,428.0799865722656,423.8900146484375,427.8699951171875,13982900.0,5982863354.724121
2024-06-11,425.4800109863281,432.82000732421875,425.25,432.67999267578125,14551100.0,6295969841.424561
2024-06-12,435.32000732421875,443.3999938964844,433.25,441.05999755859375,22366200.0,9864836117.39502
2024-06-13,440.8500061035156,443.3900146484375,439.3699951171875,441.5799865722656,15960600.0,7047881533.685303
2024-06-14,438.2799987792969,443.1400146484375,436.7200012207031,442.57000732421875,13582000.0,6010985839.477539
2024-06-17,442.5899963378906,450.94000244140625,440.7200012207031,448.3699951171875,20790000.0,9321612198.486328
2024-06-18,449.7099914550781,450.1400146484375,444.8900146484375,446.3399963378906,17112500.0,7637993187.332153
2024-06-20,446.29998779296875,446.5299987792969,441.2699890136719,445.70001220703125,19877400.0,8859357422.644043
2024-06-21,447.3800048828125,450.5799865722656,446.510009765625,449.7799987792969,34187100.0,15376673796.2677
2024-06-24,449.79998779296875,452.75,446.4100036621094,447.6700134277344,15913700.0,7124086292.684937
2024-06-25,448.25,451.4200134277344,446.75,450.95001220703125,16413400.0,7401622930.358887
2024-06-26,449.0,453.6000061035156,448.19000244140625,452.1600036621094,16507000.0,7463805180.450439
2024-06-27,452.17999267578125,456.1700134277344,451.7699890136719,452.8500061035156,14806300.0,6705033045.370483
2024-06-28,453.07000732421875,455.3800048828125,446.4100036621094,446.95001220703125,28362300.0,12676530331.219482
2024-07-01,448.6600036621094,457.3699951171875,445.6600036621094,456.7300109863281,17662800.0,8067130838.049316
2024-07-02,453.20001220703125,459.5899963378906,453.1099853515625,459.2799987792969,13979800.0,6420642526.934814
2024-07-03,458.19000244140625,461.0199890136719,457.8800048828125,460.7699890136719,9932800.0,4576736146.875
2024-07-05,459.6099853515625,468.3500061035156,458.9700012207031,467.55999755859375,16000300.0,7481100228.936768
2024-07-08,466.54998779296875,467.70001220703125,464.4599914550781,466.239990234375,12962300.0,6043542625.415039
2024-07-09,467.0,467.3299865722656,458.0,459.5400085449219,17207200.0,7907396835.03418
2024-07-10,461.2200012207031,466.4599914550781,458.8599853515625,466.25,18196100.0,8483931625.0
2024-07-11,462.9800109863281,464.7799987792969,451.54998779296875,454.70001220703125,23111200.0,10508662922.11914
2024-07-12,454.3299865722656,456.3599853515625,450.6499938964844,453.54998779296875,16324300.0,7403886065.72876
2024-07-15,453.29998779296875,457.260009765625,451.42999267578125,453.9599914550781,14429400.0,6550370300.701904
2024-07-16,454.2200012207031,454.29998779296875,446.6600036621094,449.5199890136719,17175700.0,7720820475.302124
2024-07-17,442.5899963378906,444.8500061035156,439.17999267578125,443.5199890136719,21778000.0,9658978320.739746
2024-07-18,444.3399963378906,444.6499938964844,434.3999938964844,440.3699951171875,20794800.0,9157405974.46289
2024-07-19,433.1000061035156,441.1400146484375,432.0,437.1099853515625,20940400.0,9153257937.25586
2024-07-22,441.7900085449219,444.6000061035156,438.9100036621094,442.94000244140625,15808800.0,7002349910.595703
2024-07-23,443.8999938964844,448.3900146484375,443.1000061035156,444.8500061035156,13107100.0,5830693514.99939
2024-07-24,440.45001220703125,441.4800109863281,427.5899963378906,428.8999938964844,26805800.0,11497007456.39038
2024-07-25,428.79998779296875,429.79998779296875,417.510009765625,418.3999938964844,29943800.0,12528485737.237549
2024-07-26,418.20001220703125,428.9200134277344,417.2699890136719,425.2699890136719,23583800.0,10029482366.900635
2024-07-29,431.5799865722656,432.1499938964844,424.70001220703125,426.7300109863281,15125800.0,6454632800.177002
2024-07-30,427.7200012207031,429.04998779296875,417.3599853515625,422.9200134277344,32687600.0,13824240230.92041
2024-07-31,420.5,421.7799987792969,412.2099914550781,418.3500061035156,42891400.0,17943617451.78833
2024-08-01,420.7900085449219,427.4599914550781,413.0899963378906,417.1099853515625,30296400.0,12636930960.205078
2024-08-02,412.489990234375,415.0,404.3399963378906,408.489990234375,29437900.0,12025087483.520508
2024-08-05,389.1700134277344,401.0400085449219,385.5799865722656,395.1499938964844,40709200.0,16086240131.530762
2024-08-06,400.0,405.6700134277344,398.5,399.6099853515625,24946500.0,9968870499.572754
2024-08-07,408.6400146484375,410.0799865722656,397.4700012207031,398.42999267578125,20650900.0,8227937935.748291
2024-08-08,402.44000244140625,405.8599853515625,399.94000244140625,402.69000244140625,20203000.0,8135546119.32373
2024-08-09,404.0299987792969,408.04998779296875,402.260009765625,406.0199890136719,19276700.0,7826725522.219849
2024-08-12,407.05999755859375,408.760009765625,404.239990234375,406.80999755859375,16762900.0,6819315308.074951
2024-08-13,409.5899963378906,414.95001220703125,409.57000732421875,414.010009765625,19414300.0,8037714532.592773
2024-08-14,414.79998779296875,417.7200012207031,412.45001220703125,416.8599853515625,18267000.0,7614781352.416992
2024-08-15,419.79998779296875,421.1099853515625,417.6600036621094,421.0299987792969,20752100.0,8737256637.667847
2024-08-16,420.6000061035156,421.3399963378906,417.29998779296875,418.4700012207031,22775600.0,9530905359.802246
2024-08-19,418.9599914550781,421.75,416.4599914550781,421.5299987792969,15234000.0,6421588001.403809
2024-08-20,421.70001220703125,425.8599853515625,421.6400146484375,424.79998779296875,16387600.0,6961452279.956055
2024-08-21,424.0799865722656,426.3999938964844,421.7200012207031,424.1400146484375,16067300.0,6814784857.36084
2024-08-22,424.3599853515625,426.7900085449219,414.6099853515625,415.54998779296875,19361900.0,8045837308.648682
2024-08-23,416.9800109863281,419.260009765625,412.0899963378906,416.7900085449219,18493800.0,7708031060.028076
2024-08-26,416.3699951171875,417.2799987792969,411.3399963378906,413.489990234375,13152800.0,5438551143.5546875
2024-08-27,412.8599853515625,414.3599853515625,410.25,413.8399963378906,13492900.0,5583901686.587524
2024-08-28,414.8800048828125,415.0,407.30999755859375,410.6000061035156,14882700.0,6110836710.836792
2024-08-29,414.94000244140625,422.04998779296875,410.6000061035156,413.1199951171875,17045200.0,7041712940.771484
2024-08-30,415.6000061035156,417.489990234375,412.1300048828125,417.1400146484375,24308300.0,10139964618.078613
2024-09-03,417.9100036621094,419.8800048828125,407.0299987792969,409.44000244140625,20313600.0,8317200433.59375
2024-09-04,405.9100036621094,411.239990234375,404.3699951171875,408.8999938964844,15135800.0,6189028527.618408
2024-09-05,407.6199951171875,413.1000061035156,406.1300048828125,408.3900146484375,14195500.0,5797300452.941895
2024-09-06,409.05999755859375,410.6499938964844,400.79998779296875,401.70001220703125,19609500.0,7877136389.373779
2024-09-09,407.239990234375,408.6499938964844,402.1499938964844,405.7200012207031,15295100.0,6205527990.670776
2024-09-10,408.20001220703125,416.3299865722656,407.70001220703125,414.20001220703125,19594300.0,8115959299.188232
2024-09-11,415.5,423.989990234375,409.5799865722656,423.0400085449219,19266900.0,8150669540.634155
2024-09-12,423.30999755859375,427.3699951171875,419.75,427.0,17395700.0,7427963900.0
2024-09-13,425.8299865722656,431.8299865722656,425.4599914550781,430.5899963378906,15874600.0,6835443955.8654785
2024-09-16,430.6000061035156,433.5299987792969,428.2200012207031,431.3399963378906,13834700.0,5967459447.335815
2024-09-17,440.2300109863281,441.8500061035156,432.2699890136719,435.1499938964844,18874200.0,8213108014.801025
2024-09-18,435.0,436.0299987792969,430.4100036621094,430.80999755859375,18898000.0,8141447333.862305
2024-09-19,441.2300109863281,441.5,436.8999938964844,438.69000244140625,21706600.0,9522468406.994629
2024-09-20,437.2200012207031,439.239990234375,434.2200012207031,435.2699890136719,55167100.0,24012583010.916138
2024-09-23,434.2799987792969,436.4599914550781,430.3900146484375,433.510009765625,15128900.0,6558529586.743164
2024-09-24,433.0,433.3500061035156,426.1000061035156,429.1700134277344,17015800.0,7302671114.483643
2024-09-25,429.8299865722656,433.1199951171875,428.57000732421875,432.1099853515625,13396400.0,5788718207.763672
2024-09-26,435.0899963378906,435.29998779296875,429.1300048828125,431.30999755859375,14492000.0,6250544484.619141
2024-09-27,431.5199890136719,431.8500061035156,427.4700012207031,428.0199890136719,14896100.0,6375828558.346558
2024-09-30,428.2099914550781,430.4200134277344,425.3699951171875,430.29998779296875,16807300.0,7232180984.832764
2024-10-01,428.45001220703125,428.4800109863281,418.80999755859375,420.69000244140625,19092900.0,8032192147.613525
2024-10-02,422.5799865722656,422.82000732421875,416.7099914550781,417.1300048828125,16582300.0,6916974879.968262
2024-10-03,417.6300048828125,419.54998779296875,414.2900085449219,416.5400085449219,13686400.0,5700933172.949219
2024-10-04,418.239990234375,419.75,414.9700012207031,416.05999755859375,19169700.0,7975745335.198975
2024-10-07,416.0,417.1099853515625,409.0,409.5400085449219,20919800.0,8567495070.758057
2024-10-08,410.8999938964844,415.6600036621094,408.1700134277344,414.7099914550781,19229300.0,7974582838.687134
2024-10-09,415.8599853515625,420.3800048828125,414.29998779296875,417.4599914550781,14974300.0,6251171150.045776
2024-10-10,415.2300109863281,417.3500061035156,413.1499938964844,415.8399963378906,13848400.0,5758718605.285645
2024-10-11,416.1400146484375,417.1300048828125,413.25,416.32000732421875,14144900.0,5888804871.600342
2024-10-14,417.7699890136719,424.0400085449219,417.5199890136719,419.1400146484375,16653100.0,6979980577.941895
2024-10-15,422.17999267578125,422.4800109863281,415.260009765625,418.739990234375,18900200.0,7914269563.427734
2024-10-16,415.1700134277344,416.3599853515625,410.4800109863281,416.1199951171875,15508900.0,6453563392.272949
2024-10-17,422.3599853515625,422.5,415.5899963378906,416.7200012207031,14820000.0,6175790418.09082
2024-10-18,417.1400146484375,419.6499938964844,416.260009765625,418.1600036621094,17145300.0,7169478710.787964
2024-10-21,416.1199951171875,418.9599914550781,413.75,418.7799987792969,14206100.0,5949230540.658569
2024-10-22,418.489990234375,430.5799865722656,418.0400085449219,427.510009765625,25482200.0,10893895570.84961
2024-10-23,430.8599853515625,431.0799865722656,422.5299987792969,424.6000061035156,19654400.0,8345258359.9609375
2024-10-24,425.3299865722656,425.9800109863281,422.3999938964844,424.7300109863281,13581600.0,5768513117.211914
2024-10-25,426.760009765625,432.5199890136719,426.57000732421875,428.1499938964844,16899100.0,7235349561.856079
2024-10-28,431.6600036621094,431.94000244140625,426.29998779296875,426.5899963378906,14882400.0,6348682961.499023
2024-10-29,428.0,433.1700134277344,425.79998779296875,431.95001220703125,17644100.0,7621369210.38208
2024-10-30,437.44000244140625,438.5,432.1000061035156,432.5299987792969,29749100.0,12867378186.68518
2024-10-31,415.3599853515625,416.1600036621094,406.29998779296875,406.3500061035156,53971000.0,21931116179.41284
2024-11-01,409.010009765625,415.5,407.5,410.3699951171875,24230400.0,9943429129.6875
2024-11-04,409.79998779296875,410.4200134277344,405.57000732421875,408.4599914550781,19672300.0,8035347489.901733
2024-11-05,408.3699951171875,414.8999938964844,408.0799865722656,411.4599914550781,17626000.0,7252393809.387207
2024-11-06,412.4200134277344,420.45001220703125,410.5199890136719,420.17999267578125,26681800.0,11211158528.57666
2024-11-07,421.2799987792969,426.8500061035156,419.8800048828125,425.42999267578125,19901800.0,8466822628.234863
2024-11-08,425.32000732421875,426.5,421.7799987792969,422.5400085449219,16891400.0,7137292300.335693
2024-11-11,422.5199890136719,424.80999755859375,416.0,418.010009765625,24503300.0,10242624672.29004
2024-11-12,418.25,424.44000244140625,417.20001220703125,423.0299987792969,19401200.0,8207289612.316895
2024-11-13,421.6400146484375,429.3299865722656,418.2099914550781,425.20001220703125,21502200.0,9142735702.478027
2024-11-14,425.0,428.1700134277344,420.0,426.8900146484375,30246900.0,12912099584.069824
2024-11-15,419.82000732421875,422.79998779296875,413.6400146484375,415.0,28247600.0,11722754000.0
2024-11-18,414.8699951171875,418.3999938964844,412.1000061035156,415.760009765625,24727000.0,10280497761.47461
2024-11-19,413.1099853515625,417.94000244140625,411.54998779296875,417.7900085449219,18133500.0,7575995119.949341
2024-11-20,416.8699951171875,417.2900085449219,410.5799865722656,415.489990234375,19191700.0,7973959245.581055
2024-11-21,419.5,419.7799987792969,410.2900085449219,412.8699951171875,20780200.0,8579521072.53418
2024-11-22,411.3699951171875,417.3999938964844,411.05999755859375,417.0,24814600.0,10347688200.0
2024-11-25,418.3800048828125,421.0799865722656,414.8500061035156,418.7900085449219,27691100.0,11596756005.618286
2024-11-26,419.5899963378906,429.0400085449219,418.8500061035156,427.989990234375,23458900.0,10040174381.90918
2024-11-27,425.1099853515625,427.2300109863281,422.0199890136719,422.989990234375,18332400.0,7754421696.972656
2024-11-29,420.0899963378906,424.8800048828125,417.79998779296875,423.4599914550781,16271900.0,6890498634.957886
2024-12-02,421.57000732421875,433.0,421.30999755859375,430.9800109863281,20207200.0,8708899278.00293
2024-12-03,429.8399963378906,432.4700012207031,427.739990234375,431.20001220703125,18302000.0,7891822623.413086
2024-12-04,433.0299987792969,439.6700134277344,432.6300048828125,437.4200134277344,26009400.0,11377032097.247314
2024-12-05,437.9200134277344,444.6600036621094,436.1700134277344,442.6199951171875,21697800.0,9603880130.05371
2024-12-06,442.29998779296875,446.1000061035156,441.7699890136719,443.57000732421875,18821000.0,8348431107.849121
2024-12-09,442.6000061035156,448.3299865722656,440.5,446.0199890136719,19144400.0,8538785077.67334
2024-12-10,444.3900146484375,449.6199951171875,441.6000061035156,443.3299865722656,18469500.0,8188083186.99646
2024-12-11,444.04998779296875,450.3500061035156,444.04998779296875,448.989990234375,19200200.0,8620697610.498047
2024-12-12,449.1099853515625,456.1600036621094,449.1099853515625,449.55999755859375,20834800.0,9366492637.13379
2024-12-13,448.44000244140625,451.42999267578125,445.5799865722656,447.2699890136719,20177800.0,9024924384.320068
2024-12-16,447.2699890136719,452.17999267578125,445.2799987792969,451.5899963378906,23598800.0,10656982005.578613
2024-12-17,451.010009765625,455.2900085449219,449.57000732421875,454.4599914550781,22733500.0,10331466215.744019
2024-12-18,451.32000732421875,452.6499938964844,437.0199890136719,437.3900146484375,24444500.0,10691780213.07373
2024-12-19,441.6199951171875,443.17999267578125,436.32000732421875,437.0299987792969,22963700.0,10035825782.96814
2024-12-20,433.1099853515625,443.739990234375,428.6300048828125,436.6000061035156,64263700.0,28057531812.234497
2024-12-23,436.739990234375,437.6499938964844,432.8299865722656,435.25,19152500.0,8336125625.0
2024-12-24,434.6499938964844,439.6000061035156,434.19000244140625,439.3299865722656,7164500.0,3147579688.796997
2024-12-26,439.0799865722656,440.94000244140625,436.6300048828125,438.1099853515625,8194200.0,3589960841.9677734
2024-12-27,434.6000061035156,435.2200012207031,426.3500061035156,430.5299987792969,18117700.0,7800213358.883667
2024-12-30,426.05999755859375,427.54998779296875,421.8999938964844,424.8299865722656,13158700.0,5590210344.308472
2024-12-31,426.1000061035156,426.7300109863281,420.6600036621094,421.5,13246500.0,5583399750.0
2025-01-02,425.5299987792969,426.07000732421875,414.8500061035156,418.5799865722656,16896500.0,7072536743.118286
2025-01-03,421.0799865722656,424.0299987792969,419.5400085449219,423.3500061035156,16662900.0,7054238816.7022705
2025-01-06,428.0,434.32000732421875,425.4800109863281,427.8500061035156,20573600.0,8802414885.57129
2025-01-07,429.0,430.6499938964844,420.79998779296875,422.3699951171875,18139100.0,7661411578.430176
2025-01-08,423.4599914550781,426.9700012207031,421.5400085449219,424.55999755859375,15054600.0,6391580939.245605
2025-01-10,424.6300048828125,424.7099914550781,415.0199890136719,418.95001220703125,20201100.0,8463251091.595459
2025-01-13,415.239990234375,418.5,412.2900085449219,417.19000244140625,17604800.0,7344546554.980469
2025-01-14,417.80999755859375,419.739990234375,410.7200012207031,415.6700134277344,16935900.0,7039745780.410767
2025-01-15,419.1300048828125,428.1499938964844,418.2699890136719,426.30999755859375,19637800.0,8371790470.056152
2025-01-16,428.70001220703125,429.489990234375,424.3900146484375,424.5799865722656,15300000.0,6496073794.555664
2025-01-17,434.0899963378906,434.4800109863281,428.1700134277344,429.0299987792969,26197500.0,11239513393.02063
2025-01-21,430.20001220703125,430.8999938964844,425.6000061035156,428.5,26085700.0,11177722450.0
2025-01-22,437.55999755859375,447.2699890136719,436.0,446.20001220703125,27803800.0,12406055899.401855
2025-01-23,442.0,446.75,441.5,446.7099914550781,18389300.0,8214684045.864868
2025-01-24,445.1600036621094,446.6499938964844,441.3999938964844,444.05999755859375,15549500.0,6904910932.0373535
2025-01-27,424.010009765625,435.20001220703125,423.5,434.55999755859375,35647800.0,15491107880.969238
2025-01-28,434.6000061035156,448.3800048828125,431.3800048828125,447.20001220703125,23491700.0,10505488526.763916
2025-01-29,446.69000244140625,446.8800048828125,440.3999938964844,442.3299865722656,23581400.0,10430760345.355225
2025-01-30,418.7699890136719,422.8599853515625,413.1600036621094,414.989990234375,54586300.0,22652768103.930664
2025-01-31,418.9800109863281,420.69000244140625,414.9100036621094,415.05999755859375,34161900.0,14179238130.596924
2025-02-03,411.6000061035156,415.4100036621094,408.6600036621094,410.9200134277344,25679100.0,10552056116.812134
2025-02-04,412.69000244140625,413.9200134277344,409.739990234375,412.3699951171875,20532100.0,8466821976.745605
2025-02-05,412.3500061035156,413.8299865722656,410.3999938964844,413.2900085449219,16316700.0,6743529082.424927
2025-02-06,414.0,418.20001220703125,414.0,415.82000732421875,16309800.0,6781941155.456543
2025-02-07,416.4800109863281,418.6499938964844,408.1000061035156,409.75,22886800.0,9377866300.0
2025-02-10,413.7099914550781,415.4599914550781,410.9200134277344,412.2200012207031,20817900.0,8581554763.412476
2025-02-11,409.6400146484375,412.489990234375,409.29998779296875,411.44000244140625,18140600.0,7463768508.288574
2025-02-12,407.2099914550781,410.75,404.3699951171875,409.0400085449219,19121700.0,7821540331.393433
2025-02-13,407.0,411.0,406.3599853515625,410.5400085449219,23891700.0,9808498722.15271
2025-02-14,407.7900085449219,408.9100036621094,405.8800048828125,408.42999267578125,22758500.0,9295253988.311768
2025-02-18,408.0,410.6000061035156,406.5,409.6400146484375,21423100.0,8775758997.814941
2025-02-19,407.8800048828125,415.489990234375,407.6499938964844,414.7699890136719,24114200.0,10001846469.073486
2025-02-20,415.2900085449219,419.30999755859375,412.5400085449219,416.1300048828125,23508700.0,9782675445.788574
2025-02-21,417.3399963378906,418.04998779296875,407.8900146484375,408.2099914550781,27524800.0,11235898372.802734
2025-02-24,408.510009765625,409.3699951171875,399.32000732421875,404.0,26443700.0,10683254800.0
2025-02-25,401.1000061035156,401.9200134277344,396.70001220703125,397.8999938964844,29387400.0,11693246280.633545
2025-02-26,398.010009765625,403.6000061035156,394.25,399.7300109863281,19619000.0,7842303085.5407715
2025-02-27,401.2699890136719,405.739990234375,392.1700134277344,392.5299987792969,21127400.0,8293138296.209717
2025-02-28,392.6600036621094,397.6300048828125,386.57000732421875,396.989990234375,32845700.0,13039414122.24121
2025-03-03,398.82000732421875,398.82000732421875,386.1600036621094,388.489990234375,23007700.0,8938261148.31543
2025-03-04,383.3999938964844,392.5799865722656,381.0,388.6099853515625,29342900.0,11402943939.172363
2025-03-05,389.3399963378906,401.6700134277344,388.80999755859375,401.0199890136719,23433100.0,9397141504.556274
2025-03-06,394.2799987792969,402.1499938964844,392.67999267578125,396.8900146484375,23304600.0,9249363035.375977
2025-03-07,392.32000732421875,394.79998779296875,385.5400085449219,393.30999755859375,22034100.0,8666231817.20581
2025-03-10,385.8399963378906,386.3999938964844,377.2200012207031,380.1600036621094,32840100.0,12484492536.264038
2025-03-11,379.0,386.0,376.9100036621094,380.45001220703125,30380200.0,11558147460.85205
2025-03-12,382.95001220703125,385.2200012207031,378.95001220703125,383.2699890136719,24253600.0,9295677005.541992
2025-03-13,383.1600036621094,385.32000732421875,377.45001220703125,378.7699890136719,20473000.0,7754557985.076904
2025-03-14,379.7799987792969,390.2300109863281,379.510009765625,388.55999755859375,19952800.0,7752859919.287109
2025-03-17,386.70001220703125,392.7099914550781,385.57000732421875,388.70001220703125,22474300.0,8735760684.344482
2025-03-18,387.07000732421875,387.3699951171875,381.1000061035156,383.5199890136719,19486900.0,7473615673.910522
2025-03-19,385.5299987792969,389.67999267578125,384.0,387.82000732421875,19185500.0,7440520750.518799
2025-03-20,385.739990234375,391.7900085449219,383.2799987792969,386.8399963378906,18470500.0,7145128152.359009
2025-03-21,383.2200012207031,391.739990234375,382.79998779296875,391.260009765625,39675900.0,15523593021.45996
2025-03-24,395.3999938964844,395.3999938964844,389.80999755859375,393.0799865722656,21004500.0,8256448577.957153
2025-03-25,393.9200134277344,396.3599853515625,392.6400146484375,395.1600036621094,15775000.0,6233649057.769775
2025-03-26,395.0,395.30999755859375,388.57000732421875,389.9700012207031,16108400.0,6281792767.663574
2025-03-27,390.1300048828125,392.239990234375,387.3999938964844,390.5799865722656,13766800.0,5377036559.143066
2025-03-28,388.0799865722656,389.1300048828125,376.92999267578125,378.79998779296875,21632000.0,8194201335.9375
2025-03-31,372.5400085449219,377.07000732421875,367.239990234375,375.3900146484375,35184700.0,13207985048.400879
2025-04-01,374.6499938964844,382.8500061035156,373.2300109863281,382.19000244140625,19689500.0,7525130053.070068
2025-04-02,377.9700012207031,385.0799865722656,376.6199951171875,382.1400146484375,16092600.0,6149626399.731445
2025-04-03,374.7900085449219,377.4800109863281,369.3500061035156,373.1099853515625,30198000.0,11267175337.646484
2025-04-04,364.1300048828125,374.5899963378906,359.4800109863281,359.8399963378906,49209900.0,17707690235.787964
2025-04-07,350.8800048828125,371.0,344.7900085449219,357.8599853515625,50425000.0,18045089761.35254
2025-04-08,368.260009765625,373.6499938964844,350.25,354.55999755859375,35868900.0,12717677096.429443
2025-04-09,353.5400085449219,393.2300109863281,353.1000061035156,390.489990234375,50199700.0,19602480362.768555
2025-04-10,382.05999755859375,383.8999938964844,367.79998779296875,381.3500061035156,38024400.0,14500605172.08252
2025-04-11,380.6400146484375,390.04998779296875,378.8900146484375,388.45001220703125,23839200.0,9260337531.00586
2025-04-14,393.2200012207031,394.6499938964844,384.2099914550781,387.80999755859375,19251200.0,7465807825.0
2025-04-15,388.510009765625,391.8900146484375,384.1600036621094,385.7300109863281,17199900.0,6634517615.963745
2025-04-16,380.6700134277344,381.6099853515625,368.0,371.6099853515625,21967800.0,8163453836.206055
2025-04-17,373.75,374.32000732421875,366.8900146484375,367.7799987792969,21120200.0,7767587130.218506
2025-04-21,362.82000732421875,364.4800109863281,355.6700134277344,359.1199951171875,20807300.0,7472317474.401855
2025-04-22,363.3800048828125,367.7699890136719,359.8599853515625,366.82000732421875,19485000.0,7147487842.712402
2025-04-23,376.05999755859375,380.3900146484375,373.0199890136719,374.3900146484375,20545500.0,7692030045.959473
2025-04-24,375.70001220703125,388.45001220703125,375.19000244140625,387.29998779296875,22232300.0,8610569518.60962
2025-04-25,387.0,392.1600036621094,384.6000061035156,391.8500061035156,18973200.0,7434648535.803223
2025-04-28,391.9599914550781,392.739990234375,386.6400146484375,391.1600036621094,16579400.0,6485198164.715576
2025-04-29,391.29998779296875,395.1000061035156,390.3800048828125,394.0400085449219,14974000.0,5900355087.95166
2025-04-30,390.29998779296875,396.6600036621094,384.44000244140625,395.260009765625,36461100.0,14411614742.06543
2025-05-01,431.1099853515625,436.989990234375,424.8999938964844,425.3999938964844,58938100.0,25072267380.270386
2025-05-02,431.739990234375,439.44000244140625,429.989990234375,435.2799987792969,30757400.0,13388081034.454346
2025-05-05,432.8699951171875,439.5,432.1099853515625,436.1700134277344,20136100.0,8782763007.382202
2025-05-06,432.20001220703125,437.7300109863281,431.1700134277344,433.30999755859375,15104200.0,6544800865.124512
2025-05-07,433.8399963378906,438.1199951171875,431.1099853515625,433.3500061035156,23295300.0,10095018397.183228
2025-05-08,437.92999267578125,443.6700134277344,435.6600036621094,438.1700134277344,23491300.0,10293183236.434937
2025-05-09,440.0,440.739990234375,435.8800048828125,438.7300109863281,15324200.0,6723186434.356689
2025-05-12,445.94000244140625,449.3699951171875,439.7799987792969,449.260009765625,22821900.0,10252967016.870117
2025-05-13,447.7799987792969,450.6700134277344,445.3599853515625,449.1400146484375,23618800.0,10608148177.978516
2025-05-14,448.1400146484375,453.8999938964844,448.1400146484375,452.94000244140625,19902800.0,9014774280.59082
2025-05-15,450.7699890136719,456.19000244140625,450.42999267578125,453.1300048828125,21992300.0,9965371006.384277
2025-05-16,452.04998779296875,454.3599853515625,448.7300109863281,454.2699890136719,23849800.0,10834248383.978271
2025-05-19,450.8800048828125,459.5899963378906,450.79998779296875,458.8699951171875,21336500.0,9790679650.817871
2025-05-20,455.5899963378906,458.3399963378906,454.32000732421875,458.1700134277344,15441800.0,7074969713.348389
2025-05-21,454.57000732421875,457.7799987792969,451.80999755859375,452.57000732421875,19216900.0,8696992573.74878
2025-05-22,454.95001220703125,460.25,453.8999938964844,454.8599853515625,18025600.0,8199124151.953125
2025-05-23,449.9800109863281,453.69000244140625,448.9100036621094,450.17999267578125,16883500.0,7600613906.341553
2025-05-27,456.4800109863281,460.95001220703125,456.1199951171875,460.69000244140625,20974300.0,9662650318.206787
2025-05-28,461.2200012207031,462.5199890136719,456.92999267578125,457.3599853515625,17086300.0,7814589917.712402
2025-05-29,461.54998779296875,461.7200012207031,455.30999755859375,458.67999267578125,13974800.0,6409961161.645508
2025-05-30,459.7200012207031,461.67999267578125,455.5400085449219,460.3599853515625,34770500.0,16006946870.666504
2025-06-02,457.1400146484375,462.1099853515625,456.8900146484375,461.9700012207031,16626500.0,7680944225.2960205
2025-06-03,461.4700012207031,464.1400146484375,460.8599853515625,462.9700012207031,15743800.0,7288907105.218506
2025-06-04,464.0,465.69000244140625,463.0199890136719,463.8699951171875,14162700.0,6569651579.846191
2025-06-05,464.9599914550781,469.6499938964844,464.0299987792969,467.67999267578125,20131700.0,9415193308.551025
2025-06-06,470.0899963378906,473.3399963378906,468.7799987792969,470.3800048828125,15285600.0,7190040602.636719
2025-06-09,469.70001220703125,473.42999267578125,468.6199951171875,472.75,16469900.0,7786145225.0
2025-06-10,471.19000244140625,472.79998779296875,466.9599914550781,470.9200134277344,15375900.0,7240819034.463501
2025-06-11,470.0199890136719,475.4700012207031,469.6600036621094,472.6199951171875,16399200.0,7750589823.925781
2025-06-12,475.0199890136719,480.4200134277344,473.5199890136719,478.8699951171875,18950600.0,9074873729.467773
2025-06-13,476.4100036621094,479.17999267578125,472.760009765625,474.9599914550781,16814500.0,7986214776.321411
2025-06-16,475.2099914550781,480.69000244140625,475.0,479.1400146484375,15626100.0,7487089782.897949
2025-06-17,475.3999938964844,478.739990234375,474.0799865722656,478.0400085449219,15414100.0,7368556495.71228
2025-06-18,478.0,481.0,474.4599914550781,480.239990234375,17526500.0,8416926188.842773
2025-06-20,482.2300109863281,483.4599914550781,476.8699951171875,477.3999938964844,37576200.0,17938877650.653076
2025-06-23,478.2099914550781,487.75,472.510009765625,486.0,24864000.0,12083904000.0
2025-06-24,488.95001220703125,491.8500061035156,486.79998779296875,490.1099853515625,22305600.0,10932197289.257812
2025-06-25,492.0400085449219,494.55999755859375,489.3900146484375,492.2699890136719,17495100.0,8612312684.79309
2025-06-26,492.9800109863281,498.0400085449219,492.80999755859375,497.45001220703125,21578900.0,10734424068.414307
2025-06-27,497.54998779296875,499.29998779296875,493.0299987792969,495.94000244140625,34539200.0,17129370932.324219
2025-06-30,497.0400085449219,500.760009765625,495.3299865722656,497.4100036621094,28369000.0,14111024393.89038
2025-07-01,496.4700012207031,498.04998779296875,490.9800109863281,492.04998779296875,19945400.0,9814133826.525879
2025-07-02,489.989990234375,493.5,488.70001220703125,491.0899963378906,16319600.0,8014392304.23584
2025-07-03,493.80999755859375,500.1300048828125,493.44000244140625,498.8399963378906,13984800.0,6976177580.786133
2025-07-07,497.3800048828125,498.75,495.2300109863281,497.7200012207031,13981600.0,6958921969.067383
2025-07-08,497.239990234375,498.20001220703125,494.1099853515625,496.6199951171875,11846600.0,5883258434.155273
2025-07-09,500.29998779296875,506.7799987792969,499.739990234375,503.510009765625,18659500.0,9395245027.22168
2025-07-10,503.04998779296875,504.44000244140625,497.75,501.4800109863281,16492100.0,8270458489.187622
2025-07-11,498.4700012207031,505.0299987792969,497.79998779296875,503.32000732421875,16459500.0,8284395660.5529785
2025-07-14,501.5199890136719,503.9700012207031,501.0299987792969,503.0199890136719,12058800.0,6065817443.518066
2025-07-15,503.0199890136719,508.29998779296875,502.7900085449219,505.82000732421875,14927200.0,7550476413.330078
2025-07-16,505.17999267578125,506.7200012207031,501.8900146484375,505.6199951171875,15154400.0,7662367654.003906
2025-07-17,505.67999267578125,513.3699951171875,505.6199951171875,511.70001220703125,17503100.0,8956336483.660889
2025-07-18,514.47998046875,514.6400146484375,507.42999267578125,510.04998779296875,21209700.0,10818007226.09253
2025-07-21,506.7099914550781,512.0900268554688,505.54998779296875,510.05999755859375,14066800.0,7174911973.657227
2025-07-22,510.9700012207031,511.20001220703125,505.2699890136719,505.2699890136719,13868600.0,7007387369.63501
2025-07-23,506.75,506.7900085449219,500.70001220703125,505.8699951171875,16396600.0,8294547961.938477
2025-07-24,508.7699890136719,513.6699829101562,507.29998779296875,510.8800048828125,16107000.0,8228744238.647461
2025-07-25,512.469970703125,518.2899780273438,510.3599853515625,513.7100219726562,19125700.0,9825063767.242432
2025-07-28,514.0800170898438,515.0,510.1199951171875,512.5,14308000.0,7332850000.0
2025-07-29,515.530029296875,517.6199951171875,511.55999755859375,512.5700073242188,16469200.0,8441617964.624023
2025-07-30,515.1699829101562,515.9500122070312,509.44000244140625,513.239990234375,26380400.0,13539476238.378906
2025-07-31,555.22998046875,555.4500122070312,531.9000244140625,533.5,51617300.0,27537829550.0
2025-08-01,535.0,535.7999877929688,520.8599853515625,524.1099853515625,28977600.0,15187449511.523438
2025-08-04,528.27001953125,538.25,528.1300048828125,535.6400146484375,25349000.0,13577938731.323242
2025-08-05,537.1799926757812,537.2999877929688,527.239990234375,527.75,19171600.0,10117811900.0
2025-08-06,530.9000244140625,531.7000122070312,524.030029296875,524.9400024414062,21355700.0,11210461210.13794
2025-08-07,526.7999877929688,528.0900268554688,517.5499877929688,520.8400268554688,16079100.0,8374638875.811768
2025-08-08,522.5999755859375,524.6599731445312,519.4099731445312,522.0399780273438,15531000.0,8107802898.742676
2025-08-11,522.2999877929688,527.5900268554688,519.719970703125,521.77001953125,20194400.0,10536832482.421875
2025-08-12,523.75,530.97998046875,522.7000122070312,529.239990234375,18667000.0,9879322897.705078
2025-08-13,532.1099853515625,532.7000122070312,519.3699951171875,520.5800170898438,19619200.0,10213363471.289062
2025-08-14,522.5599975585938,525.9500122070312,520.1400146484375,522.47998046875,20269100.0,10590198972.11914
2025-08-15,522.77001953125,526.0999755859375,519.0800170898438,520.1699829101562,25213300.0,13115201830.108643
2025-08-18,521.5900268554688,522.8200073242188,514.02001953125,517.0999755859375,23760600.0,12286605679.907227
2025-08-19,515.0,515.1599731445312,508.54998779296875,509.7699890136719,21481000.0,10950369134.002686
2025-08-20,509.8699951171875,511.0,504.44000244140625,505.7200012207031,27723000.0,14020075593.841553
2025-08-21,503.69000244140625,507.6300048828125,502.7200012207031,504.239990234375,18443300.0,9299849411.889648
2025-08-22,504.25,510.7300109863281,502.4100036621094,507.2300109863281,24324200.0,12337964233.233643
2025-08-25,506.6300048828125,508.19000244140625,504.1199951171875,504.260009765625,21638600.0,10911480647.314453
2025-08-26,504.3599853515625,504.9800109863281,498.510009765625,502.0400085449219,30835700.0,15480755091.488647
2025-08-27,502.0,507.2900085449219,499.8999938964844,506.739990234375,17277900.0,8755402877.270508
2025-08-28,507.0899963378906,511.0899963378906,505.5,509.6400146484375,18015600.0,9181470647.90039
2025-08-29,508.6600036621094,509.6000061035156,504.489990234375,506.69000244140625,20961600.0,10621033155.175781
2025-09-02,500.4700012207031,506.0,496.80999755859375,505.1199951171875,18128000.0,9156815271.484375
2025-09-03,503.7900085449219,507.7900085449219,502.32000732421875,505.3500061035156,16345100.0,8259996384.762573
2025-09-04,504.29998779296875,508.1499938964844,503.1499938964844,507.9700012207031,15509500.0,7878360733.932495
2025-09-05,509.07000732421875,511.9700012207031,492.3699951171875,495.0,31994800.0,15837426000.0
2025-09-08,498.1099853515625,501.20001220703125,495.0299987792969,498.20001220703125,16771000.0,8355312404.724121
2025-09-09,501.42999267578125,502.25,497.70001220703125,498.4100036621094,14410500.0,7182337357.772827
2025-09-10,502.9800109863281,503.2300109863281,496.7200012207031,500.3699951171875,21611800.0,10813896260.473633
2025-09-11,502.25,503.1700134277344,497.8800048828125,501.010009765625,18881600.0,9459870600.390625
2025-09-12,506.6499938964844,512.5499877929688,503.8500061035156,509.8999938964844,23624900.0,12046336365.805054
2025-09-15,508.7900085449219,515.469970703125,507.0,515.3599853515625,17143800.0,8835228516.870117
2025-09-16,516.8800048828125,517.22998046875,508.6000061035156,509.0400085449219,19711900.0,10034145744.436646
2025-09-17,510.6199951171875,511.2900085449219,505.92999267578125,510.0199890136719,15816600.0,8066782158.233643
2025-09-18,511.489990234375,513.0700073242188,507.6600036621094,508.45001220703125,18913700.0,9616670995.880127
2025-09-19,510.55999755859375,519.2999877929688,510.30999755859375,517.9299926757812,52474100.0,27177910228.668213
2025-09-22,515.5900268554688,517.739990234375,512.5399780273438,514.4500122070312,20009300.0,10293784629.25415
2025-09-23,513.7999877929688,514.5900268554688,507.30999755859375,509.2300109863281,19799600.0,10082550525.524902
2025-09-24,510.3800048828125,512.47998046875,506.9200134277344,510.1499938964844,13533700.0,6904216972.396851
2025-09-25,508.29998779296875,510.010009765625,505.0400085449219,507.0299987792969,15786500.0,8004229075.72937
2025-09-26,510.05999755859375,513.9400024414062,506.6199951171875,511.4599914550781,16213100.0,8292351987.460327
2025-09-29,511.5,516.8499755859375,508.8800048828125,514.5999755859375,17617800.0,9066119449.87793
2025-09-30,513.239990234375,518.1599731445312,509.6600036621094,517.9500122070312,19728200.0,10218221430.822754
2025-10-01,514.7999877929688,520.510009765625,511.69000244140625,519.7100219726562,22632300.0,11762233130.291748
2025-10-02,517.6400146484375,521.5999755859375,510.67999267578125,515.739990234375,21222900.0,10945498238.745117
2025-10-03,517.0999755859375,520.489990234375,515.0,517.3499755859375,15112300.0,7818348036.047363
2025-10-06,518.6099853515625,531.030029296875,518.2000122070312,528.5700073242188,21388600.0,11305372458.654785
2025-10-07,528.2899780273438,529.7999877929688,521.4400024414062,523.97998046875,14615200.0,7658072210.546875
2025-10-08,523.280029296875,526.9500122070312,523.0900268554688,524.8499755859375,13363400.0,7013780163.745117
2025-10-09,522.3400268554688,524.3300170898438,517.4000244140625,522.4000244140625,18343600.0,9582697087.841797
2025-10-10,519.6400146484375,523.5800170898438,509.6300048828125,510.9599914550781,24133800.0,12331406241.778564
2025-10-13,516.4099731445312,516.4099731445312,511.67999267578125,514.0499877929688,14284200.0,7342792835.632324
2025-10-14,510.2300109863281,515.280029296875,506.0,513.5700073242188,14684300.0,7541416058.551025
2025-10-15,514.9600219726562,517.1900024414062,510.0,513.4299926757812,14694700.0,7544699713.372803
2025-10-16,512.5800170898438,516.8499755859375,508.1300048828125,511.6099853515625,15559600.0,7960446728.076172
2025-10-17,509.0400085449219,515.47998046875,507.30999755859375,513.5800170898438,19867800.0,10203705063.537598
2025-10-20,514.6099853515625,518.7000122070312,513.4299926757812,516.7899780273438,14665600.0,7579035101.7578125
2025-10-21,517.5,518.6900024414062,513.0399780273438,517.6599731445312,15586200.0,8068351873.425293
2025-10-22,521.1500244140625,525.22998046875,517.7100219726562,520.5399780273438,18962700.0,9870843441.339111
2025-10-23,522.4600219726562,523.9500122070312,518.6099853515625,520.5599975585938,14023500.0,7300073125.762939
2025-10-24,522.7899780273438,525.3499755859375,520.7100219726562,523.6099853515625,15532400.0,8132919736.474609
2025-10-27,531.780029296875,534.5800170898438,529.010009765625,531.52001953125,18734700.0,9957868109.91211
2025-10-28,550.0,553.719970703125,540.77001953125,542.0700073242188,29986700.0,16254890688.62915
2025-10-29,544.9400024414062,546.27001953125,536.72998046875,541.5499877929688,36023000.0,19508255210.266113
2025-10-30,530.47998046875,534.969970703125,522.1199951171875,525.760009765625,41023100.0,21568305456.61621
2025-10-31,528.8800048828125,529.3200073242188,515.0999755859375,517.8099975585938,34006400.0,17608853900.976562
2025-11-03,519.8099975585938,524.9600219726562,514.5900268554688,517.030029296875,22374700.0,11568391796.50879
2025-11-04,511.760009765625,515.5499877929688,507.8399963378906,514.3300170898438,20958700.0,10779688529.180908
2025-11-05,513.2999877929688,514.8300170898438,506.5799865722656,507.1600036621094,23024300.0,11677004072.317505
2025-11-06,505.6600036621094,505.70001220703125,495.80999755859375,497.1000061035156,27406500.0,13623771317.276001
2025-11-07,496.95001220703125,499.3800048828125,493.25,496.82000732421875,24019800.0,11933517211.92627
2025-11-10,500.0400085449219,506.8500061035156,498.79998779296875,506.0,26101500.0,13207359000.0
2025-11-11,504.79998779296875,509.6000061035156,502.3500061035156,508.67999267578125,17980000.0,9146066268.310547
2025-11-12,509.3599853515625,511.6700134277344,499.1199951171875,511.1400146484375,26574900.0,13583494775.280762
2025-11-13,510.30999755859375,513.5,501.2900085449219,503.2900085449219,25273100.0,12719698714.956665
2025-11-14,498.2300109863281,511.6000061035156,497.44000244140625,510.17999267578125,28505700.0,14543037817.218018
2025-11-17,508.45001220703125,512.1199951171875,504.9100036621094,507.489990234375,19092800.0,9689404885.546875
2025-11-18,495.3699951171875,502.9800109863281,486.7799987792969,493.7900085449219,33815100.0,16697558517.947388
2025-11-19,490.1000061035156,495.19000244140625,482.8299865722656,487.1199951171875,23245300.0,11323250422.497559
2025-11-20,492.7099914550781,493.57000732421875,475.5,478.42999267578125,26802500.0,12823119878.692627
2025-11-21,478.5,478.9200134277344,468.2699890136719,472.1199951171875,31769200.0,14998874548.876953
2025-11-24,475.0,476.8999938964844,468.0199890136719,474.0,34421000.0,16315554000.0
2025-11-25,474.07000732421875,479.1499938964844,464.8900146484375,476.989990234375,28019800.0,13365164128.36914
2025-11-26,486.30999755859375,488.30999755859375,481.20001220703125,485.5,25709100.0,12481768050.0
2025-11-28,487.6000061035156,492.6300048828125,486.6499938964844,492.010009765625,14386700.0,7078400407.495117
2025-12-01,488.44000244140625,489.8599853515625,484.6499938964844,486.739990234375,23964000.0,11664237125.976562
2025-12-02,486.7200012207031,493.5,486.32000732421875,490.0,19562700.0,9585723000.0
2025-12-03,476.32000732421875,484.239990234375,475.20001220703125,477.7300109863281,34615100.0,16536672103.292847
2025-12-04,479.760009765625,481.32000732421875,476.489990234375,480.8399963378906,22318200.0,10731483206.26831
2025-12-05,482.5199890136719,483.3999938964844,478.8800048828125,483.1600036621094,22608700.0,10923619574.795532
2025-12-08,484.8900146484375,492.29998779296875,484.3800048828125,491.0199890136719,21965900.0,10785695976.675415
2025-12-09,489.1000061035156,492.1199951171875,488.5,492.0199890136719,14696100.0,7230774960.543823
2025-12-10,484.0299987792969,484.25,475.0799865722656,478.55999755859375,35756200.0,17111486984.70459
2025-12-11,476.6300048828125,486.0299987792969,475.8599853515625,483.4700012207031,24669200.0,11926818154.11377
2025-12-12,479.82000732421875,482.45001220703125,476.3399963378906,478.5299987792969,21248100.0,10167853267.062378
2025-12-15,480.1000061035156,480.7200012207031,472.5199890136719,474.82000732421875,23727700.0,11266386687.786865
2025-12-16,471.9100036621094,477.8900146484375,470.8800048828125,476.3900146484375,20705600.0,9863941087.304688
2025-12-17,476.9100036621094,480.0,475.0,476.1199951171875,24527200.0,11677890344.238281
2025-12-18,478.19000244140625,489.6000061035156,477.8900146484375,483.9800109863281,28573500.0,13829002843.917847
2025-12-19,487.3599853515625,487.8500061035156,482.489990234375,485.9200134277344,70836100.0,34420678663.168335
2025-12-22,486.1199951171875,488.7300109863281,482.69000244140625,484.9200134277344,16963000.0,8225698187.774658
2025-12-23,484.9800109863281,487.8299865722656,484.739990234375,486.8500061035156,14683600.0,7148710749.621582
2025-12-24,485.67999267578125,489.1600036621094,484.8299865722656,488.0199890136719,5855900.0,2857796253.665161
2025-12-26,486.7099914550781,488.1199951171875,485.9599914550781,487.7099914550781,8842200.0,4312429286.444092
2025-12-29,484.8599853515625,488.3500061035156,484.17999267578125,487.1000061035156,10893400.0,5306175206.488037
2025-12-30,485.92999267578125,489.67999267578125,485.5,487.4800109863281,13944500.0,6797665013.198853
2025-12-31,487.8399963378906,488.1400146484375,483.29998779296875,483.6199951171875,15601600.0,7545245715.8203125
2026-01-02,484.3900146484375,484.6600036621094,470.1600036621094,472.94000244140625,25571600.0,12093832566.430664
2026-01-05,474.05999755859375,476.07000732421875,469.5,472.8500061035156,25250300.0,11939604509.1156
2026-01-06,473.79998779296875,478.739990234375,469.75,478.510009765625,23037700.0,11023770051.97754
2026-01-07,479.760009765625,489.70001220703125,477.95001220703125,483.4700012207031,25564200.0,12359523805.206299
2026-01-08,481.239990234375,482.6600036621094,475.8599853515625,478.1099853515625,18162600.0,8683720419.94629
2026-01-09,474.05999755859375,479.82000732421875,472.20001220703125,479.2799987792969,18491000.0,8862366457.427979
2026-01-12,476.6700134277344,480.989990234375,475.67999267578125,477.17999267578125,23519900.0,11223225709.735107
2026-01-13,474.67999267578125,475.7799987792969,465.95001220703125,470.6700134277344,28545800.0,13435652069.30542
2026-01-14,466.4599914550781,468.20001220703125,457.1700134277344,459.3800048828125,28184300.0,12947303871.618652
2026-01-15,464.1199951171875,464.25,455.8999938964844,456.6600036621094,23225800.0,10606293913.05542
2026-01-16,457.8299865722656,463.19000244140625,456.4800109863281,459.8599853515625,34246700.0,15748686960.339355
2026-01-20,451.2200012207031,456.79998779296875,449.2799987792969,454.5199890136719,26130000.0,11876607312.927246
2026-01-21,452.6000061035156,452.69000244140625,438.67999267578125,444.1099853515625,37980500.0,16867519298.64502
2026-01-22,447.6199951171875,452.8399963378906,444.70001220703125,451.1400146484375,25349400.0,11436128687.329102
2026-01-23,451.8699951171875,471.1000061035156,450.5299987792969,465.95001220703125,38000200.0,17706193653.86963
2026-01-26,465.30999755859375,474.25,462.0,470.2799987792969,29291200.0,13775065500.24414
2026-01-27,473.70001220703125,482.8699951171875,473.1600036621094,480.5799865722656,29213900.0,14039615669.72351
2026-01-28,483.2099914550781,483.739990234375,478.0,481.6300048828125,36875400.0,17760299082.055664
2026-01-29,439.989990234375,442.5,421.0199890136719,433.5,128855300.0,55858772550.0
2026-01-30,439.1700134277344,439.6000061035156,426.45001220703125,430.2900085449219,58566800.0,25200708872.44873
2026-02-02,430.239990234375,430.739990234375,422.25,423.3699951171875,42219900.0,17874638856.848145
2026-02-03,422.010009765625,422.04998779296875,408.55999755859375,411.2099914550781,61424100.0,25258203636.135864
2026-02-04,411.0,419.79998779296875,409.239990234375,414.19000244140625,45012400.0,18643686065.893555
2026-02-05,407.44000244140625,408.29998779296875,392.32000732421875,393.6700134277344,66289200.0,26096070254.11377
2026-02-06,399.1700134277344,401.7900085449219,392.9200134277344,401.1400146484375,53515300.0,21467128225.915527
2026-02-09,404.8500061035156,414.8900146484375,400.8699951171875,413.6000061035156,45480500.0,18810735077.590942
2026-02-10,419.6199951171875,423.67999267578125,412.70001220703125,413.2699890136719,44857900.0,18538423840.17639
2026-02-11,416.17999267578125,416.4599914550781,401.010009765625,404.3699951171875,42491000.0,17182085462.524414
2026-02-12,405.0,406.20001220703125,398.010009765625,401.8399963378906,40802400.0,16396036266.577148
2026-02-13,404.45001220703125,405.5400085449219,398.04998779296875,401.32000732421875,34091600.0,13681641161.694336
2026-02-17,399.2200012207031,400.5199890136719,394.5299987792969,396.8599853515625,32078800.0,12730792098.095703
2026-02-18,398.1300048828125,402.55999755859375,396.32000732421875,399.6000061035156,23223400.0,9280070781.744385
2026-02-19,400.69000244140625,404.42999267578125,396.6700134277344,398.4599914550781,28234000.0,11250119398.742676
2026-02-20,396.1099853515625,400.1199951171875,395.1600036621094,397.2300109863281,34015200.0,13511858269.702148
2026-02-23,395.0,395.3599853515625,383.1000061035156,384.4700012207031,43238300.0,16623829253.781128
2026-02-24,384.1400146484375,389.3599853515625,381.7099914550781,389.0,33884700.0,13181148300.0
2026-02-25,390.5299987792969,401.4700012207031,390.1600036621094,400.6000061035156,43625500.0,17476375566.26892
2026-02-26,404.7099914550781,407.489990234375,398.739990234375,401.7200012207031,34405900.0,13821538189.99939
2026-02-27,390.8800048828125,396.82000732421875,389.8800048828125,392.739990234375,51367200.0,20173953626.367188
2026-03-02,392.8599853515625,401.19000244140625,390.6300048828125,398.54998779296875,35474900.0,14138520961.956787
2026-03-03,393.1400146484375,406.70001220703125,392.6700134277344,403.92999267578125,38199200.0,15429802576.220703
2026-03-04,401.2699890136719,411.0299987792969,400.30999755859375,405.20001220703125,35808000.0,14509402037.109375
2026-03-05,404.4200134277344,411.6099853515625,404.3999938964844,410.67999267578125,39001300.0,16017053598.345947
2026-03-06,409.20001220703125,413.04998779296875,408.510009765625,408.9599914550781,31123900.0,12728429878.048706
2026-03-09,404.9200134277344,410.2099914550781,403.5,409.4100036621094,30131900.0,12336301289.346313
2026-03-10,410.0299987792969,410.20001220703125,402.92999267578125,405.760009765625,31706400.0,12865189173.632812
2026-03-11,405.57000732421875,409.010009765625,401.5899963378906,404.8800048828125,25512100.0,10329339172.5708
2026-03-12,404.6300048828125,406.1199951171875,401.7099914550781,401.8599853515625,27263900.0,10956270454.626465
2026-03-13,401.0,404.79998779296875,394.25,395.54998779296875,26848000.0,10619726072.265625
2026-03-16,398.07000732421875,400.6300048828125,394.7900085449219,399.95001220703125,27733700.0,11092093653.546143
2026-03-17,400.2699890136719,404.3999938964844,397.75,399.4100036621094,26228300.0,10475845399.050903
2026-03-18,397.1300048828125,398.0,391.0,391.7900085449219,25908500.0,10150691436.386108
2026-03-19,390.1000061035156,392.489990234375,387.05999755859375,389.0199890136719,25138800.0,9779495699.816895
2026-03-20,386.7900085449219,387.0,380.1199951171875,381.8699951171875,50853200.0,19419311235.69336
2026-03-23,383.8999938964844,387.2099914550781,381.67999267578125,383.0,29680100.0,11367478300.0
2026-03-24,382.3599853515625,382.4700012207031,371.8500061035156,372.739990234375,42733600.0,15928521646.679688
2026-03-25,376.9200134277344,377.05999755859375,369.6300048828125,371.0400085449219,31181200.0,11569472714.440918
2026-03-26,370.82000732421875,374.7200012207031,365.19000244140625,365.9700012207031,36836600.0,13481090546.966553
2026-03-27,361.8999938964844,362.45001220703125,356.510009765625,356.7699890136719,37883400.0,13515660201.800537
2026-03-30,361.8999938964844,365.3599853515625,356.2799987792969,358.9599914550781,44797000.0,16080330737.213135
2026-03-31,364.54998779296875,372.8999938964844,363.07000732421875,370.1700134277344,45244400.0,16748120155.529785
2026-04-01,373.489990234375,373.989990234375,368.20001220703125,369.3699951171875,29417200.0,10865831020.361328
2026-04-02,367.2099914550781,373.6400146484375,364.1499938964844,373.4599914550781,24099100.0,9000049680.075073
2026-04-06,373.489990234375,373.7300109863281,369.5,372.8800048828125,16146600.0,6020744286.84082
2026-04-07,370.3399963378906,372.45001220703125,366.55999755859375,372.2900085449219,21443300.0,7983126340.231323
2026-04-08,384.9800109863281,385.0,371.4100036621094,374.3299865722656,33064800.0,12377146140.014648
2026-04-09,372.5,373.5,367.04998779296875,373.07000732421875,30435300.0,11354497593.914795
2026-04-10,372.9800109863281,375.6400146484375,370.0299987792969,370.8699951171875,28111100.0,10425563519.73877
2026-04-13,373.6099853515625,384.5400085449219,371.0199890136719,384.3699951171875,35745800.0,13739612971.45996
2026-04-14,387.9200134277344,394.69000244140625,386.5199890136719,393.1099853515625,37504500.0,14743393445.617676
2026-04-15,398.0,414.3699951171875,396.7300109863281,411.2200012207031,45063400.0,18530971403.009033
2026-04-16,419.8599853515625,420.82000732421875,412.1400146484375,420.260009765625,41642400.0,17500635430.664062
2026-04-17,424.82000732421875,431.5799865722656,420.69000244140625,422.7900085449219,48568200.0,20534149693.011475
2026-04-20,421.1499938964844,423.3299865722656,416.29998779296875,418.07000732421875,27582200.0,11531290556.018066
2026-04-21,420.239990234375,427.17999267578125,417.20001220703125,424.1600036621094,32048500.0,13593691877.365112
2026-04-22,426.19000244140625,433.70001220703125,423.6700134277344,432.9200134277344,29378200.0,12718410738.482666
2026-04-23,419.8900146484375,423.6600036621094,411.4100036621094,415.75,38308000.0,15926551000.0
2026-04-24,416.9700012207031,424.95001220703125,415.79998779296875,424.6199951171875,27457400.0,11658961053.930664
2026-04-27,422.3800048828125,427.1099853515625,417.07000732421875,424.82000732421875,30867300.0,13113046612.078857
2026-04-28,424.57000732421875,429.9200134277344,421.8999938964844,429.25,30438100.0,13065554425.0
2026-04-29,424.5799865722656,426.82000732421875,420.2900085449219,424.4599914550781,38288300.0,16251851490.829468
2026-04-30,410.80999755859375,414.4200134277344,398.010009765625,407.7799987792969,70909400.0,28915435045.440674
2026-05-01,412.79998779296875,417.1099853515625,410.44000244140625,414.44000244140625,31372400.0,13001977532.592773
2026-05-04,411.5400085449219,420.7799987792969,410.79998779296875,413.6199951171875,28066500.0,11608865592.956543
2026-05-05,415.32000732421875,416.7799987792969,408.79998779296875,411.3800048828125,25700900.0,10572836367.492676
2026-05-06,408.0,418.4200134277344,405.1099853515625,413.9599914550781,30285900.0,12537150905.20935
2026-05-07,420.1099853515625,427.9800109863281,418.760009765625,420.7699890136719,34942400.0,14702713264.111328
2026-05-08,417.3900146484375,418.6300048828125,414.0,415.1199951171875,33383800.0,13858282892.993164
2026-05-11,407.8699951171875,412.69000244140625,405.5,412.6600036621094,35657900.0,14714589144.58313
2026-05-12,414.4800109863281,415.5,406.6400146484375,407.7699890136719,38594200.0,15737556509.991455
2026-05-13,403.20001220703125,406.30999755859375,401.0299987792969,405.2099914550781,29667100.0,12021405337.496948
2026-05-14,404.4800109863281,411.8399963378906,400.8800048828125,409.42999267578125,27077500.0,11086340626.678467
2026-05-15,414.2699890136719,428.1700134277344,412.9100036621094,421.9200134277344,50771200.0,21421385385.742188
2026-05-18,416.6199951171875,425.1199951171875,415.6099853515625,423.5400085449219,32564100.0,13792199192.25769
2026-05-19,429.8999938964844,432.70001220703125,416.489990234375,417.4200134277344,33018700.0,13782666197.366333
2026-05-20,414.1700134277344,422.1000061035156,411.29998779296875,421.05999755859375,27864000.0,11732415771.972656
2026-05-21,424.75,426.3399963378906,415.7099914550781,419.0899963378906,31393500.0,13156701800.03357
2026-05-22,419.5400085449219,424.3999938964844,416.3299865722656,418.57000732421875,22390300.0,9371908034.991455
2026-05-26,416.42999267578125,419.7699890136719,413.0199890136719,416.0299987792969,30398000.0,12646479902.893066
2026-05-27,411.010009765625,415.94000244140625,409.5799865722656,412.6700134277344,28901500.0,11926782393.081665
2026-05-28,412.9800109863281,429.489990234375,412.6700134277344,426.989990234375,47250500.0,20175490533.569336
2026-05-29,432.54998779296875,450.3299865722656,432.3599853515625,450.239990234375,79654400.0,35863596278.125
2026-06-01,464.8399963378906,466.32000732421875,458.2699890136719,460.5199890136719,53628900.0,24697180438.815308
2026-06-02,446.8800048828125,453.5,440.42999267578125,441.30999755859375,37036800.0,16344710117.578125
2026-06-03,438.45001220703125,440.3900146484375,424.25,427.3399963378906,39037000.0,16682071437.042236
2026-06-04,435.80999755859375,436.1499938964844,426.4100036621094,428.04998779296875,26899500.0,11514330646.636963
2026-06-05,428.3399963378906,429.4700012207031,414.3999938964844,416.6700134277344,34782200.0,14492699741.046143
2026-06-08,414.1400146484375,417.1600036621094,408.55999755859375,411.739990234375,32086700.0,13211377544.65332
2026-06-09,409.0299987792969,411.9800109863281,398.4800109863281,403.4100036621094,35317300.0,14247352122.335815
2026-06-10,398.54998779296875,405.0400085449219,397.1600036621094,397.3599853515625,32576000.0,12944398882.8125
2026-06-11,395.2099914550781,396.8500061035156,384.0,390.3399963378906,47224100.0,18433455021.06018
2026-06-12,391.42999267578125,391.739990234375,382.2699890136719,390.739990234375,34865800.0,13623462351.513672
2026-06-15,396.79998779296875,401.75,392.8500061035156,399.760009765625,32266400.0,12898816379.101562
2026-06-16,395.7900085449219,396.8399963378906,390.69000244140625,393.8299865722656,31506800.0,12408322620.935059
2026-06-17,390.25,390.3699951171875,377.32000732421875,378.9100036621094,41987800.0,15909597451.763916
2026-06-18,377.82000732421875,381.3699951171875,373.2799987792969,379.3999938964844,59714200.0,22655567115.533447
2026-06-22,375.739990234375,381.6300048828125,367.07000732421875,367.3399963378906,45171100.0,16593151708.578491
2026-06-23,372.3800048828125,377.2200012207031,370.6700134277344,373.94000244140625,40647600.0,15199763643.237305
2026-06-24,371.57000732421875,378.8800048828125,364.7799987792969,365.4599914550781,44509900.0,16266587673.666382
2026-06-25,362.7699890136719,364.2300109863281,349.20001220703125,352.8299865722656,66179000.0,23349935681.365967
2026-06-26,357.1499938964844,376.6099853515625,355.42999267578125,372.9700012207031,186201600.0,69447610979.29688
2026-06-29,377.5,380.5,359.8999938964844,368.57000732421875,51229900.0,18881804618.218994
2026-06-30,371.0299987792969,374.1499938964844,367.45001220703125,373.0199890136719,44945700.0,16765644520.211792
2026-07-01,380.8299865722656,388.8299865722656,374.8900146484375,384.2799987792969,48065800.0,18470725565.325928
2026-07-02,384.4800109863281,392.20001220703125,383.70001220703125,390.489990234375,42128900.0,16450913749.58496
2026-07-06,387.0400085449219,389.1499938964844,381.2200012207031,386.739990234375,34224500.0,13235982795.776367
2026-07-07,392.489990234375,395.57000732421875,388.2200012207031,388.8399963378906,29297500.0,11392039792.70935
2026-07-08,384.0299987792969,385.30999755859375,381.3299865722656,383.3399963378906,25908300.0,9931687627.120972
2026-07-09,374.45001220703125,384.6499938964844,373.3500061035156,384.3599853515625,31083200.0,11947138296.679688
2026-07-10,387.79998779296875,391.9100036621094,381.5,385.1000061035156,24644600.0,9490635610.418701
2026-07-13,387.75,393.6499938964844,384.1499938964844,390.989990234375,28914900.0,11305436468.62793
2026-07-14,382.82000732421875,388.19000244140625,378.6499938964844,384.92999267578125,27863900.0,10725650822.918701
2026-07-15,387.79998779296875,398.9599914550781,386.3999938964844,395.6300048828125,36253700.0,14343051508.02002
2026-07-16,398.30999755859375,405.989990234375,392.04998779296875,401.1000061035156,37047400.0,14859712366.119385
2026-07-17,394.8599853515625,398.3900146484375,389.3900146484375,393.82000732421875,33049800.0,13015672478.063965
2026-07-20,391.4100036621094,403.17999267578125,389.6499938964844,402.2900085449219,27915800.0,11230247420.53833
2026-07-21,398.80999755859375,401.4700012207031,396.32000732421875,397.75,24126600.0,9596355150.0
2026-07-22,399.5799865722656,401.0,386.9599914550781,390.3399963378906,28142500.0,10985143346.939087
2026-07-23,389.9700012207031,391.7799987792969,377.3900146484375,381.5799865722656,30351800.0,11581639436.444092
2026-07-24,387.04998779296875,389.0299987792969,380.6499938964844,381.70001220703125,27659400.0,10557593317.63916
2026-07-27,390.0799865722656,394.20001220703125,387.989990234375,389.1000061035156,27856200.0,10838847590.020752
2026-07-28,393.1600036621094,400.32000732421875,391.29998779296875,393.3500061035156,32367500.0,12731756322.555542
2026-07-29,393.3999938964844,401.25,388.739990234375,390.5400085449219,47209000.0,18437003263.397217
2026-07-30,437.8999938964844,458.69000244140625,432.44000244140625,451.1000061035156,110160700.0,49693492442.36755
2026-07-31,450.0,466.8399963378906,449.3299865722656,464.7200012207031,60846000.0,28276353194.274902
2026-08-03,476.1300048828125,491.6499938964844,475.0,487.6499938964844,66762100.0,32556537657.51648
2026-08-04,480.8999938964844,499.44000244140625,479.1700134277344,492.80999755859375,50455500.0,24864974831.817627
2026-08-05,496.3599853515625,498.239990234375,485.67999267578125,487.4599914550781,33388900.0,16275752908.694458
2026-08-06,488.54998779296875,501.55999755859375,488.5199890136719,499.8599853515625,36441500.0,18215647656.188965
2026-08-07,499.2099914550781,505.17999267578125,498.7300109863281,499.989990234375,28846200.0,14422811256.298828
2026-08-10,503.44000244140625,513.72998046875,502.2699890136719,506.05999755859375,31206100.0,15792158889.813232
2026-08-11,504.3299865722656,505.3299865722656,499.54998779296875,503.80999755859375,23049800.0,11612719681.726074
2026-08-12,499.989990234375,501.5,491.5199890136719,492.42999267578125,29001500.0,14281208432.58667
2026-08-13,493.2699890136719,501.3399963378906,493.010009765625,496.8800048828125,23039000.0,11447618432.495117
2026-08-14,496.3599853515625,500.010009765625,493.9200134277344,495.3999938964844,16217600.0,8034198941.015625
2026-08-17,490.1400146484375,492.6600036621094,478.4100036621094,480.3500061035156,29635800.0,14235556710.882568
2026-08-18,481.5400085449219,484.2699890136719,477.1499938964844,481.6300048828125,24087600.0,11601310905.615234
2026-08-19,480.07000732421875,489.29998779296875,479.3599853515625,484.30999755859375,19961900.0,9667747740.264893
2026-08-20,483.29998779296875,484.1600036621094,479.5,481.1499938964844,20020800.0,9633007797.802734
2026-08-21,479.8800048828125,486.3599853515625,478.5299987792969,483.239990234375,22510800.0,10878118772.167969
2026-08-24,483.2099914550781,490.6099853515625,481.8599853515625,487.30999755859375,17230800.0,8396741105.932617
2026-08-25,485.44000244140625,492.44000244140625,484.29998779296875,491.7099914550781,19498800.0,9587754781.384277
