timestamps,open,high,low,close,volume,amount
2020-08-26,126.18000030517578,126.99250030517578,125.0824966430664,126.52249908447266,163022400.0,20626001454.74853
2020-08-27,127.14250183105467,127.48500061035156,123.8324966430664,125.01000213623048,155552400.0,19445605856.295776
2020-08-28,126.0124969482422,126.44249725341795,124.57749938964844,124.80750274658205,187630000.0,23417631740.341187
2020-08-31,127.58000183105467,131.0,126.0,129.0399932861328,225702700.0,29124674892.66205
2020-09-01,132.75999450683594,134.8000030517578,130.52999877929688,134.17999267578125,151948100.0,20388394945.09888
2020-09-02,137.58999633789062,137.97999572753906,127.0,131.39999389648438,200119000.0,26295635378.57056
2020-09-03,126.91000366210938,128.83999633789062,120.5,120.87999725341795,257599600.0,31138638940.481567
2020-09-04,120.06999969482422,123.6999969482422,110.88999938964844,120.95999908447266,332607200.0,40232166607.48901
2020-09-08,113.9499969482422,118.98999786376952,112.68000030517578,112.81999969482422,231366600.0,26102779741.39252
2020-09-09,117.26000213623048,119.13999938964844,115.26000213623048,117.31999969482422,176940500.0,20758659406.002045
2020-09-10,120.36000061035156,120.5,112.5,113.48999786376952,182274400.0,20686321266.619877
2020-09-11,114.56999969482422,115.2300033569336,110.0,112.0,180860300.0,20256353600.0
2020-09-14,114.72000122070312,115.93000030517578,112.8000030517578,115.36000061035156,140150100.0,16167715621.540833
2020-09-15,118.33000183105467,118.83000183105467,113.61000061035156,115.54000091552734,184642000.0,21333536849.0448
2020-09-16,115.2300033569336,116.0,112.04000091552734,112.12999725341795,154679000.0,17344155845.161438
2020-09-17,109.72000122070312,112.1999969482422,108.70999908447266,110.33999633789062,178011000.0,19641733088.104248
2020-09-18,110.4000015258789,110.87999725341795,106.08999633789062,106.83999633789062,287104900.0,30674286464.59045
2020-09-21,104.54000091552734,110.19000244140624,103.0999984741211,110.08000183105467,195713800.0,21544175462.36267
2020-09-22,112.68000030517578,112.86000061035156,109.16000366210938,111.80999755859376,183055400.0,20467423827.0874
2020-09-23,111.62000274658205,112.11000061035156,106.7699966430664,107.12000274658205,150718700.0,16144987557.961271
2020-09-24,105.16999816894533,110.25,105.0,108.22000122070312,167743300.0,18153180130.76477
2020-09-25,108.43000030517578,112.44000244140624,107.66999816894533,112.27999877929688,149981400.0,16839911408.917236
2020-09-28,115.01000213623048,115.31999969482422,112.77999877929688,114.95999908447266,137672400.0,15826818977.957151
2020-09-29,114.5500030517578,115.30999755859376,113.56999969482422,114.08999633789062,99382200.0,11338514834.051514
2020-09-30,113.79000091552734,117.26000213623048,113.62000274658205,115.80999755859376,142675200.0,16523214563.671877
2020-10-01,117.63999938964844,117.72000122070312,115.83000183105467,116.79000091552734,116120400.0,13561701622.3114
2020-10-02,112.88999938964844,115.37000274658205,112.22000122070312,113.0199966430664,144712000.0,16355349754.211426
2020-10-05,113.91000366210938,116.6500015258789,113.5500030517578,116.5,106243800.0,12377402700.0
2020-10-06,115.6999969482422,116.12000274658205,112.25,113.16000366210938,161498200.0,18275136903.424072
2020-10-07,114.62000274658205,115.5500030517578,114.12999725341795,115.08000183105467,96849000.0,11145383097.335815
2020-10-08,116.25,116.4000015258789,114.58999633789062,114.97000122070312,83477200.0,9597373785.90088
2020-10-09,115.27999877929688,117.0,114.91999816894533,116.97000122070312,100506900.0,11756292215.689089
2020-10-12,120.05999755859376,125.18000030517578,119.27999877929688,124.4000015258789,240226800.0,29884214286.557007
2020-10-13,125.2699966430664,125.38999938964844,119.6500015258789,121.0999984741211,262330500.0,31768223149.715424
2020-10-14,121.0,123.02999877929688,119.62000274658205,121.19000244140624,150712000.0,18264787647.94922
2020-10-15,118.72000122070312,121.1999969482422,118.1500015258789,120.70999908447266,112559200.0,13587020928.948977
2020-10-16,121.27999877929688,121.5500030517578,118.80999755859376,119.0199966430664,115393800.0,13734169688.630676
2020-10-19,119.95999908447266,120.41999816894533,115.66000366210938,115.9800033569336,120639300.0,13991746418.97812
2020-10-20,116.1999969482422,118.9800033569336,115.62999725341795,117.51000213623048,124423700.0,14621029252.7977
2020-10-21,116.66999816894533,118.70999908447266,116.4499969482422,116.87000274658205,89946000.0,10511989267.044067
2020-10-22,117.4499969482422,118.04000091552734,114.58999633789062,115.75,101988000.0,11805111000.0
2020-10-23,116.38999938964844,116.5500030517578,114.27999877929688,115.04000091552734,82572600.0,9499151979.597471
2020-10-26,114.01000213623048,116.5500030517578,112.87999725341795,115.0500030517578,111850700.0,12868423376.341248
2020-10-27,115.48999786376952,117.27999877929688,114.54000091552734,116.5999984741211,92276800.0,10759474739.196775
2020-10-28,115.0500030517578,115.43000030517578,111.0999984741211,111.1999969482422,143937800.0,16005882920.736694
2020-10-29,112.37000274658205,116.93000030517578,112.1999969482422,115.31999969482422,146129200.0,16851619299.404907
2020-10-30,111.05999755859376,111.98999786376952,107.72000122070312,108.86000061035156,190272600.0,20713075352.13318
2020-11-02,109.11000061035156,110.68000030517578,107.31999969482422,108.7699966430664,122866900.0,13364232300.543976
2020-11-03,109.66000366210938,111.48999786376952,108.7300033569336,110.44000244140624,107624400.0,11886038998.754885
2020-11-04,114.13999938964844,115.58999633789062,112.3499984741211,114.9499969482422,138235500.0,15890170303.138733
2020-11-05,117.9499969482422,119.62000274658205,116.87000274658205,119.02999877929688,126387100.0,15043856358.718872
2020-11-06,118.31999969482422,119.1999969482422,116.12999725341795,118.69000244140624,114457900.0,13585008430.438232
2020-11-09,120.5,121.98999786376952,116.0500030517578,116.31999969482422,154515300.0,17973219648.845673
2020-11-10,115.5500030517578,117.58999633789062,114.12999725341795,115.97000122070312,138023400.0,16006573866.485596
2020-11-11,117.19000244140624,119.62999725341795,116.44000244140624,119.48999786376952,112295000.0,13418129310.112
2020-11-12,119.62000274658205,120.52999877929688,118.56999969482422,119.20999908447266,103162300.0,12297977688.552094
2020-11-13,119.44000244140624,119.66999816894533,117.87000274658205,119.26000213623048,81581900.0,9729457568.27774
2020-11-16,118.91999816894533,120.98999786376952,118.1500015258789,120.3000030517578,91183000.0,10969315178.268433
2020-11-17,119.5500030517578,120.66999816894533,118.95999908447266,119.38999938964844,74271000.0,8867214644.66858
2020-11-18,118.61000061035156,119.81999969482422,118.0,118.02999877929688,76322100.0,9008297369.833374
2020-11-19,117.58999633789062,119.05999755859376,116.80999755859376,118.63999938964844,74113000.0,8792766274.765015
2020-11-20,118.63999938964844,118.7699966430664,117.29000091552734,117.33999633789062,73604300.0,8636728292.453003
2020-11-23,117.18000030517578,117.62000274658205,113.75,113.8499984741211,127959300.0,14568166109.749603
2020-11-24,113.91000366210938,115.8499984741211,112.58999633789062,115.16999816894533,113874200.0,13114891405.490112
2020-11-25,115.5500030517578,116.75,115.16999816894533,116.02999877929688,76499200.0,8876202082.617188
2020-11-27,116.56999969482422,117.48999786376952,116.22000122070312,116.58999633789062,46691300.0,5443738496.011353
2020-11-30,116.97000122070312,120.97000122070312,116.80999755859376,119.0500030517578,169410200.0,20168284826.9989
2020-12-01,121.01000213623048,123.47000122070312,120.01000213623048,122.72000122070312,127728200.0,15674804859.918213
2020-12-02,122.0199966430664,123.37000274658205,120.88999938964844,123.08000183105467,89004200.0,10954637098.971558
2020-12-03,123.5199966430664,123.77999877929688,122.20999908447266,122.94000244140624,78967600.0,9708276936.791992
2020-12-04,122.5999984741211,122.86000061035156,121.5199966430664,122.25,78260400.0,9567333900.0
2020-12-07,122.30999755859376,124.56999969482422,122.25,123.75,86712000.0,10730610000.0
2020-12-08,124.37000274658205,124.9800033569336,123.08999633789062,124.37999725341795,82225500.0,10227207464.16092
2020-12-09,124.52999877929688,125.9499969482422,121.0,121.77999877929688,115089200.0,14015562635.510254
2020-12-10,120.5,123.87000274658205,120.1500015258789,123.23999786376952,81312200.0,10020915354.2984
2020-12-11,122.43000030517578,122.76000213623048,120.5500030517578,122.41000366210938,86939800.0,10642301236.383057
2020-12-14,122.5999984741211,123.3499984741211,121.54000091552734,121.77999877929688,79184500.0,9643088313.339231
2020-12-15,124.33999633789062,127.9000015258789,124.12999725341795,127.87999725341795,157243700.0,20108323924.11728
2020-12-16,127.41000366210938,128.3699951171875,126.55999755859376,127.80999755859376,98208600.0,12552040926.23291
2020-12-17,128.89999389648438,129.5800018310547,128.0399932861328,128.6999969482422,94359800.0,12144105972.036743
2020-12-18,128.9600067138672,129.10000610351562,126.12000274658205,126.66000366210938,192541500.0,24387307095.108032
2020-12-21,125.0199966430664,128.30999755859375,123.4499969482422,128.22999572753906,121251600.0,15548092149.957275
2020-12-22,131.61000061035156,134.41000366210938,129.64999389648438,131.8800048828125,168904800.0,22275165848.73047
2020-12-23,132.16000366210938,132.42999267578125,130.77999877929688,130.9600067138672,88223700.0,11553776344.322205
2020-12-24,131.32000732421875,133.4600067138672,131.10000610351562,131.97000122070312,54930100.0,7249125364.053345
2020-12-28,133.99000549316406,137.33999633789062,133.50999450683594,136.69000244140625,124486200.0,17016018981.921389
2020-12-29,138.0500030517578,138.7899932861328,134.33999633789062,134.8699951171875,121047300.0,16325648759.94873
2020-12-30,135.5800018310547,135.99000549316406,133.39999389648438,133.72000122070312,96452100.0,12897574929.73938
2020-12-31,134.0800018310547,134.74000549316406,131.72000122070312,132.69000244140625,99116600.0,13151781895.983889
2021-01-04,133.52000427246094,133.61000061035156,126.76000213623048,129.41000366210938,143301900.0,18544699403.78723
2021-01-05,128.88999938964844,131.74000549316406,128.42999267578125,131.00999450683594,97664900.0,12795078012.51068
2021-01-06,127.72000122070312,131.0500030517578,126.37999725341795,126.5999984741211,155088000.0,19634140563.35449
2021-01-07,128.36000061035156,131.6300048828125,127.86000061035156,130.9199981689453,109578200.0,14345977743.356323
2021-01-08,132.42999267578125,132.6300048828125,130.22999572753906,132.0500030517578,105158200.0,13886140630.917358
2021-01-11,129.19000244140625,130.1699981689453,128.5,128.97999572753906,100384500.0,12947592381.111143
2021-01-12,128.5,129.69000244140625,126.86000061035156,128.8000030517578,91951100.0,11843301960.612488
2021-01-13,128.75999450683594,131.4499969482422,128.49000549316406,130.88999938964844,88636800.0,11601670697.90039
2021-01-14,130.8000030517578,131.0,128.75999450683594,128.91000366210938,90221800.0,11630492568.4021
2021-01-15,128.77999877929688,130.22000122070312,127.0,127.13999938964844,111598500.0,14188633221.88568
2021-01-19,127.77999877929688,128.7100067138672,126.94000244140624,127.83000183105467,90757300.0,11601505825.18158
2021-01-20,128.66000366210938,132.49000549316406,128.5500030517578,132.02999877929688,104319500.0,13773303457.65686
2021-01-21,133.8000030517578,139.6699981689453,133.58999633789062,136.8699951171875,120150900.0,16445053096.325684
2021-01-22,136.27999877929688,139.85000610351562,135.02000427246094,139.07000732421875,114459400.0,15917869596.325684
2021-01-25,143.07000732421875,145.08999633789062,136.5399932861328,142.9199981689453,157611700.0,22525863875.40436
2021-01-26,143.60000610351562,144.3000030517578,141.3699951171875,143.16000366210938,98390600.0,14085598656.31714
2021-01-27,143.42999267578125,144.3000030517578,140.41000366210938,142.05999755859375,140843800.0,20008269884.143063
2021-01-28,139.52000427246094,141.99000549316406,136.6999969482422,137.08999633789062,142621100.0,19551926076.705933
2021-01-29,135.8300018310547,136.74000549316406,130.2100067138672,131.9600067138672,177523800.0,23426041839.871216
2021-02-01,133.75,135.3800048828125,130.92999267578125,134.13999938964844,106239800.0,14251006707.156372
2021-02-02,135.72999572753906,136.30999755859375,134.61000061035156,134.99000549316406,83305400.0,11245396403.61023
2021-02-03,135.75999450683594,135.77000427246094,133.61000061035156,133.94000244140625,89880900.0,12038647965.435793
2021-02-04,136.3000030517578,137.39999389648438,134.58999633789062,137.38999938964844,84183100.0,11565916057.618711
2021-02-05,137.35000610351562,137.4199981689453,135.86000061035156,136.75999450683594,75693800.0,10351883672.201538
2021-02-08,136.02999877929688,136.9600067138672,134.9199981689453,136.91000366210938,71297200.0,9761299913.098145
2021-02-09,136.6199951171875,137.8800048828125,135.85000610351562,136.00999450683594,76774200.0,10442058520.266724
2021-02-10,136.47999572753906,136.99000549316406,134.39999389648438,135.38999938964844,73046600.0,9889779129.415894
2021-02-11,135.89999389648438,136.38999938964844,133.77000427246094,135.1300048828125,64280000.0,8686156713.867188
2021-02-12,134.35000610351562,135.52999877929688,133.69000244140625,135.3699951171875,60145100.0,8141841893.322754
2021-02-16,135.49000549316406,136.00999450683594,132.7899932861328,133.19000244140625,80576300.0,10731957593.719482
2021-02-17,131.25,132.22000122070312,129.47000122070312,130.83999633789062,97918500.0,12811656181.411743
2021-02-18,129.1999969482422,130.0,127.41000366210938,129.7100067138672,96856700.0,12563283207.28302
2021-02-19,130.24000549316406,130.7100067138672,128.8000030517578,129.8699951171875,87668800.0,11385546627.929688
2021-02-22,128.00999450683594,129.72000122070312,125.5999984741211,126.0,103916400.0,13093466400.0
2021-02-23,123.76000213623048,126.70999908447266,118.38999938964844,125.86000061035156,158273000.0,19920239876.602173
2021-02-24,124.94000244140624,125.55999755859376,122.2300033569336,125.3499984741211,111039900.0,13918851295.56656
2021-02-25,124.68000030517578,126.45999908447266,120.54000091552734,120.98999786376952,148199500.0,17930657188.411713
2021-02-26,122.58999633789062,124.8499984741211,121.1999969482422,121.26000213623048,164560400.0,19954594455.53894
2021-03-01,123.75,127.93000030517578,122.79000091552734,127.79000091552734,116307900.0,14862986647.483065
2021-03-02,128.41000366210938,128.72000122070312,125.01000213623048,125.12000274658205,102260900.0,12794884088.86795
2021-03-03,124.80999755859376,125.70999908447266,121.83999633789062,122.05999755859376,112966300.0,13788666302.20337
2021-03-04,121.75,123.5999984741211,118.62000274658205,120.12999725341795,178155000.0,21401759660.68268
2021-03-05,120.9800033569336,121.94000244140624,117.56999969482422,121.41999816894533,153766600.0,18670340290.444942
2021-03-08,120.93000030517578,121.0,116.20999908447266,116.36000061035156,154376600.0,17963261270.224
2021-03-09,119.02999877929688,122.05999755859376,118.79000091552734,121.08999633789062,129525800.0,15684278647.662354
2021-03-10,121.69000244140624,122.16999816894533,119.4499969482422,119.9800033569336,111943300.0,13430957509.786224
2021-03-11,122.54000091552734,123.20999908447266,121.26000213623048,121.95999908447266,103026500.0,12565111845.676422
2021-03-12,120.4000015258789,121.16999816894533,119.16000366210938,121.02999877929688,88105100.0,10663360145.44983
2021-03-15,121.41000366210938,124.0,120.41999816894533,123.98999786376952,92403800.0,11457146964.604189
2021-03-16,125.6999969482422,127.22000122070312,124.72000122070312,125.56999969482422,115227900.0,14469167367.835236
2021-03-17,124.0500030517578,125.86000061035156,122.33999633789062,124.76000213623048,111932600.0,13964711415.11383
2021-03-18,122.87999725341795,123.18000030517578,120.31999969482422,120.52999877929688,121229700.0,14611815593.014526
2021-03-19,119.9000015258789,121.43000030517578,119.68000030517578,119.98999786376952,185549500.0,22264084108.623505
2021-03-22,120.33000183105467,123.87000274658205,120.26000213623048,123.38999938964844,111912300.0,13808858628.694153
2021-03-23,123.33000183105467,124.23999786376952,122.13999938964844,122.54000091552734,95467100.0,11698538521.40274
2021-03-24,122.81999969482422,122.9000015258789,120.06999969482422,120.08999633789062,88530500.0,10631627420.791626
2021-03-25,119.54000091552734,121.66000366210938,119.0,120.58999633789062,98844700.0,11919682011.019896
2021-03-26,120.3499984741211,121.4800033569336,118.91999816894533,121.20999908447266,94071200.0,11402370065.875244
2021-03-29,121.6500015258789,122.58000183105467,120.7300033569336,121.38999938964844,80819200.0,9810642638.671877
2021-03-30,120.11000061035156,120.4000015258789,118.86000061035156,119.9000015258789,85671900.0,10272060940.724943
2021-03-31,121.6500015258789,123.5199966430664,121.1500015258789,122.1500015258789,118323800.0,14453252350.54779
2021-04-01,123.66000366210938,124.18000030517578,122.48999786376952,123.0,75089100.0,9235959300.0
2021-04-05,123.87000274658205,126.16000366210938,123.06999969482422,125.9000015258789,88651200.0,11161186215.270996
2021-04-06,126.5,127.12999725341795,125.6500015258789,126.20999908447266,80171300.0,10118419699.600985
2021-04-07,125.83000183105467,127.91999816894533,125.13999938964844,127.9000015258789,83466700.0,10675391057.360077
2021-04-08,128.9499969482422,130.38999938964844,128.52000427246094,130.36000061035156,88844600.0,11581782110.22644
2021-04-09,129.8000030517578,133.0399932861328,129.47000122070312,133.0,106686700.0,14189331100.0
2021-04-12,132.52000427246094,132.85000610351562,130.6300048828125,131.24000549316406,91420000.0,11997961302.18506
2021-04-13,132.44000244140625,134.66000366210938,131.92999267578125,134.42999267578125,91266500.0,12268954926.54419
2021-04-14,134.94000244140625,135.0,131.66000366210938,132.02999877929688,87222800.0,11516026177.526855
2021-04-15,133.82000732421875,135.0,133.63999938964844,134.5,89347100.0,12017184950.0
2021-04-16,134.3000030517578,134.6699981689453,133.27999877929688,134.16000366210938,84922400.0,11393189494.995115
2021-04-19,133.50999450683594,135.47000122070312,133.33999633789062,134.83999633789062,94264200.0,12710584382.79419
2021-04-20,135.02000427246094,135.52999877929688,131.80999755859375,133.11000061035156,94812300.0,12620465310.868835
2021-04-21,132.36000061035156,133.75,131.3000030517578,133.5,68847100.0,9191087850.0
2021-04-22,133.0399932861328,134.14999389648438,131.41000366210938,131.94000244140625,84566500.0,11157704216.461182
2021-04-23,132.16000366210938,135.1199951171875,132.16000366210938,134.32000732421875,78657500.0,10565275976.104736
2021-04-26,134.8300018310547,135.05999755859375,133.55999755859375,134.72000122070312,66905100.0,9013455153.671265
2021-04-27,135.00999450683594,135.41000366210938,134.11000061035156,134.38999938964844,66015800.0,8871863321.707153
2021-04-28,134.30999755859375,135.02000427246094,133.0800018310547,133.5800018310547,107760100.0,14394594355.314636
2021-04-29,136.47000122070312,137.07000732421875,132.4499969482422,133.47999572753906,151101000.0,20168960834.42688
2021-04-30,131.77999877929688,133.55999755859375,131.07000732421875,131.4600067138672,109839500.0,14439501407.447817
2021-05-03,132.0399932861328,134.07000732421875,131.8300018310547,132.5399932861328,75135100.0,9958405649.552916
2021-05-04,131.19000244140625,131.49000549316406,126.6999969482422,127.8499984741211,137564700.0,17587646685.092926
2021-05-05,129.1999969482422,130.4499969482422,127.97000122070312,128.10000610351562,84000900.0,10760515802.700806
2021-05-06,127.88999938964844,129.75,127.12999725341795,129.74000549316406,78128300.0,10136366071.17157
2021-05-07,130.85000610351562,131.25999450683594,129.47999572753906,130.2100067138672,78973300.0,10283113923.216248
2021-05-10,129.41000366210938,129.5399932861328,126.80999755859376,126.8499984741211,88071200.0,11171831585.614014
2021-05-11,123.5,126.2699966430664,122.7699966430664,125.91000366210938,126142800.0,15882640409.94873
2021-05-12,123.4000015258789,124.63999938964844,122.25,122.7699966430664,112172300.0,13771392894.445038
2021-05-13,124.58000183105467,126.1500015258789,124.26000213623048,124.97000122070312,105861300.0,13229486790.22522
2021-05-14,126.25,127.88999938964844,125.8499984741211,127.4499969482422,81918000.0,10440448850.006104
2021-05-17,126.81999969482422,126.93000030517578,125.16999816894533,126.2699966430664,74244600.0,9374865392.765808
2021-05-18,126.55999755859376,126.98999786376952,124.77999877929688,124.8499984741211,63342900.0,7908360968.346405
2021-05-19,123.16000366210938,124.91999816894533,122.86000061035156,124.69000244140624,92612000.0,11547790506.103516
2021-05-20,125.2300033569336,127.72000122070312,125.0999984741211,127.30999755859376,76857100.0,9784677213.360596
2021-05-21,127.81999969482422,128.0,125.20999908447266,125.43000030517578,79295400.0,9946022046.199036
2021-05-24,126.01000213623048,127.94000244140624,125.94000244140624,127.0999984741211,63092900.0,8019107493.727875
2021-05-25,127.81999969482422,128.32000732421875,126.31999969482422,126.9000015258789,72009500.0,9138005659.877775
2021-05-26,126.95999908447266,127.38999938964844,126.41999816894533,126.8499984741211,56575900.0,7176652828.672028
2021-05-27,126.44000244140624,127.63999938964844,125.08000183105467,125.27999877929688,94625600.0,11854695052.490234
2021-05-28,125.56999969482422,125.8000030517578,124.5500030517578,124.61000061035156,71311100.0,8886076214.524841
2021-06-01,125.08000183105467,125.3499984741211,123.94000244140624,124.27999877929688,67637100.0,8405938705.435181
2021-06-02,124.27999877929688,125.23999786376952,124.0500030517578,125.05999755859376,59278900.0,7413419089.276123
2021-06-03,124.68000030517578,124.8499984741211,123.12999725341795,123.54000091552734,76229200.0,9417355437.789915
2021-06-04,124.06999969482422,126.16000366210938,123.8499984741211,125.88999938964844,75169300.0,9463063131.1203
2021-06-07,126.16999816894533,126.31999969482422,124.83000183105467,125.9000015258789,71057600.0,8946151948.425293
2021-06-08,126.5999984741211,128.4600067138672,126.20999908447266,126.73999786376952,74403800.0,9429937453.056335
2021-06-09,127.20999908447266,127.75,126.5199966430664,127.12999725341795,56877900.0,7230887270.780182
2021-06-10,127.0199966430664,128.19000244140625,125.94000244140624,126.11000061035156,71186400.0,8977316947.44873
2021-06-11,126.52999877929688,127.44000244140624,126.0999984741211,127.3499984741211,53522400.0,6816077558.331299
2021-06-14,127.81999969482422,130.5399932861328,127.06999969482422,130.47999572753906,96906500.0,12644359705.970764
2021-06-15,129.94000244140625,130.60000610351562,129.38999938964844,129.63999938964844,62746300.0,8134430293.702698
2021-06-16,130.3699951171875,130.88999938964844,128.4600067138672,130.14999389648438,91815000.0,11949721689.605713
2021-06-17,129.8000030517578,132.5500030517578,129.64999389648438,131.7899932861328,96721700.0,12746952193.623352
2021-06-18,130.7100067138672,131.50999450683594,130.24000549316406,130.4600067138672,108953300.0,14214048249.497986
2021-06-21,130.3000030517578,132.41000366210938,129.2100067138672,132.3000030517578,79663300.0,10539454833.113098
2021-06-22,132.1300048828125,134.0800018310547,131.6199951171875,133.97999572753906,74783600.0,10019506408.48999
2021-06-23,133.77000427246094,134.32000732421875,133.22999572753906,133.6999969482422,60214200.0,8050638356.240845
2021-06-24,134.4499969482422,134.63999938964844,132.92999267578125,133.41000366210938,68711000.0,9166734761.627195
2021-06-25,133.4600067138672,133.88999938964844,132.80999755859375,133.11000061035156,70783700.0,9422018350.202942
2021-06-28,133.41000366210938,135.25,133.35000610351562,134.77999877929688,62111300.0,8371360938.180542
2021-06-29,134.8000030517578,136.49000549316406,134.35000610351562,136.3300018310547,64556100.0,8800933231.20575
2021-06-30,136.1699981689453,137.41000366210938,135.8699951171875,136.9600067138672,63261400.0,8664281768.728638
2021-07-01,136.60000610351562,137.3300018310547,135.75999450683594,137.27000427246094,52485800.0,7204725990.24353
2021-07-02,137.89999389648438,140.0,137.75,139.9600067138672,78852600.0,11036210425.405884
2021-07-06,140.07000732421875,143.14999389648438,140.07000732421875,142.02000427246094,108181800.0,15363979698.202517
2021-07-07,143.5399932861328,144.88999938964844,142.66000366210938,144.57000732421875,104911600.0,15167070780.395508
2021-07-08,141.5800018310547,144.05999755859375,140.6699981689453,143.24000549316406,105575500.0,15122635199.943542
2021-07-09,142.75,145.64999389648438,142.64999389648438,145.11000061035156,99890800.0,14495154048.968506
2021-07-12,146.2100067138672,146.32000732421875,144.0,144.5,76299700.0,11025306650.0
2021-07-13,144.02999877929688,147.4600067138672,143.6300048828125,145.63999938964844,100827100.0,14684458782.460022
2021-07-14,148.10000610351562,149.57000732421875,147.67999267578125,149.14999389648438,127050800.0,18949626044.543457
2021-07-15,149.24000549316406,150.0,147.08999633789062,148.47999572753906,106820300.0,15860677687.61444
2021-07-16,148.4600067138672,149.75999450683594,145.8800048828125,146.38999938964844,93251400.0,13651072389.083862
2021-07-19,143.75,144.07000732421875,141.6699981689453,142.4499969482422,121434600.0,17298358399.41101
2021-07-20,143.4600067138672,147.10000610351562,142.9600067138672,146.14999389648438,96350000.0,14081551911.92627
2021-07-21,145.52999877929688,146.1300048828125,144.6300048828125,145.39999389648438,74993500.0,10904054442.276
2021-07-22,145.94000244140625,148.1999969482422,145.80999755859375,146.8000030517578,77338200.0,11353247996.017456
2021-07-23,147.5500030517578,148.72000122070312,146.9199981689453,148.55999755859375,71447400.0,10614225569.567871
2021-07-26,148.27000427246094,149.8300018310547,147.6999969482422,148.99000549316406,72434100.0,10791956956.892397
2021-07-27,149.1199951171875,149.2100067138672,145.5500030517578,146.77000427246094,104818600.0,15384226369.833374
2021-07-28,144.80999755859375,146.97000122070312,142.5399932861328,144.97999572753906,118931200.0,17242644867.871094
2021-07-29,144.69000244140625,146.5500030517578,144.5800018310547,145.63999938964844,56699500.0,8257715145.393372
2021-07-30,144.3800048828125,146.3300018310547,144.11000061035156,145.86000061035156,70440600.0,10274465958.99353
2021-08-02,146.36000061035156,146.9499969482422,145.25,145.52000427246094,62880000.0,9150297868.652344
2021-08-03,145.80999755859375,148.0399932861328,145.17999267578125,147.36000061035156,64786600.0,9546953415.542604
2021-08-04,147.27000427246094,147.7899932861328,146.27999877929688,146.9499969482422,56368300.0,8283321512.9776
2021-08-05,146.97999572753906,147.83999633789062,146.1699981689453,147.05999755859375,46397700.0,6823245648.724365
2021-08-06,146.35000610351562,147.11000061035156,145.6300048828125,146.13999938964844,54126800.0,7910090518.963623
2021-08-09,146.1999969482422,146.6999969482422,145.52000427246094,146.08999633789062,48908700.0,7145071803.890991
2021-08-10,146.44000244140625,147.7100067138672,145.3000030517578,145.60000610351562,69023100.0,10049763781.28357
2021-08-11,146.0500030517578,146.72000122070312,145.52999877929688,145.86000061035156,48493500.0,7073261939.598084
2021-08-12,146.19000244140625,149.0500030517578,145.83999633789062,148.88999938964844,72282600.0,10762156269.882202
2021-08-13,148.97000122070312,149.44000244140625,148.27000427246094,149.10000610351562,59375000.0,8852812862.39624
2021-08-16,148.5399932861328,151.19000244140625,146.47000122070312,151.1199951171875,103296000.0,15610091015.625
2021-08-17,150.22999572753906,151.67999267578125,149.08999633789062,150.19000244140625,92229700.0,13851978868.170166
2021-08-18,149.8000030517578,150.72000122070312,146.14999389648438,146.36000061035156,86326000.0,12634673412.689207
2021-08-19,145.02999877929688,148.0,144.5,146.6999969482422,86960300.0,12757075744.618223
2021-08-20,147.44000244140625,148.5,146.77999877929688,148.19000244140625,60549600.0,8972845371.826172
2021-08-23,148.30999755859375,150.19000244140625,147.88999938964844,149.7100067138672,60131800.0,9002332181.716919
2021-08-24,149.4499969482422,150.86000061035156,149.14999389648438,149.6199951171875,48606400.0,7272489330.6640625
2021-08-25,149.80999755859375,150.32000732421875,147.8000030517578,148.36000061035156,58991300.0,8751949304.005432
2021-08-26,148.35000610351562,149.1199951171875,147.50999450683594,147.5399932861328,48597200.0,7170030561.7248535
2021-08-27,147.47999572753906,148.75,146.8300018310547,148.60000610351562,55802400.0,8292236980.59082
2021-08-30,149.0,153.49000549316406,148.61000061035156,153.1199951171875,90956700.0,13927289459.875488
2021-08-31,152.66000366210938,152.8000030517578,151.2899932861328,151.8300018310547,86453100.0,13126174331.300354
2021-09-01,152.8300018310547,154.97999572753906,152.33999633789062,152.50999450683594,80313700.0,12248641945.82367
2021-09-02,153.8699951171875,154.72000122070312,152.39999389648438,153.64999389648438,71115500.0,10926896140.945436
2021-09-03,153.75999450683594,154.6300048828125,153.08999633789062,154.3000030517578,57808700.0,8919882586.418152
2021-09-07,154.97000122070312,157.25999450683594,154.38999938964844,156.69000244140625,82278300.0,12892187027.874756
2021-09-08,156.97999572753906,157.0399932861328,153.97999572753906,155.11000061035156,74420200.0,11543317267.422483
2021-09-09,155.49000549316406,156.11000061035156,153.9499969482422,154.07000732421875,57305700.0,8829089618.719482
2021-09-10,155.0,155.47999572753906,148.6999969482422,148.97000122070312,140893200.0,20988860175.98877
2021-09-13,150.6300048828125,151.4199981689453,148.75,149.5500030517578,102404300.0,15314563377.513124
2021-09-14,150.35000610351562,151.07000732421875,146.91000366210938,148.1199951171875,109296300.0,16188967422.32666
2021-09-15,148.55999755859375,149.44000244140625,146.3699951171875,149.02999877929688,83281300.0,12411412037.338257
2021-09-16,148.44000244140625,148.97000122070312,147.22000122070312,148.7899932861328,68034100.0,10122793282.228088
2021-09-17,148.82000732421875,148.82000732421875,145.75999450683594,146.05999755859375,129868800.0,18968636610.9375
2021-09-20,143.8000030517578,144.83999633789062,141.27000427246094,142.94000244140625,123478900.0,17650074267.46216
2021-09-21,143.92999267578125,144.60000610351562,142.77999877929688,143.42999267578125,75834000.0,10876870064.575195
2021-09-22,144.4499969482422,146.42999267578125,143.6999969482422,145.85000610351562,76404300.0,11143567621.33484
2021-09-23,146.64999389648438,147.0800018310547,145.63999938964844,146.8300018310547,64838200.0,9520193024.72229
2021-09-24,145.66000366210938,147.47000122070312,145.55999755859375,146.9199981689453,53477900.0,7856972970.079041
2021-09-27,145.47000122070312,145.9600067138672,143.82000732421875,145.3699951171875,74150700.0,10779286896.936035
2021-09-28,143.25,144.75,141.69000244140625,141.91000366210938,108972300.0,15464259492.06848
2021-09-29,142.47000122070312,144.4499969482422,142.02999877929688,142.8300018310547,74602000.0,10655403796.600342
2021-09-30,143.66000366210938,144.3800048828125,141.27999877929688,141.5,89056700.0,12601523050.0
2021-10-01,141.89999389648438,142.9199981689453,139.11000061035156,142.64999389648438,94639600.0,13500338362.365725
2021-10-04,141.75999450683594,142.2100067138672,138.27000427246094,139.13999938964844,98322000.0,13680523019.989014
2021-10-05,139.49000549316406,142.24000549316406,139.36000061035156,141.11000061035156,80861100.0,11410309870.3537
2021-10-06,139.47000122070312,142.14999389648438,138.3699951171875,142.0,83221100.0,11817396200.0
2021-10-07,143.05999755859375,144.22000122070312,142.72000122070312,143.2899932861328,61732700.0,8845678168.534851
2021-10-08,144.02999877929688,144.17999267578125,142.55999755859375,142.89999389648438,58773200.0,8398689921.276855
2021-10-11,142.27000427246094,144.80999755859375,141.80999755859375,142.80999755859375,64452200.0,9204418524.645996
2021-10-12,143.22999572753906,143.25,141.0399932861328,141.50999450683594,73035900.0,10335309807.80182
2021-10-13,141.24000549316406,141.39999389648438,139.1999969482422,140.91000366210938,78762700.0,11098452345.437622
2021-10-14,142.11000061035156,143.8800048828125,141.50999450683594,143.75999450683594,69907100.0,10049844311.98883
2021-10-15,143.77000427246094,144.89999389648438,143.50999450683594,144.83999633789062,67940300.0,9840472803.19519
2021-10-18,143.4499969482422,146.83999633789062,143.16000366210938,146.5500030517578,85589200.0,12543097521.19751
2021-10-19,147.00999450683594,149.1699981689453,146.5500030517578,148.75999450683594,76378900.0,11362124744.438171
2021-10-20,148.6999969482422,149.75,148.1199951171875,149.25999450683594,58418800.0,8719589767.095947
2021-10-21,148.80999755859375,149.63999938964844,147.8699951171875,149.47999572753906,61421000.0,9181210817.581177
2021-10-22,149.69000244140625,150.17999267578125,148.63999938964844,148.69000244140625,58883400.0,8755372889.7583
2021-10-25,148.67999267578125,149.3699951171875,147.6199951171875,148.63999938964844,50720600.0,7539109953.042603
2021-10-26,149.3300018310547,150.83999633789062,149.00999450683594,149.32000732421875,60893400.0,9092602933.996582
2021-10-27,149.36000061035156,149.72999572753906,148.49000549316406,148.85000610351562,56094900.0,8349726207.376099
2021-10-28,149.82000732421875,153.1699981689453,149.72000122070312,152.57000732421875,100077900.0,15268885935.992432
2021-10-29,147.22000122070312,149.94000244140625,146.41000366210938,149.8000030517578,124953200.0,18717989741.326904
2021-11-01,148.99000549316406,149.6999969482422,147.8000030517578,148.9600067138672,74588300.0,11110673668.77594
2021-11-02,148.66000366210938,151.57000732421875,148.64999389648438,150.02000427246094,69122000.0,10369682735.321045
2021-11-03,150.38999938964844,151.97000122070312,149.82000732421875,151.49000549316406,54511500.0,8257947434.440613
2021-11-04,151.5800018310547,152.42999267578125,150.63999938964844,150.9600067138672,60394600.0,9117169221.481323
2021-11-05,151.88999938964844,152.1999969482422,150.05999755859375,151.27999877929688,65463900.0,9903378712.088013
2021-11-08,151.41000366210938,151.57000732421875,150.16000366210938,150.44000244140625,55020900.0,8277344330.328369
2021-11-09,150.1999969482422,151.42999267578125,150.05999755859375,150.80999755859375,56787900.0,8564183060.357666
2021-11-10,150.02000427246094,150.1300048828125,147.85000610351562,147.9199981689453,65187100.0,9642475712.638857
2021-11-11,148.9600067138672,149.42999267578125,147.67999267578125,147.8699951171875,41000000.0,6062669799.804688
2021-11-12,148.42999267578125,150.39999389648438,147.47999572753906,149.99000549316406,63804000.0,9569962310.48584
2021-11-15,150.3699951171875,151.8800048828125,149.42999267578125,150.0,59222800.0,8883420000.0
2021-11-16,149.94000244140625,151.49000549316406,149.33999633789062,151.0,59256200.0,8947686200.0
2021-11-17,151.0,155.0,150.99000549316406,153.49000549316406,88807000.0,13630986917.83142
2021-11-18,153.7100067138672,158.6699981689453,153.0500030517578,157.8699951171875,137827700.0,21758858326.013184
2021-11-19,157.64999389648438,161.02000427246094,156.52999877929688,160.5500030517578,117305600.0,18833414437.98828
2021-11-22,161.67999267578125,165.6999969482422,161.0,161.02000427246094,117467900.0,18914681759.87701
2021-11-23,161.1199951171875,161.8000030517578,159.05999755859375,161.41000366210938,96041900.0,15502123430.715942
2021-11-24,160.75,162.13999938964844,159.63999938964844,161.94000244140625,69463600.0,11248935553.588867
2021-11-26,159.57000732421875,160.4499969482422,156.36000061035156,156.80999755859375,76959800.0,12068066050.109863
2021-11-29,159.3699951171875,161.19000244140625,158.7899932861328,160.24000549316406,88748200.0,14221012055.508425
2021-11-30,159.99000549316406,165.52000427246094,159.9199981689453,165.3000030517578,174048100.0,28770151461.15265
2021-12-01,167.47999572753906,170.3000030517578,164.52999877929688,164.77000427246094,152052500.0,25053691074.638367
2021-12-02,158.74000549316406,164.1999969482422,157.8000030517578,163.75999450683594,136739200.0,22392410640.86914
2021-12-03,164.02000427246094,164.9600067138672,159.72000122070312,161.83999633789062,118023100.0,19100858071.7865
2021-12-06,164.2899932861328,167.8800048828125,164.27999877929688,165.32000732421875,107497000.0,17771404827.331543
2021-12-07,169.0800018310547,171.5800018310547,168.33999633789062,171.17999267578125,120405400.0,20610995490.12451
2021-12-08,172.1300048828125,175.9600067138672,170.6999969482422,175.0800018310547,116998900.0,20484167626.231384
2021-12-09,174.91000366210938,176.75,173.9199981689453,174.55999755859375,108923700.0,19013720806.073
2021-12-10,175.2100067138672,179.6300048828125,174.69000244140625,179.4499969482422,115402700.0,20709014162.81891
2021-12-13,181.1199951171875,182.1300048828125,175.52999877929688,175.74000549316406,153237000.0,26929871221.75598
2021-12-14,175.25,177.74000549316406,172.2100067138672,174.3300018310547,139380400.0,24298185387.21313
2021-12-15,175.11000061035156,179.5,172.30999755859375,179.3000030517578,131063300.0,23499650089.97345
2021-12-16,179.27999877929688,181.13999938964844,170.75,172.25999450683594,150185800.0,25871005083.00476
2021-12-17,169.92999267578125,173.47000122070312,169.69000244140625,171.13999938964844,195432700.0,33446352158.717342
2021-12-20,168.27999877929688,170.5800018310547,167.4600067138672,169.75,107499100.0,18247972225.0
2021-12-21,171.55999755859375,173.1999969482422,169.1199951171875,172.99000549316406,91185900.0,15774249341.899109
2021-12-22,173.0399932861328,175.86000061035156,172.14999389648438,175.63999938964844,92135300.0,16182644035.765076
2021-12-23,175.85000610351562,176.85000610351562,175.27000427246094,176.27999877929688,68356600.0,12049901364.556885
2021-12-27,177.08999633789062,180.4199981689453,177.07000732421875,180.3300018310547,74919600.0,13510251605.181885
2021-12-28,180.16000366210935,181.3300018310547,178.52999877929688,179.2899932861328,79144300.0,14189781015.63568
2021-12-29,179.3300018310547,180.6300048828125,178.13999938964844,179.3800048828125,62348900.0,11184145986.437988
2021-12-30,179.47000122070312,180.57000732421875,178.08999633789062,178.1999969482422,59773000.0,10651548417.58728
2021-12-31,178.08999633789062,179.22999572753906,177.25999450683594,177.57000732421875,64062300.0,11375543080.2063
2022-01-03,177.8300018310547,182.8800048828125,177.7100067138672,182.00999450683597,104487900.0,19017842105.030823
2022-01-04,182.6300048828125,182.94000244140625,179.1199951171875,179.6999969482422,99310400.0,17846078576.92871
2022-01-05,179.61000061035156,180.1699981689453,174.63999938964844,174.9199981689453,94537600.0,16536516818.896484
2022-01-06,172.6999969482422,175.3000030517578,171.63999938964844,172.0,96904000.0,16667488000.0
2022-01-07,172.88999938964844,174.13999938964844,171.02999877929688,172.1699981689453,86709100.0,14928705588.230896
2022-01-10,169.0800018310547,172.5,168.1699981689453,172.19000244140625,106765600.0,18383968924.658203
2022-01-11,172.32000732421875,175.17999267578125,170.82000732421875,175.0800018310547,76138300.0,13330293703.413391
2022-01-12,176.1199951171875,177.17999267578125,174.82000732421875,175.52999877929688,74805200.0,13130556664.68506
2022-01-13,175.77999877929688,176.6199951171875,171.7899932861328,172.19000244140625,84505800.0,14551053908.312988
2022-01-14,171.33999633789062,173.77999877929688,171.08999633789062,173.07000732421875,80440800.0,13921889845.166016
2022-01-18,171.50999450683594,172.5399932861328,169.41000366210938,169.8000030517578,90956700.0,15444447937.57782
2022-01-19,170.0,171.0800018310547,165.94000244140625,166.22999572753906,94815000.0,15761097044.906616
2022-01-20,166.97999572753906,169.67999267578125,164.17999267578125,164.50999450683594,91420500.0,15039585952.812197
2022-01-21,164.4199981689453,166.3300018310547,162.3000030517578,162.41000366210938,122848900.0,19951890298.88611
2022-01-24,160.02000427246094,162.3000030517578,154.6999969482422,161.6199951171875,162294600.0,26230052459.5459
2022-01-25,158.97999572753906,162.75999450683594,157.02000427246094,159.77999877929688,115798400.0,18502268210.64453
2022-01-26,163.5,164.38999938964844,157.82000732421875,159.69000244140625,108275300.0,17290482921.343994
2022-01-27,162.4499969482422,163.83999633789062,158.27999877929688,159.22000122070312,121954600.0,19417611560.87036
2022-01-28,165.7100067138672,170.35000610351562,162.8000030517578,170.3300018310547,179935700.0,30648448110.472107
2022-01-31,170.16000366210938,175.0,169.50999450683594,174.77999877929688,115541600.0,20194360706.958008
2022-02-01,174.00999450683594,174.83999633789062,172.30999755859375,174.61000061035156,86213900.0,15053809131.620789
2022-02-02,174.75,175.8800048828125,173.3300018310547,175.83999633789062,84914300.0,14931330201.034546
2022-02-03,174.47999572753906,176.24000549316406,172.1199951171875,172.89999389648438,89418100.0,15460388944.23523
2022-02-04,171.67999267578125,174.10000610351562,170.67999267578125,172.38999938964844,82465400.0,14216210255.667114
2022-02-07,172.86000061035156,173.9499969482422,170.9499969482422,171.66000366210938,77251200.0,13260941274.902344
2022-02-08,171.72999572753906,175.35000610351562,171.42999267578125,174.8300018310547,74829200.0,13082389173.016356
2022-02-09,176.0500030517578,176.64999389648438,174.89999389648438,176.27999877929688,71285000.0,12566119712.982178
2022-02-10,174.13999938964844,175.47999572753906,171.5500030517578,172.1199951171875,90865900.0,15639838264.318848
2022-02-11,172.3300018310547,173.0800018310547,168.0399932861328,168.63999938964844,98670700.0,16639826787.776184
2022-02-14,167.3699951171875,169.5800018310547,166.55999755859375,168.8800048828125,86185500.0,14555007660.827637
2022-02-15,170.97000122070312,172.9499969482422,170.25,172.7899932861328,62527400.0,10804109026.19934
2022-02-16,171.85000610351562,173.33999633789062,170.0500030517578,172.5500030517578,61177400.0,10556160556.698608
2022-02-17,171.02999877929688,171.91000366210938,168.47000122070312,168.8800048828125,69589300.0,11752241323.791504
2022-02-18,169.82000732421875,170.5399932861328,166.19000244140625,167.3000030517578,82772700.0,13847872962.602234
2022-02-22,164.97999572753906,166.69000244140625,162.14999389648438,164.32000732421875,91162800.0,14979871963.69629
2022-02-23,165.5399932861328,166.14999389648438,159.75,160.07000732421875,90009200.0,14407773303.24707
2022-02-24,152.5800018310547,162.85000610351562,152.0,162.74000549316406,141147500.0,22970344925.34637
2022-02-25,163.83999633789062,165.1199951171875,160.8699951171875,164.85000610351562,91974200.0,15161947431.365969
2022-02-28,163.05999755859375,165.4199981689453,162.42999267578125,165.1199951171875,95056600.0,15695745327.856443
2022-03-01,164.6999969482422,166.60000610351562,161.97000122070312,163.1999969482422,83474400.0,13623021825.256348
2022-03-02,164.38999938964844,167.36000061035156,162.9499969482422,166.55999755859375,79724800.0,13278962493.359377
2022-03-03,168.47000122070312,168.91000366210938,165.5500030517578,166.22999572753906,76678400.0,12746250104.394531
2022-03-04,164.49000549316406,165.5500030517578,162.10000610351562,163.1699981689453,83737200.0,13663398770.672607
2022-03-07,163.36000061035156,165.02000427246094,159.0399932861328,159.3000030517578,96418800.0,15359515134.246826
2022-03-08,158.82000732421875,162.8800048828125,155.8000030517578,157.44000244140625,131148300.0,20647988672.18628
2022-03-09,161.47999572753906,163.41000366210938,159.41000366210938,162.9499969482422,91454900.0,14902575675.901794
2022-03-10,160.1999969482422,160.38999938964844,155.97999572753906,158.52000427246094,105342000.0,16698814290.06958
2022-03-11,158.92999267578125,159.27999877929688,154.5,154.72999572753906,96970100.0,15004183158.699036
2022-03-14,151.4499969482422,154.1199951171875,150.10000610351562,150.6199951171875,108732100.0,16377228371.081545
2022-03-15,150.89999389648438,155.57000732421875,150.3800048828125,155.08999633789062,92964300.0,14417832946.554564
2022-03-16,157.0500030517578,160.0,154.4600067138672,159.58999633789062,102300200.0,16326088543.36548
2022-03-17,158.61000061035156,161.0,157.6300048828125,160.6199951171875,75615400.0,12145345178.78418
2022-03-18,160.50999450683594,164.47999572753906,159.75999450683594,163.97999572753906,123511700.0,20253448038.301086
2022-03-21,163.50999450683594,166.35000610351562,163.00999450683594,165.3800048828125,95811400.0,15845289799.829102
2022-03-22,165.50999450683594,169.4199981689453,164.91000366210938,168.82000732421875,81532000.0,13764232837.158203
2022-03-23,167.99000549316406,172.63999938964844,167.64999389648438,170.2100067138672,98062700.0,16691252825.379944
2022-03-24,171.05999755859375,174.13999938964844,170.2100067138672,174.07000732421875,90131400.0,15689173458.14209
2022-03-25,173.8800048828125,175.27999877929688,172.75,174.72000122070312,80546200.0,14073032162.322998
2022-03-28,172.1699981689453,175.72999572753906,172.0,175.60000610351562,90371900.0,15869306191.586304
2022-03-29,176.69000244140625,179.00999450683594,176.33999633789062,178.9600067138672,100589400.0,18001479699.343872
2022-03-30,178.5500030517578,179.61000061035156,176.6999969482422,177.77000427246094,92633200.0,16467404359.771729
2022-03-31,177.83999633789062,178.02999877929688,174.39999389648438,174.61000061035156,103049300.0,17993438335.8963
2022-04-01,174.02999877929688,174.8800048828125,171.94000244140625,174.30999755859375,78751300.0,13727138910.736084
2022-04-04,174.57000732421875,178.49000549316406,174.44000244140625,178.44000244140625,76468400.0,13645021482.69043
2022-04-05,177.5,178.3000030517578,174.4199981689453,175.05999755859375,73401800.0,12849718928.796389
2022-04-06,172.36000061035156,173.6300048828125,170.1300048828125,171.8300018310547,89058800.0,15302973767.071531
2022-04-07,171.16000366210938,173.36000061035156,169.85000610351562,172.13999938964844,77594700.0,13357151610.639954
2022-04-08,171.77999877929688,171.77999877929688,169.1999969482422,170.08999633789062,76575500.0,13024726514.572144
2022-04-11,168.7100067138672,169.02999877929688,165.5,165.75,72246700.0,11974890525.0
2022-04-12,168.02000427246094,169.8699951171875,166.63999938964844,167.66000366210938,79265200.0,13289603722.277832
2022-04-13,167.38999938964844,171.0399932861328,166.77000427246094,170.39999389648438,70618900.0,12033460128.97644
2022-04-14,170.6199951171875,171.27000427246094,165.0399932861328,165.2899932861328,75329400.0,12451196020.248411
2022-04-18,163.9199981689453,166.60000610351562,163.57000732421875,165.07000732421875,69023900.0,11393775678.546144
2022-04-19,165.02000427246094,167.82000732421875,163.91000366210938,167.39999389648438,67723800.0,11336963706.646729
2022-04-20,168.75999450683594,168.8800048828125,166.10000610351562,167.22999572753906,67929800.0,11359900163.772585
2022-04-21,168.91000366210938,171.52999877929688,165.91000366210938,166.4199981689453,87227800.0,14516450316.281128
2022-04-22,166.4600067138672,167.8699951171875,161.5,161.7899932861328,84882400.0,13733122926.11084
2022-04-25,161.1199951171875,163.1699981689453,158.4600067138672,162.8800048828125,96046400.0,15644038100.976562
2022-04-26,162.25,162.33999633789062,156.72000122070312,156.8000030517578,95623200.0,14993718051.818848
2022-04-27,155.91000366210938,159.7899932861328,155.3800048828125,156.57000732421875,88063200.0,13788055868.99414
2022-04-28,159.25,164.52000427246094,158.92999267578125,163.63999938964844,130216800.0,21308677072.521973
2022-04-29,161.83999633789062,166.1999969482422,157.25,157.64999389648438,131747600.0,20770008335.876465
2022-05-02,156.7100067138672,158.22999572753906,153.27000427246094,157.9600067138672,123055300.0,19437816014.17694
2022-05-03,158.14999389648438,160.7100067138672,156.32000732421875,159.47999572753906,88966500.0,14188377039.894104
2022-05-04,159.6699981689453,166.47999572753906,159.25999450683594,166.02000427246094,108256500.0,17972744592.521667
2022-05-05,163.85000610351562,164.0800018310547,154.9499969482422,156.77000427246094,130525300.0,20462451838.66425
2022-05-06,156.00999450683594,159.44000244140625,154.17999267578125,157.27999877929688,116124600.0,18264076946.246338
2022-05-09,154.92999267578125,155.8300018310547,151.49000549316406,152.05999755859375,131577900.0,20007735152.764893
2022-05-10,155.52000427246094,156.74000549316406,152.92999267578125,154.50999450683594,115366700.0,17825308183.27179
2022-05-11,153.5,155.4499969482422,145.80999755859375,146.5,142689800.0,20904055700.0
2022-05-12,142.77000427246094,146.1999969482422,138.8000030517578,142.55999755859375,182602000.0,26031740674.194336
2022-05-13,144.58999633789062,148.10000610351562,143.11000061035156,147.11000061035156,113990900.0,16769201368.574524
2022-05-16,145.5500030517578,147.52000427246094,144.17999267578125,145.5399932861328,86643800.0,12610138070.285034
2022-05-17,148.86000061035156,149.77000427246094,146.67999267578125,149.24000549316406,78336300.0,11690909842.314148
2022-05-18,146.85000610351562,147.36000061035156,139.89999389648438,140.82000732421875,109742900.0,15453995981.781006
2022-05-19,139.8800048828125,141.66000366210938,136.60000610351562,137.35000610351562,136095600.0,18692731490.66162
2022-05-20,139.08999633789062,140.6999969482422,132.61000061035156,137.58999633789062,137426100.0,18908456595.73059
2022-05-23,137.7899932861328,143.25999450683594,137.64999389648438,143.11000061035156,117726300.0,16847810864.854431
2022-05-24,140.80999755859375,141.97000122070312,137.3300018310547,140.36000061035156,104132700.0,14616065835.557556
2022-05-25,138.42999267578125,141.7899932861328,138.33999633789062,140.52000427246094,92482700.0,12995669399.128723
2022-05-26,137.38999938964844,144.33999633789062,137.13999938964844,143.77999877929688,90601500.0,13026683559.402466
2022-05-27,145.38999938964844,149.67999267578125,145.25999450683594,149.63999938964844,90978500.0,13614022684.47113
2022-05-31,149.07000732421875,150.66000366210938,146.83999633789062,148.83999633789062,103718400.0,15437446276.171877
2022-06-01,149.89999389648438,151.74000549316406,147.67999267578125,148.7100067138672,74286600.0,11047160784.750366
2022-06-02,147.8300018310547,151.27000427246094,146.86000061035156,151.2100067138672,72348100.0,10939756686.735537
2022-06-03,146.89999389648438,147.97000122070312,144.4600067138672,145.3800048828125,88570300.0,12876350646.472168
2022-06-06,147.02999877929688,148.57000732421875,144.89999389648438,146.13999938964844,71598400.0,10463390132.299805
2022-06-07,144.35000610351562,149.0,144.10000610351562,148.7100067138672,67808200.0,10083757877.255247
2022-06-08,148.5800018310547,149.8699951171875,147.4600067138672,147.9600067138672,53950200.0,7982471954.214478
2022-06-09,147.0800018310547,147.9499969482422,142.52999877929688,142.63999938964844,69473000.0,9909628677.597046
2022-06-10,140.27999877929688,140.75999450683594,137.05999755859375,137.1300048828125,91437900.0,12538879673.47412
2022-06-13,132.8699951171875,135.1999969482422,131.44000244140625,131.8800048828125,122207100.0,16116672944.714355
2022-06-14,133.1300048828125,133.88999938964844,131.47999572753906,132.75999450683594,84784300.0,11255963202.26593
2022-06-15,134.2899932861328,137.33999633789062,132.16000366210938,135.42999267578125,91533000.0,12396313519.592283
2022-06-16,132.0800018310547,132.38999938964844,129.0399932861328,130.05999755859375,108123900.0,14062594170.025637
2022-06-17,130.07000732421875,133.0800018310547,129.80999755859375,131.55999755859375,134520300.0,17697490339.5813
2022-06-21,133.4199981689453,137.05999755859375,133.32000732421875,135.8699951171875,81000500.0,11005537539.489746
2022-06-22,134.7899932861328,137.75999450683594,133.91000366210938,135.35000610351562,73409200.0,9935935668.0542
2022-06-23,136.82000732421875,138.58999633789062,135.6300048828125,138.27000427246094,72433800.0,10015421835.47058
2022-06-24,139.89999389648438,141.91000366210938,139.77000427246094,141.66000366210938,89116800.0,12624286214.355469
2022-06-27,142.6999969482422,143.49000549316406,140.97000122070312,141.66000366210938,70207900.0,9945651371.109009
2022-06-28,142.1300048828125,143.4199981689453,137.32000732421875,137.44000244140625,67083400.0,9219942659.777832
2022-06-29,137.4600067138672,140.6699981689453,136.6699981689453,139.22999572753906,66242400.0,9222929068.981934
2022-06-30,137.25,138.3699951171875,133.77000427246094,136.72000122070312,98964500.0,13530426560.806274
2022-07-01,136.0399932861328,139.0399932861328,135.66000366210938,138.92999267578125,71051600.0,9871198267.60254
2022-07-05,137.77000427246094,141.61000061035156,136.92999267578125,141.55999755859375,73353800.0,10383963748.913574
2022-07-06,141.35000610351562,144.1199951171875,141.0800018310547,142.9199981689453,74064300.0,10585269620.384216
2022-07-07,143.2899932861328,146.5500030517578,143.27999877929688,146.35000610351562,66253700.0,9696229399.380491
2022-07-08,145.25999450683594,147.5500030517578,145.0,147.0399932861328,64547800.0,9491108078.634644
2022-07-11,145.6699981689453,146.63999938964844,143.77999877929688,144.8699951171875,63141600.0,9147323283.691406
2022-07-12,145.75999450683594,148.4499969482422,145.0500030517578,145.86000061035156,77588800.0,11317102415.356443
2022-07-13,142.99000549316406,146.4499969482422,142.1199951171875,145.49000549316406,71185600.0,10356793335.03418
2022-07-14,144.0800018310547,148.9499969482422,143.25,148.47000122070312,78140700.0,11601549824.386597
2022-07-15,149.77999877929688,150.86000061035156,148.1999969482422,150.1699981689453,76259900.0,11451949043.363953
2022-07-18,150.74000549316406,151.57000732421875,146.6999969482422,147.07000732421875,81420900.0,11974572359.344482
2022-07-19,147.9199981689453,151.22999572753906,146.91000366210938,151.0,82982400.0,12530342400.0
2022-07-20,151.1199951171875,153.72000122070312,150.3699951171875,153.0399932861328,64823400.0,9920572700.784302
2022-07-21,154.5,155.57000732421875,151.94000244140625,155.35000610351562,65086600.0,10111203707.25708
2022-07-22,155.38999938964844,156.27999877929688,153.41000366210938,154.08999633789062,66675400.0,10274012141.827393
2022-07-25,154.00999450683594,155.0399932861328,152.27999877929688,152.9499969482422,53623900.0,8201775341.352844
2022-07-26,152.25999450683594,153.08999633789062,150.8000030517578,151.60000610351562,55138700.0,8359027256.539917
2022-07-27,152.5800018310547,157.3300018310547,152.16000366210938,156.7899932861328,78620700.0,12326939025.151062
2022-07-28,156.97999572753906,157.63999938964844,154.41000366210938,157.35000610351562,81378700.0,12804938941.696169
2022-07-29,161.24000549316406,163.6300048828125,159.5,162.50999450683594,101786900.0,16541388559.86786
2022-08-01,161.00999450683594,163.58999633789062,160.88999938964844,161.50999450683594,67829400.0,10955126021.401978
2022-08-02,160.10000610351562,162.41000366210938,159.6300048828125,160.00999450683594,59907000.0,9585718740.92102
2022-08-03,160.83999633789062,166.58999633789062,160.75,166.1300048828125,82507500.0,13706971377.868652
2022-08-04,166.00999450683594,167.19000244140625,164.42999267578125,165.80999755859375,55474100.0,9198160385.565186
2022-08-05,163.2100067138672,165.85000610351562,163.0,165.35000610351562,56697000.0,9374849296.051023
2022-08-08,166.3699951171875,167.80999755859375,164.1999969482422,164.8699951171875,60276900.0,9937852208.6792
2022-08-09,164.02000427246094,165.82000732421875,163.25,164.9199981689453,63135500.0,10412306544.395449
2022-08-10,167.67999267578125,169.33999633789062,166.89999389648438,169.24000549316406,70170500.0,11875655805.458069
2022-08-11,170.05999755859375,170.99000549316406,168.19000244140625,168.49000549316406,57149200.0,9629069021.929932
2022-08-12,169.82000732421875,172.1699981689453,169.39999389648438,172.10000610351562,68039400.0,11709581155.27954
2022-08-15,171.52000427246094,173.38999938964844,171.35000610351562,173.19000244140625,54091700.0,9368141655.059814
2022-08-16,172.77999877929688,173.7100067138672,171.66000366210938,173.02999877929688,56377100.0,9754929544.180298
2022-08-17,172.77000427246094,176.14999389648438,172.57000732421875,174.5500030517578,79542000.0,13884056342.74292
2022-08-18,173.75,174.89999389648438,173.1199951171875,174.14999389648438,62290100.0,10847820534.8114
2022-08-19,173.02999877929688,173.74000549316406,171.30999755859375,171.52000427246094,70346300.0,12065797676.55182
2022-08-22,169.69000244140625,169.86000061035156,167.13999938964844,167.57000732421875,69026800.0,11566821381.567385
2022-08-23,167.0800018310547,168.7100067138672,166.64999389648438,167.22999572753906,54147100.0,9055019301.65863
2022-08-24,167.32000732421875,168.11000061035156,166.25,167.52999877929688,53841500.0,9020066429.275513
2022-08-25,168.77999877929688,170.13999938964844,168.35000610351562,170.02999877929688,51218200.0,8708630483.477783
2022-08-26,170.57000732421875,171.0500030517578,163.55999755859375,163.6199951171875,78961000.0,12919598434.448242
2022-08-29,161.14999389648438,162.89999389648438,159.82000732421875,161.3800048828125,73314000.0,11831413677.978516
2022-08-30,162.1300048828125,162.55999755859375,157.72000122070312,158.91000366210938,77906200.0,12380074527.301023
2022-08-31,160.30999755859375,160.5800018310547,157.13999938964844,157.22000122070312,87991100.0,13833960849.41101
2022-09-01,156.63999938964844,158.4199981689453,154.6699981689453,157.9600067138672,74229900.0,11725355502.36969
2022-09-02,159.75,160.36000061035156,154.97000122070312,155.80999755859375,76957800.0,11990794630.114746
2022-09-06,156.47000122070312,157.08999633789062,153.69000244140625,154.52999877929688,73714800.0,11391147954.016111
2022-09-07,154.82000732421875,156.6699981689453,153.61000061035156,155.9600067138672,87449600.0,13638640203.125
2022-09-08,154.63999938964844,156.36000061035156,152.67999267578125,154.4600067138672,84923800.0,13117330718.167114
2022-09-09,155.47000122070312,157.82000732421875,154.75,157.3699951171875,68028800.0,10705691923.828123
2022-09-12,159.58999633789062,164.25999450683594,159.3000030517578,163.42999267578125,104956000.0,17152958311.279297
2022-09-13,159.89999389648438,160.5399932861328,153.3699951171875,153.83999633789062,122656600.0,18869490894.818115
2022-09-14,154.7899932861328,157.10000610351562,153.61000061035156,155.30999755859375,87965400.0,13661906059.240725
2022-09-15,154.64999389648438,155.24000549316406,151.3800048828125,152.3699951171875,90481100.0,13786604765.197754
2022-09-16,151.2100067138672,151.35000610351562,148.3699951171875,150.6999969482422,162278800.0,24455414664.764404
2022-09-19,149.30999755859375,154.55999755859375,149.10000610351562,154.47999572753906,81474200.0,12586134067.904663
2022-09-20,153.39999389648438,158.0800018310547,153.0800018310547,156.89999389648438,107689800.0,16896528962.713623
2022-09-21,157.33999633789062,158.74000549316406,153.60000610351562,153.72000122070312,101696800.0,15632832220.141602
2022-09-22,152.3800048828125,154.47000122070312,150.91000366210938,152.74000549316406,86652500.0,13235303325.9964
2022-09-23,151.19000244140625,151.47000122070312,148.55999755859375,150.42999267578125,96029900.0,14445777153.656006
2022-09-26,149.66000366210938,153.77000427246094,149.63999938964844,150.77000427246094,93339400.0,14072781736.78894
2022-09-27,152.74000549316406,154.72000122070312,149.9499969482422,151.75999450683594,84442700.0,12815023688.142397
2022-09-28,147.63999938964844,150.63999938964844,144.83999633789062,149.83999633789062,146691400.0,21980238838.80005
2022-09-29,146.10000610351562,146.72000122070312,140.67999267578125,142.47999572753906,128138200.0,18257130188.534546
2022-09-30,141.27999877929688,143.10000610351562,138.0,138.1999969482422,124925300.0,17264676078.75824
2022-10-03,138.2100067138672,143.07000732421875,137.69000244140625,142.4499969482422,114311700.0,16283701316.148376
2022-10-04,145.02999877929688,146.22000122070312,144.25999450683594,146.10000610351562,87830100.0,12831978146.072388
2022-10-05,144.07000732421875,147.3800048828125,143.00999450683594,146.39999389648438,79471000.0,11634553914.94751
2022-10-06,145.80999755859375,147.5399932861328,145.22000122070312,145.42999267578125,68402200.0,9947731445.007324
2022-10-07,142.5399932861328,143.10000610351562,139.4499969482422,140.08999633789062,85925600.0,12037316989.331057
2022-10-10,140.4199981689453,141.88999938964844,138.57000732421875,140.4199981689453,74899000.0,10517317442.855837
2022-10-11,139.89999389648438,141.35000610351562,138.22000122070312,138.97999572753906,77033700.0,10706143296.876526
2022-10-12,139.1300048828125,140.36000061035156,138.16000366210938,138.33999633789062,70433700.0,9743797800.064089
2022-10-13,134.99000549316406,143.58999633789062,134.3699951171875,142.99000549316406,113224000.0,16189900381.958008
2022-10-14,144.30999755859375,144.52000427246094,138.19000244140625,138.3800048828125,88598000.0,12260191672.607422
2022-10-17,141.07000732421875,142.89999389648438,140.27000427246094,142.41000366210938,85250900.0,12140580981.19812
2022-10-18,145.49000549316406,146.6999969482422,140.61000061035156,143.75,99136600.0,14250886250.0
2022-10-19,141.69000244140625,144.9499969482422,141.5,143.86000061035156,61758300.0,8884549075.694275
2022-10-20,143.02000427246094,145.88999938964844,142.64999389648438,143.38999938964844,64522000.0,9251809540.618896
2022-10-21,142.8699951171875,147.85000610351562,142.64999389648438,147.27000427246094,86548600.0,12746012691.775513
2022-10-24,147.19000244140625,150.22999572753906,146.0,149.4499969482422,75981900.0,11355494723.121643
2022-10-25,150.08999633789062,152.49000549316406,149.36000061035156,152.33999633789062,74732300.0,11384718308.322144
2022-10-26,150.9600067138672,151.99000549316406,148.0399932861328,149.35000610351562,88194300.0,13171819243.295288
2022-10-27,148.07000732421875,149.0500030517578,144.1300048828125,144.8000030517578,109180200.0,15809293293.191528
2022-10-28,148.1999969482422,157.5,147.82000732421875,155.74000549316406,164762400.0,25660097081.06689
2022-10-31,153.16000366210938,154.24000549316406,151.9199981689453,153.33999633789062,97943200.0,15018609929.32129
2022-11-01,155.0800018310547,155.4499969482422,149.1300048828125,150.64999389648438,80379300.0,12109141054.403688
2022-11-02,148.9499969482422,152.1699981689453,145.0,145.02999877929688,93604600.0,13575475023.736572
2022-11-03,142.05999755859375,142.8000030517578,138.75,138.8800048828125,97918500.0,13598921758.117676
2022-11-04,142.08999633789062,142.6699981689453,134.3800048828125,138.3800048828125,140814800.0,19485952711.572266
2022-11-07,137.11000061035156,139.14999389648438,135.6699981689453,138.9199981689453,83374600.0,11582399279.336548
2022-11-08,140.41000366210938,141.42999267578125,137.49000549316406,139.5,89908500.0,12542235750.0
2022-11-09,138.5,138.5500030517578,134.58999633789062,134.8699951171875,74917800.0,10104163320.19043
2022-11-10,141.24000549316406,146.8699951171875,139.5,146.8699951171875,118854000.0,17456086399.658203
2022-11-11,145.82000732421875,150.00999450683594,144.3699951171875,149.6999969482422,93979700.0,14068760803.196716
2022-11-14,148.97000122070312,150.27999877929688,147.42999267578125,148.27999877929688,73374100.0,10879911458.432009
2022-11-15,152.22000122070312,153.58999633789062,148.55999755859375,150.0399932861328,89868300.0,13483839128.63617
2022-11-16,149.1300048828125,149.8699951171875,147.2899932861328,148.7899932861328,64218300.0,9555040425.846865
2022-11-17,146.42999267578125,151.47999572753906,146.14999389648438,150.72000122070312,80389400.0,12116290466.131592
2022-11-18,152.30999755859375,152.6999969482422,149.97000122070312,151.2899932861328,74829600.0,11320969681.604004
2022-11-21,150.16000366210938,150.3699951171875,147.72000122070312,148.00999450683594,58724100.0,8691753718.418884
2022-11-22,148.1300048828125,150.4199981689453,146.92999267578125,150.17999267578125,51804100.0,7779939358.575439
2022-11-23,149.4499969482422,151.8300018310547,149.33999633789062,151.07000732421875,58301400.0,8807592925.012207
2022-11-25,148.30999755859375,148.8800048828125,147.1199951171875,148.11000061035156,35195900.0,5212864770.481873
2022-11-28,145.13999938964844,146.63999938964844,143.3800048828125,144.22000122070312,69246000.0,9986658204.528809
2022-11-29,144.2899932861328,144.80999755859375,140.35000610351562,141.1699981689453,83763800.0,11824935492.6239
2022-11-30,141.39999389648438,148.72000122070312,140.5500030517578,148.02999877929688,111380900.0,16487714491.036987
2022-12-01,148.2100067138672,149.1300048828125,146.61000061035156,148.30999755859375,71250400.0,10567146650.048828
2022-12-02,145.9600067138672,148.0,145.64999389648438,147.80999755859375,65447400.0,9673780034.216309
2022-12-05,147.77000427246094,150.9199981689453,145.77000427246094,146.6300048828125,68826400.0,10092015368.066406
2022-12-06,147.07000732421875,147.3000030517578,141.9199981689453,142.91000366210938,64727200.0,9250164389.038086
2022-12-07,142.19000244140625,143.3699951171875,140.0,140.94000244140625,69721100.0,9826492004.21753
2022-12-08,142.36000061035156,143.52000427246094,141.10000610351562,142.64999389648438,62128300.0,8862601615.79895
2022-12-09,142.33999633789062,145.57000732421875,140.89999389648438,142.16000366210938,76097000.0,10817949798.675535
2022-12-12,142.6999969482422,144.5,141.05999755859375,144.49000549316406,70462700.0,10181155910.063171
2022-12-13,149.5,149.97000122070312,144.24000549316406,145.47000122070312,93886200.0,13657625628.607178
2022-12-14,145.35000610351562,146.66000366210938,141.16000366210938,143.2100067138672,82291200.0,11784923304.492188
2022-12-15,141.11000061035156,141.8000030517578,136.02999877929688,136.5,98931900.0,13504204350.0
2022-12-16,136.69000244140625,137.64999389648438,133.72999572753906,134.50999450683594,160156900.0,21542703739.231876
2022-12-19,135.11000061035156,135.1999969482422,131.32000732421875,132.3699951171875,79592600.0,10535672073.364258
2022-12-20,131.38999938964844,133.25,129.88999938964844,132.3000030517578,77432800.0,10244359676.306152
2022-12-21,132.97999572753906,136.80999755859375,132.75,135.4499969482422,85928000.0,11638947337.768557
2022-12-22,134.35000610351562,134.55999755859375,130.3000030517578,132.22999572753906,77852100.0,10294382850.379944
2022-12-23,130.9199981689453,132.4199981689453,129.63999938964844,131.86000061035156,63814900.0,8414632752.949524
2022-12-27,131.3800048828125,131.41000366210938,128.72000122070312,130.02999877929688,69007800.0,8973084149.761963
2022-12-28,129.6699981689453,131.02999877929688,125.87000274658205,126.04000091552734,85438400.0,10768656014.221191
2022-12-29,127.98999786376952,130.47999572753906,127.7300033569336,129.61000061035156,75703700.0,9811956603.205872
2022-12-30,128.41000366210938,129.9499969482422,127.43000030517578,129.92999267578125,77034200.0,10009053041.784668
2023-01-03,130.27999877929688,130.89999389648438,124.16999816894533,125.06999969482422,112117500.0,14022535690.784454
2023-01-04,126.88999938964844,128.66000366210938,125.08000183105467,126.36000061035156,89113600.0,11260394550.390623
2023-01-05,127.12999725341795,127.7699966430664,124.76000213623048,125.0199966430664,80962700.0,10121956482.213593
2023-01-06,126.01000213623048,130.2899932861328,124.88999938964844,129.6199951171875,87754700.0,11374763785.510254
2023-01-09,130.47000122070312,133.41000366210938,129.88999938964844,130.14999389648438,70790800.0,9213422187.927246
2023-01-10,130.25999450683594,131.25999450683594,128.1199951171875,130.72999572753906,63896200.0,8353149953.005981
2023-01-11,131.25,133.50999450683594,130.4600067138672,133.49000549316406,69458900.0,9272068942.549131
2023-01-12,133.8800048828125,134.25999450683594,131.44000244140625,133.41000366210938,71379600.0,9522752697.399902
2023-01-13,132.02999877929688,134.9199981689453,131.66000366210938,134.75999450683594,57809700.0,7790434854.4418335
2023-01-17,134.8300018310547,137.2899932861328,134.1300048828125,135.94000244140625,63646600.0,8652118959.387207
2023-01-18,136.82000732421875,138.61000061035156,135.02999877929688,135.2100067138672,69672800.0,9420459755.773926
2023-01-19,134.0800018310547,136.25,133.77000427246094,135.27000427246094,58280400.0,7883589957.000732
2023-01-20,135.27999877929688,138.02000427246094,134.22000122070312,137.8699951171875,80223600.0,11060427340.283203
2023-01-23,138.1199951171875,143.32000732421875,137.89999389648438,141.11000061035156,81760300.0,11537195982.902529
2023-01-24,140.30999755859375,143.16000366210938,140.3000030517578,142.52999877929688,66435100.0,9468994721.902466
2023-01-25,140.88999938964844,142.42999267578125,138.80999755859375,141.86000061035156,65799300.0,9334288738.160706
2023-01-26,143.1699981689453,144.25,141.89999389648438,143.9600067138672,54105100.0,7788970559.254456
2023-01-27,143.16000366210938,147.22999572753906,143.0800018310547,145.92999267578125,70555800.0,10296207377.233889
2023-01-30,144.9600067138672,145.5500030517578,142.85000610351562,143.0,64015300.0,9154187900.0
2023-01-31,142.6999969482422,144.33999633789062,142.27999877929688,144.2899932861328,65874500.0,9505031162.727356
2023-02-01,143.97000122070312,146.61000061035156,141.32000732421875,145.42999267578125,77663600.0,11294616779.174805
2023-02-02,148.89999389648438,151.17999267578125,148.1699981689453,150.82000732421875,118339000.0,17847888846.740723
2023-02-03,148.02999877929688,157.3800048828125,147.8300018310547,154.5,154357300.0,23848202850.0
2023-02-06,152.57000732421875,153.10000610351562,150.77999877929688,151.72999572753906,69858300.0,10599599560.533142
2023-02-07,150.63999938964844,155.22999572753906,150.63999938964844,154.64999389648438,83322600.0,12885839581.439207
2023-02-08,153.8800048828125,154.5800018310547,151.1699981689453,151.9199981689453,64120100.0,9741125474.59259
2023-02-09,153.77999877929688,154.3300018310547,150.4199981689453,150.8699951171875,56007100.0,8449790903.527832
2023-02-10,149.4600067138672,151.33999633789062,149.22000122070312,151.00999450683594,57450700.0,8675629891.41388
2023-02-13,150.9499969482422,154.25999450683594,150.9199981689453,153.85000610351562,62199000.0,9569316529.632568
2023-02-14,152.1199951171875,153.77000427246094,150.86000061035156,153.1999969482422,61707600.0,9453604131.68335
2023-02-15,153.11000061035156,155.5,152.8800048828125,155.3300018310547,65573800.0,10185578474.069214
2023-02-16,153.50999450683594,156.3300018310547,153.35000610351562,153.7100067138672,68167900.0,10478088366.670227
2023-02-17,152.35000610351562,153.0,150.85000610351562,152.5500030517578,59144100.0,9022432635.49347
2023-02-21,150.1999969482422,151.3000030517578,148.41000366210938,148.47999572753906,58867200.0,8740601604.492188
2023-02-22,148.8699951171875,149.9499969482422,147.16000366210938,148.91000366210938,51011300.0,7596092869.80896
2023-02-23,150.08999633789062,150.33999633789062,147.24000549316406,149.39999389648438,48394200.0,7230093184.625244
2023-02-24,147.11000061035156,147.19000244140625,145.72000122070312,146.7100067138672,55469600.0,8137945388.415527
2023-02-27,147.7100067138672,149.1699981689453,147.4499969482422,147.9199981689453,44998500.0,6656178037.605286
2023-02-28,147.0500030517578,149.0800018310547,146.8300018310547,147.41000366210938,50547000.0,7451133455.108643
2023-03-01,146.8300018310547,147.22999572753906,145.00999450683594,145.30999755859375,55479000.0,8061653354.553223
2023-03-02,144.3800048828125,146.7100067138672,143.89999389648438,145.91000366210938,52238100.0,7622061362.301636
2023-03-03,148.0399932861328,151.11000061035156,147.3300018310547,151.02999877929688,70732300.0,10682699182.65686
2023-03-06,153.7899932861328,156.3000030517578,153.4600067138672,153.8300018310547,87558000.0,13469047300.323486
2023-03-07,153.6999969482422,154.02999877929688,151.1300048828125,151.60000610351562,56182000.0,8517191542.907715
2023-03-08,152.80999755859375,153.47000122070312,151.8300018310547,152.8699951171875,47204800.0,7216197545.507812
2023-03-09,153.55999755859375,154.5399932861328,150.22999572753906,150.58999633789062,53833600.0,8106801626.855469
2023-03-10,150.2100067138672,150.94000244140625,147.61000061035156,148.5,68572400.0,10183001400.0
2023-03-13,147.80999755859375,153.13999938964844,147.6999969482422,150.47000122070312,84457100.0,12708259940.097046
2023-03-14,151.27999877929688,153.39999389648438,150.10000610351562,152.58999633789062,73695900.0,11245257111.117554
2023-03-15,151.19000244140625,153.25,149.9199981689453,152.99000549316406,77167900.0,11805917444.895935
2023-03-16,152.16000366210938,156.4600067138672,151.63999938964844,155.85000610351562,76161100.0,11869707899.850464
2023-03-17,156.0800018310547,156.74000549316406,154.27999877929688,155.0,98944600.0,15336413000.0
2023-03-20,155.07000732421875,157.82000732421875,154.14999389648438,157.39999389648438,73641400.0,11591155910.528564
2023-03-21,157.32000732421875,159.39999389648438,156.5399932861328,159.27999877929688,73938300.0,11776892333.743286
2023-03-22,159.3000030517578,162.13999938964844,157.80999755859375,157.8300018310547,75701800.0,11948015232.614136
2023-03-23,158.8300018310547,161.5500030517578,157.67999267578125,158.92999267578125,67622100.0,10747179857.720947
2023-03-24,158.86000061035156,160.33999633789062,157.85000610351562,160.25,59196500.0,9486239125.0
2023-03-27,159.94000244140625,160.77000427246094,157.8699951171875,158.27999877929688,52390300.0,8292336620.046997
2023-03-28,157.97000122070312,158.49000549316406,155.97999572753906,157.64999389648438,45992200.0,7250670049.285889
2023-03-29,159.3699951171875,161.0500030517578,159.35000610351562,160.77000427246094,51305700.0,8248417608.201599
2023-03-30,161.52999877929688,162.47000122070312,161.27000427246094,162.36000061035156,49501700.0,8037096042.21344
2023-03-31,162.44000244140625,165.0,161.91000366210938,164.89999389648438,68749800.0,11336841600.38452
2023-04-03,164.27000427246094,166.2899932861328,164.22000122070312,166.1699981689453,56976200.0,9467735049.673462
2023-04-04,166.60000610351562,166.83999633789062,165.11000061035156,165.6300048828125,46278300.0,7665075054.968262
2023-04-05,164.74000549316406,165.0500030517578,161.8000030517578,163.75999450683594,51511700.0,8435555709.037781
2023-04-06,162.42999267578125,164.9600067138672,162.0,164.66000366210938,45390100.0,7473934032.223511
2023-04-10,161.4199981689453,162.02999877929688,160.0800018310547,162.02999877929688,47716900.0,7731569248.751831
2023-04-11,162.35000610351562,162.36000061035156,160.50999450683594,160.8000030517578,47644200.0,7661187505.39856
2023-04-12,161.22000122070312,162.05999755859375,159.77999877929688,160.10000610351562,50133100.0,8026309615.988159
2023-04-13,161.6300048828125,165.8000030517578,161.4199981689453,165.55999755859375,68445600.0,11331853368.896484
2023-04-14,164.58999633789062,166.32000732421875,163.82000732421875,165.2100067138672,49386500.0,8159143996.574402
2023-04-17,165.08999633789062,165.38999938964844,164.02999877929688,165.22999572753906,41516200.0,6859721548.623657
2023-04-18,166.10000610351562,167.41000366210938,165.64999389648438,166.47000122070312,49923000.0,8310681870.941162
2023-04-19,165.8000030517578,168.16000366210938,165.5399932861328,167.6300048828125,47720200.0,7999337359.008789
2023-04-20,166.08999633789062,167.8699951171875,165.55999755859375,166.64999389648438,52456400.0,8741858739.831543
2023-04-21,165.0500030517578,166.4499969482422,164.49000549316406,165.02000427246094,58337300.0,9626821495.243835
2023-04-24,165.0,165.60000610351562,163.88999938964844,165.3300018310547,41949600.0,6935527444.812012
2023-04-25,165.19000244140625,166.30999755859375,163.72999572753906,163.77000427246094,48714100.0,7977908365.129089
2023-04-26,163.05999755859375,165.27999877929688,162.8000030517578,163.75999450683594,45498800.0,7450883238.067627
2023-04-27,165.19000244140625,168.55999755859375,165.19000244140625,168.41000366210938,64902300.0,10930196580.67932
2023-04-28,168.49000549316406,169.85000610351562,167.8800048828125,169.67999267578125,55275900.0,9379214307.147217
2023-05-01,169.27999877929688,170.4499969482422,168.63999938964844,169.58999633789062,52472900.0,8898878918.838501
2023-05-02,170.08999633789062,170.35000610351562,167.5399932861328,168.5399932861328,48425700.0,8161667152.876282
2023-05-03,169.5,170.9199981689453,167.16000366210938,167.4499969482422,65136000.0,10907023001.220703
2023-05-04,164.88999938964844,167.0399932861328,164.30999755859375,165.7899932861328,81235400.0,13468016420.596312
2023-05-05,170.97999572753906,174.3000030517578,170.75999450683594,173.57000732421875,113453200.0,19692072754.95605
2023-05-08,172.47999572753906,173.85000610351562,172.11000061035156,173.5,55962800.0,9709545800.0
2023-05-09,173.0500030517578,173.5399932861328,171.60000610351562,171.77000427246094,45326900.0,7785801806.65741
2023-05-10,173.02000427246094,174.02999877929688,171.89999389648438,173.55999755859375,53724500.0,9324424088.83667
2023-05-11,173.85000610351562,174.58999633789062,172.1699981689453,173.75,49514700.0,8603179125.0
2023-05-12,173.6199951171875,174.05999755859375,171.0,172.57000732421875,45533100.0,7857647400.494385
2023-05-15,173.16000366210938,173.2100067138672,171.47000122070312,172.07000732421875,37266700.0,6412481341.949463
2023-05-16,171.99000549316406,173.13999938964844,171.8000030517578,172.07000732421875,42110300.0,7245919629.425049
2023-05-17,171.7100067138672,172.92999267578125,170.4199981689453,172.69000244140625,57951600.0,10007661945.483398
2023-05-18,173.0,175.24000549316406,172.5800018310547,175.0500030517578,65496700.0,11465197534.880066
2023-05-19,176.38999938964844,176.38999938964844,174.94000244140625,175.16000366210938,55809500.0,9775592224.380491
2023-05-22,173.97999572753906,174.7100067138672,173.4499969482422,174.1999969482422,43570900.0,7590050647.032166
2023-05-23,173.1300048828125,173.3800048828125,171.27999877929688,171.55999755859375,50747300.0,8706206664.105225
2023-05-24,171.08999633789062,172.4199981689453,170.52000427246094,171.83999633789062,45143500.0,7757458874.679565
2023-05-25,172.41000366210938,173.89999389648438,171.69000244140625,172.99000549316406,56058300.0,9697525624.93744
2023-05-26,173.32000732421875,175.77000427246094,173.11000061035156,175.42999267578125,54835000.0,9619703648.376465
2023-05-30,176.9600067138672,178.99000549316406,176.57000732421875,177.3000030517578,55964400.0,9922488290.789797
2023-05-31,177.3300018310547,179.35000610351562,176.75999450683594,177.25,99625300.0,17658584425.0
2023-06-01,177.6999969482422,180.1199951171875,176.92999267578125,180.08999633789062,68901800.0,12408524909.674072
2023-06-02,181.02999877929688,181.77999877929688,179.25999450683594,180.9499969482422,61996900.0,11218338865.800476
2023-06-05,182.6300048828125,184.9499969482422,178.0399932861328,179.5800018310547,121946500.0,21899152693.29071
2023-06-06,179.97000122070312,180.1199951171875,177.42999267578125,179.2100067138672,64848400.0,11621482199.383545
2023-06-07,178.44000244140625,181.2100067138672,177.32000732421875,177.82000732421875,61944600.0,11014989225.6958
2023-06-08,177.89999389648438,180.83999633789065,177.4600067138672,180.57000732421875,50214900.0,9067304860.784912
2023-06-09,181.5,182.22999572753903,180.6300048828125,180.9600067138672,48900000.0,8848944328.308105
2023-06-12,181.2700042724609,183.88999938964844,180.97000122070312,183.7899932861328,54274900.0,9975183506.60553
2023-06-13,182.8000030517578,184.1499938964844,182.44000244140625,183.30999755859372,54929100.0,10069053186.895752
2023-06-14,183.3699951171875,184.38999938964844,182.0200042724609,183.9499969482422,57462900.0,10570300279.637146
2023-06-15,183.9600067138672,186.5200042724609,183.77999877929688,186.00999450683597,65433200.0,12171229172.564695
2023-06-16,186.72999572753903,186.9900054931641,184.2700042724609,184.9199981689453,101256200.0,18724296318.59436
2023-06-20,184.41000366210935,186.1000061035156,184.41000366210935,185.00999450683597,49799100.0,9213331217.445374
2023-06-21,184.8999938964844,185.41000366210935,182.58999633789065,183.9600067138672,49515700.0,9108908504.441832
2023-06-22,183.7400054931641,187.0500030517578,183.6699981689453,187.0,51245300.0,9582871100.0
2023-06-23,185.5500030517578,187.55999755859372,185.00999450683597,186.67999267578125,53117000.0,9915881170.959473
2023-06-26,186.8300018310547,188.0500030517578,185.22999572753903,185.2700042724609,48088700.0,8909393654.457092
2023-06-27,185.88999938964844,188.38999938964844,185.6699981689453,188.05999755859372,50730800.0,9540434124.145508
2023-06-28,187.92999267578125,189.8999938964844,187.6000061035156,189.25,51216800.0,9692779400.0
2023-06-29,189.0800018310547,190.07000732421875,188.94000244140625,189.58999633789065,46347300.0,8786984437.271118
2023-06-30,191.6300048828125,194.47999572753903,191.25999450683597,193.97000122070312,85213200.0,16528804508.02002
2023-07-03,193.77999877929688,193.8800048828125,191.75999450683597,192.4600067138672,31458200.0,6054445383.206177
2023-07-05,191.57000732421875,192.97999572753903,190.6199951171875,191.3300018310547,46920300.0,8977261084.913635
2023-07-06,189.83999633789065,192.0200042724609,189.1999969482422,191.80999755859372,45094300.0,8649537572.906494
2023-07-07,191.41000366210935,192.6699981689453,190.2400054931641,190.67999267578125,46815000.0,8926683857.1167
2023-07-10,189.25999450683597,189.9900054931641,187.0399932861328,188.6100006103516,59922200.0,11301926178.573608
2023-07-11,189.16000366210935,189.3000030517578,186.6000061035156,188.0800018310547,46638100.0,8771693933.396912
2023-07-12,189.67999267578125,191.6999969482422,188.47000122070312,189.7700042724609,60750200.0,11528565713.552856
2023-07-13,190.5,191.19000244140625,189.77999877929688,190.5399932861328,41342300.0,7877361564.433289
2023-07-14,190.22999572753903,191.17999267578125,189.6300048828125,190.69000244140625,41616200.0,7935793279.602051
2023-07-17,191.8999938964844,194.32000732421875,191.80999755859372,193.9900054931641,50520200.0,9800413875.515747
2023-07-18,193.3500061035156,194.3300018310547,192.4199981689453,193.72999572753903,48288200.0,9354872779.690552
2023-07-19,193.1000061035156,198.22999572753903,192.6499938964844,195.1000061035156,80507300.0,15706974721.377563
2023-07-20,195.08999633789065,196.47000122070312,192.5,193.1300048828125,59581200.0,11506917446.923828
2023-07-21,194.1000061035156,194.97000122070312,191.22999572753903,191.94000244140625,71951700.0,13810409473.66333
2023-07-24,193.41000366210935,194.91000366210935,192.25,192.75,45377800.0,8746570950.0
2023-07-25,193.3300018310547,194.44000244140625,192.9199981689453,193.6199951171875,37283200.0,7218773001.953125
2023-07-26,193.6699981689453,195.63999938964844,193.32000732421875,194.5,47471900.0,9233284550.0
2023-07-27,196.0200042724609,197.1999969482422,192.5500030517578,193.22000122070312,47460200.0,9170259901.934814
2023-07-28,194.6699981689453,196.6300048828125,194.13999938964844,195.8300018310547,48291400.0,9456904950.424194
2023-07-31,196.05999755859372,196.4900054931641,195.25999450683597,196.4499969482422,38824100.0,7626994326.5182495
2023-08-01,196.2400054931641,196.72999572753903,195.27999877929688,195.6100006103516,35175100.0,6880601332.469177
2023-08-02,195.0399932861328,195.17999267578125,191.8500061035156,192.5800018310547,50389300.0,9703971486.265564
2023-08-03,191.57000732421875,192.3699951171875,190.69000244140625,191.1699981689453,61235200.0,11706333071.875
2023-08-04,185.5200042724609,187.3800048828125,181.9199981689453,181.9900054931641,115956800.0,21102978668.969727
2023-08-07,182.1300048828125,183.1300048828125,177.35000610351562,178.85000610351562,97576100.0,17451486080.55725
2023-08-08,179.69000244140625,180.2700042724609,177.5800018310547,179.8000030517578,67823000.0,12194575606.97937
2023-08-09,180.8699951171875,180.92999267578125,177.00999450683594,178.19000244140625,60378500.0,10758845062.408447
2023-08-10,179.47999572753906,180.75,177.60000610351562,177.97000122070312,54686900.0,9732627659.75647
2023-08-11,177.32000732421875,178.6199951171875,176.5500030517578,177.7899932861328,52036700.0,9251604543.632507
2023-08-14,177.97000122070312,179.69000244140625,177.30999755859375,179.4600067138672,43675600.0,7838023469.232178
2023-08-15,178.8800048828125,179.47999572753906,177.0500030517578,177.4499969482422,43622600.0,7740830236.87439
2023-08-16,177.1300048828125,178.5399932861328,176.5,176.57000732421875,46964900.0,8292592736.981201
2023-08-17,177.13999938964844,177.50999450683594,173.47999572753906,174.0,66062900.0,11494944600.0
2023-08-18,172.3000030517578,175.10000610351562,171.9600067138672,174.49000549316406,61172200.0,10673937514.02893
2023-08-21,175.07000732421875,176.1300048828125,173.74000549316406,175.83999633789062,46311900.0,8143484326.400757
2023-08-22,177.05999755859375,177.67999267578125,176.25,177.22999572753906,42038900.0,7450554067.390442
2023-08-23,178.52000427246094,181.5500030517578,178.3300018310547,181.1199951171875,52722800.0,9549153278.564451
2023-08-24,180.6699981689453,181.1000061035156,176.00999450683594,176.3800048828125,54945800.0,9691340472.29004
2023-08-25,177.3800048828125,179.14999389648438,175.82000732421875,178.61000061035156,51449600.0,9189413087.402344
2023-08-28,180.08999633789062,180.58999633789065,178.5500030517578,180.19000244140625,43820700.0,7896052039.984131
2023-08-29,179.6999969482422,184.8999938964844,179.5,184.1199951171875,53003900.0,9759077809.191896
2023-08-30,184.94000244140625,187.8500061035156,184.7400054931641,187.6499938964844,60813900.0,11411727963.821411
2023-08-31,187.83999633789065,189.1199951171875,187.47999572753903,187.8699951171875,60794500.0,11421462418.151855
2023-09-01,189.4900054931641,189.9199981689453,188.27999877929688,189.4600067138672,45766500.0,8670921397.270203
2023-09-05,188.27999877929688,189.97999572753903,187.6100006103516,189.6999969482422,45280000.0,8589615861.816406
2023-09-06,188.3999938964844,188.8500061035156,181.47000122070312,182.91000366210935,81755800.0,14953953677.398682
2023-09-07,175.17999267578125,178.2100067138672,173.5399932861328,177.55999755859375,112488800.0,19973511053.36914
2023-09-08,178.35000610351562,180.2400054931641,177.7899932861328,178.17999267578125,65551300.0,11679930153.88794
2023-09-11,180.07000732421875,180.3000030517578,177.33999633789062,179.36000061035156,58953100.0,10573828051.982117
2023-09-12,179.49000549316406,180.1300048828125,174.82000732421875,176.3000030517578,90370200.0,15932266535.787964
2023-09-13,176.50999450683594,177.3000030517578,173.97999572753906,174.2100067138672,84267900.0,14680311424.763489
2023-09-14,174.0,176.10000610351562,173.5800018310547,175.74000549316406,60895800.0,10701828226.51062
2023-09-15,176.47999572753906,176.5,173.82000732421875,175.00999450683594,109259500.0,19121504494.81964
2023-09-18,176.47999572753906,179.3800048828125,176.1699981689453,177.97000122070312,67257600.0,11969835154.101562
2023-09-19,177.52000427246094,179.6300048828125,177.1300048828125,179.07000732421875,51826900.0,9280643362.591553
2023-09-20,179.25999450683594,179.6999969482422,175.39999389648438,175.49000549316406,58436200.0,10254969058.999634
2023-09-21,174.5500030517578,176.3000030517578,173.86000061035156,173.92999267578125,63149100.0,10983522500.482178
2023-09-22,174.6699981689453,177.0800018310547,174.0500030517578,174.7899932861328,56725400.0,9915032285.153198
2023-09-25,174.1999969482422,176.97000122070312,174.14999389648438,176.0800018310547,46172700.0,8130089100.544739
2023-09-26,174.82000732421875,175.1999969482422,171.66000366210938,171.9600067138672,64588900.0,11106707677.641296
2023-09-27,172.6199951171875,173.0399932861328,169.0500030517578,170.42999267578125,66921800.0,11405481883.850098
2023-09-28,169.33999633789062,172.02999877929688,167.6199951171875,170.69000244140625,56294400.0,9608891273.4375
2023-09-29,172.02000427246094,173.07000732421875,170.33999633789062,171.2100067138672,51861100.0,8879139279.188538
2023-10-02,171.22000122070312,174.3000030517578,170.92999267578125,173.75,52164500.0,9063581875.0
2023-10-03,172.25999450683594,173.6300048828125,170.82000732421875,172.39999389648438,49594600.0,8550108737.298584
2023-10-04,171.08999633789062,174.2100067138672,170.97000122070312,173.66000366210938,53020300.0,9207505492.166138
2023-10-05,173.7899932861328,175.4499969482422,172.67999267578125,174.91000366210938,48527900.0,8488015166.714478
2023-10-06,173.8000030517578,177.99000549316406,173.17999267578125,177.49000549316406,57266700.0,10164266897.575378
2023-10-09,176.80999755859375,179.0500030517578,175.8000030517578,178.99000549316406,42390800.0,7587529524.859619
2023-10-10,178.10000610351562,179.72000122070312,177.9499969482422,178.38999938964844,43698000.0,7795286193.328857
2023-10-11,178.1999969482422,179.85000610351562,177.60000610351562,179.8000030517578,47551100.0,8549687925.114441
2023-10-12,180.07000732421875,182.33999633789065,179.0399932861328,180.7100067138672,56743100.0,10254045981.965635
2023-10-13,181.4199981689453,181.92999267578125,178.13999938964844,178.85000610351562,51427100.0,9197737148.886108
2023-10-16,176.75,179.0800018310547,176.50999450683594,178.72000122070312,52517000.0,9385838304.107666
2023-10-17,176.64999389648438,178.4199981689453,174.8000030517578,177.14999389648438,57549400.0,10194875858.746338
2023-10-18,175.5800018310547,177.5800018310547,175.11000061035156,175.83999633789062,54764400.0,9629771895.446775
2023-10-19,176.0399932861328,177.83999633789062,175.19000244140625,175.4600067138672,59302900.0,10405287232.151794
2023-10-20,175.30999755859375,175.4199981689453,172.63999938964844,172.8800048828125,64244000.0,11106503033.691406
2023-10-23,170.91000366210938,174.00999450683594,169.92999267578125,173.0,55980100.0,9684557300.0
2023-10-24,173.0500030517578,173.6699981689453,171.4499969482422,173.44000244140625,43816600.0,7599551210.974121
2023-10-25,171.8800048828125,173.05999755859375,170.64999389648438,171.10000610351562,57157000.0,9779563048.858644
2023-10-26,170.3699951171875,171.3800048828125,165.6699981689453,166.88999938964844,70625300.0,11786656273.893738
2023-10-27,166.91000366210938,168.9600067138672,166.8300018310547,168.22000122070312,58499100.0,9840718673.410034
2023-10-30,169.02000427246094,171.1699981689453,168.8699951171875,170.2899932861328,51131000.0,8707097646.713257
2023-10-31,169.35000610351562,170.89999389648438,167.89999389648438,170.77000427246094,44846000.0,7658351611.602783
2023-11-01,171.0,174.22999572753906,170.1199951171875,173.97000122070312,56934900.0,9904964622.50061
2023-11-02,175.52000427246094,177.77999877929688,175.4600067138672,177.57000732421875,77334800.0,13732341002.416992
2023-11-03,174.24000549316406,176.82000732421875,173.35000610351562,176.64999389648438,79829200.0,14101827692.76123
2023-11-06,176.3800048828125,179.42999267578125,176.2100067138672,179.22999572753906,63841300.0,11442275926.24054
2023-11-07,179.17999267578125,182.44000244140625,178.97000122070312,181.82000732421875,70530000.0,12823765116.577148
2023-11-08,182.3500061035156,183.4499969482422,181.58999633789065,182.88999938964844,49340300.0,9023847436.88507
2023-11-09,182.9600067138672,184.1199951171875,181.80999755859372,182.41000366210935,53763500.0,9807000231.887815
2023-11-10,183.97000122070312,186.57000732421875,183.52999877929688,186.3999938964844,66133400.0,12327265356.35376
2023-11-13,185.82000732421875,186.02999877929688,184.2100067138672,184.8000030517578,43627500.0,8062362133.140564
2023-11-14,187.6999969482422,188.1100006103516,186.3000030517578,187.44000244140625,60108400.0,11266718642.749023
2023-11-15,187.8500061035156,189.5,187.77999877929688,188.00999450683597,53790500.0,10113151609.519958
2023-11-16,189.57000732421875,190.9600067138672,188.6499938964844,189.7100067138672,54412900.0,10322671624.320984
2023-11-17,190.25,190.3800048828125,188.57000732421875,189.69000244140625,50922700.0,9659527087.322998
2023-11-20,189.88999938964844,191.91000366210935,189.8800048828125,191.4499969482422,46505100.0,8903401253.077698
2023-11-21,191.41000366210935,191.5200042724609,189.7400054931641,190.63999938964844,38134500.0,7269961056.724548
2023-11-22,191.4900054931641,192.92999267578125,190.8300018310547,191.30999755859372,39617700.0,7579262090.2771
2023-11-24,190.8699951171875,190.8999938964844,189.25,189.97000122070312,24048300.0,4568455580.355835
2023-11-27,189.9199981689453,190.6699981689453,188.8999938964844,189.7899932861328,40552600.0,7696477681.735229
2023-11-28,189.77999877929688,191.0800018310547,189.3999938964844,190.3999938964844,38415400.0,7314291925.531006
2023-11-29,190.8999938964844,192.08999633789065,188.97000122070312,189.3699951171875,43014200.0,8145598843.969727
2023-11-30,189.83999633789065,190.32000732421875,188.19000244140625,189.9499969482422,48794400.0,9268496131.091309
2023-12-01,190.3300018310547,191.55999755859372,189.22999572753903,191.2400054931641,45704800.0,8740586203.063965
2023-12-04,189.97999572753903,190.0500030517578,187.4499969482422,189.42999267578125,43389500.0,8219272667.205811
2023-12-05,190.2100067138672,194.3999938964844,190.17999267578125,193.4199981689453,66628400.0,12887265005.999756
2023-12-06,194.4499969482422,194.75999450683597,192.1100006103516,192.32000732421875,41089700.0,7902371404.949951
2023-12-07,193.6300048828125,195.0,193.58999633789065,194.2700042724609,47477700.0,9223492981.84662
2023-12-08,194.1999969482422,195.9900054931641,193.6699981689453,195.7100067138672,53406400.0,10452166902.563477
2023-12-11,193.1100006103516,193.4900054931641,191.4199981689453,193.17999267578125,60943700.0,11773103519.63501
2023-12-12,193.0800018310547,194.72000122070312,191.72000122070312,194.7100067138672,52696900.0,10260613752.799988
2023-12-13,195.08999633789065,198.0,194.8500061035156,197.9600067138672,70404200.0,13937215904.684448
2023-12-14,198.0200042724609,199.6199951171875,196.16000366210935,198.1100006103516,66831600.0,13240008316.790771
2023-12-15,197.52999877929688,198.3999938964844,197.0,197.57000732421875,128538400.0,25395332629.44336
2023-12-18,196.08999633789065,196.6300048828125,194.38999938964844,195.88999938964844,55751900.0,10921239656.97174
2023-12-19,196.16000366210935,196.9499969482422,195.88999938964844,196.94000244140625,40714100.0,8018234953.399658
2023-12-20,196.8999938964844,197.67999267578125,194.8300018310547,194.8300018310547,52242800.0,10178464819.659424
2023-12-21,196.1000061035156,197.0800018310547,193.5,194.67999267578125,46482500.0,9049212759.552002
2023-12-22,195.17999267578125,195.41000366210935,192.97000122070312,193.6000061035156,37149600.0,7192162786.743164
2023-12-26,193.6100006103516,193.88999938964844,192.8300018310547,193.0500030517578,28919300.0,5582870953.2547
2023-12-27,192.4900054931641,193.5,191.08999633789065,193.1499938964844,48087700.0,9288138961.495972
2023-12-28,194.13999938964844,194.66000366210935,193.1699981689453,193.5800018310547,34049900.0,6591379704.347229
2023-12-29,193.8999938964844,194.3999938964844,191.72999572753903,192.52999877929688,42672100.0,8215659360.910034
2024-01-02,187.1499938964844,188.44000244140625,183.88999938964844,185.63999938964844,82488700.0,15313202217.652891
2024-01-03,184.22000122070312,185.8800048828125,183.42999267578125,184.25,58414500.0,10762871625.0
2024-01-04,182.1499938964844,183.08999633789065,180.8800048828125,181.91000366210935,71983600.0,13094536939.611816
2024-01-05,181.9900054931641,182.75999450683597,180.1699981689453,181.17999267578125,62379700.0,11301953589.117432
2024-01-08,182.08999633789065,185.6000061035156,181.5,185.55999755859372,59144500.0,10974853275.604248
2024-01-09,183.9199981689453,185.1499938964844,182.72999572753903,185.13999938964844,42841800.0,7931730825.85144
2024-01-10,184.3500061035156,186.3999938964844,183.9199981689453,186.19000244140625,46792900.0,8712370165.240479
2024-01-11,186.5399932861328,187.0500030517578,183.6199951171875,185.58999633789065,49128400.0,9117739576.086426
2024-01-12,186.05999755859372,186.7400054931641,185.19000244140625,185.9199981689453,40477800.0,7525632501.882935
2024-01-16,182.16000366210935,184.25999450683597,180.92999267578125,183.6300048828125,65603000.0,12046679210.327148
2024-01-17,181.2700042724609,182.92999267578125,180.3000030517578,182.67999267578125,47317400.0,8643942285.437012
2024-01-18,186.08999633789065,189.13999938964844,185.8300018310547,188.6300048828125,78005800.0,14714234434.887695
2024-01-19,189.3300018310547,191.9499969482422,188.82000732421875,191.55999755859372,68903000.0,13199058511.779783
2024-01-22,192.3000030517578,195.3300018310547,192.25999450683597,193.88999938964844,60133900.0,11659361834.29718
2024-01-23,195.0200042724609,195.75,193.8300018310547,195.17999267578125,42355600.0,8266965697.77832
2024-01-24,195.4199981689453,196.3800048828125,194.33999633789065,194.5,53631300.0,10431287850.0
2024-01-25,195.22000122070312,196.2700042724609,193.1100006103516,194.1699981689453,54822100.0,10644807056.617737
2024-01-26,194.2700042724609,194.75999450683597,191.94000244140625,192.4199981689453,44594000.0,8580777398.345947
2024-01-29,192.00999450683597,192.1999969482422,189.5800018310547,191.72999572753903,47145600.0,9039225686.572266
2024-01-30,190.94000244140625,191.8000030517578,187.47000122070312,188.0399932861328,55859400.0,10503801200.967407
2024-01-31,187.0399932861328,187.1000061035156,184.3500061035156,184.3999938964844,55467800.0,10228261981.451416
2024-02-01,183.9900054931641,186.9499969482422,183.82000732421875,186.8600006103516,64885400.0,12124485883.602903
2024-02-02,179.86000061035156,187.3300018310547,179.25,185.8500061035156,102551700.0,19059234070.925903
2024-02-05,188.1499938964844,189.25,185.83999633789065,187.67999267578125,69668800.0,13075439873.730469
2024-02-06,186.8600006103516,189.30999755859372,186.7700042724609,189.3000030517578,43490800.0,8232808572.723389
2024-02-07,190.63999938964844,191.0500030517578,188.6100006103516,189.41000366210935,53439000.0,10121881185.699465
2024-02-08,189.38999938964844,189.5399932861328,187.3500061035156,188.32000732421875,40962000.0,7713964140.014648
2024-02-09,188.6499938964844,189.9900054931641,188.0,188.8500061035156,45155200.0,8527559795.605469
2024-02-12,188.4199981689453,188.6699981689453,186.7899932861328,187.1499938964844,41781900.0,7819482329.98352
2024-02-13,185.7700042724609,186.2100067138672,183.50999450683597,185.0399932861328,56529500.0,10460218300.468445
2024-02-14,185.32000732421875,185.52999877929688,182.44000244140625,184.1499938964844,54630500.0,10060206241.56189
2024-02-15,183.5500030517578,184.4900054931641,181.3500061035156,183.8600006103516,65434500.0,12030787209.93805
2024-02-16,183.4199981689453,184.8500061035156,181.6699981689453,182.30999755859372,49752500.0,9070378153.533936
2024-02-20,181.7899932861328,182.42999267578125,180.0,181.55999755859372,53665600.0,9743526204.980469
2024-02-21,181.94000244140625,182.88999938964844,180.66000366210935,182.32000732421875,41371400.0,7542833951.013184
2024-02-22,183.47999572753903,184.9600067138672,182.4600067138672,184.3699951171875,52292200.0,9641112658.666992
2024-02-23,185.00999450683597,185.0399932861328,182.22999572753903,182.5200042724609,45119700.0,8235247836.772156
2024-02-26,182.2400054931641,182.75999450683597,180.6499938964844,181.16000366210935,40867400.0,7403538333.660889
2024-02-27,181.1000061035156,183.9199981689453,179.55999755859375,182.6300048828125,54318900.0,9920260972.229004
2024-02-28,182.50999450683597,183.1199951171875,180.1300048828125,181.4199981689453,48953900.0,8881216448.362732
2024-02-29,181.2700042724609,182.57000732421875,179.52999877929688,180.75,136682600.0,24705379950.0
2024-03-01,179.5500030517578,180.52999877929688,177.3800048828125,179.66000366210938,73563100.0,13216346815.396118
2024-03-04,176.14999389648438,176.89999389648438,173.7899932861328,175.10000610351562,81510100.0,14272419007.498169
2024-03-05,170.75999450683594,172.0399932861328,169.6199951171875,170.1199951171875,95132400.0,16183923423.486328
2024-03-06,171.05999755859375,171.24000549316406,168.67999267578125,169.1199951171875,68587700.0,11599551489.09912
2024-03-07,169.14999389648438,170.72999572753906,168.49000549316406,169.0,71765100.0,12128301900.0
2024-03-08,169.0,173.6999969482422,168.94000244140625,170.72999572753906,76267000.0,13021064584.152222
2024-03-11,172.94000244140625,174.3800048828125,172.0500030517578,172.75,60139500.0,10389098625.0
2024-03-12,173.14999389648438,174.02999877929688,171.00999450683594,173.22999572753906,59825400.0,10363553786.398315
2024-03-13,172.77000427246094,173.19000244140625,170.75999450683594,171.1300048828125,52488700.0,8982391487.29248
2024-03-14,172.91000366210938,174.30999755859375,172.0500030517578,173.0,72913500.0,12614035500.0
2024-03-15,171.1699981689453,172.6199951171875,170.2899932861328,172.6199951171875,121752700.0,21016950479.504395
2024-03-18,175.57000732421875,177.7100067138672,173.52000427246094,173.72000122070312,75604200.0,13133961716.290283
2024-03-19,174.33999633789062,176.61000061035156,173.02999877929688,176.0800018310547,55215200.0,9722292517.10205
2024-03-20,175.72000122070312,178.6699981689453,175.08999633789062,178.6699981689453,53423100.0,9545105179.179382
2024-03-21,177.0500030517578,177.49000549316406,170.83999633789062,171.3699951171875,106181300.0,18196288862.53662
2024-03-22,171.75999450683594,173.0500030517578,170.05999755859375,172.27999877929688,71160100.0,12259461941.134644
2024-03-25,170.57000732421875,171.94000244140625,169.4499969482422,170.85000610351562,54288300.0,9275156386.349487
2024-03-26,170.0,171.4199981689453,169.5800018310547,169.7100067138672,57388400.0,9739385749.298096
2024-03-27,170.41000366210938,173.60000610351562,170.11000061035156,173.30999755859375,60273300.0,10445965475.848389
2024-03-28,171.75,172.22999572753906,170.50999450683594,171.47999572753906,65672700.0,11261554315.415956
2024-04-01,171.19000244140625,171.25,169.47999572753906,170.02999877929688,46240500.0,7862272158.554077
2024-04-02,169.0800018310547,169.33999633789062,168.22999572753906,168.83999633789062,49329500.0,8328792599.349976
2024-04-03,168.7899932861328,170.67999267578125,168.5800018310547,169.64999389648438,47691700.0,8090896613.912964
2024-04-04,170.2899932861328,171.9199981689453,168.82000732421875,168.82000732421875,53704400.0,9066377201.342772
2024-04-05,169.58999633789062,170.38999938964844,168.9499969482422,169.5800018310547,42104800.0,7140132061.096191
2024-04-08,169.02999877929688,169.1999969482422,168.24000549316406,168.4499969482422,37425500.0,6304325360.786438
2024-04-09,168.6999969482422,170.0800018310547,168.35000610351562,169.6699981689453,42373800.0,7189562568.411255
2024-04-10,168.8000030517578,169.08999633789062,167.11000061035156,167.77999877929688,49709300.0,8340226293.319702
2024-04-11,168.33999633789062,175.4600067138672,168.16000366210938,175.0399932861328,91070300.0,15940944700.5661
2024-04-12,174.25999450683594,178.36000061035156,174.2100067138672,176.5500030517578,101670900.0,17949997705.274963
2024-04-15,175.36000061035156,176.6300048828125,172.5,172.69000244140625,73531800.0,12698206721.520996
2024-04-16,171.75,173.75999450683594,168.27000427246094,169.3800048828125,73711200.0,12485203415.917969
2024-04-17,169.61000061035156,170.64999389648438,168.0,168.0,50901200.0,8551401600.0
2024-04-18,168.02999877929688,168.63999938964844,166.5500030517578,167.0399932861328,43122900.0,7203248926.478577
2024-04-19,166.2100067138672,166.39999389648438,164.0800018310547,165.0,68149400.0,11244651000.0
2024-04-22,165.52000427246094,167.25999450683594,164.77000427246094,165.83999633789062,48116400.0,7979623599.79248
2024-04-23,165.35000610351562,167.0500030517578,164.9199981689453,166.89999389648438,49537800.0,8267858517.645264
2024-04-24,166.5399932861328,169.3000030517578,166.2100067138672,169.02000427246094,48251800.0,8155519442.153931
2024-04-25,169.52999877929688,170.61000061035156,168.14999389648438,169.88999938964844,50558300.0,8589349556.141663
2024-04-26,169.8800048828125,171.33999633789062,169.17999267578125,169.3000030517578,44838400.0,7591141256.8359375
2024-04-29,173.3699951171875,176.02999877929688,173.10000610351562,173.5,68169400.0,11827390900.0
2024-04-30,173.3300018310547,174.99000549316406,170.0,170.3300018310547,65934800.0,11230674604.730225
2024-05-01,169.5800018310547,172.7100067138672,169.11000061035156,169.3000030517578,50383100.0,8529858983.757019
2024-05-02,172.50999450683594,173.4199981689453,170.88999938964844,173.02999877929688,94214900.0,16302004031.991575
2024-05-03,186.6499938964844,187.0,182.66000366210935,183.3800048828125,163224100.0,29932036254.99268
2024-05-06,182.3500061035156,184.1999969482422,180.4199981689453,181.7100067138672,78569700.0,14276900714.50653
2024-05-07,183.4499969482422,184.8999938964844,181.32000732421875,182.3999938964844,77305800.0,14100577448.162842
2024-05-08,182.8500061035156,183.07000732421875,181.4499969482422,182.7400054931641,45057100.0,8233734701.506042
2024-05-09,182.55999755859372,184.66000366210935,182.1100006103516,184.57000732421875,48983000.0,9040792668.762209
2024-05-10,184.8999938964844,185.08999633789065,182.1300048828125,183.0500030517578,50759500.0,9291526629.9057
2024-05-13,185.44000244140625,187.1000061035156,184.6199951171875,186.27999877929688,72044800.0,13420505256.054688
2024-05-14,187.50999450683597,188.3000030517578,186.2899932861328,187.42999267578125,52393600.0,9820132064.257812
2024-05-15,187.91000366210935,190.6499938964844,187.3699951171875,189.72000122070312,70400000.0,13356288085.9375
2024-05-16,190.47000122070312,191.1000061035156,189.66000366210935,189.83999633789065,52845200.0,10032132574.475098
2024-05-17,189.50999450683597,190.80999755859372,189.17999267578125,189.8699951171875,41282900.0,7838384021.42334
2024-05-20,189.3300018310547,191.9199981689453,189.00999450683597,191.0399932861328,44361300.0,8474782454.164124
2024-05-21,191.08999633789065,192.72999572753903,190.9199981689453,192.3500061035156,42309400.0,8138213348.236084
2024-05-22,192.2700042724609,192.82000732421875,190.2700042724609,190.8999938964844,34648500.0,6614398438.522339
2024-05-23,190.97999572753903,191.0,186.6300048828125,186.8800048828125,51005900.0,9531982841.052246
2024-05-24,188.82000732421875,190.5800018310547,188.0399932861328,189.97999572753903,36327000.0,6901403304.794312
2024-05-28,191.50999450683597,193.0,189.1000061035156,189.9900054931641,52280100.0,9932696486.183168
2024-05-29,189.6100006103516,192.25,189.50999450683597,190.2899932861328,53068000.0,10098309363.708496
2024-05-30,190.75999450683597,192.17999267578125,190.6300048828125,191.2899932861328,49889100.0,9543285604.051208
2024-05-31,191.44000244140625,192.57000732421875,189.91000366210935,192.25,75158300.0,14449183175.0
2024-06-03,192.8999938964844,194.9900054931641,192.5200042724609,194.02999877929688,50080500.0,9717119353.866575
2024-06-04,194.63999938964844,195.32000732421875,193.02999877929688,194.3500061035156,47471400.0,9226066879.742432
2024-06-05,195.3999938964844,196.8999938964844,194.8699951171875,195.8699951171875,54156800.0,10607692151.5625
2024-06-06,195.69000244140625,196.5,194.1699981689453,194.47999572753903,41181800.0,8009036288.052368
2024-06-07,194.6499938964844,196.94000244140625,194.13999938964844,196.88999938964844,53103900.0,10455626838.587952
2024-06-10,196.8999938964844,197.3000030517578,192.1499938964844,193.1199951171875,97010200.0,18734609350.317383
2024-06-11,193.6499938964844,207.16000366210935,193.6300048828125,207.1499938964844,172373300.0,35707128042.91687
2024-06-12,207.3699951171875,220.1999969482422,206.8999938964844,213.07000732421875,198134300.0,42216476752.17896
2024-06-13,214.7400054931641,216.75,211.6000061035156,214.2400054931641,97862700.0,20966105385.575867
2024-06-14,213.8500061035156,215.1699981689453,211.3000030517578,212.4900054931641,70122700.0,14900372908.195496
2024-06-17,213.3699951171875,218.9499969482422,212.72000122070312,216.6699981689453,93728300.0,20308110589.37836
2024-06-18,217.58999633789065,218.6300048828125,213.0,214.2899932861328,79943300.0,17131049220.2713
2024-06-20,213.92999267578125,214.2400054931641,208.8500061035156,209.67999267578125,86172500.0,18068649168.85376
2024-06-21,210.38999938964844,211.88999938964844,207.1100006103516,207.4900054931641,241805100.0,50172141527.275085
2024-06-24,207.72000122070312,212.6999969482422,206.58999633789065,208.13999938964844,80727000.0,16802517730.72815
2024-06-25,209.1499938964844,211.3800048828125,208.6100006103516,209.07000732421875,55549700.0,11613776185.858154
2024-06-26,211.5,214.8600006103516,210.63999938964844,213.25,66213200.0,14119964900.0
2024-06-27,214.69000244140625,215.7400054931641,212.3500061035156,214.1000061035156,49772700.0,10656335373.788452
2024-06-28,215.7700042724609,216.07000732421875,210.3000030517578,210.6199951171875,82542700.0,17385143070.959473
2024-07-01,212.08999633789065,217.50999450683597,211.9199981689453,216.75,60402900.0,13092328575.0
2024-07-02,216.1499938964844,220.3800048828125,215.1000061035156,220.2700042724609,58046200.0,12785836722.000122
2024-07-03,220.0,221.5500030517578,219.02999877929688,221.5500030517578,37369800.0,8279279304.043579
2024-07-05,221.6499938964844,226.4499969482422,221.6499938964844,226.33999633789065,60412400.0,13673742394.763184
2024-07-08,227.08999633789065,227.8500061035156,223.25,227.82000732421875,59085900.0,13460950170.758057
2024-07-09,227.92999267578125,229.3999938964844,226.3699951171875,228.67999267578125,48076100.0,10994042195.880129
2024-07-10,229.3000030517578,233.0800018310547,229.25,232.97999572753903,62627700.0,14591001278.425598
2024-07-11,231.38999938964844,232.38999938964844,225.7700042724609,227.57000732421875,64710600.0,14726191715.95459
2024-07-12,228.9199981689453,232.63999938964844,228.67999267578125,230.5399932861328,53046500.0,12229339753.852844
2024-07-15,236.47999572753903,237.22999572753903,233.08999633789065,234.3999938964844,62631300.0,14680776337.728882
2024-07-16,235.0,236.2700042724609,232.3300018310547,234.82000732421875,43234300.0,10152278642.65747
2024-07-17,229.4499969482422,231.4600067138672,226.63999938964844,228.8800048828125,57345900.0,13125329872.009275
2024-07-18,230.27999877929688,230.44000244140625,222.2700042724609,224.17999267578125,66034600.0,14803636144.348145
2024-07-19,224.82000732421875,226.8000030517578,223.27999877929688,224.30999755859372,49151500.0,11025172845.00122
2024-07-22,227.00999450683597,227.77999877929688,223.08999633789065,223.9600067138672,48201800.0,10795275451.620483
2024-07-23,224.3699951171875,226.94000244140625,222.67999267578125,225.00999450683597,39960300.0,8991466883.491516
2024-07-24,224.0,224.8000030517578,217.1300048828125,218.5399932861328,61777600.0,13500876289.233398
2024-07-25,218.92999267578125,220.8500061035156,214.6199951171875,217.4900054931641,51391200.0,11177072370.300291
2024-07-26,218.6999969482422,219.4900054931641,216.00999450683597,217.9600067138672,41601300.0,9067419627.305605
2024-07-29,216.9600067138672,219.3000030517578,215.75,218.2400054931641,36311800.0,7924687431.466675
2024-07-30,219.19000244140625,220.3300018310547,216.1199951171875,218.8000030517578,41643800.0,9111663567.086792
2024-07-31,221.44000244140625,223.82000732421875,220.6300048828125,222.0800018310547,50036300.0,11112061595.619202
2024-08-01,224.3699951171875,224.47999572753903,217.0200042724609,218.3600006103516,62501000.0,13647718398.147585
2024-08-02,219.1499938964844,225.6000061035156,217.7100067138672,219.8600006103516,105568600.0,23210312460.43396
2024-08-05,199.08999633789065,213.5,196.0,209.2700042724609,119548600.0,25017936032.766724
2024-08-06,205.3000030517578,209.9900054931641,201.07000732421875,207.22999572753903,69660500.0,14435745117.378237
2024-08-07,206.8999938964844,213.63999938964844,206.38999938964844,209.82000732421875,63516400.0,13327011513.208008
2024-08-08,213.1100006103516,214.1999969482422,208.8300018310547,213.30999755859372,47161100.0,10059934125.860596
2024-08-09,212.1000061035156,216.77999877929688,211.97000122070312,216.2400054931641,42201600.0,9125674215.820312
2024-08-12,216.07000732421875,219.50999450683597,215.6000061035156,217.52999877929688,38028100.0,8272252546.5789795
2024-08-13,219.00999450683597,221.88999938964844,219.00999450683597,221.2700042724609,44155300.0,9770243419.651794
2024-08-14,220.57000732421875,223.02999877929688,219.6999969482422,221.72000122070312,41960600.0,9303504283.221436
2024-08-15,224.6000061035156,225.3500061035156,222.75999450683597,224.72000122070312,46414000.0,10430154136.657717
2024-08-16,223.9199981689453,226.8300018310547,223.6499938964844,226.0500030517578,44340200.0,10023102345.315552
2024-08-19,225.72000122070312,225.9900054931641,223.0399932861328,225.88999938964844,40687800.0,9190967117.166138
2024-08-20,225.7700042724609,227.1699981689453,225.4499969482422,226.50999450683597,30299000.0,6863026323.562622
2024-08-21,226.5200042724609,227.97999572753903,225.0500030517578,226.3999938964844,34765500.0,7870908987.808228
2024-08-22,227.7899932861328,228.33999633789065,223.8999938964844,224.52999877929688,43695300.0,9810905655.66101
2024-08-23,225.66000366210935,228.22000122070312,224.3300018310547,226.83999633789065,38677300.0,8773558590.359497
2024-08-26,226.75999450683597,227.27999877929688,223.88999938964844,227.17999267578125,30602200.0,6952207571.862793
2024-08-27,226.0,228.8500061035156,224.88999938964844,228.02999877929688,35934600.0,8194166794.1345215
2024-08-28,227.9199981689453,229.8600006103516,225.67999267578125,226.4900054931641,38052200.0,8618442987.026978
2024-08-29,230.1000061035156,232.9199981689453,228.8800048828125,229.7899932861328,51906300.0,11927548328.507996
2024-08-30,230.19000244140625,230.3999938964844,227.47999572753903,229.0,52990800.0,12134893200.0
2024-09-03,228.5500030517578,229.0,221.1699981689453,222.7700042724609,50190600.0,11180960176.437378
2024-09-04,221.66000366210935,221.77999877929688,217.47999572753903,220.8500061035156,43840200.0,9682108437.579346
2024-09-05,221.6300048828125,225.47999572753903,221.5200042724609,222.3800048828125,36615400.0,8142532830.786133
2024-09-06,223.9499969482422,225.2400054931641,219.7700042724609,220.82000732421875,48423000.0,10692767214.660645
2024-09-09,220.82000732421875,221.2700042724609,216.7100067138672,220.91000366210935,67180000.0,14840734046.020508
2024-09-10,218.9199981689453,221.47999572753903,216.72999572753903,220.1100006103516,51591000.0,11355695041.488647
2024-09-11,221.4600067138672,223.08999633789065,217.88999938964844,222.66000366210935,44587100.0,9927763849.282837
2024-09-12,222.5,223.5500030517578,219.82000732421875,222.7700042724609,37455600.0,8343984172.027588
2024-09-13,223.5800018310547,224.0399932861328,221.91000366210935,222.5,36766600.0,8180568500.0
2024-09-16,216.5399932861328,217.22000122070312,213.9199981689453,216.32000732421875,59357400.0,12840193202.746582
2024-09-17,215.75,216.8999938964844,214.5,216.7899932861328,45519300.0,9868128741.389463
2024-09-18,217.5500030517578,222.7100067138672,217.5399932861328,220.69000244140625,59894900.0,13218205627.227783
2024-09-19,224.9900054931641,229.82000732421875,224.6300048828125,228.8699951171875,66781300.0,15284235804.919434
2024-09-20,229.97000122070312,233.08999633789065,227.6199951171875,228.1999969482422,318679900.0,72722752207.46613
2024-09-23,227.33999633789065,229.4499969482422,225.80999755859372,226.47000122070312,54146000.0,12262444686.096191
2024-09-24,228.6499938964844,229.3500061035156,225.72999572753903,227.3699951171875,43556100.0,9903350244.32373
2024-09-25,224.92999267578125,227.2899932861328,224.0200042724609,226.3699951171875,42308700.0,9577420212.41455
2024-09-26,227.3000030517578,228.5,225.41000366210935,227.5200042724609,36636700.0,8335582140.52887
2024-09-27,228.4600067138672,229.5200042724609,227.3000030517578,227.7899932861328,34026000.0,7750782311.553955
2024-09-30,230.0399932861328,233.0,229.6499938964844,233.0,54541900.0,12708262700.0
2024-10-01,229.5200042724609,229.6499938964844,223.7400054931641,226.2100067138672,63285000.0,14315700274.887083
2024-10-02,225.88999938964844,227.3699951171875,223.0200042724609,226.77999877929688,32880600.0,7456662427.862549
2024-10-03,225.13999938964844,226.80999755859372,223.32000732421875,225.6699981689453,34044200.0,7682754551.663208
2024-10-04,227.8999938964844,228.0,224.1300048828125,226.8000030517578,37245100.0,8447188793.663025
2024-10-07,224.5,225.69000244140625,221.3300018310547,221.69000244140625,39505400.0,8757952222.44873
2024-10-08,224.3000030517578,225.97999572753903,223.25,225.7700042724609,31855700.0,7192061525.102234
2024-10-09,225.22999572753903,229.75,224.8300018310547,229.5399932861328,33591100.0,7710500868.473816
2024-10-10,227.77999877929688,229.5,227.1699981689453,229.0399932861328,28183500.0,6455148650.779724
2024-10-11,229.3000030517578,229.41000366210935,227.33999633789065,227.5500030517578,31759200.0,7226806056.921387
2024-10-14,228.6999969482422,231.72999572753903,228.6000061035156,231.3000030517578,39882100.0,9224729851.71051
2024-10-15,233.6100006103516,237.4900054931641,232.3699951171875,233.8500061035156,64751400.0,15142115285.211182
2024-10-16,231.6000061035156,232.1199951171875,229.83999633789065,231.77999877929688,34082200.0,7899572274.395752
2024-10-17,233.42999267578125,233.8500061035156,230.5200042724609,232.1499938964844,32993800.0,7659510468.621826
2024-10-18,236.17999267578125,236.17999267578125,234.00999450683597,235.0,46431500.0,10911402500.0
2024-10-21,234.4499969482422,236.8500061035156,234.4499969482422,236.47999572753903,36254500.0,8573464005.104065
2024-10-22,233.88999938964844,236.22000122070312,232.6000061035156,235.8600006103516,38846600.0,9162359099.710085
2024-10-23,234.0800018310547,235.13999938964844,227.75999450683597,230.75999450683597,52287000.0,12065747832.77893
2024-10-24,229.97999572753903,230.82000732421875,228.41000366210935,230.57000732421875,31109500.0,7172917642.852783
2024-10-25,229.7400054931641,233.22000122070312,229.57000732421875,231.41000366210935,38802300.0,8979240385.098267
2024-10-28,233.32000732421875,234.72999572753903,232.5500030517578,233.3999938964844,36087100.0,8422728919.741821
2024-10-29,233.1000061035156,234.3300018310547,232.32000732421875,233.6699981689453,35417200.0,8275937059.14917
2024-10-30,232.6100006103516,233.47000122070312,229.5500030517578,230.1000061035156,47070900.0,10831014377.297974
2024-10-31,229.33999633789065,229.8300018310547,225.3699951171875,225.91000366210935,64370100.0,14541849526.730349
2024-11-01,220.97000122070312,225.3500061035156,220.2700042724609,222.91000366210935,65276700.0,14550829436.050417
