timestamps,open,high,low,close,volume,amount,ret_1,ret_5,ret_10,log_vol_chg,rsi_14,macd,bb_pos,atr_14,obv_slope,sma_ratio,rvol_5,rvol_20,target
2020-08-26,126.18000030517578,126.99250030517578,125.0824966430664,126.52249908447266,163022400.0,20626001454.74853,,,,,,,,0.0,,,,,0
2020-08-27,127.14250183105467,127.48500061035156,123.8324966430664,125.01000213623048,155552400.0,19445605856.295776,-0.011954371429482746,,,-0.046904962036265374,,,,0.0,,,,,0
2020-08-28,126.0124969482422,126.44249725341795,124.57749938964844,124.80750274658205,187630000.0,23417631740.341187,-0.0016198655002642726,,,0.18748928505313245,,,,0.0,,,,,1
2020-08-31,127.58000183105467,131.0,126.0,129.0399932861328,225702700.0,29124674892.66205,0.03391214827961675,,,0.18474670713607821,,,,0.0,,,,,1
2020-09-01,132.75999450683594,134.8000030517578,130.52999877929688,134.17999267578125,151948100.0,20388394945.09888,0.039832607385921204,,,-0.3956796292123741,,,,0.0,,,,,0
2020-09-02,137.58999633789062,137.97999572753906,127.0,131.39999389648438,200119000.0,26295635378.57056,-0.02071842995262474,0.03855041472706966,,0.2753731728501201,,,,0.0,-165650600.0,,0.027386863869579378,,0
2020-09-03,126.91000366210938,128.83999633789062,120.5,120.87999725341795,257599600.0,31138638940.481567,-0.08006086097198739,-0.03303739550625584,,0.25249425071320886,,,,0.0,-267697800.0,,0.04851307617292723,,1
2020-09-04,120.06999969482422,123.6999969482422,110.88999938964844,120.95999908447266,332607200.0,40232166607.48901,0.0006618285313737537,-0.03082750297409309,,0.25555577183989087,,,,0.0,252539400.0,,0.048572109528908794,,0
2020-09-08,113.9499969482422,118.98999786376952,112.68000030517578,112.81999969482422,231366600.0,26102779741.39252,-0.0672949690084228,-0.12569741502808696,,-0.3629587472992313,,,,0.0,-204529900.0,,0.0492426643829077,,1
2020-09-09,117.26000213623048,119.13999938964844,115.26000213623048,117.31999969482422,176940500.0,20758659406.002045,0.039886545046732946,-0.12565206365524095,,-0.26818994633708826,,,,0.0,-179537500.0,,0.04926056183137348,,0
2020-09-10,120.36000061035156,120.5,112.5,113.48999786376952,182274400.0,20686321266.61988,-0.03264577089172693,-0.13630134600176758,-0.10300540469092379,0.029699725924256626,,,,0.0,-161692900.0,,0.04925960475572631,,0
2020-09-11,114.56999969482422,115.2300033569336,110.0,112.0,180860300.0,20256353600.0,-0.013128891460180259,-0.07346126286553056,-0.1040716895761088,-0.0077883338621269615,,,,0.0,-84953600.0,,0.03970590298884967,,1
2020-09-14,114.72000122070312,115.93000030517578,112.8000030517578,115.36000061035156,140150100.0,16167715621.540833,0.03000000544956749,-0.04629628403196595,-0.07569658817237424,-0.25501091731467795,,,,0.0,-277410700.0,,0.044397939451314004,,1
2020-09-15,118.33000183105467,118.83000183105467,113.61000061035156,115.54000091552734,184642000.0,21333536849.0448,0.0015603355081781345,0.024109211381498685,-0.10461866919560847,0.2757048222990619,38.05266890431375,,,0.056288485329933184,138597900.0,,0.029998637403522214,,0
2020-09-16,115.2300033569336,116.0,112.04000091552734,112.12999725341795,154679000.0,17344155845.161438,-0.02951361982939993,-0.044238002513694474,-0.16433146986110392,-0.1770668123427548,33.88194644676868,,,0.05637998793339873,-193021600.0,,0.025637747115652438,,0
2020-09-17,109.72000122070312,112.1999969482422,108.70999908447266,110.33999633789062,178011000.0,19641733088.104248,-0.01596362221860992,-0.02775576337273411,-0.1602739614674915,0.14049334352983678,31.905115289156996,,,0.05546139420026788,-188758200.0,,0.022662738005820613,,0
2020-09-18,110.4000015258789,110.87999725341795,106.08999633789062,106.83999633789062,287104900.0,30674286464.59045,-0.03172013880879665,-0.04607146126883366,-0.11614825640749538,0.4780023059352665,28.41422274170374,,,0.05638935005278731,-295002800.0,,0.025582930283416707,,1
2020-09-21,104.54000091552734,110.19000244140624,103.0999984741211,110.08000183105467,195713800.0,21544175462.36267,0.030325773158183633,-0.045769753392521206,-0.08994706792135398,-0.3831942645669315,35.45471566985955,,,0.05542092500087502,-239439100.0,,0.025707601418931282,,1
2020-09-22,112.68000030517578,112.86000061035156,109.16000366210938,111.80999755859376,183055400.0,20467423827.0874,0.015715803949514884,-0.032283220766638476,-0.008952332378678318,-0.06686454839092804,38.90959808972689,,,0.05302973193891276,-241025700.0,,0.0278592910255842,,0
2020-09-23,111.62000274658205,112.11000061035156,106.7699966430664,107.12000274658205,150718700.0,16144987557.961271,-0.0419461131778841,-0.04468023392092957,-0.08694167213411752,-0.19437365257018868,33.65090822630192,,-0.3961810441549945,0.054958595457767254,-237065400.0,-0.0912985043257305,0.030850980267113446,,1
2020-09-24,105.16999816894533,110.25,105.0,108.22000122070312,167743300.0,18153180130.76477,0.010268842848365045,-0.019213296968902394,-0.04643578061735765,0.10701964846782275,35.84109991954813,,-0.3192574794642118,0.0539794220308474,108688900.0,-0.0747847212690066,0.03153365971684783,0.034107220637321696,1
2020-09-25,108.43000030517578,112.44000244140624,107.66999816894533,112.27999877929688,149981400.0,16839911408.917236,0.03751614778042578,0.050917284049708966,0.002499989100865019,-0.11192354755304734,43.28292327108905,,-0.1500417107204092,0.051345803657232986,545775200.0,-0.03482200888359033,0.031227830483555548,0.03551078649581074,1
2020-09-28,115.01000213623048,115.31999969482422,112.77999877929688,114.95999908447266,137672400.0,15826818977.957151,0.023868902158110217,0.04433136966065421,-0.0034674195887878234,-0.08563433589666047,47.603286386635986,,-0.03343152324466976,0.04845560541059695,487733800.0,-0.007583827783048669,0.03031681663620155,0.03608169855844481,0
2020-09-29,114.5500030517578,115.30999755859376,113.56999969482422,114.08999633789062,99382200.0,11338514834.051514,-0.007567873638749334,0.020391725508285052,-0.012549805834750072,-0.3259039239361847,46.36847759852215,,-0.041233361858961176,0.04642696420205575,205296200.0,-0.008697484028948321,0.03082754045829023,0.03499552456676546,1
2020-09-30,113.79000091552734,117.26000213623048,113.62000274658205,115.80999755859376,142675200.0,16523214563.671877,0.015075828520575651,0.08112392260267187,0.03281905284327147,0.36159769197572444,49.17539481321713,,0.08568712074924434,0.04471553110594092,498690100.0,0.014342323012921598,0.01668733546502499,0.03372055151289544,1
2020-10-01,117.63999938964844,117.72000122070312,115.83000183105467,116.79000091552734,116120400.0,13561701622.3114,0.00846216542261602,0.07919053408017085,0.058455725862859964,-0.20594313274338205,50.75678616585414,,0.24745942872289162,0.042341305668377786,447067200.0,0.02951289548397229,0.016856622752539654,0.0337171976775661,0
2020-10-02,112.88999938964844,115.37000274658205,112.22000122070312,113.0199966430664,144712000.0,16355349754.211426,-0.032280197302059555,0.006590647237395331,0.05784350914456238,0.22011797483499862,44.9611428422141,,-0.0023850385799588803,0.04351665722947118,152373800.0,-0.0002565469895499106,0.022116001114382933,0.029582286306684323,1
2020-10-05,113.91000366210938,116.6500015258789,113.5500030517578,116.5,106243800.0,12377402700.0,0.03079104105730912,0.013395971884061497,0.058321203326271887,-0.3090091047365462,50.57169676743515,,0.3411483522539746,0.04142690789988501,120945200.0,0.032563424752235504,0.024001673086822346,0.03052720882706047,0
2020-10-06,115.6999969482422,116.12000274658205,112.25,113.16000366210938,161498200.0,18275136903.424072,-0.028669496462580435,-0.00815139543897403,0.012074109051009918,0.41875754070871807,45.751219700253074,,0.029431361200514577,0.042285922490529475,58829200.0,0.0028092517620836865,0.027848525990606696,0.027179190364232844,1
2020-10-07,114.62000274658205,115.5500030517578,114.12999725341795,115.08000183105467,96849000.0,11145383097.335815,0.016967109462795005,-0.006303391269564251,0.07430917550762128,-0.5113409284019568,48.77403854844948,,0.22749188523682504,0.040093832385138466,13003000.0,0.02083723616131339,0.02813830582549522,0.025883485765636313,0
2020-10-08,116.25,116.4000015258789,114.58999633789062,114.97000122070312,83477200.0,9597373785.90088,-0.0009558620837791798,-0.015583523251623266,0.062372943299400685,-0.14857952222191528,48.60692975754924,,0.20717961976703395,0.038390128162471907,-186594600.0,0.019192426641127414,0.027662275914192454,0.024767258965075145,1
2020-10-09,115.27999877929688,117.0,114.91999816894533,116.97000122070312,100506900.0,11756292215.689089,0.017395842208966172,0.03494960798938451,0.04177059576412323,0.18565283915043906,51.83791827217828,,0.35993393998397333,0.03630862081405275,58624300.0,0.03464290474134346,0.02296183392848857,0.02479513910408064,1
2020-10-12,120.05999755859376,125.18000030517578,119.27999877929688,124.4000015258789,240226800.0,29884214286.557007,0.0635205627736688,0.0678111718959562,0.0821155403321614,0.8713570894649791,61.517162657668806,,0.7871433646946494,0.03641550917477998,192607300.0,0.09598214985631714,0.03360200349368351,0.027715186680136367,0
2020-10-13,125.2699966430664,125.38999938964844,119.6500015258789,121.0999984741211,262330500.0,31768223149.715424,-0.026527355396143704,0.07016608832675697,0.06144274135542571,0.08802168172136504,56.12228338351368,1.2933618703334022,0.4902209826194981,0.03812148215048954,91775000.0,0.06430193285985952,0.03293453323957817,0.028551919872206098,1
2020-10-14,121.0,123.02999877929688,119.62000274658205,121.19000244140624,150712000.0,18264787647.94922,0.000743220218160312,0.053093504632728994,0.04645544422959236,-0.5542344254964497,56.23501460610165,1.2939364042238846,0.4394040073459967,0.03738205848451045,145638000.0,0.06086936021352529,0.033375242409098727,0.027536633464232955,0
2020-10-15,118.72000122070312,121.1999969482422,118.1500015258789,120.70999908447266,112559200.0,13587020928.948977,-0.003960750451883599,0.04992604855896876,0.03356450156876534,-0.2918914231536931,55.4172793847446,1.2028864300951907,0.3685091487423626,0.03665473848729249,116556000.0,0.05189315641780956,0.033666425587730565,0.027201640061919677,0
2020-10-16,121.27999877929688,121.5500030517578,118.80999755859376,119.0199966430664,115393800.0,13734169688.630676,-0.014000517390639566,0.017525822013930492,0.053087950612393575,0.02487132078227816,52.52146662491355,0.9792200432129219,0.24254794205625618,0.03616422331956885,-99344700.0,0.03169096690506423,0.03490202536524447,0.02621859662115169,0
2020-10-19,119.95999908447266,120.41999816894533,115.66000366210938,115.9800033569336,120639300.0,13991746418.97812,-0.025541870037600223,-0.06768487191050154,-0.004463490498424094,0.04445447501788635,47.693599056228955,0.5957721171751039,0.022229005617627053,0.03739280623796471,-460210800.0,0.002775428990674733,0.012330823932382032,0.026436217985587495,1
2020-10-20,116.1999969482422,118.9800033569336,115.62999725341795,117.51000213623048,124423700.0,14621029252.7977,0.013191918736096708,-0.02964489168559148,0.03844113055271725,0.030887574521294425,50.17593635315575,0.4225655238915823,0.11079763121835916,0.03630611153260915,-73456600.0,0.01350653667971069,0.014695364409413346,0.02637800121654119,0
2020-10-21,116.66999816894533,118.70999908447266,116.4499969482422,116.87000274658205,89946000.0,10511989267.044067,-0.005446339698866431,-0.03564650225098276,0.015554404649343212,-0.3244831832899955,49.125698063922805,0.250766574821379,0.03582158379590346,0.03527870218955443,-314114600.0,0.0037661844219301077,0.014248314720871291,0.024298660006299898,0
2020-10-22,117.4499969482422,118.04000091552734,114.58999633789062,115.75,101988000.0,11805111000.0,-0.009583320957137542,-0.041090208947824225,0.006784367843917227,0.12564566773355068,47.26136775885983,0.05765165405501485,-0.10182538667931162,0.03520474598018803,-303543400.0,-0.009057600347980976,0.01415510480243896,0.024461665099709547,0
2020-10-23,116.38999938964844,116.5500030517578,114.27999877929688,115.04000091552734,82572600.0,9499151979.597471,-0.006133901377733508,-0.03343972307002174,-0.016499959690811528,-0.21117725063136916,46.067832406884236,-0.11266622546644925,-0.19320945139409523,0.0343013270828132,-270722200.0,-0.016298115110089717,0.013792299776849065,0.02319553820739446,1
2020-10-26,114.01000213623048,116.5500030517578,112.87999725341795,115.0500030517578,111850700.0,12868423376.341248,8.694485527516171e-05,-0.008018626299860276,-0.07516075851635762,0.30348703676061106,46.08848764358504,-0.21356143153722745,-0.19286199800139195,0.03412697921861069,-38232200.0,-0.016250442953118283,0.008954440075137985,0.022588339766125606,1
2020-10-27,115.48999786376952,117.27999877929688,114.54000091552734,116.5999984741211,92276800.0,10759474739.196775,0.013472363157313483,-0.007744052808835944,-0.03715937288770188,-0.19237218876734374,49.327250178070486,-0.16688923388875154,-0.049624231304405006,0.03294659176048414,-70379100.0,-0.004065753173598252,0.00907020665973885,0.022693394171726104,0
2020-10-28,115.0500030517578,115.43000030517578,111.0999984741211,111.1999969482422,143937800.0,16005882920.736694,-0.04631219208015169,-0.0485154929844106,-0.08243258760551697,0.4445885022926639,40.25413812378863,-0.47332347462206475,-0.5357457916295423,0.03561179641476061,-124370900.0,-0.04831596928469639,0.022281863743108855,0.02479098328135196,1
2020-10-29,112.37000274658205,116.93000030517578,112.1999969482422,115.31999969482422,146129200.0,16851619299.404907,0.037050385428514465,-0.003714905444283212,-0.04465246815118051,0.015109899973275276,48.098185629796085,-0.376390968722002,-0.13690683576199697,0.0354358152424856,123746300.0,-0.01243449459163637,0.030561465104065978,0.026194569882443758,0
2020-10-30,111.05999755859376,111.98999786376952,107.72000122070312,108.86000061035156,190272600.0,20713075352.13318,-0.05601802897648289,-0.05372044728784109,-0.0853637734773598,0.2639666172693005,39.37010759206966,-0.7060504915679836,-0.6489230310368009,0.03984406890370158,16046300.0,-0.06609244745515042,0.03969281830244932,0.028181824194642817,0
2020-11-02,109.11000061035156,110.68000030517578,107.31999969482422,108.7699966430664,122866900.0,13364232300.543976,-0.0008267863933540953,-0.054585017315177176,-0.06216594675961573,-0.4373561222244149,39.263204676349126,-0.8776808978484536,-0.558178771412094,0.03923517001902808,-218671300.0,-0.06376022772860124,0.0396348485225669,0.027142961829777504,1
2020-11-03,109.66000366210938,111.48999786376952,108.7300033569336,110.44000244140624,107624400.0,11886038998.754885,0.015353551989341518,-0.05283015534586,-0.06016508864179859,-0.13245426667125315,42.389060315254746,-0.8269444420541422,-0.4058881915683201,0.037666809557726146,-203323700.0,-0.04827150639023736,0.03992746572527723,0.026740380108816603,1
2020-11-04,114.13999938964844,115.58999633789062,112.3499984741211,114.9499969482422,138235500.0,15890170303.138733,0.04083660274481371,0.0337230225082239,-0.01642855953809752,0.2503113625655793,49.88952665164717,-0.4563662156222451,-0.07858303726162061,0.03680419342734576,78849600.0,-0.009350655220402904,0.039210534720722064,0.028077898849942193,1
2020-11-05,117.9499969482422,119.62000274658205,116.87000274658205,119.02999877929688,126387100.0,15043856358.718872,0.03549370978140831,0.03217134143505529,0.028336922499325068,-0.08960933222184764,55.53004510744619,0.06885533619119533,0.20039077353053164,0.03580631017288015,59107500.0,0.024019672309569806,0.03892015671072195,0.029153257070383524,0
2020-11-06,118.31999969482422,119.1999969482422,116.12999725341795,118.69000244140624,114457900.0,13585008430.438232,-0.00285639201358856,0.09029948351956874,0.03172810758719535,-0.0991423489260761,54.97471392261113,0.3812404543215766,0.16857686913334965,0.035191509828838084,134922200.0,0.020339760239895366,0.02014436345750283,0.028946446967167225,0
2020-11-09,120.5,121.98999786376952,116.0500030517578,116.31999969482422,154515300.0,17973219648.845673,-0.019968006553475415,0.06941255203430297,0.011038649364442765,0.300086048504113,51.135799920532115,0.4134288844120013,0.03186386228027801,0.03699120652852693,103273800.0,0.003450652331495885,0.025601358203161766,0.025260307622898718,0
2020-11-10,115.5500030517578,117.58999633789062,114.12999725341795,115.97000122070312,138023400.0,16006573866.485596,-0.003008927742772949,0.05007242536263812,-0.005403063993673962,-0.1128698837876172,50.5741368502164,0.39627775357121364,0.02577036466661657,0.03658373543446271,-142374000.0,0.00264993715834283,0.02661473436657393,0.024649772209593794,1
2020-11-11,117.19000244140624,119.62999725341795,116.44000244140624,119.48999786376952,112295000.0,13418129310.112,0.03035264815051142,0.03949544180998554,0.0745503699913399,-0.20629389718438418,55.82886395330081,0.5951714826299862,0.3403802061716787,0.03515775560602116,-168314500.0,0.03384278113615169,0.02385797587335198,0.025682609573964198,0
2020-11-12,119.62000274658205,120.52999877929688,118.56999969482422,119.20999908447266,103162300.0,12297977688.552094,-0.0023432821516666813,0.001512226388488358,0.033732218175014594,-0.08482586013937521,55.324997000449464,0.6751882598830263,0.3324812253361644,0.03389756454294936,-397863900.0,0.03208992887852835,0.01831502865450661,0.025673321763095815,1
2020-11-13,119.44000244140624,119.66999816894533,117.87000274658205,119.26000213623048,81581900.0,9729457568.27774,0.00041945350341277,0.004802423819189272,0.09553556372927274,-0.23469605002353688,55.40240637645644,0.6960217103810669,0.33452157165803087,0.03254118657006758,-201824100.0,0.03241557945403417,0.018226220697483836,0.02547028887472706,1
2020-11-16,118.91999816894533,120.98999786376952,118.1500015258789,120.3000030517578,91183000.0,10969315178.268433,0.008720450250699452,0.03421598493273281,0.10600355580158394,0.11126105126528785,57.06860167506123,0.7402610509214747,0.38915607092399196,0.031641848191549436,43874200.0,0.03947501585981117,0.013954725637344796,0.024775605465963635,0
2020-11-17,119.5500030517578,120.66999816894533,118.95999908447266,119.38999938964844,74271000.0,8867214644.66858,-0.0075644525272192675,0.029490369345057665,0.08103944902564275,-0.2051479077217131,55.127808272846565,0.6707197093068311,0.2974731230964732,0.030628723982793024,107626600.0,0.030774736820042392,0.014875861948035177,0.024722256756300177,0
2020-11-18,118.61000061035156,119.81999969482422,118.0,118.02999877929688,76322100.0,9008297369.833374,-0.011391243967704412,-0.012218588254869545,0.02679427501369558,0.027241976145649716,52.26699036510887,0.5032618526025266,0.17786252047419304,0.02987008363142971,-80990500.0,0.0185229033688612,0.007731848514082909,0.0248403908426196,1
2020-11-19,117.58999633789062,119.05999755859376,116.80999755859376,118.63999938964844,74113000.0,8792766274.765015,0.005168182806577715,-0.004781475540657554,-0.0032764798256578187,-0.02937158658322403,53.43423550997059,0.4077840788193094,0.21359813938163416,0.02894853421911415,96284800.0,0.02251180331012148,0.008449757879472214,0.02473498248345617,0
2020-11-20,118.63999938964844,118.7699966430664,117.29000091552734,117.33999633789062,73604300.0,8636728292.453003,-0.010957544322705348,-0.016099327217407255,-0.011374219190719681,-0.006887507476463384,50.594701457060864,0.23960573519547496,0.09788883364928971,0.02807951267031853,-58901400.0,0.0103062319077325,0.009466360362817245,0.024836914979115082,0
2020-11-23,117.18000030517578,117.62000274658205,113.75,113.8499984741211,127959300.0,14568166109.749603,-0.02974261098253128,-0.053615996791468556,-0.02123453599710623,0.5530087908943919,43.856729543732115,-0.10563019309923355,-0.18108985175329737,0.029301118171331665,-278043700.0,-0.019236244387194956,0.0124960090215028,0.025790026566863005,1
2020-11-24,113.91000366210938,115.8499984741211,112.58999633789062,115.16999816894533,113874200.0,13114891405.490112,0.01159420037343506,-0.03534635432010058,-0.006898362018944115,-0.11661791333173355,46.7455049805295,-0.2365409877186973,-0.0681395569948686,0.02891819685545072,-89898500.0,-0.007253601929795406,0.016170643501239312,0.025740971103155933,1
2020-11-25,115.5500030517578,116.75,115.16999816894533,116.02999877929688,76499200.0,8876202082.617188,0.007467227785225683,-0.01694484470630031,-0.02895639088066082,-0.3978140427565826,48.601084798166355,-0.2550713227155595,-0.019018444372502316,0.02762623898300425,62922800.0,-0.001918236244475402,0.01708310573409505,0.023382351082750524,1
2020-11-27,116.56999969482422,117.48999786376952,116.22000122070312,116.58999633789062,46691300.0,5443738496.011353,0.0048263170256421795,-0.01727918966878117,-0.02197804518667501,-0.49372242309976144,49.827013959188626,-0.2207565067730523,0.023379915624480427,0.026424186477887964,35501100.0,0.002351317404289066,0.0170414022893889,0.02193358283770596,1
2020-11-30,116.97000122070312,120.97000122070312,116.80999755859376,119.0500030517578,169410200.0,20168284826.9989,0.021099637971836005,0.014573093295001227,-0.0017608509199320554,1.2887651255891015,54.914288677966226,-0.033360919101581565,0.21766560346468458,0.026657676369368666,278515600.0,0.019036889147377112,0.01934434881304811,0.01781545814421384,1
2020-12-01,121.01000213623048,123.47000122070312,120.01000213623048,122.72000122070312,127728200.0,15674804859.918213,0.030827367281542672,0.07790955525219645,0.02011635999630146,-0.2824184222641186,61.2300376454685,0.317454008445214,0.5807784961097601,0.02658592824853058,534203100.0,0.044216701811180315,0.010717092987325112,0.01868945164437797,1
2020-12-02,122.0199966430664,123.37000274658205,120.88999938964844,123.08000183105467,89004200.0,10954637098.971558,0.0029335121151450316,0.06868111303176372,0.03090713175534332,-0.361221005693384,61.795395865082234,0.5403468607397628,0.617664508050096,0.0260539774371591,509333100.0,0.041678146143292905,0.01205452200185789,0.018575864377538682,0
2020-12-03,123.5199966430664,123.77999877929688,122.20999908447266,122.94000244140624,78967600.0,9708276936.791992,-0.0011374665873064016,0.05955359592180143,0.04159962478090451,-0.11964591644208511,61.420295212717996,0.6382358311929714,0.5298092014517832,0.025132704405476325,353866300.0,0.03698707368328691,0.01363000606691016,0.016656728019270917,0
2020-12-04,122.5999984741211,122.86000061035156,121.5199966430664,122.25,78260400.0,9567333900.0,-0.005612513646525263,0.04854622042963319,0.03042819141034614,-0.008995913708293557,59.503210654234515,0.6160887102337591,0.4063315937241568,0.024298917575769227,228914600.0,0.02976852333057889,0.015604455873045736,0.01494932355762525,1
2020-12-07,122.30999755859376,124.56999969482422,122.25,123.75,86712000.0,10730610000.0,0.012269938650306678,0.03947918376951942,0.054627610892804324,0.10255055333091789,62.26090522094633,0.658222930112815,0.5070081300715802,0.023628891458652507,146216400.0,0.04018694065553152,0.014436765194564794,0.01510230261983757,1
2020-12-08,124.37000274658205,124.9800033569336,123.08999633789062,124.37999725341795,82225500.0,10227207464.16092,0.005090886896306657,0.013526695047284543,0.09249010909464705,-0.05312680895192301,63.38855571010993,0.6814169376588448,0.5033308421461554,0.02291536709754399,100713700.0,0.04195286602972148,0.006730123201798779,0.014177760027089365,0
2020-12-09,124.52999877929688,125.9499969482422,121.0,121.77999877929688,115089200.0,14015562635.510254,-0.020903670457748214,-0.010562260581879479,0.057393424636989154,0.3362420034694331,55.95734985178776,0.48383985033562427,0.21800110695870206,0.02463621180217712,-103379700.0,0.01769559525763653,0.012500376516890494,0.01513893936396612,1
2020-12-10,120.5,123.87000274658205,120.1500015258789,123.23999786376952,81312200.0,10020915354.2984,0.011988824922872787,0.0024401774557167855,0.062139094719693366,-0.3474114094688332,58.873026513153,0.4162418255985558,0.33769855976275115,0.024761541894326618,56900100.0,0.028285342144590997,0.014027281352908155,0.013867834450606468,0
2020-12-11,122.43000030517578,122.76000213623048,120.5500030517578,122.41000366210938,86939800.0,10642301236.383057,-0.006734779422648329,0.0013088234119376096,0.04991858227143031,0.06691985752857121,56.57986328532087,0.28656503833803537,0.2357572097177839,0.024718425406885236,48220700.0,0.019998365284132902,0.014159232834896215,0.013968583924493584,0
2020-12-14,122.5999984741211,123.3499984741211,121.54000091552734,121.77999877929688,79184500.0,9643088313.339231,-0.005146678081568545,-0.015919201783459624,0.02293150489338669,-0.0934353513978472,54.833953860833475,0.136886068291036,0.16069558168734302,0.024133197481726716,-117675800.0,0.013684483453056728,0.012541192336973254,0.014044768961584495,1
2020-12-15,124.33999633789062,127.9000015258789,124.12999725341795,127.87999725341795,157243700.0,20108323924.11728,0.050090314791152,0.028139572899884557,0.04204690336854666,0.6860162523192521,65.82882650773904,0.4116976372084895,0.6328446252837818,0.024758832821428618,-42657600.0,0.061112707140768885,0.02734023007289438,0.01777190307073804,0
2020-12-16,127.41000366210938,128.3699951171875,126.55999755859376,127.80999755859376,98208600.0,12552040926.23291,-0.0005473858017487343,0.04951551026228129,0.038430253958166904,-0.47070303946154723,65.6313839378039,0.5434723645588511,0.5417843127932606,0.024014481055041982,-25777000.0,0.056839967424044735,0.023621422229563937,0.017616621396935667,1
2020-12-17,128.89999389648438,129.5800018310547,128.0399932861328,128.6999969482422,94359800.0,12144105972.036743,0.006963456745552321,0.04430379080749569,0.04685207737474384,-0.03997865249020194,66.9871535616239,0.638712737130094,0.5321939853152208,0.02312730891651222,-12729400.0,0.059525212410769246,0.02361883624444239,0.017271504975143133,0
2020-12-18,128.9600067138672,129.10000610351562,126.12000274658205,126.66000366210938,192541500.0,24387307095.108032,-0.015850764059871847,0.034719384632414085,0.03607364958780668,0.7131965745093432,61.043082116814304,0.517620383109012,0.34579751521067087,0.023501783054013268,-118331100.0,0.039299947606113106,0.025413515097637354,0.017856794965437003,1
2020-12-21,125.0199966430664,128.30999755859375,123.4499969482422,128.22999572753906,121251600.0,15548092149.957275,0.012395326227985448,0.05296433743550599,0.03620198567708344,-0.46244398624799743,63.711849571255435,0.4964837984103667,0.4136676659847595,0.024263081472783818,82105000.0,0.047502318889709017,0.024494076915842888,0.01762882818018193,1
2020-12-22,131.61000061035156,134.41000366210938,129.64999389648438,131.8800048828125,168904800.0,22275165848.73047,0.028464550236973585,0.03127938469898295,0.060299146124868086,0.33146751465925206,69.02465044401269,0.6707158125241675,0.6136999253829388,0.025253649987511693,93766100.0,0.06944330396064013,0.016327908509159657,0.01642556459413418,0
2020-12-23,132.16000366210938,132.42999267578125,130.77999877929688,130.9600067138672,88223700.0,11553776344.322205,-0.006976024680639181,0.024646030947847564,0.07538190200845163,-0.649459602778208,66.38640294233173,0.6650916613004387,0.5085538101573925,0.02451449781823766,103751000.0,0.05522703631535797,0.01722868724596439,0.016704679196001597,1
2020-12-24,131.32000732421875,133.4600067138672,131.10000610351562,131.97000122070312,54930100.0,7249125364.053345,0.007712236217600754,0.02540795920745831,0.07083741892452666,-0.473814159678529,67.83967998579928,0.6686837226599449,0.540295446779674,0.02394237000619944,64321300.0,0.05657991358595793,0.017253265057793073,0.01670545746031088,1
2020-12-28,133.99000549316406,137.33999633789062,133.50999450683594,136.69000244140625,124486200.0,17016018981.921389,0.035765713245766495,0.07918836640849847,0.1166571223926618,0.818133388364064,73.58692998415582,0.9131039214889562,0.7752887483297314,0.02427064581686667,381349000.0,0.08563396947361768,0.0169870158196886,0.017922007012939483,0
2020-12-29,138.0500030517578,138.7899932861328,134.33999633789062,134.8699951171875,121047300.0,16325648759.94873,-0.013314853257091142,0.051781951266355764,0.1074888854418019,-0.028013487856878072,68.50337632099128,0.8762084053361852,0.5758346952477799,0.025197920186773724,139050100.0,0.06449139250125224,0.021454997571130497,0.01826059751123299,0
2020-12-30,135.5800018310547,135.99000549316406,133.39999389648438,133.72000122070312,96452100.0,12897574929.73938,-0.008526684497060733,0.013952049361278362,0.04566784557957182,-0.22713486414193085,65.42773493398207,0.7056854084375566,0.4432217227450476,0.02498278653311966,-126306800.0,0.050853060097296954,0.019964556268573262,0.017599799018916458,0
2020-12-31,134.0800018310547,134.74000549316406,131.72000122070312,132.69000244140625,99116600.0,13151781895.983889,-0.007702653080273847,0.013210107199512544,0.038181714858223526,0.027250422543456665,62.71192298170752,0.4663958009323519,0.33807811748113326,0.02500408073167238,-137199700.0,0.038835995093837505,0.02005713984965133,0.01780738393026448,0
2021-01-04,133.52000427246094,133.61000061035156,126.76000213623048,129.41000366210938,143301900.0,18544699403.78723,-0.024719260825586842,-0.019398329430280747,0.005516757814320039,0.36865665565656514,54.897261878524695,0.05189581680008759,0.09515736144504687,0.027587450182159082,-335431700.0,0.010597201158590863,0.02308200253822635,0.01890629958999486,1
2021-01-05,128.88999938964844,131.74000549316406,128.42999267578125,131.00999450683594,97664900.0,12795078012.51068,0.01236373386484213,-0.041553938350429975,0.034343839562258616,-0.38341135893467637,57.66837029927713,-0.1393826067202979,0.1836962110571228,0.02710873285598696,-362253000.0,0.019604443287030593,0.013436024624367028,0.018915850534683476,0
2021-01-06,127.72000122070312,131.0500030517578,126.37999725341795,126.5999984741211,155088000.0,19634140563.35449,-0.0336615236823381,-0.061318283847201616,-0.01271151296675821,0.462450462510958,48.77349486296755,-0.5639485904740877,-0.15229316223611558,0.02868410102925418,-396293700.0,-0.01580849029042586,0.01770674017959494,0.020531465643815448,1
2021-01-07,128.36000061035156,131.6300048828125,127.86000061035156,130.9199981689453,109578200.0,14345977743.356323,0.03412322074954277,-0.020939298730161093,-0.0072793954983565445,-0.3473542454521201,55.94240560651161,-0.5540649616381792,0.15021130373003644,0.0285006656432804,-190263400.0,0.015194561244855853,0.027585877624561474,0.021798056501674823,1
2021-01-08,132.42999267578125,132.6300048828125,130.22999572753906,132.0500030517578,105158200.0,13886140630.917358,0.008631262592551314,-0.004823267600217673,0.008323123717244085,-0.04117256629585242,57.61337527880763,-0.4747100388439125,0.2130046682829082,0.027536647481255387,14011400.0,0.019895908681060837,0.02799002485996372,0.02109766101987922,0
2021-01-11,129.19000244140625,130.1699981689453,128.5,128.97999572753906,100384500.0,12947592381.111143,-0.023248824333729434,-0.0033228338026561888,-0.022656705808190902,-0.04645806961922361,51.858791060669,-0.6229247779157077,-0.06944556438804277,0.028144336733463834,56928800.0,-0.006018790955130915,0.02767994972129671,0.021875781745684372,0
2021-01-12,128.5,129.69000244140625,126.86000061035156,128.8000030517578,91951100.0,11843301960.612488,-0.0013955084644402538,-0.016868876786059306,-0.05772184687048032,-0.0877508979535051,51.53379145658784,-0.7201523559171004,-0.12818975145574002,0.027739981287239597,-132687200.0,-0.00984388112329948,0.02676787860644315,0.021789510077062917,1
2021-01-13,128.75999450683594,131.4499969482422,128.49000549316406,130.88999938964844,88636800.0,11601670697.90039,0.016226679257536736,0.03388626356424718,-0.02950986781070819,-0.03670979233122296,55.05594340382645,-0.6338185702099333,0.043874948020630626,0.026962562595281347,111037600.0,0.0027118904244634034,0.021265286904969122,0.02190457490807609,0
2021-01-14,130.8000030517578,131.0,128.75999450683594,128.91000366210938,90221800.0,11630492568.4021,-0.015127173479807188,-0.0153528455159474,-0.03597066642749214,0.017723961549069855,51.255673869761296,-0.6952506222537473,-0.21142306698585636,0.026662395440624178,-88762400.0,-0.01284576789095504,0.01631416246044142,0.01936403077600478,0
2021-01-15,128.77999877929688,130.22000122070312,127.0,127.13999938964844,111598500.0,14188633221.88568,-0.013730542410815172,-0.037182912144158475,-0.04182683660894948,0.21263652386201315,48.06188822030662,-0.8310932881324296,-0.42367414266861403,0.026911641200504575,-305519100.0,-0.026150107013223844,0.015372287855406952,0.01962697746789454,1
2021-01-19,127.77999877929688,128.7100067138672,126.94000244140624,127.83000183105467,90757300.0,11601505825.18158,0.005427107477730786,-0.008916063998898438,-0.012209271202712424,-0.20671869625784112,49.385913319832405,-0.8475678770036728,-0.32789411720426304,0.02584353226129219,-114377300.0,-0.020538568708103333,0.013202984189986776,0.01960094708315746,1
2021-01-20,128.66000366210938,132.49000549316406,128.5500030517578,132.02999877929688,104319500.0,13773303457.65686,0.0328561127128284,0.025077605986089102,0.007785698154561205,0.13926939310848496,56.6328429605071,-0.5624298145028348,0.16146919781402316,0.025755254863032963,81893300.0,0.00956574298434476,0.020359488119977433,0.020551243005589328,1
2021-01-21,133.8000030517578,139.6699981689453,133.58999633789062,136.8699951171875,120150900.0,16445053096.325684,0.03665830782882318,0.04568718584631615,0.08112161743166002,0.14129014630599102,63.17608955237164,-0.0610690365274309,0.6663794378231377,0.027056989805182566,113407400.0,0.04312896522088727,0.024725618270152964,0.02185468976964206,1
2021-01-22,136.27999877929688,139.85000610351562,135.02000427246094,139.07000732421875,114459400.0,15917869596.325684,0.016073736286376095,0.07881470307564431,0.06225182759899117,-0.04852827741599697,65.70876859604527,0.3811953590765458,0.7542422535148594,0.02720765999341618,318088600.0,0.05699991052297304,0.020646527047357713,0.02127748939150077,1
2021-01-25,143.07000732421875,145.08999633789062,136.5399932861328,142.9199981689453,157611700.0,22525863875.40436,0.027683832904034755,0.12411513964960474,0.08231726517209492,0.31991423589362,69.64354929916504,0.8676640173479906,0.8677401016113562,0.028856806485529077,587298800.0,0.08134690202616301,0.012842056278339687,0.021837310941013863,1
2021-01-26,143.60000610351562,144.3000030517578,141.3699951171875,143.16000366210938,98390600.0,14085598656.31714,0.0016792995818566414,0.11992491286447327,0.10993959066741299,-0.47118913838825804,69.87561014968168,1.1239791468039466,0.7299782616381764,0.028212588302338373,594932100.0,0.0785968550895213,0.014214214206494852,0.02183379413237931,0
2021-01-27,143.42999267578125,144.3000030517578,140.41000366210938,142.05999755859375,140843800.0,20008269884.143063,-0.007683752971338942,0.07596757458176717,0.10295026547093689,0.3587062007908912,67.33493054993423,1.134523855164593,0.5911869615763887,0.028356170199562544,349768800.0,0.0681483914410912,0.018186803243177087,0.020669036705203418,0
2021-01-28,139.52000427246094,141.99000549316406,136.6999969482422,137.08999633789062,142621100.0,19551926076.705933,-0.03498522670784365,0.0016073736286374984,0.047367995852649614,0.012539988391001344,57.21296556400758,0.7409117971892369,0.2567919196943475,0.030078055736904526,86996800.0,0.029919397925090685,0.02402630618231585,0.022043636053179584,0
2021-01-29,135.8300018310547,136.74000549316406,130.2100067138672,131.9600067138672,177523800.0,23426041839.871216,-0.037420597863168426,-0.05112533426259025,0.023659940773504973,0.2189132196817809,49.02159575444193,0.10271712838965286,-0.06822077504810246,0.03273946309888613,-204986400.0,-0.007964949757664375,0.02710114157047484,0.023596252879245366,1
2021-02-01,133.75,135.3800048828125,130.92999267578125,134.13999938964844,106239800.0,14251006707.156372,0.01652010127968695,-0.061432961739322556,0.0550574172849172,-0.5134058774581369,52.15639139207855,-0.1890500836079383,0.06745159440794943,0.03227646461970307,-256358300.0,0.007874246308735566,0.02341453763915255,0.023822133690473972,1
2021-02-02,135.72999572753906,136.30999755859375,134.61000061035156,134.99000549316406,83305400.0,11245396403.61023,0.0063367087176327,-0.0570689994408522,0.05601191863841426,-0.24318542760281403,53.36067005686685,-0.3328341102912078,0.10556421347381333,0.030930513406964885,-271443500.0,0.012139109699467854,0.02419326858576191,0.023070537442057042,0
2021-02-03,135.75999450683594,135.77000427246094,133.61000061035156,133.94000244140625,89880900.0,12038647965.435793,-0.007778376242906226,-0.05715891353467284,0.014466437020136391,0.07597208673788103,51.63175694636059,-0.4968232963185577,0.02772968562417676,0.030098250231779724,-220480600.0,0.003164392327507093,0.024189626109697396,0.023050775442923332,1
2021-02-04,136.3000030517578,137.39999389648438,134.58999633789062,137.38999938964844,84183100.0,11565916057.618711,0.025757778746879012,0.0021883657434667025,0.003799256893490144,-0.06549127135135535,56.60669271478284,-0.376568252704105,0.22833726228559031,0.029045401478125375,6323600.0,0.024862548311663568,0.02467286863326975,0.02210945093706205,0
2021-02-05,137.35000610351562,137.4199981689453,135.86000061035156,136.75999450683594,75693800.0,10351883672.201538,-0.004585522131241526,0.03637456463136379,-0.016610431406661297,-0.10629793233796292,55.48439543090253,-0.3439763107841953,0.16627035811028848,0.027909747886049538,108153600.0,0.017945752835239803,0.014099986075947547,0.021032151871829222,1
2021-02-08,136.02999877929688,136.9600067138672,134.9199981689453,136.91000366210938,71297200.0,9761299913.098145,0.0010968789214593766,0.020650099038800995,-0.04205145944468558,-0.059839198066949706,55.709564439080765,-0.3174757608938048,0.16013093978429377,0.02695211021926962,73211000.0,0.017222443178563696,0.013224916371656587,0.020981983714679943,0
2021-02-09,136.6199951171875,137.8800048828125,135.85000610351562,136.00999450683594,76774200.0,10442058520.266724,-0.006573728224378961,0.007556033574082077,-0.049944181142584365,0.07401158925149787,53.94647927663359,-0.3624685042000624,0.07648778845010748,0.026258666071499077,-86868600.0,0.007903263098533175,0.013936234122869675,0.020243426369722383,0
2021-02-10,136.47999572753906,136.99000549316406,134.39999389648438,135.38999938964844,73046600.0,9889779129.415894,-0.004558452630158305,0.010825719888100771,-0.04695198003360668,-0.04977105189915676,52.70895435511526,-0.4312172838879036,0.008816441511553126,0.02586113406956603,-70034300.0,0.0008649106153093555,0.013461801177653875,0.020290653737808303,0
2021-02-11,135.89999389648438,136.38999938964844,133.77000427246094,135.1300048828125,64280000.0,8686156713.867188,-0.0019203376025409558,-0.01644948334577412,-0.014297115088159007,-0.12784905091378818,52.16849906096966,-0.487294732973794,-0.027486724419470678,0.025445020886979666,-218497400.0,-0.002620184713730933,0.0029660259769483054,0.020058050691247734,1
2021-02-12,134.35000610351562,135.52999877929688,133.69000244140625,135.3699951171875,60145100.0,8141841893.322754,0.0017759951580194056,-0.01016378652734562,0.02584107479407982,-0.06648856370653888,52.65111230610176,-0.4994718635835169,-0.0362051253278822,0.024556513562653315,-82658500.0,-0.003225178673770479,0.00358166720592153,0.019660046257405406,0
2021-02-16,135.49000549316406,136.00999450683594,132.7899932861328,133.19000244140625,80576300.0,10731957593.719482,-0.016103957704172722,-0.027171142511134505,-0.00708213025618587,0.29244458129884876,47.92114080627709,-0.6367940381496009,-0.2718261373994416,0.024902554322756676,-234532000.0,-0.021456815507137184,0.006712573169108677,0.01977085852011615,0
2021-02-17,131.25,132.22000122070312,129.47000122070312,130.83999633789062,97918500.0,12811656181.411743,-0.017644012767020212,-0.03801189896148016,-0.03074308457216557,0.1949309362132503,43.39536573935842,-0.8547545238527263,-0.5492633586233056,0.025569959522672586,-255676300.0,-0.03978397135435907,0.008697380521430799,0.02025890311870436,0
2021-02-18,129.1999969482422,130.0,127.41000366210938,129.7100067138672,96856700.0,12563283207.28302,-0.008636423537534132,-0.041952822966151326,-0.031581272587997256,-0.01090293330403469,41.37205290042849,-1.0320249319304993,-0.618478040283318,0.02583920425841815,-279486400.0,-0.04726573669440626,0.008519677550049827,0.018945654513295242,1
2021-02-19,130.24000549316406,130.7100067138672,128.8000030517578,129.8699951171875,87668800.0,11385546627.929688,0.0012334314627955312,-0.038925550030036504,-0.05473472818886649,-0.0996664877068767,41.785906328207695,-1.0898232022753793,-0.5307873979645692,0.02501449197769729,-127537600.0,-0.04363198439267302,0.009217298308006527,0.016802376675620522,0
2021-02-22,128.00999450683594,129.72000122070312,125.5999984741211,126.0,103916400.0,13093466400.0,-0.029798993321709433,-0.06921766606459623,-0.07867793901014009,0.1700206501321837,35.29555153231263,-1.3244089763865614,-0.7240581109096685,0.026361798189398277,-291599100.0,-0.06764391460328434,0.011488674427636153,0.017260145587482865,0
2021-02-23,123.76000213623048,126.70999908447266,118.38999938964844,125.86000061035156,158273000.0,19920239876.602173,-0.0011111062670511318,-0.05503417446275183,-0.08070997557657622,0.4207346570810664,35.08325694347714,-1.4164461496628495,-0.6534885272649797,0.029227840956680313,-369295800.0,-0.06276412045606006,0.01275142545061345,0.015523203984828184,0
2021-02-24,124.94000244140624,125.55999755859376,122.2300033569336,125.3499984741211,111039900.0,13918851295.56656,-0.004052138358153767,-0.04195963021576188,-0.0783765639530194,-0.35443179124665747,34.274495280766416,-1.4346962244540717,-0.6323390237103066,0.029319053466381036,-382417200.0,-0.0603307507073888,0.012477790340572687,0.015422276147363537,0
2021-02-25,124.68000030517578,126.45999908447266,120.54000091552734,120.98999786376952,148199500.0,17930657188.411713,-0.03478261398823801,-0.06722695550647462,-0.10635941790970938,0.2886697405973031,28.27377152141807,-1.6481692217464001,-0.8226894571867388,0.031700885617221536,-433760000.0,-0.08579504330237497,0.017162626746784357,0.01667098964700957,1
2021-02-26,122.58999633789062,124.8499984741211,121.1999969482422,121.26000213623048,164560400.0,19954594455.53894,0.00223162473946803,-0.0662970147429961,-0.10264191700881209,0.10471833635810412,29.10159511589137,-1.6735809513682283,-0.6737674428385658,0.031644736660504776,-356868400.0,-0.07824221494662198,0.017384170967829758,0.015521526889226563,1
2021-03-01,123.75,127.93000030517578,122.79000091552734,127.79000091552734,116307900.0,14862986647.483065,0.05385121774911972,0.014206356472439285,-0.055994640430460874,-0.34703668855439673,45.48786617594901,-1.1764747424522781,-0.22934252167845426,0.031611085497113736,-136644100.0,-0.027062412623147236,0.03193876160165201,0.018856732211729704,0
2021-03-02,128.41000366210938,128.72000122070312,125.01000213623048,125.12000274658205,102260900.0,12794884088.86795,-0.0208936391722091,-0.0058795317033285555,-0.060590130992560054,-0.12871359310122088,41.28611583574474,-0.9623644298679721,-0.3619703060911641,0.03209749853299436,-80632000.0,-0.04410835820487424,0.03378265093018059,0.0188373332581378,0
2021-03-03,124.80999755859376,125.70999908447266,121.83999633789062,122.05999755859376,112966300.0,13788666302.20337,-0.024456562666370862,-0.026246517395902114,-0.06710485344728045,0.09956215250932487,37.06092074383238,-0.9595503925747471,-0.4876304777954519,0.03281671322542409,-82558400.0,-0.06285751071665391,0.03547446761296904,0.019261224648412813,0
2021-03-04,121.75,123.5999984741211,118.62000274658205,120.12999725341795,178155000.0,21401759660.68268,-0.015811898605432417,-0.007108030626795214,-0.07385713487458356,0.4555644105107959,34.652163710952024,-1.0150190024643897,-0.5248022140965732,0.03392330939235802,-112513900.0,-0.07275977867209216,0.032343692517191165,0.01940876457552898,1
2021-03-05,120.9800033569336,121.94000244140624,117.56999969482422,121.41999816894533,153766600.0,18670340290.444942,0.010738374635987702,0.0013194460654477602,-0.06506504401280189,-0.14721808866580588,37.57273893230271,-0.8963039012786149,-0.4084051916566099,0.03373631988440671,-123307700.0,-0.0569906435659594,0.03277804354863841,0.01841080304153196,0
2021-03-08,120.93000030517578,121.0,116.20999908447266,116.36000061035156,154376600.0,17963261270.224,-0.041673510417560844,-0.08944362018379926,-0.07650793166387648,0.003959203337071671,31.6058306216933,-1.077836276231074,-0.5982028906102119,0.03588704357137437,-393992200.0,-0.08907293944992756,0.01897562732222695,0.02005520203393032,1
2021-03-09,119.02999877929688,122.05999755859376,118.79000091552734,121.08999633789062,129525800.0,15684278647.662354,0.04064967087253768,-0.032209129797205915,-0.03789928690075517,-0.1755149813625998,41.03298796818259,-0.8108106181947212,-0.3175189290705549,0.0353843139793744,-162205500.0,-0.046137388444061345,0.0322715858625695,0.02275304155569534,0
2021-03-10,121.69000244140624,122.16999816894533,119.4499969482422,119.9800033569336,111943300.0,13430957509.786224,-0.009166677797724065,-0.017040752443581608,-0.04284000943403399,-0.14588759477567592,39.651750937036965,-0.647481836016174,-0.34399195262549304,0.034780155882226514,-161182500.0,-0.0488760713176245,0.03078894213151336,0.022764605772128976,1
2021-03-11,122.54000091552734,123.20999908447266,121.26000213623048,121.95999908447266,103026500.0,12565111845.676422,0.016502714386902317,0.01523351263543482,0.008017201734273227,-0.0830062556423421,43.31710392919453,-0.3590386086572077,-0.20793693470841126,0.033663260795441546,119999000.0,-0.02800580764052296,0.030832665581530708,0.02331557816488333,0
2021-03-12,120.4000015258789,121.16999816894533,119.16000366210938,121.02999877929688,88105100.0,10663360145.44983,-0.007625453527034254,-0.003211986456348015,-0.0018967784337923232,-0.15645581501855688,42.025966812080604,-0.19218756844809892,-0.23841399166479876,0.03315141600914602,-121872700.0,-0.02996738546795552,0.030835237105972368,0.023311415796372432,1
2021-03-15,121.41000366210938,124.0,120.41999816894533,123.98999786376952,92403800.0,11457146964.604189,0.0244567389434609,0.06557233768817272,-0.029736309762371294,0.04763768278570524,47.39990481931344,0.13839394489509083,-0.015361657059530144,0.03211094713856522,124907700.0,-0.0016908353897403527,0.02135880622903065,0.024205167204372567,1
2021-03-16,125.6999969482422,127.22000122070312,124.72000122070312,125.56999969482422,115227900.0,14469167367.835236,0.012742978129499427,0.036997303595852404,0.0035965228449810205,0.22074380095238766,50.06093756499432,0.4658852890402998,0.14524934619687532,0.031279465615683934,110609800.0,0.014141611715162483,0.015021290104554242,0.02431175240224328,0
2021-03-17,124.0500030517578,125.86000061035156,122.33999633789062,124.76000213623048,111932600.0,13964711415.11383,-0.006450565903976191,0.03983996203997986,0.022120306665913247,-0.029015001748529556,48.700715444784315,0.620686113199235,0.11380052906756817,0.03124909293242527,110620500.0,0.010079766566161164,0.014305261177374512,0.024076413096034855,0
2021-03-18,122.87999725341795,123.18000030517578,120.31999969482422,120.52999877929688,121229700.0,14611815593.014526,-0.033905124114335106,-0.011725158379062628,0.0033297389080522155,0.07979018800018522,42.24521307884372,0.4394615005066562,-0.24914983744538757,0.03266660506141553,-113635700.0,-0.020527244571047487,0.022285547576762453,0.025079433709345293,0
2021-03-19,119.9000015258789,121.43000030517578,119.68000030517578,119.98999786376952,185549500.0,22264084108.623505,-0.004480220036475413,-0.008592918499684021,-0.011777304618190598,0.42563459683167437,41.48913345345563,0.291608461185334,-0.2852528739519138,0.031511540978839445,-211080100.0,-0.020985310766762688,0.022136468191491156,0.025056814871150364,1
2021-03-22,120.33000183105467,123.87000274658205,120.26000213623048,123.38999938964844,111912300.0,13808858628.694153,0.028335707862409576,-0.004839087704318734,0.06041593969080372,-0.505606160417134,47.82130331436384,0.42319989475214514,0.11042240455980845,0.0307005150317237,-191571600.0,0.007828866856232963,0.023311542733194576,0.025235285952726307,0
2021-03-23,123.33000183105467,124.23999786376952,122.13999938964844,122.54000091552734,95467100.0,11698538521.40274,-0.006888714468965329,-0.024129957686236825,0.011974602539342794,-0.15893384179474523,46.467398590297506,0.45085384040431853,0.03305251223578706,0.029929453352750976,-402266600.0,0.002245125732098563,0.022091842701808216,0.02527273896564233,0
2021-03-24,122.81999969482422,122.9000015258789,120.06999969482422,120.08999633789062,88530500.0,10631627420.791626,-0.019993508726392273,-0.03743191502385912,0.0009167609424864942,-0.07543455928347953,42.71363704058476,0.30877587798726003,-0.2354886131351773,0.030041886149378142,-378864500.0,-0.015675933372886974,0.023167566132899886,0.025621912754981022,1
2021-03-25,119.54000091552734,121.66000366210938,119.0,120.58999633789062,98844700.0,11919682011.019896,0.0041635441356262515,0.0004977811267019572,-0.011233213814909382,0.11020280499973367,43.7129795769224,0.2553198431198336,-0.1707643098398719,0.029355961248139308,-158790100.0,-0.011415596362612135,0.017939175864580797,0.02443837501025354,1
2021-03-26,120.3499984741211,121.4800033569336,118.91999816894533,121.20999908447266,94071200.0,11402370065.875244,0.005141411107143501,0.01016752431388701,0.0014872371064302836,-0.049497988714591656,44.99436159439116,0.2672889385983339,-0.09439562245159153,0.028628274380494735,120830600.0,-0.006312510916474889,0.017823632629001235,0.02446028240059236,1
2021-03-29,121.6500015258789,122.58000183105467,120.7300033569336,121.38999938964844,80819200.0,9810642638.671877,0.0014850285169158983,-0.016208769024175784,-0.020969421073607553,-0.1518373795560315,45.38310379856691,0.29094866507661554,-0.03908288466281249,0.027632559259462727,89737500.0,-0.0022192971959235086,0.01050449025243816,0.020976635019230805,0
2021-03-30,120.11000061035156,120.4000015258789,118.86000061035156,119.9000015258789,85671900.0,10272060940.724943,-0.012274469653688724,-0.021543980495547066,-0.045154082844033216,0.05831032209315623,42.693354223023555,0.21345705804010562,-0.230275573743636,0.02748487475484598,99532700.0,-0.012347692399582222,0.011226271236778926,0.020661929081994667,1
2021-03-31,121.6500015258789,123.5199966430664,121.1500015258789,122.1500015258789,118323800.0,14453252350.54779,0.018765637792876655,0.017153845039616478,-0.020920171254098063,0.3229000471051826,47.73116688552824,0.31481940740881087,0.11458878547373257,0.02716839328833876,306387000.0,0.006148935647343423,0.01105733515025652,0.020440490961899805,1
2021-04-01,123.66000366210938,124.18000030517578,122.48999786376952,123.0,75089100.0,9235959300.0,0.006958644809685222,0.019985104364350414,0.020492833698820156,-0.45474952089278986,49.5360078502388,0.43290800599444745,0.22256855357978314,0.02623231674822197,282631400.0,0.01195422880474406,0.011172094018517714,0.020131427053796926,1
2021-04-05,123.87000274658205,126.16000366210938,123.06999969482422,125.9000015258789,88651200.0,11161186215.270996,0.02357724817787732,0.0386931975648126,0.04925413590572192,0.16603415834756774,55.21757920195403,0.685129614746278,0.5718458464928797,0.02559030840567817,277211400.0,0.033907925655045856,0.01425386119822481,0.020643924555360602,1
2021-04-06,126.5,127.12999725341795,125.6500015258789,126.20999908447266,80171300.0,10118419699.600985,0.002462252222689809,0.03970672805881281,0.0228543618508259,-0.10054397214912925,55.7905685146021,0.8413517707247176,0.5949836366996397,0.02454166769516379,276563500.0,0.03227864122587887,0.014153644835584091,0.017905135364756828,1
2021-04-07,125.83000183105467,127.91999816894533,125.13999938964844,127.9000015258789,83466700.0,10675391057.360077,0.013390400551981152,0.06672226770800593,0.04374082397833878,0.040282153960948364,58.87951857847641,1.0153649827666218,0.6912794074639407,0.024040125327342295,445702100.0,0.04319599546767772,0.008555853508067673,0.015913020919308404,1
2021-04-08,128.9499969482422,130.38999938964844,128.52000427246094,130.36000061035156,88844600.0,11581782110.22644,0.019233769000189582,0.06721243538202715,0.08551923212292212,0.06244102551993436,62.93878795651303,1.2382323886856357,0.792129870580339,0.023266073359271548,416222900.0,0.058778628385521614,0.008636479508112088,0.016049917885938864,1
2021-04-09,129.8000030517578,133.0399932861328,129.47000122070312,133.0,106686700.0,14189331100.0,0.020251606146730827,0.08130081300813008,0.1029107226053545,0.18300772394480447,66.73406105789708,1.488702596054899,0.8183136916475237,0.023092664581378243,447820500.0,0.07539923517470992,0.008303514401982723,0.01622115724957194,0
2021-04-12,132.52000427246094,132.85000610351562,130.6300048828125,131.24000549316406,91420000.0,11997961302.18506,-0.013233041404781432,0.042414645770973314,0.08274900160424381,-0.15443222752221786,62.163681093737246,1.4591532568297618,0.5719259478926505,0.023020643971787803,267749300.0,0.05680619348910154,0.01401765263275296,0.01648745705794442,1
2021-04-13,132.44000244140625,134.66000366210938,131.92999267578125,134.42999267578125,91266500.0,12268954926.54419,0.024306515156183428,0.06512949568921989,0.10742230292197208,-0.0016804748511063394,66.62522714943094,1.5682126778019752,0.6840110824936739,0.022686253723259782,278844500.0,0.07796237599782896,0.015061432627944602,0.01647776811545814,0
2021-04-14,134.94000244140625,135.0,131.66000366210938,132.02999877929688,87222800.0,11516026177.526855,-0.017853113347054084,0.032290830368616685,0.1011676155049912,-0.045318032898055804,60.815000177585034,1.3981185021457192,0.46458881102951005,0.023255680375396298,108155000.0,0.05598233350979265,0.020314933632221466,0.01705118316010166,1
2021-04-15,133.82000732421875,135.0,133.63999938964844,134.5,89347100.0,12017184950.0,0.018707878842231906,0.03175820320853617,0.10110518477156627,0.024063019546826325,64.26862993952308,1.369577994287441,0.5483715094053081,0.02277526186467441,108657500.0,0.07156373008164563,0.020233990661950807,0.017271088548404697,0
2021-04-16,134.3000030517578,134.6699981689453,133.27999877929688,134.16000366210938,84922400.0,11393189494.995115,-0.002527853813313219,0.00872183204593524,0.09073173709032023,-0.050790885535089814,63.43977351570823,1.2488076988286605,0.4709226107468335,0.021942107310604655,-82951600.0,0.06308293955743216,0.01886368897153674,0.014920680662532979,1
2021-04-19,133.50999450683594,135.47000122070312,133.33999633789062,134.83999633789062,94264200.0,12710584382.79419,0.005068520104500429,0.027430590475814087,0.07100869502510765,0.10436357861332723,64.42788209041845,1.13880756835994,0.45994203207398837,0.021400388578467027,102732600.0,0.06222154808196456,0.016868057342695194,0.014736956745980807,0
2021-04-20,135.02000427246094,135.52999877929688,131.80999755859375,133.11000061035156,94812300.0,12620465310.868835,-0.012829989428388311,-0.00981917828868184,0.05467079927051355,0.005797669509156833,59.985960511333865,0.8849289547270724,0.3265238010598598,0.02212625924841166,-83346200.0,0.04459399148096099,0.01455682641462431,0.014315130429717094,1
2021-04-21,132.36000061035156,133.75,131.3000030517578,133.5,68847100.0,9191087850.0,0.002929902996470446,0.011133842568312069,0.04378419395865296,-0.3200110399665981,60.64468529191753,0.687455035270693,0.317014958465743,0.02179665056984138,72723700.0,0.04316842119401576,0.01150543490103892,0.014092452860523488,0
2021-04-22,133.0399932861328,134.14999389648438,131.41000366210938,131.94000244140625,84566500.0,11157704216.461182,-0.011685374970739737,-0.019033439097351335,0.012120296284573895,0.20565010066792055,56.628866147070774,0.4096752957800658,0.20333603011951995,0.021962405285771976,-101189900.0,0.026227384808725995,0.008204877288718266,0.013443480305551371,1
2021-04-23,132.16000366210938,135.1199951171875,132.16000366210938,134.32000732421875,78657500.0,10565275976.104736,0.01803853902359487,0.0011926331077953822,0.009924867099389001,-0.07243522207100384,60.88454103230981,0.34663111540615166,0.31849899371610624,0.021723362088189646,62390000.0,0.03919017691191384,0.012848703074006512,0.013763014347776974,1
2021-04-26,134.8300018310547,135.05999755859375,133.55999755859375,134.72000122070312,66905100.0,9013455153.671265,0.002977917470767144,-0.0008899074491726111,0.026516272339841773,-0.1618277844985201,61.56708586285025,0.29433418556925295,0.31619544586210796,0.020907102379008655,35030900.0,0.036866008687321816,0.012687918246893295,0.013774442929225524,0
2021-04-27,135.00999450683594,135.41000366210938,134.11000061035156,134.38999938964844,66015800.0,8871863321.707153,-0.002449538509980198,0.009616097764463039,-0.00029750270260942013,-0.013381089895428744,60.62715137961082,0.20425744656369993,0.27051951231002064,0.02015236379101152,63827400.0,0.029177505613174448,0.010795097807500098,0.013860937420650008,0
2021-04-28,134.30999755859375,135.02000427246094,133.0800018310547,133.5800018310547,107760100.0,14394594355.314636,-0.0060272160300057775,0.0005992646520951439,0.011739779338700185,0.490013346906121,58.27542662685753,0.06412527657944178,0.1935570940214429,0.019863747770552626,-112779800.0,0.017643840784724585,0.011324602287061593,0.013512651597971725,0
2021-04-29,136.47000122070312,137.07000732421875,132.4499969482422,133.47999572753906,151101000.0,20168960834.42688,-0.0007486607437100501,0.011671921006797925,-0.007583674888185454,0.3380410246388976,57.97640808972798,-0.05487086638233141,0.16251841172182566,0.020931014092137983,-179314300.0,0.01251224345198465,0.009345309209645413,0.013205648507614886,0
2021-04-30,131.77999877929688,133.55999755859375,131.07000732421875,131.4600067138672,109839500.0,14439501407.447817,-0.015133271488823707,-0.021292439356768056,-0.020125200317095304,-0.3189282755307694,52.155147835142486,-0.2767851447257623,-0.0983323923788244,0.021087522539698512,-367811300.0,-0.005999796068365315,0.006880125437148564,0.013897412119758033,1
2021-05-03,132.0399932861328,134.07000732421875,131.8300018310547,132.5399932861328,75135100.0,9958405649.552916,0.008215324183090233,-0.01618176896390422,-0.01705727613633512,-0.37973237875399235,54.76999538922523,-0.35310935418504963,-0.006749770923820621,0.02082829910027611,-359581300.0,-0.0003432279506079272,0.008474578029942798,0.013128095690698437,0
2021-05-04,131.19000244140625,131.49000549316406,126.6999969482422,127.8499984741211,137564700.0,17587646685.092926,-0.035385506636376296,-0.04866434217746629,-0.0395162054850251,0.6048065194348737,43.620801082212864,-0.7016014124075571,-0.791404190818156,0.023312794532523454,-431130200.0,-0.03631259969452183,0.01661154133862654,0.015644051866301367,1
2021-05-05,129.1999969482422,130.4499969482422,127.97000122070312,128.10000610351562,84000900.0,10760515802.700806,0.0019554762016296134,-0.04102407285837506,-0.040449392483029034,-0.49326683418241757,44.27203875881102,-0.885555969317251,-0.7608049695001247,0.023055105494824597,-239369200.0,-0.03450090943917794,0.017430140407100902,0.015364704274104428,1
2021-05-06,127.88999938964844,129.75,127.12999725341795,129.74000549316406,78128300.0,10136366071.17157,0.01280249267375666,-0.028019106638339397,-0.016674222430905217,-0.07247516501232454,48.476417017749405,-0.8660140181326246,-0.47343354513582914,0.0225801438150625,-10139900.0,-0.021911586570189212,0.01977762936770516,0.015008345084376635,1
2021-05-07,130.85000610351562,131.25999450683594,129.47999572753906,130.2100067138672,78973300.0,10283113923.216248,0.003622639130594907,-0.009508595284957844,-0.030598573453252786,0.010757473355727853,49.648823555785945,-0.7926415481187126,-0.362104047509422,0.02186803761926549,178672900.0,-0.017334890841353423,0.019268014477759516,0.014261785663416,0
2021-05-10,129.41000366210938,129.5399932861328,126.80999755859376,126.8499984741211,88071200.0,11171831585.614014,-0.025804531652698692,-0.042930399126608676,-0.05841747829031796,0.1090357562844737,42.247647343587886,-0.9319911236357852,-0.7411302145560357,0.02275842945512332,15466600.0,-0.04110367387288105,0.020810632436346045,0.015084380853214986,0
2021-05-11,123.5,126.2699966430664,122.7699966430664,125.91000366210938,126142800.0,15882640409.94873,-0.007410286348592199,-0.015173991671219356,-0.06309990152579947,0.35926901687079393,40.4317787083004,-1.0408020215093778,-0.715915516869289,0.0236051761816,26888500.0,-0.04513445995168053,0.014642631768687601,0.013833821767725515,0
2021-05-12,123.4000015258789,124.63999938964844,122.25,122.7699966430664,112172300.0,13771392894.445038,-0.02493850311901713,-0.04160819052687725,-0.08092532594557256,-0.11737851552191714,35.0173242921811,-1.2627952618840137,-0.8384911167376051,0.024609121860724417,-169284700.0,-0.06566668937027742,0.01711354808050433,0.014311910422479639,1
2021-05-13,124.58000183105467,126.1500015258789,124.26000213623048,124.97000122070312,105861300.0,13229486790.22522,0.017919724996269926,-0.03676587074533666,-0.06375483053061104,-0.057906334781957725,40.98084199128363,-1.2004265186466725,-0.5448280987919467,0.024380941696370183,-141551700.0,-0.04546218350009512,0.01876754352078205,0.01424839689839998,1
2021-05-14,126.25,127.88999938964844,125.8499984741211,127.4499969482422,81918000.0,10440448850.006104,0.019844728361323227,-0.021196602590536906,-0.030503647960045233,-0.25641099703306125,46.896953993663544,-0.9424902697347022,-0.28675248574550266,0.023835409551952267,-138607000.0,-0.024018592734989963,0.022217694172371023,0.01518219021404235,0
2021-05-17,126.81999969482422,126.93000030517578,125.16999816894533,126.2699966430664,74244600.0,9374865392.765808,-0.009258535374112253,-0.004572344012861884,-0.047306450586054316,-0.09835369790368276,44.605818560710766,-0.806921811844345,-0.3564874245268927,0.023629465917900414,-124780400.0,-0.029871419925927012,0.01919985686331402,0.015146634137440263,0
2021-05-18,126.55999755859376,126.98999786376952,124.77999877929688,124.8499984741211,63342900.0,7908360968.346405,-0.011245729046459818,-0.008418752737335278,-0.02346499832463622,-0.15880222073057482,41.94982724380037,-0.7686348022414431,-0.43378811839960996,0.02345557706575743,-61980500.0,-0.0377278687691226,0.01960391748362085,0.015097509206723536,0
2021-05-19,123.16000366210938,124.91999816894533,122.86000061035156,124.69000244140624,92612000.0,11547790506.103516,-0.0012815060846638193,0.01563904741255251,-0.02661985557872515,0.37985589318294544,41.64891150315255,-0.7111667211473044,-0.40190248745190255,0.02298819395768206,-42420200.0,-0.035687068010713974,0.014812961245498055,0.015038396070599442,1
2021-05-20,125.2300033569336,127.72000122070312,125.0999984741211,127.30999755859376,76857100.0,9784677213.360596,0.021012070461853716,0.01872446439172304,-0.01872982759121533,-0.1864708671900317,48.20143261686192,-0.46565545438176936,-0.1544110871144868,0.022606894891649815,-71424400.0,-0.013658961585874874,0.015623769403644041,0.0158349931079248,0
2021-05-21,127.81999969482422,128.0,125.20999908447266,125.43000030517578,79295400.0,9946022046.199036,-0.014767082628783568,-0.01584932672761652,-0.03670997743818061,0.03123226550651026,44.35267385780725,-0.4012701454476497,-0.2890360008036443,0.022895575991577606,-232637800.0,-0.024866184802970537,0.014362275291119738,0.015379131909745576,1
2021-05-24,126.01000213623048,127.94000244140624,125.94000244140624,127.0999984741211,63092900.0,8019107493.727875,0.01331418452429367,0.006573230800036356,0.0019708317146807097,-0.22857187274701118,48.3016194199556,-0.22631927192665757,-0.11205786906848386,0.022391424053896082,-95300300.0,-0.008947556503735465,0.015452025720005357,0.015770085910916512,0
2021-05-25,127.81999969482422,128.32000732421875,126.31999969482422,126.9000015258789,72009500.0,9138005659.877775,-0.0015735401309459052,0.016419728288444846,0.007862741918634786,0.1321898093874978,47.86355912395008,-0.11006215074505843,-0.10459665246079863,0.021950555375755236,-103966900.0,-0.007609102838442294,0.014010300356906749,0.01577229232337752,0
2021-05-26,126.95999908447266,127.38999938964844,126.41999816894533,126.8499984741211,56575900.0,7176652828.672028,-0.0003940350760958111,0.017322928786771552,0.03323289030394472,-0.2412149514886046,47.74696523206424,-0.02686441287561936,-0.08183460303646856,0.02093689583127847,-67930800.0,-0.005382786048089061,0.013942558751276713,0.015760876683059928,0
2021-05-27,126.44000244140624,127.63999938964844,125.08000183105467,125.27999877929688,94625600.0,11854695052.490234,-0.012376820762394547,-0.01594532101347812,0.0024805757827135455,0.514344945969448,44.113429984940076,-0.06569042423654525,-0.25081761333067404,0.021144627791010267,-239413500.0,-0.014524914447289983,0.011194198533950192,0.015908107764371685,0
2021-05-28,125.56999969482422,125.8000030517578,124.5500030517578,124.61000061035156,71311100.0,8886076214.524841,-0.005348005870638883,-0.006537508513347112,-0.022283220132551018,-0.2828760535736876,42.6227520503852,-0.12137751737114588,-0.31667597716752427,0.020456387411699164,-231429200.0,-0.01714726940817113,0.009401453737098196,0.01566535398938984,0
2021-06-01,125.08000183105467,125.3499984741211,123.94000244140624,124.27999877929688,67637100.0,8405938705.435181,-0.002648277260559384,-0.0221872519959031,-0.01575986312405442,-0.052895345693791285,41.87222482621377,-0.16273918456241887,-0.36807701394985654,0.01985603487183196,-362159200.0,-0.01654652970873849,0.004785664402018979,0.015459239616967095,1
2021-06-02,124.27999877929688,125.23999786376952,124.0500030517578,125.05999755859376,59278900.0,7413419089.276123,0.006276140867059743,-0.01449963707770252,0.0016820111096453871,-0.13190322217733907,44.36583627691643,-0.12174514405175496,-0.20737630904460624,0.0190024213101922,-230870800.0,-0.009280589102411696,0.0068254603150248,0.013571225049832101,0
2021-06-03,124.68000030517578,124.8499984741211,123.12999725341795,123.54000091552734,76229200.0,9417355437.789915,-0.012154139395007313,-0.02609379265596945,-0.009222884781153962,0.25149116282781847,40.70154981254189,-0.17778396962844223,-0.4262916212150949,0.018978096149602424,-250524100.0,-0.019551036832407,0.00771506974000927,0.013773904244734419,1
2021-06-04,124.06999969482422,126.16000366210938,123.8499984741211,125.88999938964844,75169300.0,9463063131.1203,0.019022166559055975,0.004869098150505069,-0.011153862196028874,-0.01400168828379833,47.870186233728,-0.04432421499974937,0.015471252814745085,0.018780117058608825,-80729200.0,0.0006279237132222892,0.012034017042010011,0.014183189442855534,1
2021-06-07,126.16999816894533,126.31999969482422,124.83000183105467,125.9000015258789,71057600.0,8946151948.425293,7.945139629006448e-05,0.010352306469856298,0.0037471196648297678,-0.05625208640335089,47.89905635905846,0.05168132186047236,0.07640793195760166,0.018282635594465902,61639500.0,0.002424466697602101,0.011549978157998108,0.01413908630700877,1
2021-06-08,126.5999984741211,128.4600067138672,126.20999908447266,126.73999786376952,74403800.0,9429937453.056335,0.0066719327061957046,0.019794006345632775,-0.0028324202570693124,0.04601619942339141,50.38420168269517,0.17202901049396468,0.28977988281293193,0.018306992817480192,203680400.0,0.009156767893223394,0.01133920487553221,0.013032999188933404,1
2021-06-09,127.20999908447266,127.75,126.5199966430664,127.12999725341795,56877900.0,7230887270.780182,0.003077161087438496,0.016552052896485536,0.0018124170588929012,-0.2686001466800114,51.539944819582495,0.2722152206950622,0.3603455562911597,0.017638284226886316,201279400.0,0.01177068383984281,0.011267217250477867,0.012928140128254407,0
2021-06-10,127.0199966430664,128.19000244140625,125.94000244140624,126.11000061035156,71186400.0,8977316947.44873,-0.00802325702118245,0.02080297616786897,-0.005833645034851953,0.22439492042090592,48.36667452420897,0.2639095937674163,0.08281837345062652,0.017785275426880184,206322200.0,0.0023208232881881674,0.009917772162375304,0.011663570384219054,1
2021-06-11,126.52999877929688,127.44000244140624,126.0999984741211,127.3499984741211,53522400.0,6816077558.331299,0.009832668763525065,0.011597419108357876,0.016522986230794068,-0.2852015264369854,52.218197753900526,0.331664846170981,0.390604269327369,0.017105680950648162,184675300.0,0.011219890529634569,0.006854843886772947,0.011191622230878452,1
2021-06-14,127.81999969482422,130.5399932861328,127.06999969482422,130.47999572753906,96906500.0,12644359705.970764,0.024577913552578545,0.03637803134354001,0.04710693434263469,0.5936463298819348,60.273632490144664,0.563401156294845,0.9350557503551952,0.01740239576440471,210524200.0,0.03482868533405714,0.011810411850613885,0.01165161300090221,0
2021-06-15,129.94000244140625,130.60000610351562,129.38999938964844,129.63999938964844,62746300.0,8134430293.702698,-0.006437740384699686,0.022881502088993866,0.043128425032173956,-0.43464697836237676,57.47329316658591,0.631129794686081,0.6390208694783915,0.016930756426251428,73374100.0,0.026794555583973922,0.013322866416521114,0.011534329253023397,1
2021-06-16,130.3699951171875,130.88999938964844,128.4600067138672,130.14999389648438,91815000.0,11949721689.605713,0.003933928642679829,0.02375518530883336,0.04070043528911649,0.38067606579540225,58.72707320037486,0.6772259440703173,0.6241051603280717,0.016993434176943472,108311200.0,0.028674815037215806,0.013303793770381267,0.011152875754406441,1
2021-06-17,129.8000030517578,132.5500030517578,129.64999389648438,131.7899932861328,96721700.0,12746952193.623352,0.012600841079968284,0.04503998610967419,0.06677992803518396,0.05206209913791682,62.55062550781572,0.7779175689233073,0.7366996154359724,0.017155024972124913,276219300.0,0.038722501505778384,0.01140472711566071,0.011358840862332409,0
2021-06-18,130.7100067138672,131.50999450683594,130.24000549316406,130.4600067138672,108953300.0,14214048249.497986,-0.010091711359132227,0.02442095231259911,0.036301591439951375,0.11908156623309196,57.868607757884845,0.7162395615934374,0.4825633414131292,0.01694070122059267,113743600.0,0.02696517689110922,0.014148771236382448,0.010857177467367939,1
2021-06-21,130.3000030517578,132.41000366210938,129.2100067138672,132.3000030517578,79663300.0,10539454833.113098,0.014103911108376721,0.013948554443695693,0.05083400673798555,-0.3131103437245635,62.09572224436569,0.756693126323021,0.6283684622600118,0.017239546564290623,96500400.0,0.03864092677672115,0.01091616197858885,0.010525748744082901,1
2021-06-22,132.1300048828125,134.0800018310547,131.6199951171875,133.97999572753906,74783600.0,10019506408.48999,0.012698357044814257,0.033477293723569446,0.05712480657883301,-0.06321039253269234,65.49933953889283,0.847104422476371,0.6944664471631796,0.017118922098016527,234030300.0,0.0489970153925674,0.010188447646653949,0.010493985448649816,0
2021-06-23,133.77000427246094,134.32000732421875,133.22999572753906,133.6999969482422,60214200.0,8050638356.240845,-0.002089855114387973,0.02727624447359811,0.05167938202443079,-0.2166904014709452,64.46042671974658,0.8370759492060365,0.5732006055305927,0.016511765533881125,82001100.0,0.04402553649442109,0.010919677543606648,0.010505658084500637,0
2021-06-24,134.4499969482422,134.63999938964844,132.92999267578125,133.41000366210938,68711000.0,9166734761.627195,-0.0021689849869261923,0.012292362535138102,0.05788599648265014,0.13200109590765408,63.339864938629475,0.7620737919541266,0.48221007801266863,0.01628123020254752,-83431600.0,0.03909965490077538,0.010488972291173014,0.010540304259440036,0
2021-06-25,133.4600067138672,133.88999938964844,132.80999755859375,133.11000061035156,70783700.0,9422018350.202942,-0.00224872980678148,0.020312691707095265,0.04522969929521414,0.029719444919379612,62.13646065176957,0.6479034051692483,0.40842015996018816,0.015731901890444235,-45262000.0,0.03361120611950663,0.008542868382973452,0.010014223147939129,1
2021-06-28,133.41000366210938,135.25,133.35000610351562,134.77999877929688,62111300.0,8371360938.180542,0.012546000760933262,0.018745243162003877,0.03295526665050508,-0.13070080927316496,66.00801974797665,0.6394123039661532,0.5057027899130216,0.015561314082576987,-62814000.0,0.042462679350557364,0.008101940178178802,0.010020659293108745,1
2021-06-29,134.8000030517578,136.49000549316406,134.35000610351562,136.3300018310547,64556100.0,8800933231.20575,0.011500245331623304,0.017539977447786903,0.05160446214828074,0.038606675646185806,69.1599789826156,0.6884888911446634,0.5759675518672891,0.015406733453700684,-73041500.0,0.04956023413115229,0.007782440512730165,0.010027670596070997,1
2021-06-30,136.1699981689453,137.41000366210938,135.8699951171875,136.9600067138672,63261400.0,8664281768.728638,0.0046211756352296796,0.02438302049391239,0.05232434219550708,-0.020259264377028074,70.36289671102239,0.710793775025722,0.5613329371671743,0.015043603518393223,50434100.0,0.04960250686279344,0.007126792167100453,0.010020678135586674,1
2021-07-01,136.60000610351562,137.3300018310547,135.75999450683594,137.27000427246094,52485800.0,7204725990.24353,0.002263416642797056,0.028933367096877438,0.04158138906973252,-0.18673268845385138,70.96306233147355,0.6931072524355966,0.5427926998650731,0.014754468746228426,171630900.0,0.04647265842325177,0.006258198869126681,0.009239950276313877,1
2021-07-02,137.89999389648438,140.0,137.75,139.9600067138672,78852600.0,11036210425.405884,0.01959643299833358,0.05146124312302747,0.07281925119654464,0.40703762367398255,75.5836318502746,0.8015886676376804,0.6761267173625838,0.01483050880628282,321267200.0,0.06128798735134877,0.006883953311723082,0.009285539596874467,1
2021-07-06,140.07000732421875,143.14999389648438,140.07000732421875,142.02000427246094,108181800.0,15363979698.202517,0.01471847284778427,0.0537172099624339,0.0734693952871679,0.31623285493508746,78.41614783320686,0.9414305043937299,0.7251430109234404,0.015175831237124283,367337700.0,0.0703667295642898,0.007140290592938795,0.009423975696838912,1
2021-07-07,143.5399932861328,144.88999938964844,142.66000366210938,144.57000732421875,104911600.0,15167070780.395508,0.01795523852305836,0.060441615069993126,0.07904173708301543,-0.030695054157064305,81.30701790124314,1.122723000947298,0.7698900386947104,0.01526127954577574,407693200.0,0.08231335578124033,0.007900410831716276,0.009791584924189462,0
2021-07-08,141.5800018310547,144.05999755859375,140.6699981689453,143.24000549316406,105575500.0,15122635199.943542,-0.009199707848613237,0.04585279257774033,0.07135384265277867,0.006308245923779765,75.61819829646896,1.0703205557433604,0.5990130809331135,0.016247561909080086,238856300.0,0.06592849588129335,0.01226550295055572,0.010393563756084278,1
2021-07-09,142.75,145.64999389648438,142.64999389648438,145.11000061035156,99890800.0,14495154048.968506,0.013054977977341231,0.05711368903529257,0.0876995474632849,-0.05534874691776537,77.95380975572576,1.0759665236480225,0.647361378947317,0.01636931145954228,286261300.0,0.07226382338438198,0.011705755674298058,0.009952392145341969,0
2021-07-12,146.2100067138672,146.32000732421875,144.0,144.5,76299700.0,11025306650.0,-0.004203711720665804,0.03243778985674339,0.08556832196996234,-0.269408579791687,75.41592246715581,0.9569802623750792,0.5507171393180973,0.016411056683502994,131109000.0,0.06103326777993079,0.01227576562636977,0.01023944962512143,1
2021-07-13,144.02999877929688,147.4600067138672,143.6300048828125,145.63999938964844,100827100.0,14684458782.460022,0.007889269132515198,0.025489332546721144,0.08057575833736941,0.27873815908719024,76.92769026942324,0.8756141508982829,0.5558986945396723,0.016997965608085173,123754300.0,0.06348486165542822,0.011482155150929643,0.009317460336117018,1
2021-07-14,148.10000610351562,149.57000732421875,147.67999267578125,149.14999389648438,127050800.0,18949626044.543457,0.024100484218248397,0.03168006045676086,0.09403646954627565,0.23117983572267065,80.83536366764574,0.971344816374764,0.6791667687471938,0.017294477047362738,145893500.0,0.0814121992757133,0.013375141604433725,0.00974178177686892,0
2021-07-15,149.24000549316406,150.0,147.08999633789062,148.47999572753906,106820300.0,15860677687.61444,-0.004492109932034749,0.03658189076671792,0.08411206519388603,-0.1734390216187549,78.11568682601539,0.9040866923765152,0.5721828356667263,0.017531524019343363,144648700.0,0.06944780527970607,0.012115155322384096,0.010061895760350848,0
2021-07-16,148.4600067138672,149.75999450683594,145.8800048828125,146.38999938964844,93251400.0,13651072389.083862,-0.014075945568625792,0.008820886044469844,0.0664383684223222,-0.13584891019227996,70.18326062189395,0.6455145725345046,0.40794987156392726,0.018404866516376583,-48493500.0,0.048879383219478933,0.01468044737793827,0.01096063242114599,0
2021-07-19,143.75,144.07000732421875,141.6699981689453,142.4499969482422,121434600.0,17298358399.41101,-0.026914423511397723,-0.014186872330503864,0.017790726742858087,0.26407677195063073,58.18737767412659,0.1610509983981805,0.1461409120783176,0.019929675198052842,-93628400.0,0.016284059163027775,0.019680959491907284,0.012711558650395888,1
2021-07-20,143.4600067138672,147.10000610351562,142.9600067138672,146.14999389648438,96350000.0,14081551911.92627,0.025974005107115117,0.0035017475211016613,0.029080337274882684,-0.23138844925117752,64.34978486446346,0.047599262862274117,0.3509930315653296,0.020310238559021834,-98105500.0,0.037554971341836385,0.02341987648002364,0.01344061728837863,0
2021-07-21,145.52999877929688,146.1300048828125,144.6300048828125,145.39999389648438,74993500.0,10904054442.276,-0.005131714206784155,-0.025142475048323787,0.005741070278873606,-0.2505859487908424,62.34400948498872,-0.11145901006665682,0.2725760684668094,0.019703491273336208,-300149800.0,0.028063107544501698,0.019508031334629642,0.013499636281150126,1
2021-07-22,145.94000244140625,148.1999969482422,145.80999755859375,146.8000030517578,77338200.0,11353247996.017456,0.009628674099327439,-0.011314606170005792,0.024853374909732606,0.030786568534466596,64.56439961395733,-0.15330188048388038,0.3380865751383795,0.01948401122070055,-115991300.0,0.03317710541816998,0.020579611640384535,0.013467237832359502,1
2021-07-23,147.5500030517578,148.72000122070312,146.9199981689453,148.55999755859375,71447400.0,10614225569.567871,0.011989063148829748,0.014823404453806921,0.023775046059755,-0.07922649635601431,67.18406105101826,-0.09616010489643223,0.43240265666038574,0.018801103257044947,48707500.0,0.04001930097647399,0.020084107276317816,0.013455360401420827,1
2021-07-26,148.27000427246094,149.8300018310547,147.6999969482422,148.99000549316406,72434100.0,10791956956.892397,0.002894506876931713,0.045910906879823354,0.031072702374837835,0.013715668162564754,67.81020391807544,-0.06462960476374491,0.44316823523430404,0.018428944208671034,242576200.0,0.0372639784303852,0.011558588070007005,0.013348627901174246,0
2021-07-27,149.1199951171875,149.2100067138672,145.5500030517578,146.77000427246094,104818600.0,15384226369.833374,-0.014900336524955593,0.004242288073003309,0.007758891015848368,0.36955404980600903,61.30655698676086,-0.21977472627433503,0.2356879369749363,0.019152645539661086,41407600.0,0.017561396983032163,0.011058563003923277,0.014006263951208346,0
2021-07-28,144.80999755859375,146.97000122070312,142.5399932861328,144.97999572753906,118931200.0,17242644867.871094,-0.012196010716187922,-0.002888570746738317,-0.027958419977136884,0.12631393646997324,56.5933763492692,-0.45584950820437875,0.03278419234005037,0.020186749611736856,-2530100.0,0.002146236722634809,0.01239207769425394,0.014368344396686345,1
2021-07-29,144.69000244140625,146.5500030517578,144.5800018310547,145.63999938964844,56699500.0,8257715145.393372,0.0045523774421245555,-0.007901932138927759,-0.019127131058799485,-0.7407797730758467,57.879195070632754,-0.5728809746377905,0.06628750085864057,0.019626071492534924,-23168800.0,0.0036973541098834772,0.011531113417964737,0.01436798908209526,1
2021-07-30,144.3800048828125,146.3300018310547,144.11000061035156,145.86000061035156,70440600.0,10274465958.99353,0.001510582406104799,-0.018174454716029964,-0.0036204575552061247,0.21700440568613644,58.32238514406748,-0.6359376305759441,0.05121685497712258,0.019283870334785676,-24175600.0,0.0022469160041687086,0.009169829310209088,0.014371489102612775,0
2021-08-02,146.36000061035156,146.9499969482422,145.25,145.52000427246094,62880000.0,9150297868.652344,-0.002330977214232255,-0.023290161036085943,0.0215514734291935,-0.11354165165139207,57.318640875185416,-0.6961466922970478,-0.05466210628258749,0.018782732481144683,-159489700.0,-0.001995705320259833,0.008515037486729375,0.013877702215220371,1
2021-08-03,145.80999755859375,148.0399932861328,145.17999267578125,147.36000061035156,64786600.0,9546953415.542604,0.012644284523559701,0.004019870005558923,0.008279211525141772,0.02987064326177702,61.20945990476919,-0.6107059797880989,0.26608308701192096,0.018609636019221307,10115500.0,0.00877613831989188,0.009131883076253297,0.013785420467365656,0
2021-08-04,147.27000427246094,147.7899932861328,146.27999877929688,146.9499969482422,56368300.0,8283321512.9776,-0.00278232668574363,0.013588089934871705,0.0106602690290436,-0.13919184579224364,59.89913557082791,-0.5806515749592607,0.15873441169629074,0.018062559157883178,72678400.0,0.00515056801721081,0.006306736155555366,0.013288146600620294,1
2021-08-05,146.97999572753906,147.83999633789062,146.1699981689453,147.05999755859375,46397700.0,6823245648.724365,0.0007485580989179397,0.009750056130845008,0.001771079710020551,-0.1946570509028902,60.14564192573385,-0.5523788561001757,0.1534179986055138,0.017570966146074656,62376600.0,0.004590530651108926,0.006259505407033582,0.013074647008355185,0
2021-08-06,146.35000610351562,147.11000061035156,145.6300048828125,146.13999938964844,54126800.0,7910090518.963623,-0.006255937605185613,0.001919640601434347,-0.01628970253577744,0.15407955000494766,56.99026246796173,-0.5911780988129292,-0.06950769981998552,0.01714198565714204,-62190800.0,-0.002045209891905375,0.007278922137295292,0.012880078564869972,0
2021-08-09,146.1999969482422,146.6999969482422,145.52000427246094,146.08999633789062,48908700.0,7145071803.890991,-0.0003421585600564825,0.003916932715054555,-0.019464454314732538,-0.10137414538317202,56.81579648570022,-0.613114356841479,-0.10361399109263628,0.016499946499155645,-48219500.0,-0.0029279641829658143,0.007145165103796563,0.012835790345556876,0
2021-08-10,146.44000244140625,147.7100067138672,145.3000030517578,145.60000610351562,69023100.0,10049763781.28357,-0.00335403002709167,-0.011943502304195164,-0.00797164362531022,0.34448593045398823,55.03773707076885,-0.6500128303312871,-0.22129927112259648,0.016555241785105184,-182029200.0,-0.006258611330838049,0.002741928678187369,0.01274681867063403,1
2021-08-11,146.0500030517578,146.72000122070312,145.52999877929688,145.86000061035156,48493500.0,7073261939.598084,0.00178567648308392,-0.007417464175072719,0.006069836589499555,-0.35301145670203127,55.827667660329126,-0.6450112668464008,-0.1289881598231616,0.015928074508695468,-77167400.0,-0.003365154550491467,0.0032881340363492256,0.011441913768943445,1
2021-08-12,146.19000244140625,149.0500030517578,145.83999633789062,148.88999938964844,72282600.0,10762156269.882202,0.020773335846824503,0.012443913106455318,0.022315298088575686,0.3991536611700539,63.80792985594761,-0.4357644495640143,0.6437911815499463,0.01602933292033293,-51282500.0,0.017195793105568402,0.010647027194396485,0.012397039202738935,1
2021-08-13,148.97000122070312,149.44000244140625,148.27000427246094,149.10000610351562,59375000.0,8852812862.39624,0.0014104823341263284,0.020254596457024876,0.022213118604183846,-0.1967101709377772,64.28947660378573,-0.2884418382888123,0.6126681521135077,0.015423920975570691,62219300.0,0.01768843580193491,0.009563926823845803,0.011932661593809834,1
2021-08-16,148.5399932861328,151.19000244140625,146.47000122070312,151.1199951171875,103296000.0,15610091015.625,0.013547880154139325,0.03443082281734755,0.038482618748701736,0.553725383691436,68.61507885470418,-0.07148875516969122,0.9801391654209081,0.016361732204280156,214424000.0,0.02843295521701883,0.009975937697188686,0.010267355968258791,0
2021-08-17,150.22999572753906,151.67999267578125,149.08999633789062,150.19000244140625,92229700.0,13851978868.170166,-0.006154001494375949,0.03152469880136777,0.01920468118439933,-0.11331644754123715,64.7277094694991,-0.01036368277236388,0.6571465687690743,0.01651888529478584,191217400.0,0.020700824989206,0.01074004349311723,0.00890850238847512,0
2021-08-18,149.8000030517578,150.72000122070312,146.14999389648438,146.36000061035156,86326000.0,12634673412.689207,-0.025501043803157875,0.003427944590070897,-0.004014946241192696,-0.06615137642441127,51.729616504458434,-0.2351610543146867,-0.18349924761850173,0.017970676837178512,56397900.0,-0.00565248088350534,0.01804104451477519,0.010682502975672825,1
2021-08-19,145.02999877929688,148.0,144.5,146.6999969482422,86960300.0,12757075744.618223,0.002323014050784167,-0.014708861914056182,-0.002447984607154119,0.007320865245809216,52.63884209918968,-0.3607293039268362,-0.10732121092495908,0.01835254081763441,71075600.0,-0.0033087387167837212,0.014472261486146321,0.010472571544119853,1
2021-08-20,147.44000244140625,148.5,146.77999877929688,148.19000244140625,60549600.0,8972845371.826172,0.010156820205591055,-0.006103310696564224,0.014027665665249822,-0.36198882378649344,56.50540032890503,-0.3433070944541936,0.22689032141513374,0.017737909975945237,72250200.0,0.006941036424278568,0.015604038311449383,0.010369850897707186,1
2021-08-23,148.30999755859375,150.19000244140625,147.88999938964844,149.7100067138672,60131800.0,9002332181.716919,0.010257131030562805,-0.009330257073042691,0.02477931731618277,-0.006924044007920571,60.08534447900917,-0.23447761809784762,0.5414867116437142,0.017401048412879767,29086000.0,0.017020581056720996,0.014883167229921654,0.010608696268515586,0
2021-08-24,149.4499969482422,150.86000061035156,149.14999389648438,149.6199951171875,48606400.0,7272489330.6640625,-0.0006012396810035625,-0.0037952414605034734,0.02760981349694336,-0.21278360632143034,59.771601406467965,-0.17627388825096024,0.4708988158917191,0.016984194171073067,72709300.0,0.015426136896130371,0.014681329800445973,0.009994829270129763,0
2021-08-25,149.80999755859375,150.32000732421875,147.8000030517578,148.36000061035156,58991300.0,8751949304.005432,-0.008421297606974743,0.01366493571781624,0.017139722950354708,0.19363476230464371,55.40997546326333,-0.22711634341308096,0.1826454861161364,0.017118245080728338,100044000.0,0.00572141491123257,0.007864934256217537,0.009765343461900847,0
2021-08-26,148.35000610351562,149.1199951171875,147.50999450683594,147.5399932861328,48597200.0,7170030561.7248535,-0.005527145597501004,0.005725946526004222,-0.00906713754483024,-0.19382405570197037,52.714015792881106,-0.315044991058512,-0.015890431391414217,0.016763308373578773,-35513500.0,-0.00048103986066749815,0.008708054978069384,0.00984292374271741,1
2021-08-27,147.47999572753906,148.75,146.8300018310547,148.60000610351562,55802400.0,8292236980.59082,0.007184579541948732,0.002766743068726818,-0.0033534539204033154,0.13825096048005747,55.71368294140333,-0.300912636039935,0.19531981395671896,0.016377790825351523,-40260700.0,0.00576661454562144,0.008015348344573583,0.009948886729453215,1
2021-08-30,149.0,153.49000549316406,148.61000061035156,153.1199951171875,90956700.0,13927289459.875488,0.03041715227469921,0.02277729109876825,0.013234516044346556,0.4885666829596289,65.70428109415433,-0.00205782472663385,0.9680997586073516,0.01704014506382646,-9435800.0,0.03370055116771753,0.015591432140017257,0.011882569499659922,0
2021-08-31,152.66000366210938,152.8000030517578,151.2899932861328,151.8300018310547,86453100.0,13126174331.300354,-0.008424721311841354,0.014770797928019164,0.01091949772281442,-0.05078149816370825,61.44401921239727,0.08881423616165907,0.6256310330352718,0.016818354868942082,-47282500.0,0.023447702878103494,0.01660484119403202,0.011880607719916036,1
2021-09-01,152.8300018310547,154.97999572753906,152.33999633789062,152.50999450683594,80313700.0,12248641945.82367,0.004478644981759983,0.02797245807098503,0.04201963563021072,-0.07366185286798554,62.81281117334213,0.17008055102178798,0.6486489179234685,0.0170227227548139,92022500.0,0.02610850937883802,0.015331032666554013,0.01185177087783314,1
2021-09-02,153.8699951171875,154.72000122070312,152.39999389648438,153.64999389648438,71115500.0,10926896140.945436,0.007474915944589711,0.04141250432689181,0.04737557663817982,-0.12163489913872283,65.05278687096961,0.2700349616944133,0.7149721738106339,0.01676805743889216,211735200.0,0.03149184859073961,0.014012361621793572,0.011911911773303056,1
2021-09-03,153.75999450683594,154.6300048828125,153.08999633789062,154.3000030517578,57808700.0,8919882586.418152,0.0042304535053308,0.03835798596314688,0.04123085572366758,-0.20716602924355243,66.2992766406783,0.3445774370479677,0.7047253194828871,0.016217647834863,213741500.0,0.03302605823850335,0.014129050314901628,0.011746921325143241,1
2021-09-07,154.97000122070312,157.25999450683594,154.38999938964844,156.69000244140625,82278300.0,12892187027.874756,0.01548930228372547,0.023315095598628544,0.04662344141684227,0.3529681148871049,70.46992622014236,0.5095413140643763,0.86325337789102,0.016178884301779193,205063100.0,0.045317800314909285,0.008611392786349599,0.01205443486040843,0
2021-09-08,156.97999572753906,157.0399932861328,153.97999572753906,155.11000061035156,74420200.0,11543317267.422483,-0.010083616098260806,0.021603100439573364,0.03669299339880405,-0.10037999176647006,64.76380106982646,0.46801434388342855,0.5968054530373996,0.016585418590750245,217096000.0,0.03150510078469626,0.009249380120016472,0.012348431524896017,0
2021-09-09,155.49000549316406,156.11000061035156,153.9499969482422,154.07000732421875,57305700.0,8829089618.719482,-0.006704875778740793,0.010228921864611884,0.038487508023566264,-0.2613273111383876,61.24828538482949,0.33263520788784984,0.4274594489072381,0.016506104697370193,79476600.0,0.021799587069641024,0.01047218395870401,0.012545467506169876,0
2021-09-10,155.0,155.47999572753906,148.6999969482422,148.97000122070312,140893200.0,20988860175.98877,-0.03310187486902216,-0.030458788556374516,0.009692341057634613,0.8996020509961582,47.60218794313609,-0.11433052540857958,-0.23650720060461447,0.01910271587945337,-132532100.0,-0.012050104124662009,0.018153035983437447,0.014166153773838995,1
2021-09-13,150.6300048828125,151.4199981689453,148.75,149.5500030517578,102404300.0,15314563377.513124,0.003893413615506436,-0.030784186040532235,0.006392980546584992,-0.3190734499829837,48.9939954987036,-0.37041659989827447,-0.16461705001564714,0.01894469516262716,-87936500.0,-0.008351576454354803,0.018105956170898087,0.01418889641250576,0
2021-09-14,150.35000610351562,151.07000732421875,146.91000366210938,148.1199951171875,109296300.0,16188967422.32666,-0.009562072252685905,-0.05469402763857556,-0.032654128523014525,0.0651338382983937,45.76620940400634,-0.6208684201486199,-0.32511730132036365,0.01976743512278199,-279511100.0,-0.016855923475288304,0.013524049206049205,0.013988259731116918,1
2021-09-15,148.55999755859375,149.44000244140625,146.3699951171875,149.02999877929688,83281300.0,12411412037.338257,0.006143692223250508,-0.03919800017490893,-0.01844169807014462,-0.27183850579210045,48.109050751036726,-0.7039105426011776,-0.1997509065040425,0.019714817141993052,-121809600.0,-0.01043483073080187,0.015617534497557315,0.014015820397901965,0
2021-09-16,148.44000244140625,148.97000122070312,147.22000122070312,148.7899932861328,68034100.0,10122793282.228088,-0.0016104508832446296,-0.03427022643657629,-0.024391852040466677,-0.2022149814142722,47.52591969022832,-0.7494568476047894,-0.25713823345216896,0.019205058247782306,-132538000.0,-0.012824892631519313,0.015876288029622015,0.01271182256661033,0
2021-09-17,148.82000732421875,148.82000732421875,145.75999450683594,146.05999755859375,129868800.0,18968636610.9375,-0.018347979371765355,-0.01953415881227072,-0.04939796055575563,0.64651565300165,41.38162056644196,-0.9263110840074653,-0.6055471665596146,0.019663044458331544,-121513600.0,-0.03073177599770327,0.01009527363922406,0.013411185263827934,0
2021-09-20,143.8000030517578,144.83999633789062,141.27000427246094,142.94000244140625,123478900.0,17650074267.46216,-0.02136105141269684,-0.044199267639358775,-0.07362281520202563,-0.05045441840255194,35.70096558035135,-1.1989731962474703,-0.8521132008263007,0.02105068435264873,-347396800.0,-0.049781106516483375,0.011450101992810314,0.01397821894302049,1
2021-09-21,143.92999267578125,144.60000610351562,142.77999877929688,143.42999267578125,75834000.0,10876870064.575195,0.003427943374884501,-0.03166353359447305,-0.08462575505149761,-0.48752354528785347,37.15993351939154,-1.2842788964846519,-0.6892346455607146,0.020386655890149895,-162266500.0,-0.04452938439995735,0.012683128758649652,0.013752112791863115,1
2021-09-22,144.4499969482422,146.42999267578125,143.6999969482422,145.85000610351562,76404300.0,11143567621.33484,0.016872436389261614,-0.02133793666931849,-0.05969953239893133,0.007492236319702528,43.92713460213805,-1.1215846589058072,-0.40672766094131246,0.020085582569570007,-169143500.0,-0.02718670118659927,0.015839868947173975,0.014389315525032809,1
2021-09-23,146.64999389648438,147.0800018310547,145.63999938964844,146.8300018310547,64838200.0,9520193024.72229,0.0067192025130498045,-0.013172871453182577,-0.04699166060223836,-0.1641440391358735,46.442404572662234,-0.901319812806074,-0.29747493205643644,0.019226935120920285,-36271200.0,-0.02015020197266615,0.016600572517998877,0.014386383868323296,1
2021-09-24,145.66000366210938,147.47000122070312,145.55999755859375,146.9199981689453,53477900.0,7856972970.079041,0.0006129288072487249,0.005887995513669475,-0.013761180338051293,-0.19262644811719198,46.67895072157198,-0.7112608634913229,-0.2839149640450477,0.018771239007836883,147075500.0,-0.019346753516003568,0.014056862610467414,0.0143370827147476,0
2021-09-27,145.47000122070312,145.9600067138672,143.82000732421875,145.3699951171875,74150700.0,10779286896.936035,-0.010549980064493591,0.017000088388674506,-0.02795057070726803,0.3268310192027215,43.14456980481742,-0.6531374116050903,-0.40726868548948253,0.019139490050842246,196403700.0,-0.028645530192937585,0.009935954606590594,0.014410250845871246,0
2021-09-28,143.25,144.75,141.69000244140625,141.91000366210938,108972300.0,15464259492.06848,-0.0238012765446467,-0.010597427952937055,-0.04192540953140722,0.38499420832021514,36.500706407984346,-0.8011578664256402,-0.6385597374947156,0.020057979466609217,11597400.0,-0.048200299734273755,0.015711574230760545,0.013241488054795119,1
2021-09-29,142.47000122070312,144.4499969482422,142.02999877929688,142.8300018310547,74602000.0,10655403796.600342,0.006482969101571312,-0.02070623343215716,-0.04160234180384015,-0.3789264007630315,39.18246680125773,-0.7892791452789991,-0.4960836387515699,0.01977553534845869,9795100.0,-0.03912973273547715,0.013048068389922928,0.013380989213248639,0
2021-09-30,143.66000366210938,144.3800048828125,141.27999877929688,141.5,89056700.0,12601523050.0,-0.009311781936598096,-0.03630049557029558,-0.048995185261643814,0.1771059268578874,36.76513010464889,-0.8195922373520397,-0.5395164239006607,0.020100465852554955,-144099800.0,-0.04453867702385539,0.011613414039090353,0.013332460051190537,1
2021-10-01,141.89999389648438,142.9199981689453,139.11000061035156,142.64999389648438,94639600.0,13500338362.365725,0.00812716534617941,-0.029063465325876225,-0.023346595365657308,0.060802746920742834,40.200480533717105,-0.7146257280786921,-0.40254998057887653,0.020422015041517107,-102938100.0,-0.033182912549312604,0.013264403350522471,0.013361881460235425,0
2021-10-04,141.75999450683594,142.2100067138672,138.27000427246094,139.13999938964844,98322000.0,13680523019.989014,-0.02460564077824645,-0.04285613219231976,-0.026584601838911426,0.03817181327789143,34.10952211216518,-0.8261319000769658,-0.6153159831149401,0.02169017535406607,-127109400.0,-0.05210235407529018,0.015772267108821632,0.014010046957125051,1
2021-10-05,139.49000549316406,142.24000549316406,139.36000061035156,141.11000061035156,80861100.0,11410309870.3537,0.014158410445197056,-0.00563739716096856,-0.01617508320365013,-0.19551493671623987,39.637500624625,-0.715870170360307,-0.434900257043546,0.021428889686995457,62724000.0,-0.03355271959759254,0.015774860884082503,0.013910091545104452,1
2021-10-06,139.47000122070312,142.14999389648438,138.3699951171875,142.0,83221100.0,11817396200.0,0.00630713192402288,-0.005811116855101939,-0.026397023945155862,0.028768053213504174,42.004750000096735,-0.5396802991303409,-0.336177718048201,0.02167494821822987,71343100.0,-0.023071337204983222,0.015754107710242,0.014084637260771185,1
2021-10-07,143.05999755859375,144.22000122070312,142.72000122070312,143.2899932861328,61732700.0,8845678168.534851,0.009084459761498742,0.012650129230620477,-0.02410957229977473,-0.29868714294912024,45.350151037879606,-0.304647393647248,-0.18134159529673294,0.021052190667446655,222132500.0,-0.010527299592237083,0.015492605665490164,0.014382724566247899,0
2021-10-08,144.02999877929688,144.17999267578125,142.55999755859375,142.89999389648438,58773200.0,8398689921.276855,-0.00272174895611621,0.0017525412597032552,-0.027361858988306564,-0.0491278048050674,44.5141345222883,-0.15157248231736586,-0.19973597666664508,0.020411568646155523,68719700.0,-0.011147972507296489,0.015285821722394559,0.012586255552978471,0
2021-10-11,142.27000427246094,144.80999755859375,141.80999755859375,142.80999755859375,64452200.0,9204418524.645996,-0.0006297854565047167,0.026376298584476876,-0.017610219746723166,0.09223789360046553,44.31113519947598,-0.03840073548026579,-0.1825553959240164,0.02046603886978486,102589500.0,-0.009460795416381451,0.006951627750859555,0.012515182031880805,0
2021-10-12,143.22999572753906,143.25,141.0399932861328,141.50999450683594,73035900.0,10335309807.80182,-0.009103025516294383,0.0028346247236501476,-0.0028187523426880245,0.12502723547130046,41.3758657974726,-0.03330444770991736,-0.3237164212210385,0.02029428650572388,-51307500.0,-0.016222517888251464,0.007267250370826362,0.012501437638460356,0
2021-10-13,141.24000549316406,141.39999389648438,139.1999969482422,140.91000366210938,78762700.0,11098452345.437622,-0.004239918507647045,-0.007676030548525503,-0.013442541093126703,0.07548843246314618,40.05700634770917,-0.05146586846951284,-0.3816356904989847,0.02009589371309627,-213291300.0,-0.017620879051148064,0.0067005869503063385,0.012351167757754817,1
2021-10-14,142.11000061035156,143.8800048828125,141.50999450683594,143.75999450683594,69907100.0,10049844311.98883,0.02022561046524851,0.0032800700867128274,0.015971692627815726,-0.1192723151779056,48.46075405616558,0.13703435408689946,0.1008663036069851,0.01976620989247179,-205116900.0,0.004008743714831509,0.011349317926799649,0.013377320404354439,1
2021-10-15,143.77000427246094,144.89999389648438,143.50999450683594,144.83999633789062,67940300.0,9840472803.19519,0.007512533892058082,0.01357594488640479,0.015352278549660925,-0.028537838960517092,51.24992769394195,0.331915704976546,0.3119477626797545,0.018902963512008205,-78403400.0,0.011982517953211591,0.011498421272590964,0.012918565942125093,1
2021-10-18,143.4499969482422,146.83999633789062,143.16000366210938,146.5500030517578,85589200.0,12543097521.19751,0.01180617755525204,0.026188681164493133,0.053255740222898584,0.23092972554486124,55.36841566940151,0.5600295578261874,0.5527719753067076,0.019141569924489094,71638000.0,0.022640474936236332,0.011920977880262132,0.01218609542703272,1
2021-10-19,147.00999450683594,149.1699981689453,146.5500030517578,148.75999450683594,76378900.0,11362124744.438171,0.01508011879261173,0.05123313038959787,0.05421298181132017,-0.11385262553677933,60.06414433997924,0.8276462314610997,0.7707059010257046,0.01876827452732566,221052800.0,0.036135151431834656,0.00925427183755765,0.012564898501333901,1
2021-10-20,148.6999969482422,149.75,148.1199951171875,149.25999450683594,58418800.0,8719589767.095947,0.003361118704377386,0.05925761569596677,0.05112672187912626,-0.2680687201546945,61.06229284030075,0.9949795666315346,0.7406344331505005,0.01814934423212413,358234300.0,0.03838458748539808,0.006541051031256058,0.01207111636567997,1
2021-10-21,148.80999755859375,149.63999938964844,147.8699951171875,149.47999572753906,61421000.0,9181210817.581177,0.0014739463272126496,0.03978854646124197,0.043199125768996094,0.050114039547036526,61.5180453383596,1.0705487304661057,0.6989985340616982,0.017673949976433723,349748200.0,0.03895741515568285,0.00567547147446719,0.012002264979034592,0
2021-10-22,149.69000244140625,150.17999267578125,148.63999938964844,148.69000244140625,58883400.0,8755372889.7583,-0.005284943194491021,0.026581097768976214,0.04051790617371265,-0.042192578201394326,58.85414055017763,1.0177449420330318,0.5668366020174668,0.01723851074021914,222924500.0,0.032831270320135664,0.008191752426446755,0.012083510903634383,0
2021-10-25,148.67999267578125,149.3699951171875,147.6199951171875,148.63999938964844,50720600.0,7539109953.042603,-0.0003362906109138919,0.014261318965326009,0.0408234852651872,-0.14922707487354714,58.68093134753786,0.9321523373739398,0.5148868957893183,0.016853531445416636,86614700.0,0.03131267083552358,0.007550826677187584,0.011796857837021394,1
2021-10-26,149.3300018310547,150.83999633789062,149.00999450683594,149.32000732421875,60893400.0,9092602933.996582,0.004574865025313457,0.0037645391103928727,0.0551905386230902,0.1827926514529743,60.388270870461874,0.874958275677367,0.5267127688861672,0.016630826887516135,71129200.0,0.03337434252290361,0.0038591417053217385,0.010237685314004173,0
2021-10-27,149.36000061035156,149.72999572753906,148.49000549316406,148.85000610351562,56094900.0,8349726207.376099,-0.0031476104851951847,-0.0027468070374445652,0.0563480394227065,-0.08207989374863445,58.58635086372836,0.7631769732067443,0.42956108996971476,0.01608670587084359,-43384500.0,0.02798031477775087,0.0038591890226118714,0.010271772215862167,1
2021-10-28,149.82000732421875,153.1699981689453,149.72000122070312,152.57000732421875,100077900.0,15268885935.992432,0.02499160946030532,0.020671739931755972,0.06128278487770733,0.5789039755850993,66.98366739135872,0.8886979388389968,0.7053765903530496,0.016595928723810893,-4727600.0,0.049658817748695405,0.012216308943181257,0.011094102123974325,0
2021-10-29,147.22000122070312,149.94000244140625,146.41000366210938,149.8000030517578,124953200.0,18717989741.326904,-0.0181556278395828,0.007465200027748864,0.03424473100852765,0.22199038248282577,57.615430294164135,0.7401728412719724,0.39372062346620584,0.0186327176408098,-70797400.0,0.028073006294154323,0.015593187660456793,0.012072054992336604,0
2021-11-01,148.99000549316406,149.6999969482422,147.8000030517578,148.9600067138672,74588300.0,11110673668.77594,-0.005607452074619768,0.002152901813325947,0.016444923998113037,-0.5159556033447252,55.09883707722061,0.54914850539367,0.28582241607280506,0.018358405586995304,-94665100.0,0.018874812286616915,0.015930137227742523,0.010466127324287866,1
2021-11-02,148.66000366210938,151.57000732421875,148.64999389648438,150.02000427246094,69122000.0,10369682735.321045,0.007115987586049588,0.0046878978965108065,0.008470084781880605,-0.07611059812584742,57.61478013660742,0.46150183284477975,0.36182113550083256,0.018316938306105878,-86436500.0,0.023007817234156347,0.01613066991624105,0.010202663263613573,1
2021-11-03,150.38999938964844,151.97000122070312,149.82000732421875,151.49000549316406,54511500.0,8257947434.440613,0.009798701365408391,0.01773597098687718,0.014940446659509998,-0.23746136680058783,60.88783015861345,0.46835848016007,0.47275362746581306,0.017857277539021107,24169900.0,0.02970017981600348,0.016328406510727193,0.010289653775930068,0
2021-11-04,151.5800018310547,152.42999267578125,150.63999938964844,150.9600067138672,60394600.0,9117169221.481323,-0.003498572579567205,-0.01055253675730794,0.00990106387898071,0.10248800659929813,59.11535418999326,0.40538572939960305,0.37724480783087533,0.017486931062483044,-136302600.0,0.023429912675956732,0.011164119400754034,0.010301387841167499,1
2021-11-05,151.88999938964844,152.1999969482422,150.05999755859375,151.27999877929688,65463900.0,9903378712.088013,0.0021197141706292832,0.00987981106400726,0.017418765857585283,0.080599147414123,59.874833126228765,0.3552668742963123,0.3761905913100698,0.017213942774796914,54114500.0,0.0226942237226897,0.006616532418905607,0.01022484677056688,0
2021-11-08,151.41000366210938,151.57000732421875,150.16000366210938,150.44000244140625,55020900.0,8277344330.328369,-0.005552593499925207,0.009935524038891419,0.012109816059937106,-0.17378572971671247,56.88742448991319,0.2409944301464919,0.2535102236145545,0.016743092279452573,73681900.0,0.01439943548103817,0.006600820332326416,0.01037254910819753,1
2021-11-09,150.1999969482422,151.42999267578125,150.05999755859375,150.80999755859375,56787900.0,8564183060.357666,0.0024594197765426262,0.005265919634944494,0.009978503625035273,0.03161016124808569,57.884202903500935,0.16917166244043536,0.27631034152226036,0.016157888655369122,61347800.0,0.013715822414690493,0.005999022959970961,0.009998075050719769,0
2021-11-10,150.02000427246094,150.1300048828125,147.85000610351562,147.9199981689453,65187100.0,9642475712.638857,-0.01916318172822462,-0.023565959434728834,-0.006247953620663993,0.13793831946313873,48.45963883806863,-0.08071021221625063,-0.21404204706610894,0.016726230789103347,-58350800.0,-0.008047230699668284,0.008790849014380594,0.011083256111304595,0
2021-11-11,148.9600067138672,149.42999267578125,147.67999267578125,147.8699951171875,41000000.0,6062669799.804688,-0.0003380411869712274,-0.02046907431937628,-0.03080561041754093,-0.4636895208423404,48.313067427008995,-0.2476709783171409,-0.31540810031192357,0.016382089228925596,-38956200.0,-0.009747204073231375,0.009012110043411122,0.010275625412536774,1
2021-11-12,148.42999267578125,150.39999389648438,147.47999572753906,149.99000549316406,63804000.0,9569962310.48584,0.014336988205730705,-0.008527189955988779,0.0012683740823462575,0.442243808888648,54.58491362042005,-0.21485636110627038,0.1099124235666259,0.0163874971733609,-40616100.0,0.002720922695290673,0.012207928960429744,0.010595503844031674,1
2021-11-15,150.3699951171875,151.8800048828125,149.42999267578125,150.0,59222800.0,8883420000.0,6.663448543164918e-05,-0.0029247702357464433,0.006981694678159567,-0.07450928021821568,54.61287479313862,-0.1927131826645443,0.07637305457531852,0.016382620233667714,73627600.0,0.0016326508279325136,0.012016158112948398,0.010334051434358735,1
2021-11-16,149.94000244140625,151.49000549316406,149.33999633789062,151.0,59256200.0,8947686200.0,0.006666666666666599,0.0012598796133023171,0.006532433673040128,0.0005638130018148502,57.436553864087735,-0.11480036724138643,0.35214319168230473,0.01612872214329493,76095900.0,0.00755666275282274,0.0124182076736452,0.00990214017422332,1
2021-11-17,151.0,155.0,150.99000549316406,153.49000549316406,88807000.0,13630986917.83142,0.016490102603735624,0.03765553943461408,0.013202191085076143,0.4045950542137007,63.52207498436419,0.08933378058289909,0.8949817681432921,0.0165998132952016,230090000.0,0.022728050284795076,0.007825202740165807,0.010498502376280684,1
2021-11-18,153.7100067138672,158.6699981689453,153.0500030517578,157.8699951171875,137827700.0,21758858326.013184,0.02853599235957094,0.06762697186859956,0.04577363603605056,0.43953887461865904,71.29628910263236,0.4822907270255836,1.2547470882881038,0.01752923606029057,408917700.0,0.04898050580063562,0.010752651477334788,0.012120355318589878,1
2021-11-19,157.64999389648438,161.02000427246094,156.52999877929688,160.5500030517578,117305600.0,18833414437.98828,0.016976043690765552,0.07040467479064816,0.061277130798929935,-0.16122185771907738,74.83090090844453,0.8634105949957174,1.1639200716419928,0.01800303869297084,462419300.0,0.06260114250221083,0.01088518661699876,0.012358275471375314,1
2021-11-22,161.67999267578125,165.6999969482422,161.0,161.02000427246094,117467900.0,18914681759.87701,0.002927444483147079,0.07346669514973958,0.07032705171070042,0.0013826094041426984,75.40295127392567,1.074126925355498,0.955077449469576,0.018952852212278798,520664400.0,0.06136359373213951,0.010027738798805362,0.012320651873747937,1
2021-11-23,161.1199951171875,161.8000030517578,159.05999755859375,161.41000366210938,96041900.0,15502123430.715942,0.0024220555167078217,0.06894042160337333,0.07028715784838635,-0.2013805482911657,75.89258007329094,1.1594378388810789,0.8227157889768965,0.018769085383909537,557450100.0,0.05971178856266546,0.010972693851922701,0.01232550270566971,1
2021-11-24,160.75,162.13999938964844,159.63999938964844,161.94000244140625,69463600.0,11248935553.588867,0.003283555958565998,0.05505242456075443,0.094780992739387,-0.32398167623370355,76.5750114182255,1.1679667682032941,0.7429005252091304,0.018474097635688608,538106700.0,0.05864240943896171,0.011633666075982513,0.01221335911265883,0
2021-11-26,159.57000732421875,160.4499969482422,156.36000061035156,156.80999755859375,76959800.0,12068066050.109863,-0.031678429081589354,-0.006714369996698277,0.06045852936101914,0.10248033183591687,59.12775277199054,0.7640528933372774,0.2961969932375523,0.020257473983250562,323319200.0,0.02368755852793436,0.01809391887055714,0.013648174794562895,1
2021-11-29,159.3699951171875,161.19000244140625,158.7899932861328,160.24000549316406,88748200.0,14221012055.508425,0.02187365594013646,-0.0019308474163891587,0.06833788668983787,0.1425199371322705,64.88818917905827,0.6673402810661724,0.51642435860813,0.02036029487605944,294761800.0,0.042526705771891216,0.01940955391614079,0.013554930144431928,1
2021-11-30,159.99000549316406,165.52000427246094,159.9199981689453,165.3000030517578,174048100.0,28770151461.15265,0.031577617231232535,0.026580540713778023,0.10200002034505218,0.6735285458125269,71.3116889977336,0.8707464300200156,0.7788324546489421,0.0207471022959435,351342000.0,0.06976097814563786,0.024211364025380263,0.01474360294995187,0
2021-12-01,167.47999572753906,170.3000030517578,164.52999877929688,164.77000427246094,152052500.0,25053691074.638367,-0.003206284147078464,0.02081655742592803,0.09119208127457568,-0.13510584101530299,69.86984747326056,0.8928732035207378,0.649803810657189,0.021828458679914564,103247600.0,0.06126577991970983,0.024518880929051714,0.014857689157767319,0
2021-12-02,158.74000549316406,164.1999969482422,157.8000030517578,163.75999450683594,136739200.0,22392410640.86914,-0.006129815739731703,0.011238681227562664,0.06690982243875987,-0.10615039326227205,67.08613137195073,0.7675494360281401,0.521009959225743,0.023434460278226713,-102955200.0,0.05060895217200323,0.02498022208181822,0.015002124194250278,0
2021-12-03,164.02000427246094,164.9600067138672,159.72000122070312,161.83999633789062,118023100.0,19100858071.7865,-0.011724464053185835,0.032077028618136216,0.025147281582901027,-0.14719509277106724,62.02700117609115,0.49655347058720123,0.3580885967181753,0.02433142030235087,-144018500.0,0.03468003922115215,0.01904658159392876,0.015327987450577299,1
2021-12-06,164.2899932861328,167.8800048828125,164.27999877929688,165.32000732421875,107497000.0,17771404827.331543,0.021502787105003085,0.03170245667066829,0.029710396647723458,-0.09341742698727273,66.89940614155962,0.4919432730013562,0.5279483346574485,0.024727526983836668,-125269700.0,0.05220619091025047,0.018972214445436397,0.015834074642392473,1
2021-12-07,169.0800018310547,171.5800018310547,168.33999633789062,171.17999267578125,120405400.0,20610995490.12451,0.035446316791349686,0.03557162441299133,0.06309767813773415,0.11340144116842765,73.1475730665882,0.8053033538387253,0.777951760846513,0.024787363049554745,-178912400.0,0.08235928821622251,0.020288739017527157,0.017061464337052776,1
2021-12-08,172.1300048828125,175.9600067138672,170.6999969482422,175.0800018310547,116998900.0,20484167626.231384,0.02278308985945654,0.06257205371886321,0.08469114589428828,-0.028699849081334605,76.34754936944721,1.1746176406184086,0.8520374628244042,0.024650085374154303,90139000.0,0.09858943426140221,0.02029250392360179,0.017402680532430912,0
2021-12-09,174.91000366210938,176.75,173.9199981689453,174.55999755859375,108923700.0,19013720806.073,-0.0029700951966102895,0.0659501918297083,0.07793006624014165,-0.07151689529575833,75.06310379834309,1.2748907522892985,0.736293194324083,0.02411556548590368,117954500.0,0.08624764610984803,0.019609858192269628,0.016440499121799727,1
2021-12-10,175.2100067138672,179.6300048828125,174.69000244140625,179.4499969482422,115402700.0,20709014162.81891,0.028013287454401015,0.10881117776093663,0.14437854564208363,0.057780113050533544,78.69325195948957,1.5436256464409466,0.870462072679623,0.023800890825764205,351380300.0,0.10581157145000186,0.014455706896585202,0.016860513399067575,0
2021-12-13,181.1199951171875,182.1300048828125,175.52999877929688,175.74000549316406,153237000.0,26929871221.75598,-0.020674235264256824,0.0630292626863369,0.09672990182630281,0.28355798968672374,70.32834459241077,1.351512035334328,0.6227399894715765,0.02524992740099926,90646300.0,0.0744254145871921,0.02352014708004952,0.018140162128095355,0
2021-12-14,175.25,177.74000549316406,172.2100067138672,174.3300018310547,139380400.0,24298185387.21313,-0.008023236702153325,0.018401736710198513,0.05462794078999167,-0.09477885599967806,67.39616321430145,1.0243179006430099,0.5119921845123986,0.025901815545765726,-169139500.0,0.05793680677132307,0.02080414008320919,0.018417015636914974,1
2021-12-15,175.11000061035156,179.5,172.30999755859375,179.3000030517578,131063300.0,23499650089.97345,0.02850915601733095,0.024103273798084857,0.08818351885984232,-0.06152647280162071,71.85111112997652,1.0344323469892265,0.7145337428414116,0.026249313795588917,-155075100.0,0.0788336915397041,0.02221812926405312,0.01899091228883946,0
2021-12-16,179.27999877929688,181.13999938964844,170.75,172.25999450683594,150185800.0,25871005083.00476,-0.039263850669816525,-0.013176003001408088,0.051905228902808576,0.13619278067524476,59.45787608732111,0.4866266149533818,0.2999892085545653,0.02967877802640416,-196337200.0,0.03065454847194049,0.03001996402345324,0.021700892779465897,0
2021-12-17,169.92999267578125,173.47000122070312,169.69000244140625,171.13999938964844,195432700.0,33446352158.717342,-0.006501771466984829,-0.04630815101652275,0.05746418229237471,0.26334287884519014,57.75124300376846,-0.0054634882656605654,0.2043882130131095,0.029316874591888455,-507172600.0,0.019904640116346517,0.024830114902429958,0.021194984569337445,0
2021-12-20,168.27999877929688,170.5800018310547,167.4600067138672,169.75,107499100.0,18247972225.0,-0.00812200183829448,-0.03408447311899654,0.02679647035759758,-0.5977335950098315,55.61757908399021,-0.45405452787670075,0.09412095201989945,0.028994218965996094,-461434700.0,0.008855339262115569,0.02399947626852211,0.021145233584691166,1
2021-12-21,171.55999755859375,173.1999969482422,169.1199951171875,172.99000549316406,91185900.0,15774249341.899109,0.01908692484927288,-0.007686550357460686,0.010573740476850002,-0.16458219391094175,59.38438728108534,-0.5553543363768947,0.26758226655215867,0.028103603169868915,-230868400.0,0.024467259897194227,0.026547391065681537,0.021448778942653495,1
2021-12-22,173.0399932861328,175.86000061035156,172.14999389648438,175.63999938964844,92135300.0,16182644035.765076,0.01531876878626437,-0.020412736195285275,0.0031985238333165356,0.010357868895624733,62.209458764730485,-0.4700558228706324,0.39942538073542727,0.02721124337684158,-269796400.0,0.035796419859046136,0.02330748898353028,0.021598191756193003,1
2021-12-23,175.85000610351562,176.85000610351562,175.27000427246094,176.27999877929688,68356600.0,12049901364.556885,0.0036438134358485197,0.023336841986845602,0.009853352685375683,-0.2985200247752111,62.88096868911928,-0.3994743865778325,0.40174749446109503,0.025816063034274837,-51254000.0,0.03519351738519383,0.01235657415364532,0.02159731351919348,1
2021-12-27,177.08999633789062,180.4199981689453,177.07000732421875,180.3300018310547,74919600.0,13510251605.181885,0.022974830268908786,0.05369874064614555,0.00490390023838394,0.09167741692945697,66.89040785716507,-0.12328837442815654,0.6433134318192908,0.025073524343893882,219098300.0,0.05171378849969144,0.012711521084406815,0.020194412064535285,0
2021-12-28,180.16000366210932,181.3300018310547,178.52999877929688,179.2899932861328,79144300.0,14189781015.63568,-0.00576725189575622,0.056200254999309696,0.02020022579950842,0.0548572293268883,64.9502630336811,-0.05726317424749805,0.53421825800682,0.024533126036316993,247453100.0,0.03987166706630374,0.011860519335523996,0.020083274287327944,1
2021-12-29,179.3300018310547,180.6300048828125,178.13999938964844,179.3800048828125,62348900.0,11184145986.437988,0.0005020447322792165,0.03693854666014773,0.02896806630365223,-0.2385267355402938,65.04476238022846,-0.054178089751271585,0.49334127435333375,0.023760841270445986,218616100.0,0.036162910096399825,0.011622478156493305,0.01916711840002347,0
2021-12-30,179.47000122070312,180.57000732421875,178.08999633789062,178.1999969482422,59773000.0,10651548417.58728,-0.006578257901939555,0.0145752537433943,-0.006135003261534155,-0.042191974956828915,62.659680125525405,-0.17163057230202128,0.36517014416006266,0.023203811799808505,66707800.0,0.025369537864650793,0.011981712542895233,0.01925098879445504,0
2021-12-31,178.08999633789062,179.22999572753906,177.25999450683594,177.57000732421875,64062300.0,11375543080.2063,-0.0035352953693170708,0.007317951859853178,0.030825571732919554,0.06930199227569389,61.36592679787334,-0.3229845490331744,0.28261130729085193,0.022415284281102784,-65711100.0,0.017701057566312572,0.012304346835723234,0.019187051684418345,1
2022-01-03,177.8300018310547,182.8800048828125,177.7100067138672,182.009994506836,104487900.0,19017842105.030823,0.025004150472947906,0.009316212824947767,0.0635152223673845,0.48921522181111143,66.60003109095658,-0.1633628774448619,0.7031148244528489,0.022390319135570946,-36142800.0,0.03715308193389366,0.013190554839650656,0.019336645647065342,0
2022-01-04,182.6300048828125,182.94000244140625,179.1199951171875,179.6999969482422,99310400.0,17846078576.92871,-0.012691597320536374,0.002286818436403326,0.058615593214976114,-0.05082097602919333,61.9012442866463,-0.24759124582265724,0.44866172064170334,0.02257668038243463,-56308900.0,0.019811685678418067,0.014498697306186394,0.01941161000183454,0
2022-01-05,179.61000061035156,180.1699981689453,174.63999938964844,174.9199981689453,94537600.0,16536516818.896484,-0.02659988236212174,-0.024863455192683626,0.011156671567696508,-0.049252659227661866,53.491261668530555,-0.6373101018400318,-0.20056293766957062,0.02379511512814157,-213195400.0,-0.008367546544524984,0.01891116801193103,0.019137713690030225,0
2022-01-06,172.6999969482422,175.3000030517578,171.63999938964844,172.0,96904000.0,16667488000.0,-0.016693335236175,-0.03479235159607197,-0.020724205205519763,0.024723158493298314,49.10252965452548,-1.077921318474571,-0.553845767563016,0.023990507928773313,-250326400.0,-0.024069176594124664,0.01966426570814357,0.018833883530540368,1
2022-01-07,172.88999938964844,174.13999938964844,171.02999877929688,172.1699981689453,86709100.0,14928705588.230896,0.0009883614473564784,-0.030410592625666477,-0.023315184018677604,-0.1111619585916479,49.36300731002159,-1.3276801645284353,-0.5010976438088005,0.023545157586215986,-99555000.0,-0.022441775933745856,0.019959800706207034,0.018829774263110343,1
2022-01-10,169.0800018310547,172.5,168.1699981689453,172.19000244140625,106765600.0,18383968924.658203,0.00011618907285648739,-0.05395303753531466,-0.04513946269059843,0.2080769371872826,49.39582619454209,-1.4512698791136058,-0.4499721192637807,0.02365700995704406,-97277300.0,-0.020308988579194498,0.011682460140007556,0.017597794796658735,1
2022-01-11,172.32000732421875,175.17999267578125,170.82000732421875,175.0800018310547,76138300.0,13330293703.413391,0.016783781570778755,-0.025709489124355223,-0.023481463621671916,-0.33808435008237225,54.03114171431259,-1.302836328172324,-0.08140887574366655,0.023383389055416322,78171400.0,-0.0036790017904795302,0.016880648858419688,0.01748919950474842,1
2022-01-12,176.1199951171875,177.17999267578125,174.82000732421875,175.52999877929688,74805200.0,13130556664.68506,0.0025702361408266317,0.0034873120097016486,-0.021462849808878137,-0.017664021898504245,54.726539265538946,-1.1444308243719816,-0.03244281307060437,0.022617832979465836,247514200.0,-0.0014591621506304664,0.011886166763211746,0.01739493484084952,0
2022-01-13,175.77999877929688,176.6199951171875,171.7899932861328,172.19000244140625,84505800.0,14551053908.312988,-0.019028065636177538,0.001104665357013035,-0.033726120144556004,0.12193276824558552,48.822969067962276,-1.227339100032681,-0.4107508488180069,0.02341325926069397,259912400.0,-0.018474484663277835,0.01275685903941431,0.01659378834347357,1
2022-01-14,171.33999633789062,173.77999877929688,171.08999633789062,173.07000732421875,80440800.0,13921889845.166016,0.005110661887074208,0.005227444762996969,-0.025342117555830268,-0.04929866030699159,50.34289327713717,-1.1850440155380295,-0.3073355468225529,0.02274054235280299,253644100.0,-0.013685943683619084,0.01294540806622804,0.014115011666135316,0
2022-01-18,171.50999450683594,172.5399932861328,169.41000366210938,169.8000030517578,90956700.0,15444447937.57782,-0.018894112983626976,-0.013880012519668306,-0.06708418121851867,0.1228620575076782,44.995260922866144,-1.3286340027990406,-0.697485573699336,0.023062501466853933,55921800.0,-0.031951845645632804,0.015789666192412368,0.014690903943108588,0
2022-01-19,170.0,171.0800018310547,165.94000244140625,166.22999572753906,94815000.0,15761097044.906616,-0.021024777738847034,-0.05054835510029032,-0.07495827183894055,0.04154405504420211,39.99968654807179,-1.5973231956947236,-1.018005245713364,0.02408374261268505,-115031500.0,-0.05135297408735373,0.012924582175547053,0.015322642751279732,0
2022-01-20,166.97999572753906,169.67999267578125,164.17999267578125,164.50999450683594,91420500.0,15039585952.812197,-0.010347117036099251,-0.06278131572436785,-0.059512941750976545,-0.036457882049372614,37.82099411057377,-1.808633325385412,-0.9982972155943848,0.024985336337524835,-281257200.0,-0.058891534948138924,0.01084407326135612,0.014699156531468053,0
2022-01-21,164.4199981689453,166.3300018310547,162.3000030517578,162.41000366210938,122848900.0,19951890298.88611,-0.01276512622240289,-0.056797715550441774,-0.0557557926621548,0.2954853999683742,35.293406349101275,-1.9930299525872193,-0.9737633320242417,0.02527306796328872,-319600300.0,-0.06737564166433374,0.01029809096685507,0.014251264469196643,0
2022-01-24,160.02000427246094,162.3000030517578,154.6999969482422,161.6199951171875,162294600.0,26230052459.5459,-0.00486428500159064,-0.06615826961618776,-0.06127666355322492,0.2784580553513969,34.36301922845264,-2.062748813504821,-0.869031212705828,0.02699002790717406,-562335700.0,-0.06798918597888781,0.006533447551860184,0.014143584881399295,0
2022-01-25,158.97999572753906,162.75999450683594,157.02000427246094,159.77999877929688,115798400.0,18502268210.64453,-0.011384707297859231,-0.05901062480786101,-0.07207156911640278,-0.33756245165621834,32.23181656859329,-2.1192414404859017,-0.8541412912888527,0.0279168039236458,-587177400.0,-0.07310777450053263,0.0058316221126483965,0.01267479876097053,0
2022-01-26,163.5,164.38999938964844,157.82000732421875,159.69000244140625,108275300.0,17290482921.343994,-0.0005632515870458432,-0.03934303948880713,-0.08790266865829244,-0.06717368969814075,32.12686369658694,-2.0479715918120807,-0.7470053673764003,0.028876081665995805,-600637700.0,-0.06833329560977708,0.005118799294251759,0.012732140701587808,0
2022-01-27,162.4499969482422,163.83999633789062,158.27999877929688,159.22000122070312,121954600.0,19417611560.87036,-0.0029432100539642514,-0.0321560601955585,-0.09291857615233723,0.11897178547224385,31.549093335625216,-1.9199420641441478,-0.6844896867408838,0.02938695660497145,-631171800.0,-0.06558016104264297,0.005331120596430267,0.012667027565505752,1
2022-01-28,165.7100067138672,170.35000610351562,162.8000030517578,170.3300018310547,179935700.0,30648448110.472107,0.06977766942076213,0.04876545773265728,-0.010802024414771072,0.38895071787896285,53.04543411872782,-1.0196635885088166,0.020806663873384198,0.03017541183668041,-328387200.0,0.0019352922454467514,0.03365535361606047,0.02112458552901473,1
2022-01-31,170.16000366210938,175.0,169.50999450683594,174.77999877929688,115541600.0,20194360706.958008,0.026125737688043937,0.081425591261572,0.00988034542504379,-0.4429689234763394,58.647150177183015,-0.1052503737262187,0.31697294819714394,0.029550258852885758,-50551000.0,0.028955937626275352,0.033081233618575664,0.022036265686909296,0
2022-02-01,174.00999450683594,174.83999633789062,172.30999755859375,174.61000061035156,86213900.0,15053809131.620789,-0.0009726408635577499,0.09281513296003507,0.028327429164577644,-0.292799217761047,58.36071058501761,0.4754897616671565,0.3564069579954481,0.028501199905428005,-20966500.0,0.030199157574474444,0.031183819494593108,0.021199465256956745,1
2022-02-02,174.75,175.8800048828125,173.3300018310547,175.83999633789062,84914300.0,14931330201.034546,0.007044245594408194,0.10113340628453038,0.05781147119863328,-0.01518890480740609,59.88726554432219,0.9049073201803204,0.47623481858938077,0.0273161207346433,172223100.0,0.03863883185318917,0.03020450164387367,0.0211281957375357,0
2022-02-03,174.47999572753906,176.24000549316406,172.1199951171875,172.89999389648438,89418100.0,15460388944.23523,-0.016719759455390393,0.08591880775593452,0.050999937206245516,0.05168060935888619,54.72300826777182,0.9487860330216614,0.2732218850825766,0.027498338484249287,204759600.0,0.021882675881211622,0.03327124693412682,0.02060414023544965,0
2022-02-04,171.67999267578125,174.10000610351562,170.67999267578125,172.38999938964844,82465400.0,14216210255.667114,-0.0029496502304173777,0.012094155676913632,0.06144939044704567,-0.08094431016326098,53.85543646768823,0.9016312260449918,0.23376121607016717,0.027026769404857813,-57641500.0,0.01875106860532516,0.015731994223581822,0.020257850748883623,0
2022-02-07,172.86000061035156,173.9499969482422,170.9499969482422,171.66000366210938,77251200.0,13260941274.902344,-0.004234559603942367,-0.017850984889451027,0.062121079372896126,-0.06531636097473381,52.57068650093905,0.7837953414723822,0.1822145687766135,0.02645132427038161,-250434300.0,0.01458999754255319,0.008560827484226584,0.020282200775023292,1
2022-02-08,171.72999572753906,175.35000610351562,171.42999267578125,174.8300018310547,74829200.0,13082389173.016356,0.018466725511581794,0.001259957734002004,0.09419203383864261,-0.031854266083055194,57.33089499638757,0.8749371498146145,0.40000320491304847,0.025718150792620246,-89391200.0,0.03252059972794452,0.013193816202242447,0.020696578189594386,1
2022-02-09,176.0500030517578,176.64999389648438,174.89999389648438,176.27999877929688,71285000.0,12566119712.982178,0.008293753549481586,0.0025022887316303866,0.10388875999909808,-0.04852225586539305,59.34104342106676,0.9805237048923241,0.4956430639529621,0.02442216483311755,-103020500.0,0.04071529325215972,0.013363725689456688,0.0204404090399584,0
2022-02-10,174.13999938964844,175.47999572753906,171.5500030517578,172.1199951171875,90865900.0,15639838264.318848,-0.02359884099680365,-0.004511271294571961,0.08101993341026947,0.24269886365910764,51.80114856312616,0.7293769808606074,0.21351264179986393,0.025188741608857784,-104468300.0,0.01717950391851808,0.015732985335308133,0.021129238076200638,0
2022-02-11,172.3300018310547,173.0800018310547,168.0399932861328,168.63999938964844,98670700.0,16639826787.776184,-0.020218427993619836,-0.021753001991281273,-0.009921930506890497,0.08240324904032192,46.48065379237215,0.3095363949137778,-0.029220689546949,0.026006932706428815,-120673600.0,-0.002339746290602407,0.018046908378131842,0.021184967840746496,1
2022-02-14,167.3699951171875,169.5800018310547,166.55999755859375,168.8800048828125,86185500.0,14555007660.827637,0.0014231824835904128,-0.0161947962250365,-0.033756688051786665,-0.13528609166757022,46.885835786763266,0.04266679297807063,0.0040383476765127515,0.025392299283203378,42763100.0,0.00031988812330241423,0.01822525677468747,0.021146527817938077,1
2022-02-15,170.97000122070312,172.9499969482422,170.25,172.7899932861328,62527400.0,10804109026.19934,0.023152465006342826,-0.011668526703404236,-0.010423270819866493,-0.3208970849998387,53.11351184598237,0.11977867511988283,0.28233339238307226,0.024727483212404866,30461300.0,0.022574245066021126,0.019675920541248698,0.021364692657742986,0
2022-02-16,171.85000610351562,173.33999633789062,170.0500030517578,172.5500030517578,61177400.0,10556160556.698608,-0.0013889128057177347,-0.021159494856867078,-0.01871015329078385,-0.02182702004874315,52.70503209922371,0.14333421378917777,0.241033243339475,0.0243550911962902,-102001100.0,0.01924788743715622,0.018845141952285063,0.020737147476852874,0
2022-02-17,171.02999877929688,171.91000366210938,168.47000122070312,168.8800048828125,69589300.0,11752241323.791504,-0.021269186346200564,-0.018824020022595644,-0.023250371055991148,0.12883297764228274,46.78009709671503,-0.08713492725906635,-0.04752742578327377,0.024832562392870055,-80724500.0,-0.003716565188877974,0.01826314486994381,0.021219469469734763,0
2022-02-18,169.82000732421875,170.5399932861328,166.19000244140625,167.3000030517578,82772700.0,13847872962.602234,-0.009355766137921773,-0.00794589861681938,-0.029526053459666413,0.1734874747015418,44.46268322539796,-0.33116296127603395,-0.1927072659711999,0.025133802462207755,-64826500.0,-0.014459096918103875,0.016346516403216695,0.02111208714965423,0
2022-02-22,164.97999572753906,166.69000244140625,162.14999389648438,164.32000732421875,91162800.0,14979871963.69629,-0.017812287347162448,-0.02700140589028277,-0.0427589198491366,0.09654862113992024,40.39784372119412,-0.6594866464025118,-0.45216881210660664,0.026000449671980178,-242174800.0,-0.03278303302453023,0.01769784464760457,0.02151830178470847,0
2022-02-23,165.5399932861328,166.14999389648438,159.75,160.07000732421875,90009200.0,14407773303.24707,-0.02586416632525068,-0.0736152928766558,-0.08442483756934993,-0.012735031663016372,35.42388781893099,-1.1029795447021105,-0.8027099640614034,0.027640190501124994,-394711400.0,-0.05787970548554289,0.00977580597643184,0.022191501561566025,1
2022-02-24,152.5800018310547,162.85000610351562,152.0,162.74000549316406,141147500.0,22970344925.34637,0.01668019020913314,-0.056853070907516345,-0.07680958350291867,0.4498935515350375,40.38950453370288,-1.1512776137972551,-0.6296413333344612,0.03000700295093866,-192386500.0,-0.043023909527642235,0.01688438011933239,0.022488374575584988,1
2022-02-25,163.83999633789062,165.1199951171875,160.8699951171875,164.85000610351562,91974200.0,15161947431.365969,0.012965469700934706,-0.023863090139613186,-0.04223791087561979,-0.42829733616330756,44.05093217177191,-0.9824570969241051,-0.5250761347352264,0.029348505229035954,-30823000.0,-0.03221826666623373,0.018779702829454976,0.022615780233841795,1
2022-02-28,163.05999755859375,165.4199981689453,162.42999267578125,165.1199951171875,95056600.0,15695745327.856443,0.0016377858882354879,-0.013030531349696894,-0.020872890685488255,0.03296440037232884,44.52051085329985,-0.8015867301521984,-0.45885132282275737,0.028501057197034968,147006300.0,-0.029148510365295754,0.018738528784292156,0.016041171722775985,0
2022-03-01,164.6999969482422,166.60000610351562,161.97000122070312,163.1999969482422,83474400.0,13623021825.256348,-0.011627896231359958,-0.00681603168241518,-0.03363339513468,-0.12993250417935442,41.831698927682595,-0.7605781618913423,-0.5686682297940692,0.02880306094237144,154694700.0,-0.03715964356683876,0.01764559561655271,0.014801309340136992,1
2022-03-02,164.38999938964844,167.36000061035156,162.9499969482422,166.55999755859375,79724800.0,13278962493.359377,0.02058823941900667,0.04054469880312839,-0.036055303950515594,-0.04595929319010139,47.775912096540736,-0.47069129774062923,-0.23399479889812244,0.028097372707863524,324428700.0,-0.014997416276694264,0.01307847043184808,0.015736707212740397,0
2022-03-03,168.47000122070312,168.91000366210938,165.5500030517578,166.22999572753906,76678400.0,12746250104.394531,-0.001981279033932526,0.021445189360778327,-0.036627106418091526,-0.03896065174786045,47.265042886070596,-0.27442322234752536,-0.23132571874291646,0.027585995542111708,106602800.0,-0.014147601520994812,0.01265538898885227,0.015585153554959968,0
2022-03-04,164.49000549316406,165.5500030517578,162.10000610351562,163.1699981689453,83737200.0,13663398770.672607,-0.01840821534766368,-0.010191130557285932,-0.03381102882978604,0.08806327008094783,42.70500042828388,-0.32071877040995345,-0.47538406355177476,0.02790387296058428,-69108600.0,-0.02949522485914635,0.014877664532308064,0.01566949203634833,0
2022-03-07,163.36000061035156,165.02000427246094,159.0399932861328,159.3000030517578,96418800.0,15359515134.246826,-0.02371756548762427,-0.035247046012199634,-0.047818289623850374,0.14101787857491743,37.74519616799235,-0.5675827782218104,-0.7332598779394133,0.029221587048853234,-260584000.0,-0.04881040358498934,0.017445171294649536,0.016354814203812625,0
2022-03-08,158.82000732421875,162.8800048828125,155.8000030517578,157.44000244140625,131148300.0,20647988672.18628,-0.011676086470301161,-0.03529408464794692,-0.0418695507311998,0.30762753787613306,35.60485789941664,-0.797651402060505,-0.770666079926353,0.03066700537240485,-308257900.0,-0.05590850804017733,0.017448360055916087,0.01644927400547054,1
2022-03-09,161.47999572753906,163.41000366210938,159.41000366210938,162.9499969482422,91454900.0,14902575675.901794,0.034997423916368176,-0.021673875259764053,0.017992062799060626,-0.36048278606915574,45.46953152413061,-0.5329785475534741,-0.28158383666469494,0.03013052939865197,-296527800.0,-0.01937481770113736,0.023345514538501054,0.017990509268141153,0
2022-03-10,160.1999969482422,160.38999938964844,155.97999572753906,158.52000427246094,105342000.0,16698814290.06958,-0.027186209013482565,-0.046381469369194184,-0.025930939401869413,0.14136624398030406,40.1448246352983,-0.6052179019906969,-0.6312912983244345,0.03190088905809058,-325191400.0,-0.04090897464882948,0.025389948403990184,0.018522415240836032,0
2022-03-11,158.92999267578125,159.27999877929688,154.5,154.72999572753906,96970100.0,15004183158.699036,-0.02390870831928371,-0.05172521012513287,-0.061389202312930546,-0.0828095156328601,36.23525939087935,-0.8426186894571162,-0.8473202519258841,0.032554439823153966,-338424300.0,-0.05888867752326987,0.02600058784110984,0.018538796583381048,0
2022-03-14,151.4499969482422,154.1199951171875,150.10000610351562,150.6199951171875,108732100.0,16377228371.081545,-0.026562403695717718,-0.05448843545690396,-0.08781492507742139,0.11448437404171585,32.53496999407966,-1.1895951694907843,-0.9642692560998674,0.033249672899011616,-350737600.0,-0.07883876706659465,0.02639577825044099,0.01886167496661864,1
2022-03-15,150.89999389648438,155.57000732421875,150.3800048828125,155.08999633789062,92964300.0,14417832946.554564,0.029677342754030223,-0.014926359673998468,-0.049693632120125564,-0.15667150867186308,39.742194738097,-1.036795489926042,-0.5607996226064824,0.03237514461986518,-126625000.0,-0.047484540063808645,0.03196925317514339,0.020400147745381587,1
2022-03-16,157.0500030517578,160.0,154.4600067138672,159.58999633789062,102300200.0,16326088543.36548,0.02901541109199557,-0.02061982616310698,-0.041846789882733826,0.09569607852002449,45.99678053196846,-0.5744782888346829,-0.20208928686667293,0.031694515722446,-115779700.0,-0.015857674002244027,0.030277819341102317,0.020848852264692398,1
2022-03-17,158.61000061035156,161.0,157.6300048828125,160.6199951171875,75615400.0,12145345178.78418,0.006454030972694147,0.013247481630880742,-0.03374842540179501,-0.30225165839580725,47.344011007256846,-0.16253495234984694,-0.08333711853183977,0.030740548518946687,65177700.0,-0.005849070247317734,0.027378850499594966,0.020969206076170352,1
2022-03-18,160.50999450683594,164.47999572753906,159.75999450683594,163.97999572753906,123511700.0,20253448038.301086,0.020918943546848645,0.059781556617426235,0.004964132914649477,0.49067591715005676,51.58699700504244,0.34530599488351577,0.2491851790034608,0.030015903858160175,285659500.0,0.01648894146880031,0.023448494778085246,0.021194375952181942,1
2022-03-21,163.50999450683594,166.35000610351562,163.00999450683594,165.3800048828125,95811400.0,15845289799.829102,0.008537682593916074,0.09799502220233913,0.03816699130306511,-0.2539542102726706,53.27641150584822,0.7607627470910288,0.39973233812804027,0.029078533780358896,490203000.0,0.02577783147634527,0.011009387127936,0.021212227053904898,1
2022-03-22,165.50999450683594,169.4199981689453,164.91000366210938,168.82000732421875,81532000.0,13764232837.158203,0.0208005946295855,0.08852931401465058,0.07228153395797698,-0.16138609276000793,57.22612296846419,1.2249896197127956,0.6666511979095495,0.028359493780539795,478770700.0,0.04565533108037112,0.00944583787446232,0.02129755708017953,1
2022-03-23,167.99000549316406,172.63999938964844,167.64999389648438,170.2100067138672,98062700.0,16691252825.379944,0.008233617636201895,0.06654558944591638,0.04455360479651316,0.18461148671773842,58.74373118870378,1.5618307144991106,0.6908387326443435,0.02821281784768762,474533200.0,0.050964502521983146,0.0072290857577779945,0.020328839743788706,1
2022-03-24,171.05999755859375,174.13999938964844,170.2100067138672,174.07000732421875,90131400.0,15689173458.14209,0.02267787120671727,0.08373809373620134,0.09809489422565743,-0.0843384635429203,62.70133065844733,1.955241084226351,0.8511244978343153,0.027229333347933593,489049200.0,0.0710517466052285,0.007203564706553575,0.020579733801344917,1
2022-03-25,173.8800048828125,175.27999877929688,172.75,174.72000122070312,80546200.0,14073032162.322998,0.003734094727035453,0.06549582737524351,0.1291928265051081,-0.11243767140329908,63.339082627053706,2.1541732386431307,0.7808706931508476,0.026224625380253812,446083700.0,0.07179664355594184,0.008408204890011074,0.020461141430597796,1
2022-03-28,172.1699981689453,175.72999572753906,172.0,175.60000610351562,90371900.0,15869306191.586304,0.005036657947940837,0.061797078963354624,0.16584790729074728,0.11510244417644344,64.23080191383835,2.2305508303626587,0.7372111670373549,0.025746647838986204,440644200.0,0.07374346300400747,0.008978025003005853,0.02046238301604362,1
2022-03-29,176.69000244140625,179.00999450683594,176.33999633789062,178.9600067138672,100589400.0,18001479699.343872,0.019134399166084615,0.06006396724159946,0.15391070307314725,0.1071135048276588,67.48298141981238,2.3792934139669333,0.8032966221761982,0.02481976650813082,459701600.0,0.08904146594575568,0.008597026749697149,0.02043895018196175,0
2022-03-30,178.5500030517578,179.61000061035156,176.6999969482422,177.77000427246094,92633200.0,16467404359.771729,-0.006649544014093012,0.0444157056600234,0.11391696441974242,-0.08239927475432651,65.22121692493772,2.26980218442527,0.661343226099826,0.024370452493396876,269005700.0,0.0781225083593271,0.012019866682135578,0.020239341823220968,0
2022-03-31,177.83999633789062,178.02999877929688,174.39999389648438,174.61000061035156,103049300.0,17993438335.8963,-0.017775797863323284,0.00310216156380716,0.08710002439582332,0.1065599046905703,59.516729874755846,1.8733005008670345,0.46305954823169826,0.024524190826741968,75825000.0,0.056273909658997256,0.01381312987666589,0.020764028632239053,0
2022-04-01,174.02999877929688,174.8800048828125,171.94000244140625,174.30999755859375,78751300.0,13727138910.736084,-0.0017181321270783867,-0.002346632665091719,0.06299550006220578,-0.26891272599427296,58.98922899213453,1.4959404251862927,0.4114595101829196,0.024016407525268964,-83472500.0,0.05091804640418118,0.013728278045086705,0.020200182822941625,1
2022-04-04,174.57000732421875,178.49000549316406,174.44000244140625,178.44000244140625,76468400.0,13645021482.69043,0.023693448113463633,0.01617309931194688,0.07896962857056389,-0.02941720152753291,63.75217499550038,1.4296629834650743,0.5512083002433394,0.02345802763435008,-97376000.0,0.06964630578775322,0.017571130128106256,0.019611191220496028,0
2022-04-05,177.5,178.3000030517578,174.4199981689453,175.05999755859375,73401800.0,12849718928.796389,-0.018941968373500706,-0.02179262968797846,0.03696238575793398,-0.04092912457247522,57.8324595326581,1.0793107134304556,0.355019756622317,0.02384327891493888,-271367200.0,0.04387231319091911,0.017261239591383114,0.020016482339223714,0
2022-04-06,172.36000061035156,173.6300048828125,170.1300048828125,171.8300018310547,89058800.0,15302973767.071531,-0.018450792714411857,-0.03341397479128283,0.009517625599479551,0.19334836486469698,52.78804563492008,0.5763851557806645,0.1787726291090855,0.024605735144085063,-267792800.0,0.021906496097048977,0.018433543427250985,0.01943158113838471,1
2022-04-07,171.16000366210938,173.36000061035156,169.85000610351562,172.13999938964844,77594700.0,13357151610.639954,0.0018040944846089424,-0.014145817605344502,-0.011087538653201334,-0.1377976981937863,53.20987255117586,0.22879420915699678,0.166252529678648,0.024263490019493742,-87148800.0,0.019620609534334754,0.017533906246683526,0.0181105507412326,0
2022-04-08,171.77999877929688,171.77999877929688,169.1999969482422,170.08999633789062,76575500.0,13024726514.572144,-0.01190892912179875,-0.024209748607704418,-0.026499569885899632,-0.01322194347237371,50.02666622449748,-0.15434591466208003,0.027005745540101232,0.0240365716959312,-84973000.0,0.002915734138507764,0.0179746993173208,0.01730834043179755,0
2022-04-11,168.7100067138672,169.02999877929688,165.5,165.75,72246700.0,11974890525.0,-0.025515882364234077,-0.07111635433637264,-0.05609342688581165,-0.0581905302523289,44.02232840540263,-0.6854729717642098,-0.3008604077545052,0.02488211223032261,-233688100.0,-0.02701465881253573,0.010358256654419988,0.017209564199853047,1
2022-04-12,168.02000427246094,169.8699951171875,166.63999938964844,167.66000366210938,79265200.0,13289603722.277832,0.01152340067637625,-0.04227118701979615,-0.0631426163825809,0.09271254003921925,47.035198623665515,-0.8810900832657445,-0.2559270714715994,0.024596856386396724,-81021100.0,-0.019420330763223803,0.015060625824767436,0.01629023254766356,1
2022-04-13,167.38999938964844,171.0399932861328,166.77000427246094,170.39999389648438,70618900.0,12033460128.97644,0.016342539511671417,-0.008322224985927162,-0.04145812116132286,-0.1155013768741604,51.10116346475405,-0.801185501977737,-0.09813133160495713,0.02426257901599002,78656600.0,-0.006535686758283199,0.017204488155105387,0.015494249674194889,0
2022-04-14,170.6199951171875,171.27000427246094,165.0399932861328,165.2899932861328,75329400.0,12451196020.248411,-0.02998826756681583,-0.03979322718603162,-0.05337613705767452,0.06457268191125465,44.27479875828097,-1.0519200044569594,-0.6216157933109143,0.02591828929828317,-74267500.0,-0.037638070653760014,0.021090585338444694,0.017168142218838566,0
2022-04-18,163.9199981689453,166.60000610351562,163.57000732421875,165.07000732421875,69023900.0,11393775678.546144,-0.0013309091345490298,-0.029513722862921754,-0.05300895165963737,-0.08741767420472257,44.00228238410882,-1.1822819127897555,-0.6614681795263684,0.025410188061807792,-66715900.0,-0.039223757329224784,0.02111961857337452,0.016558721288595958,1
2022-04-19,165.02000427246094,167.82000732421875,163.91000366210938,167.39999389648438,67723800.0,11336963706.646729,0.014115141872437453,0.009954714307597978,-0.061869583018791086,-0.019015152057342277,47.67579691830452,-1.064934874907744,-0.45630059501474834,0.024935136062441677,73254600.0,-0.02623470095270053,0.019218720408262623,0.016747774417933393,0
2022-04-20,168.75999450683594,168.8800048828125,166.10000610351562,167.22999572753906,67929800.0,11359900163.772585,-0.0010155207595194948,-0.002564761572097507,-0.04472753307581834,0.0030371498480370462,47.43131199481622,-0.9555961778604304,-0.4575542217710857,0.02436500685850373,-73940400.0,-0.02677350670966061,0.018491281615233304,0.01606919638383867,0
2022-04-21,168.91000366210938,171.52999877929688,165.91000366210938,166.4199981689453,87227800.0,14516450316.281128,-0.004843614060203949,-0.023356783275220394,-0.03148462785578365,0.2500482651976732,46.215228549329886,-0.8956739377793171,-0.5015593016849113,0.025146906994720792,-231787100.0,-0.030418152924570285,0.015956304879193754,0.015967277601687535,0
2022-04-22,166.4600067138672,167.8699951171875,161.5,161.7899932861328,84882400.0,13733122926.11084,-0.02782120498590701,-0.02117490557302626,-0.06012551493094764,-0.0272563180112968,39.91549500657502,-1.111608719528223,-0.8039678966031701,0.026831220562534303,-241340100.0,-0.0540090535196448,0.01510124512690287,0.016018016686925325,1
2022-04-25,161.1199951171875,163.1699981689453,158.4600067138672,162.8800048828125,96046400.0,15644038100.976562,0.006737200333224225,-0.013267113008026965,-0.0423892739744387,0.1235646375458117,41.9226379829138,-1.121554010400134,-0.6262965636508009,0.02681346852759763,-76269800.0,-0.04432772007723462,0.01589203354175566,0.01610353138804856,0
2022-04-26,162.25,162.33999633789062,156.72000122070312,156.8000030517578,95623200.0,14993718051.818848,-0.03732810442527357,-0.06332133351976887,-0.05399696499693629,-0.004415939547033787,34.91616254300713,-1.4568849885311252,-0.9294572584106908,0.02866978632393727,-239616800.0,-0.07489894490057969,0.018782505266392125,0.017650342547094227,0
2022-04-27,155.91000366210938,159.7899932861328,155.3800048828125,156.57000732421875,88063200.0,13788055868.99414,-0.001466809458308127,-0.06374447572604258,-0.0661457479163644,-0.08236072901512159,34.68004330441002,-1.6019285492542361,-0.8268920498519611,0.02867292541143228,-259750200.0,-0.07011407491220789,0.01871234603939992,0.016713493723605293,1
2022-04-28,159.25,164.52000427246094,158.92999267578125,163.63999938964844,130216800.0,21308677072.521973,0.04515546870218534,-0.01670471583874611,-0.03967133068644679,0.39114601150537354,46.628192112469975,-1.1505809340543665,-0.29703942324732435,0.028944703983196526,-42305600.0,-0.02402948728756782,0.032444601183708795,0.020318968789349717,0
2022-04-29,161.83999633789062,166.1999969482422,157.25,157.64999389648438,131747600.0,20770008335.876465,-0.036604775821961866,-0.025588723415833625,-0.046221790186795286,0.011687217138948824,39.95914349906522,-1.179923398574981,-0.6538625148776861,0.031953535012693865,-89170800.0,-0.054975124810421105,0.034312310986124236,0.021401308598229283,1
2022-05-02,156.7100067138672,158.22999572753906,153.27000427246094,157.9600067138672,123055300.0,19437816014.17694,0.0019664626031408172,-0.03020627468967174,-0.043072637637839306,-0.06825412256912955,40.43398749069668,-1.1042731773868208,-0.5669214397361102,0.03185578548692738,-62161900.0,-0.04845375494268056,0.03397942586258106,0.02144575606261946,1
2022-05-03,158.14999389648438,160.7100067138672,156.32000732421875,159.47999572753906,88966500.0,14188377039.894104,0.009622619328101267,0.017091789691461967,-0.04731181874380963,-0.32437395033791816,42.821693427922106,-0.8870465683785751,-0.43350155659600986,0.031264655855550195,122427800.0,-0.03377956847714825,0.029188196876323826,0.020682701838854938,1
2022-05-04,159.6699981689453,166.47999572753906,159.25999450683594,166.02000427246094,108256500.0,17972744592.521667,0.0410083315784322,0.06035636779829434,-0.007235492949778655,0.19624351488660707,51.77836748826058,-0.2700823227054192,0.12153380376828614,0.030994171414917022,318747500.0,0.008605556216019217,0.033201102468238194,0.022847382342151664,0
2022-05-05,163.85000610351562,164.0800018310547,154.9499969482422,156.77000427246094,130525300.0,20462451838.66425,-0.05571617733980727,-0.041982370708943395,-0.05798578297475976,0.18706366485899295,41.80407313628158,-0.4419784405713125,-0.6061662369538012,0.035522233353189214,58005400.0,-0.043213145304711875,0.038427708579189195,0.025581251116165916,1
2022-05-06,156.00999450683594,159.44000244140625,154.17999267578125,157.27999877929688,116124600.0,18264076946.246338,0.0032531383104996703,-0.0023469402569749054,-0.02787560846769932,-0.11690332419012961,42.46217888978928,-0.47543846642656185,-0.5177493307389716,0.03526680312519888,305877600.0,-0.035727976496670255,0.034975050935193916,0.025601383796024845,0
2022-05-09,154.92999267578125,155.8300018310547,151.49000549316406,152.05999755859375,131577900.0,20007735152.764893,-0.03318922470255159,-0.03735128453090575,-0.06642931606002489,0.1249353180827697,37.75589946531058,-0.7849667224973658,-0.8413039794753662,0.03659171676550564,51244400.0,-0.06255010426578955,0.03789914099871815,0.02636972246207601,1
2022-05-10,155.52000427246094,156.74000549316406,152.92999267578125,154.50999450683594,115366700.0,17825308183.27179,0.01611204121779708,-0.0311637907815977,-0.014604646048163472,-0.13148331968323745,41.057925351065826,-0.7600327517116114,-0.5661055858458194,0.035602773458460676,77644600.0,-0.04413405382978608,0.038713264308123926,0.026329161356653266,0
2022-05-11,153.5,155.4499969482422,145.80999755859375,146.5,142689800.0,20904055700.0,-0.05184127106082803,-0.11757621834791676,-0.0643163240285618,0.21255729073480012,34.59603024012377,-1.1925713665281181,-0.9631660025731817,0.03956742842471084,-173301700.0,-0.08771623528616512,0.0324685302388966,0.028212613813690914,0
2022-05-12,142.77000427246094,146.1999969482422,138.8000030517578,142.55999755859375,182602000.0,26031740674.194336,-0.026894214617107504,-0.0906423826408187,-0.12881937123979337,0.2466358761700036,31.9337046656467,-1.626715049609655,-0.9984054371674869,0.04161464135676177,-225378400.0,-0.10448887506323179,0.027699585882217895,0.02803892489520154,1
2022-05-13,144.58999633789062,148.10000610351562,143.11000061035156,147.11000061035156,113990900.0,16769201368.574524,0.03191640803646689,-0.06466173860553215,-0.06685692162508772,-0.4711902970602253,37.878997268774334,-1.493586300107288,-0.6344358507172836,0.04013691863952014,-227512100.0,-0.07060049434774818,0.03526347025748418,0.02894459975300359,0
2022-05-16,145.5500030517578,147.52000427246094,144.17999267578125,145.5399932861328,86643800.0,12610138070.285034,-0.010672335787539122,-0.042877840175872484,-0.07862758229829847,-0.2743131564980139,36.68818839767827,-1.3990415882236835,-0.6330594862262592,0.03931126588858981,-182578000.0,-0.07481163397591972,0.03339356001338704,0.02895071129658249,1
2022-05-17,148.86000061035156,149.77000427246094,146.67999267578125,149.24000549316406,78336300.0,11690909842.314148,0.02542264929033622,-0.03410775484454964,-0.06420861869014183,-0.10079436305674605,41.36636456053109,-0.9941277601126686,-0.39286460391790246,0.03762286343588463,-219608400.0,-0.04578306491828632,0.03529873223094776,0.029467449823590616,0
2022-05-18,146.85000610351562,147.36000061035156,139.89999389648438,140.82000732421875,109742900.0,15453995981.781006,-0.056419176219683176,-0.03877128106335326,-0.15178891880333667,0.3371292566271116,35.02400127195253,-1.1871117641412923,-0.7433342138523276,0.04176196553369381,-186661500.0,-0.09195249518245652,0.0367990947616579,0.03157156813965658,0
2022-05-19,139.8800048828125,141.66000366210938,136.60000610351562,137.35000610351562,136095600.0,18692731490.66162,-0.024641393553644142,-0.036545956399422375,-0.12387572647630996,0.2152172208209464,32.792579560597886,-1.426127096787149,-0.7907744774916982,0.04239011791391243,-140155100.0,-0.10594848235182719,0.03651233117850512,0.031774466092814486,1
2022-05-20,139.08999633789062,140.6999969482422,132.61000061035156,137.58999633789062,137426100.0,18908456595.73059,0.0017472895792529641,-0.0647135084831959,-0.12519075911894073,0.00972873804447616,33.10999332766556,-1.441450976167852,-0.672585156825142,0.04349344168099792,-116719900.0,-0.09727624262123713,0.030495529413967496,0.031543128016193564,1
2022-05-23,137.7899932861328,143.25999450683594,137.64999389648438,143.11000061035156,117726300.0,16847810864.854431,0.04011922682885327,-0.016696391286784462,-0.05885832626554832,-0.15472387811019672,40.115701269907916,-0.9755225640015581,-0.38065280605280555,0.0416589686624238,87650200.0,-0.05493039593281546,0.0387663123300781,0.033181874925881434,0
2022-05-24,140.80999755859375,141.97000122070312,137.3300018310547,140.36000061035156,104132700.0,14616065835.557556,-0.019215987619813357,-0.059501504663367566,-0.0915797967739772,-0.12269639031131518,37.98147445343957,-0.757928215355042,-0.4532585684002679,0.04238264555241603,-94818800.0,-0.06803181727920826,0.03567153874737576,0.03252019757593075,1
2022-05-25,138.42999267578125,141.7899932861328,138.33999633789062,140.52000427246094,92482700.0,12995669399.128723,0.0011399519906925004,-0.00213040076803217,-0.04081908346443042,-0.11864444612338332,38.18752994566509,-0.5199543948735066,-0.4011815686158127,0.04106419041259031,107406800.0,-0.061971156021424556,0.025447065246901292,0.03254039239750941,1
2022-05-26,137.38999938964844,144.33999633789062,137.13999938964844,143.77999877929688,90601500.0,13026683559.402466,0.02319950475175747,0.04681465154748676,0.008557808933755684,-0.020550830571835377,42.38754429290219,-0.08266284235605603,-0.2297373942907939,0.04084336208351016,334103900.0,-0.03380474862357452,0.02280221658992596,0.031101857531150717,1
2022-05-27,145.38999938964844,149.67999267578125,145.25999450683594,149.63999938964844,90978500.0,13614022684.47113,0.04075671623385313,0.08757906368545632,0.01719800672150118,0.0041524456169064194,49.08467359552309,0.622748378179109,0.05780549905830691,0.03925705282609498,287656300.0,0.008287842963670577,0.02598198025430134,0.03189378882912544,0
2022-05-31,149.07000732421875,150.66000366210938,146.83999633789062,148.83999633789062,103718400.0,15437446276.171877,-0.005346184543042365,0.040039100713445075,0.022674200934378108,0.13105631818812924,48.25989508673708,1.0327877462136135,0.04319233903577382,0.03848213757311358,66211600.0,0.005988322355527043,0.023821530463106786,0.03188643617227238,0
2022-06-01,149.89999389648438,151.74000549316406,147.67999267578125,148.7100067138672,74286600.0,11047160784.750366,-0.0008733514325567349,0.05948992638362682,-0.0035513184118795005,-0.333748945058268,48.11841202725984,1.2766035776734492,0.0670247671810472,0.03771475886593755,96057700.0,0.008781342988833263,0.019600249899077844,0.031762864033947215,1
2022-06-02,147.8300018310547,151.27000427246094,146.86000061035156,151.2100067138672,72348100.0,10939756686.735537,0.016811242600575316,0.07607459519200477,0.07378212504794779,-0.026441393662789636,51.08834360500462,1.568382643807622,0.28718322861575674,0.03652503462692426,75923100.0,0.030918738212637464,0.01870702105063359,0.030430995146531137,0
2022-06-03,146.89999389648438,147.97000122070312,144.4600067138672,145.3800048828125,88570300.0,12876350646.472168,-0.03855566147871903,0.011128154938794044,0.05846376718210666,0.20230739293303301,44.66690401956854,1.3397526776934328,-0.049907398048206535,0.03859263254276016,-103248700.0,-0.004965561917275929,0.029269780965832,0.029116013767406256,1
2022-06-06,147.02999877929688,148.57000732421875,144.89999389648438,146.13999938964844,71598400.0,10463390132.299805,0.005227641225136415,-0.023389468152070325,0.062141167812526765,-0.21272385694263107,45.6263608195941,1.2144301762756582,0.04626703340161813,0.03744343787037743,-122628800.0,0.00406392757276941,0.020751154082514676,0.029142947280870513,1
2022-06-07,144.35000610351562,149.0,144.10000610351562,148.7100067138672,67808200.0,10083757877.255247,0.017585926747997416,-0.0008733514325567349,0.03913078107492196,-0.05438959498149387,48.85592817999985,1.2731712624011062,0.27060500765359446,0.03652160115155611,48897800.0,0.022898490193209664,0.022948338924535888,0.028605101555312425,0
2022-06-08,148.5800018310547,149.8699951171875,147.4600067138672,147.9600067138672,53950200.0,7982471954.214478,-0.005043372780172639,-0.005043372780172639,0.05414652372803652,-0.22862172896438082,47.960660942876814,1.2294236083623558,0.2630866505414527,0.035248254003026454,69234200.0,0.020037467443837276,0.023065269781759885,0.0283397961298488,0
2022-06-09,147.0800018310547,147.9499969482422,142.52999877929688,142.63999938964844,69473000.0,9909628677.597046,-0.0359557115626985,-0.05667619167847582,0.01508678517456441,0.25287678490559173,42.071432834534534,0.8292820256882942,-0.19979706445675027,0.036670400475790496,-72586900.0,-0.01532855708346037,0.02498733996787162,0.02705640326640815,0
2022-06-10,140.27999877929688,140.75999450683594,137.05999755859375,137.1300048828125,91437900.0,12538879673.47412,-0.038628677302390724,-0.0567478313585843,-0.0462511750795892,0.2747218620052436,37.00340978854803,0.2127210763768126,-0.6210235795390534,0.03832580967508946,-75454500.0,-0.051587584325534785,0.025007229179548524,0.027765763765749418,0
2022-06-13,132.8699951171875,135.1999969482422,131.44000244140625,131.8800048828125,122207100.0,16116672944.714355,-0.03828483784046022,-0.09757762807166137,-0.11868480739959497,0.2900570904255382,32.932689194217105,-0.49105878775202116,-0.8420580146340705,0.040086788738449626,-269260000.0,-0.08306824046715977,0.025359065877136305,0.02774685054363623,1
2022-06-14,133.1300048828125,133.88999938964844,131.47999572753906,132.75999450683594,84784300.0,11255963202.26593,0.006672653862921818,-0.1072558098778158,-0.10803548929516571,-0.36560675876323856,34.23857056138081,-0.8202916352185157,-0.6641201106630934,0.03827336290772531,-252283900.0,-0.0728306240609482,0.02148145438933302,0.027833831025725966,1
2022-06-15,134.2899932861328,137.33999633789062,132.16000366210938,135.42999267578125,91533000.0,12396313519.592283,0.020111466401181888,-0.08468514104839919,-0.08930141509332323,0.0765891779812975,38.17221086477119,-0.7814029648116887,-0.44304850368952264,0.03757092508006743,-106800700.0,-0.04960075996474078,0.02836187138023408,0.027560180007829102,0
2022-06-16,132.0800018310547,132.38999938964844,129.0399932861328,130.05999755859375,108123900.0,14062594170.025637,-0.039651446559871295,-0.08819406817781883,-0.139871755943344,0.16657822711498582,33.793875618408975,-1.0251340802763464,-0.6710945038412326,0.03983710384255308,-145451600.0,-0.08382645604099148,0.029012998058576513,0.026114111455208464,1
2022-06-17,130.07000732421875,133.0800018310547,129.80999755859375,131.55999755859375,134520300.0,17697490339.5813,0.011533138767930717,-0.040618443271979165,-0.09506126606171694,0.21843732341651645,36.002032528849185,-0.9924654877009864,-0.540667569319179,0.03834523235114868,80506600.0,-0.07136632764009032,0.028749092458521565,0.025834305779107555,1
2022-06-21,133.4199981689453,137.05999755859375,133.32000732421875,135.8699951171875,81000500.0,11005537539.489746,0.032760699593918474,0.030254701900568337,-0.0702751082205656,-0.5072597846165579,41.989070816872065,-0.6066779453590154,-0.30251161415733957,0.03736822242005442,283714200.0,-0.04036109695695711,0.027522646131258707,0.026966451082381524,0
2022-06-22,134.7899932861328,137.75999450683594,133.91000366210938,135.35000610351562,73409200.0,9935935668.0542,-0.003827107031419197,0.019508976377264897,-0.08983928456178158,-0.09840605785077727,41.484831148892496,-0.32664162436439437,-0.30302129225146873,0.03686413545067023,125520700.0,-0.04140679838476313,0.027883893146979394,0.025236103782309886,1
2022-06-23,136.82000732421875,138.58999633789062,135.6300048828125,138.27000427246094,72433800.0,10015421835.47058,0.021573683319320303,0.020970329692615808,-0.06549068668363389,-0.013376226902554578,45.44665552125752,0.09270834103885317,-0.1455560063589262,0.035181828816926865,106421500.0,-0.0200011130571226,0.02809951656069893,0.02545955157096446,1
2022-06-24,139.89999389648438,141.91000366210938,139.77000427246094,141.66000366210938,89116800.0,12624286214.355469,0.024517243689154977,0.0891896534004597,-0.006870413150115162,0.2072748250276497,49.70420910781443,0.6071774605087139,0.026368658116568154,0.033722438399537064,303662200.0,0.0036203043953748626,0.014044544159619815,0.02606531751342781,0
2022-06-27,142.6999969482422,143.49000549316406,140.97000122070312,141.66000366210938,70207900.0,9945651371.109009,0.0,0.07677110284999289,0.0330343368919741,-0.23848702555676127,49.70420910781443,0.9365703799782228,0.03193229515031909,0.032584342951500964,239349800.0,0.00437456732276198,0.016036626272516927,0.025523281472211952,0
2022-06-28,142.1300048828125,143.4199981689453,137.32000732421875,137.44000244140625,67083400.0,9219942659.777832,-0.029789645006425114,0.011555217344820123,0.04215951890155245,-0.04552421823034791,44.67098160446257,0.8612485491171258,-0.16024280862035983,0.03435611670252314,91265900.0,-0.021312648958258573,0.02200833784997692,0.024380763895277168,1
2022-06-29,137.4600067138672,140.6699981689453,136.6699981689453,139.22999572753906,66242400.0,9222929068.981934,0.013023815878466127,0.028666342438551595,0.04873456981327284,-0.01261587992492963,47.11717909156485,0.9177886975407468,-0.04031999940638948,0.03354406579634736,230917500.0,-0.005162508295762036,0.022088285959872292,0.024670030514911512,0
2022-06-30,137.25,138.3699951171875,133.77000427246094,136.72000122070312,98964500.0,13530426560.806274,-0.01802768500939822,-0.011209973268703544,0.00952527958862226,0.40144045367257775,44.168310690481036,0.7775064504974383,-0.15365947445312161,0.03457243827419287,59519200.0,-0.018894463388526073,0.022147319520043406,0.024887995092899302,1
2022-07-01,136.0399932861328,139.0399932861328,135.66000366210938,138.92999267578125,71051600.0,9871198267.60254,0.016164360995803317,-0.019271572185186492,0.06819925637159452,-0.33135482235695335,47.29599040814809,0.8206599491218163,0.012466037073643101,0.03333007500247421,41454000.0,0.0013766278617453054,0.019836315519089265,0.024860070750529477,1
2022-07-05,137.77000427246094,141.61000061035156,136.92999267578125,141.55999755859375,73353800.0,10383963748.913574,0.018930432746441683,-0.0007059586399147388,0.07601094698672539,0.03188793557087877,50.82639286053109,1.0014590673876667,0.2030631397512421,0.03273580159910515,44599900.0,0.02173973796519979,0.022370012589028793,0.02395262028605737,1
2022-07-06,141.35000610351562,144.1199951171875,141.0800018310547,142.9199981689453,74064300.0,10585269620.384216,0.009607238159132114,0.039871912326800985,0.05188785828451081,0.009639325046087777,52.594766692843045,1.1757227713742928,0.31720610733746885,0.03162760086797913,185747600.0,0.032755951681085804,0.014927954119545282,0.024032968913039743,1
2022-07-07,143.2899932861328,146.5500030517578,143.27999877929688,146.35000610351562,66253700.0,9696229399.380491,0.02399949607133145,0.05113848017283429,0.08127077579580755,-0.11144232087643502,56.813045636360975,1.4661783344794883,0.591909064457579,0.03045186140687246,185758900.0,0.05844408974612114,0.016578242079291493,0.024332641174968403,1
2022-07-08,145.25999450683594,147.5500030517578,145.0,147.0399932861328,64547800.0,9491108078.634644,0.004714637197412497,0.07548267973440415,0.06342654764362798,-0.026085277359587877,57.62981594027373,1.6360311030935986,0.6583083422016599,0.029382771038704566,349271200.0,0.06378818098747785,0.007618461612101494,0.024334907805751378,0
2022-07-11,145.6699981689453,146.63999938964844,143.77999877929688,144.8699951171875,63141600.0,9147323283.691406,-0.014757877230874183,0.04275536424498583,0.022659828971448137,-0.02202621093799806,54.16058106088261,1.5351419842773895,0.4750044221879233,0.02930003670341705,215078000.0,0.04724414942284061,0.015045864045822694,0.023118983397983524,1
2022-07-12,145.75999450683594,148.4499969482422,145.0500030517578,145.86000061035156,77588800.0,11317102415.356443,0.006833751132270249,0.030375834458304274,0.02964843173560916,0.20604326060481526,55.47741132583898,1.4680110221432086,0.4898213440076824,0.0287756615194686,219313000.0,0.05108417110559693,0.013876231754380639,0.021166759708024487,0
2022-07-13,142.99000549316406,146.4499969482422,142.1199951171875,145.49000549316406,71185600.0,10356793335.03418,-0.0025366455206311533,0.017982139358697413,0.05857103396945673,-0.08613253494417705,54.84331178357155,1.3354201787660998,0.42419144223525207,0.0289140312519024,74063100.0,0.04330183865227921,0.014164182280282012,0.01885275603837362,1
2022-07-14,144.0800018310547,148.9499969482422,143.25,148.47000122070312,78140700.0,11601549824.386597,0.0204824772494705,0.014485787692335217,0.06636504903186191,0.09322049584425329,58.916316889760964,1.3794958779062199,0.5678175089620356,0.02905210759530092,85950100.0,0.05870777139877692,0.012935004673251966,0.019163998172332292,1
2022-07-15,149.77999877929688,150.86000061035156,148.1999969482422,150.1699981689453,76259900.0,11451949043.363953,0.011450103955445545,0.02128675888009357,0.09837622021762749,-0.024363804426062785,61.073351287691814,1.4471615403826354,0.6010564184265643,0.027936799355996973,97662200.0,0.06523187535647268,0.013503320877524264,0.018919468688081493,0
2022-07-18,150.74000549316406,151.57000732421875,146.6999969482422,147.07000732421875,81420900.0,11974572359.344482,-0.020643210245224752,0.015186113627267073,0.05859076569185273,0.06548475285255861,55.36488959377817,1.2164434078436879,0.37764540248165585,0.028853367115343857,79382900.0,0.03698590186746342,0.015663061312747504,0.01691064670744975,1
2022-07-19,147.9199981689453,151.22999572753906,146.91000366210938,151.0,82982400.0,12530342400.0,0.026721917998667744,0.0352392662014267,0.06668552277629769,0.018996540078443758,60.41616677755071,1.2566633233630031,0.6208429223464108,0.028138616808985623,84776500.0,0.057448884114665866,0.01901042010787905,0.01748916955180993,1
2022-07-20,151.1199951171875,153.72000122070312,150.3699951171875,153.0399932861328,64823400.0,9920572700.784302,0.013509889312137924,0.05189351507257656,0.07080881085112156,-0.24696188445823353,62.77134416943222,1.3411140284562202,0.6828754336907318,0.027343977984153587,220785500.0,0.06533008221795189,0.018319869901092425,0.01650213854949294,1
2022-07-21,154.5,155.57000732421875,151.94000244140625,155.35000610351562,65086600.0,10111203707.25708,0.015094177461599134,0.04633936031687136,0.061496410144555425,0.004052041506767523,65.28979398828815,1.463036035571601,0.7477892571396522,0.026682326219721338,207731400.0,0.07393457381892654,0.017720120755771566,0.01644550569795753,0
2022-07-22,155.38999938964844,156.27999877929688,153.41000366210938,154.08999633789062,66675400.0,10274012141.827393,-0.008110780277571505,0.026103737209447253,0.047946160049387565,0.02411737808050063,62.79449979498354,1.3708879196844657,0.5883566698884668,0.026309434421546794,64796100.0,0.05943096705914508,0.01920367747500028,0.01640458962496861,0
2022-07-25,154.00999450683594,155.0399932861328,152.27999877929688,152.9499969482422,53623900.0,8201775341.352844,-0.0073982699509488326,0.03998088890456697,0.05577415685365805,-0.2178412014325346,60.54007974877912,1.1539296053867947,0.4600415621185721,0.02590121146553058,92593100.0,0.04752738601534934,0.01523034556140916,0.016010947404334626,0
2022-07-26,152.25999450683594,153.08999633789062,150.8000030517578,151.60000610351562,55138700.0,8359027256.539917,-0.0088263541788981,0.003973550354408051,0.039352841554538553,0.02785696423702433,57.889598958822326,0.8540847869714314,0.33670617739529984,0.025344263056161963,-45528000.0,0.034759356478672565,0.01229970212910097,0.016245861834405843,1
2022-07-27,152.5800018310547,157.3300018310547,152.16000366210938,156.7899932861328,78620700.0,12326939025.151062,0.034234742570348864,0.02450339887946007,0.07766848145111727,0.3547831891575477,64.3512830432572,0.9334261615358095,0.6175509753854997,0.025365353910041674,-31730700.0,0.06316320798278996,0.019192057670525363,0.015632744884493708,1
2022-07-28,156.97999572753906,157.63999938964844,154.41000366210938,157.35000610351562,81378700.0,12804938941.696169,0.0035717382573059453,0.012874154627759316,0.05981009503470158,0.03447854403303552,64.9757953355531,0.9486732752827063,0.5920208591390689,0.02493596227568486,-15438600.0,0.060445787280133834,0.01835009956459564,0.015575014570776357,1
2022-07-29,161.24000549316406,163.6300048828125,159.5,162.50999450683594,101786900.0,16541388559.86786,0.03279306134837845,0.054643379642127066,0.08217351327398825,0.22376784167360952,70.16253501628877,1.2143455463857138,0.8350138149262167,0.025179883579615647,153023700.0,0.08578507545849745,0.021221877682522785,0.01555120462074067,0
2022-08-01,161.00999450683594,163.58999633789062,160.88999938964844,161.50999450683594,67829400.0,10955126021.401978,-0.00615346768692393,0.055965987115975,0.09818444593386033,-0.4058856779486817,68.05900965451322,1.2271686669433155,0.7021684842781069,0.0247201741148311,138818200.0,0.07102473834327849,0.020959596971455642,0.015793167994669132,0
2022-08-02,160.10000610351562,162.41000366210938,159.6300048828125,160.00999450683594,59907000.0,9585718740.92102,-0.009287350944318873,0.05547485530823648,0.059668837793615426,-0.12420236759630754,64.91514076437429,1.0461328317407959,0.5540790278815582,0.024410625259138282,134049900.0,0.054626192527869044,0.021070019465784195,0.015993965150072453,1
2022-08-03,160.83999633789062,166.58999633789062,160.75,166.1300048828125,82507500.0,13706971377.868652,0.038247675683253046,0.05957020215974307,0.08553327346405326,0.32009583399776886,70.83471655334496,1.2369870684954694,0.8284900487431298,0.024661096870066658,137936700.0,0.08665154752461679,0.02221986691995619,0.017518472709558953,0
2022-08-04,166.00999450683594,167.19000244140625,164.42999267578125,165.80999755859375,55474100.0,9198160385.565186,-0.0019262464022948844,0.053765434553034286,0.06733177369885812,-0.3969729472302994,70.16805907721559,1.2371236748659413,0.7042870790427624,0.024132757999772134,1083900.0,0.0776995190157288,0.02285786206077316,0.017205061030683984,0
2022-08-05,163.2100067138672,165.85000610351562,163.0,165.35000610351562,56697000.0,9374849296.051023,-0.0027742082012610636,0.01747591959065775,0.07307424254157224,0.021805053729252677,69.16045717665645,1.1059618888919545,0.603060359652887,0.023702487003098707,-157400000.0,0.0683526384227422,0.019575769727711082,0.01732476223898357,0
2022-08-08,166.3699951171875,167.80999755859375,164.1999969482422,164.8699951171875,60276900.0,9937852208.6792,-0.0029029995077690662,0.020803669894307042,0.07793395493155186,0.061227645431859656,68.06210656140061,0.8955822212514022,0.5266472053001711,0.023637534786888365,-149847500.0,0.058412639156762536,0.01922076000462625,0.016770156520075265,1
2022-08-09,164.02000427246094,165.82000732421875,163.25,164.9199981689453,63135500.0,10412306544.395449,0.0003032877615012364,0.03068560609130966,0.08786274095750701,0.046334263885245974,68.11890630437591,0.6783618145625949,0.4861407726335116,0.0230555815368921,-26805000.0,0.05229574534685133,0.017967060655108866,0.016829226772161997,1
2022-08-10,167.67999267578125,169.33999633789062,166.89999389648438,169.24000549316406,70170500.0,11875655805.458069,0.026194563256017656,0.018720282423065893,0.07940565559123836,0.10564478280631207,72.64523194400346,0.7391963911898429,0.6761658854836675,0.02272775790260233,-39142000.0,0.07173958655393897,0.012596443379367338,0.017256730372727833,0
2022-08-11,170.05999755859375,170.99000549316406,168.19000244140625,168.49000549316406,57149200.0,9629069021.929932,-0.0044315763156265175,0.016163126313437415,0.0707975783764494,-0.20526259965136262,70.7667657025703,0.6458805944385686,0.5743843678171271,0.022385303778062346,-40817100.0,0.06026905053513132,0.012925646310608122,0.017186737410190285,1
2022-08-12,169.82000732421875,172.1699981689453,169.39999389648438,172.10000610351562,68039400.0,11709581155.27954,0.021425606817361276,0.04082249622521483,0.059011826477394225,0.17442155445331053,74.22199082766151,0.7376110589786684,0.7013756479263693,0.021877683340775556,83919300.0,0.07556453497496074,0.014524793985861078,0.01748069925097964,1
2022-08-15,171.52000427246094,173.38999938964844,171.35000610351562,173.19000244140625,54091700.0,9368141655.059814,0.006333505515595528,0.05046404785967873,0.07231755514718907,-0.22940619086776692,75.17604472228848,0.7780143223400007,0.7048423915309725,0.0210284886299947,198287900.0,0.07361375121709579,0.013309226848832503,0.01623316504141854,0
2022-08-16,172.77999877929688,173.7100067138672,171.66000366210938,173.02999877929688,56377100.0,9754929544.180298,-0.0009238620004263787,0.049175361996085076,0.08136994387500396,0.041382292444854585,74.73876531949858,0.7025833527581886,0.6320205450873253,0.02039077260071135,78775300.0,0.06534741656027188,0.013541230743656188,0.01575470930391962,1
2022-08-17,172.77000427246094,176.14999389648438,172.57000732421875,174.5500030517578,79542000.0,13884056342.74292,0.00878462857992468,0.03137554588893132,0.05068318739221578,0.3442221311956608,76.15759165213365,0.6641167981193394,0.6503235968666146,0.020234392668694673,88146800.0,0.06763635182581385,0.010028583708059745,0.015686418956625137,0
2022-08-18,173.75,174.89999389648438,173.1199951171875,174.14999389648438,62290100.0,10847820534.8114,-0.0022916594000563784,0.03359242814880159,0.0502985131215834,-0.24448267590393513,74.96432066222275,0.5267908750276895,0.5661863953692509,0.01956231220122462,83005900.0,0.05910038148782193,0.00949066382720187,0.01567921244859523,0
2022-08-19,173.02999877929688,173.74000549316406,171.30999755859375,171.52000427246094,70346300.0,12065797676.55182,-0.015101864577650947,-0.0033701441631898144,0.0373147743646447,0.12162768150786007,67.47817930198046,0.191187859985134,0.37800905989709566,0.019626236973503734,-55379800.0,0.037606607800065195,0.00934622231713206,0.016079495581484447,0
2022-08-22,169.69000244140625,169.86000061035156,167.13999938964844,167.57000732421875,69026800.0,11566821381.567385,-0.023029365962279114,-0.032449881852093965,0.016376613616759794,-0.01893535274918534,58.094636098120226,-0.3357740698804381,0.10301536837023524,0.02052097717061984,-178498300.0,0.009248116692761377,0.012546259979436928,0.01708738294609197,0
2022-08-23,167.0800018310547,168.7100067138672,166.64999389648438,167.22999572753906,54147100.0,9055019301.65863,-0.0020290719210975805,-0.03352021668309568,0.014006776523410869,-0.2427904139303685,57.3552717642805,-0.7239057166139862,0.033029826175050535,0.019973824691510333,-176268300.0,0.0024817485158454833,0.012432404023834604,0.01687015338006775,1
2022-08-24,167.32000732421875,168.11000061035156,166.25,167.52999877929688,53841500.0,9020066429.275513,0.001793954789346408,-0.040217726437846935,-0.01010403367031476,-0.005659871692802909,57.86481842202949,-0.9621805619593502,0.01577580016063072,0.01930694501283982,-201968800.0,0.001057633491780452,0.0104927404903374,0.01541324156815666,1
2022-08-25,168.77999877929688,170.13999938964844,168.35000610351562,170.02999877929688,51218200.0,8708630483.477783,0.014922700520600518,-0.023657739084598783,0.00913996816384044,-0.049949606692585746,61.94542310224703,-0.9514456365071569,0.20816865916956773,0.01876072419934234,-88460500.0,0.012161646444655672,0.014819914722023078,0.015626253717401544,0
2022-08-26,170.57000732421875,171.0500030517578,163.55999755859375,163.6199951171875,78961000.0,12919598434.448242,-0.03769925135640162,-0.046058820886712426,-0.04927374018352748,0.432859115194109,48.875481318347184,-1.3516460346302086,-0.4582455082024438,0.02137292149906201,-97075200.0,-0.026317777823804955,0.020962181934777717,0.016702306426702382,0
2022-08-29,161.14999389648438,162.89999389648438,159.82000732421875,161.3800048828125,73314000.0,11831413677.978516,-0.013690198638440787,-0.03693979931283098,-0.0681909890415835,-0.0742024721474337,45.28010475494705,-1.7192323764915178,-0.6878547431990862,0.0218036716134052,-101362400.0,-0.039610535293175486,0.019807019504427127,0.01694296313497186,0
2022-08-30,162.1300048828125,162.55999755859375,157.72000122070312,158.91000366210938,77906200.0,12380074527.301023,-0.015305497248539135,-0.049751792608935475,-0.08160431842340721,0.060753951560144515,41.64242029098838,-2.057867661728107,-0.9115453666821152,0.022736495671786625,-125121500.0,-0.05400014019689647,0.019806896963653706,0.017170297014638156,0
2022-08-31,160.30999755859375,160.5800018310547,157.13999938964844,157.22000122070312,87991100.0,13833960849.41101,-0.010634965719336975,-0.0615412023740064,-0.09928388157011936,0.12173013260218468,39.31512186384335,-2.306137167786855,-0.9031619196539779,0.02290227433172936,-266954100.0,-0.06157202390111127,0.018706755406390132,0.014711727816202164,1
2022-09-01,156.63999938964844,158.4199981689453,154.6699981689453,157.9600067138672,74229900.0,11725355502.36969,0.004706815210650195,-0.07098742664285285,-0.09296576370964793,-0.17006863692873964,40.87335223496618,-2.3244188738478653,-0.7362043449186984,0.022862497119590406,-243942400.0,-0.05494094731469101,0.015193313311088023,0.014803362371066787,0
2022-09-02,159.75,160.36000061035156,154.97000122070312,155.80999755859375,76957800.0,11990794630.114746,-0.013611098150736467,-0.047732537536137265,-0.09159285402600448,0.036090185228413674,37.83372496502128,-2.376726487700583,-0.7850361189587817,0.02399336315765337,-241939200.0,-0.0651362815271741,0.008232105054422255,0.015017738050371284,0
2022-09-06,156.47000122070312,157.08999633789062,153.69000244140625,154.52999877929688,73714800.0,11391147954.016111,-0.008215126110989845,-0.04244643633819334,-0.0778182728111465,-0.04305362595250628,36.11191762502888,-2.3866797596936093,-0.7618041463921102,0.02403567981365796,-242340000.0,-0.06993122101963489,0.007928345122635239,0.015065451084180791,1
2022-09-07,154.82000732421875,156.6699981689453,153.61000061035156,155.9600067138672,87449600.0,13638640203.125,0.00925391798269981,-0.01856394739323508,-0.06739215034145907,0.17085903213510178,39.42847515024426,-2.1911783604268544,-0.6012038689002968,0.023515659595726605,-76984200.0,-0.058786578978855863,0.010064647446965676,0.015303707686960285,0
2022-09-08,154.63999938964844,156.36000061035156,152.67999267578125,154.4600067138672,84923800.0,13117330718.167114,-0.009617850316921195,-0.017554983369841737,-0.0780158309596124,-0.029308243239725584,37.24440673831526,-2.059142582571514,-0.6113125672260801,0.02374980913774458,-73916900.0,-0.06366311618458864,0.00989834578182028,0.013765555041672563,1
2022-09-09,155.47000122070312,157.82000732421875,154.75,157.3699951171875,68028800.0,10705691923.828123,0.01883975318420772,-0.003735196072436553,-0.07445747075810061,-0.22182323598300968,43.753714232904706,-1.6876790005070603,-0.4004733023921689,0.02317066513838268,-80118000.0,-0.04279652877447793,0.013996245854471703,0.014719290065441587,1
2022-09-12,159.58999633789062,164.25999450683594,159.3000030517578,163.42999267578125,104956000.0,17152958311.279297,0.038507960517385253,0.04890568793136607,-0.0011612421896857184,0.43361006461702445,54.36853438764956,-0.9807466569196663,-0.03175530669590963,0.02372915394042628,101795800.0,-0.0033085299824724412,0.02004837472163206,0.01660469813295913,0
2022-09-13,159.89999389648438,160.5399932861328,153.3699951171875,153.83999633789062,122656600.0,18869490894.818115,-0.05867953721882391,-0.004465168231779559,-0.04672207409088336,0.15584736482745143,41.1376483595035,-1.0971182835393756,-0.5335778285270314,0.0280786716760905,52854000.0,-0.05622529339668447,0.03694133977210826,0.020662497626741296,1
2022-09-14,154.7899932861328,157.10000610351562,153.61000061035156,155.30999755859375,87965400.0,13661906059.240725,0.009555390377639084,-0.004167793840032186,-0.02265437052767505,-0.3324450223568469,43.410952907725935,-1.0150967351630942,-0.40624892066447355,0.0274313594711283,53369800.0,-0.04200002883864917,0.036961152363603526,0.02092125916787203,0
2022-09-15,154.64999389648438,155.24000549316406,151.3800048828125,152.3699951171875,90481100.0,13786604765.197754,-0.018929898188280392,-0.013531085755754124,-0.030848531140177604,0.02819743345695258,40.07720952878906,-1.0921484136646964,-0.5370137473011936,0.02780577889298366,47812500.0,-0.053661292704879626,0.0377750209664171,0.020865599984611356,0
2022-09-16,151.2100067138672,151.35000610351562,148.3699951171875,150.6999969482422,162278800.0,24455414664.764404,-0.010960151095764759,-0.042384179804914046,-0.04596106265540978,0.5841748496777264,38.27897578319197,-1.1813269998433562,-0.5982627662341774,0.02800168941148779,-182495100.0,-0.057167454769736836,0.03594360697512815,0.020862242233444694,1
2022-09-19,149.30999755859375,154.55999755859375,149.10000610351562,154.47999572753906,81474200.0,12586134067.904663,0.025082938658552933,-0.05476349109307943,-0.008536049367143694,-0.6890294318601988,44.36403288501248,-0.9229330517278918,-0.3209414044831507,0.027889926453002555,-205976900.0,-0.02833908662942597,0.031861015506047495,0.02194737223415888,1
2022-09-20,153.39999389648438,158.0800018310547,153.0800018310547,156.89999389648438,107689800.0,16896528962.713623,0.01566544689199456,0.01989078023554325,0.015336796323750512,0.27896846345597126,47.90510492762271,-0.544921321079991,-0.11748966720628415,0.027774591060836237,24369500.0,-0.009794795999063965,0.018445781588916278,0.021978676850315636,0
2022-09-21,157.33999633789062,158.74000549316406,153.60000610351562,153.72000122070312,101696800.0,15632832220.141602,-0.02026764053209118,-0.010237565919030911,-0.014362691694888796,-0.05725903414312583,43.9468593916057,-0.4678878284713912,-0.325307179739348,0.02871260830542901,-165292700.0,-0.0257104066607321,0.02089315825169127,0.02230986947231317,0
2022-09-22,152.3800048828125,154.47000122070312,150.91000366210938,152.74000549316406,86652500.0,13235303325.9964,-0.006375199842290069,0.002428367709088608,-0.011135576498383704,-0.1600899683112047,42.77390117306696,-0.44207481087487466,-0.37574208689097266,0.028497598045178332,-161464100.0,-0.02736294014732521,0.019000833370536766,0.022273652620172557,0
2022-09-23,151.19000244140625,151.47000122070312,148.55999755859375,150.42999267578125,96029900.0,14445777153.656006,-0.015123823060790742,-0.0017916674049679449,-0.04409990885643922,0.10275373273350397,40.059727814914986,-0.5335899613416955,-0.6103170341958712,0.02885319871542674,-95215200.0,-0.03605738005582382,0.019713593722643957,0.021914112786461742,1
2022-09-26,149.66000366210938,153.77000427246094,149.63999938964844,150.77000427246094,93339400.0,14072781736.78894,0.0022602646628622214,-0.024015999208218175,-0.07746429034256697,-0.028417288619195347,40.65661881716737,-0.5235122324959023,-0.5425286716347424,0.02868845985629792,-83350000.0,-0.029884569341198874,0.014291494630561615,0.02064472906160543,1
2022-09-27,152.74000549316406,154.72000122070312,149.9499969482422,151.75999450683594,84442700.0,12815023688.142397,0.0065662280713738586,-0.03275971695091062,-0.013520553045816674,-0.10016911342392731,42.45349093206782,-0.4076130378142566,-0.394255600098606,0.028710593924987614,-106597100.0,-0.020483011460881384,0.011306675329328953,0.020634838814580475,0
2022-09-28,147.63999938964844,150.63999938964844,144.83999633789062,149.83999633789062,146691400.0,21980238838.80005,-0.012651543479456517,-0.025240728935734258,-0.03521989122844105,0.5522578575289572,39.92837618824369,-0.41624225482032573,-0.5660621517887994,0.030300203176195584,-151591700.0,-0.030036266688707958,0.009346084148165736,0.020559014433546824,0
2022-09-29,146.10000610351562,146.72000122070312,140.67999267578125,142.47999572753906,128138200.0,18257130188.534546,-0.049119065604851575,-0.06717303520120788,-0.06490778832172339,-0.13522169042700938,32.05697617133043,-0.8486906566184587,-1.0721521130841736,0.034181426984796405,-193077400.0,-0.07325863868044558,0.021926293887611848,0.02299437669514212,0
2022-09-30,141.27999877929688,143.10000610351562,138.0,138.1999969482422,124925300.0,17264676078.75824,-0.030039296095161427,-0.08130024810875403,-0.08294625250916965,-0.025393410107309222,28.53418943090965,-1.325618193801938,-1.0794097661891502,0.03535880299463584,-221972800.0,-0.09528330501209958,0.023162892022691197,0.02355553088597027,1
2022-10-03,138.2100067138672,143.07000732421875,137.69000244140625,142.4499969482422,114311700.0,16283701316.148376,0.030752533240588242,-0.055183438936457274,-0.07787415271887077,-0.08878703015818346,36.04935721239347,-1.258037115285442,-0.6590201623698395,0.03455128637435737,-201000500.0,-0.06336505529877656,0.031104984198677757,0.024890997494093334,1
2022-10-04,145.02999877929688,146.22000122070312,144.25999450683594,146.10000610351562,87830100.0,12831978146.072388,0.02562309044204225,-0.03729565503552623,-0.06883357688397429,-0.2635246586377207,41.71782656788407,-0.8881339901032974,-0.3717077127953729,0.033124963206983646,-197613100.0,-0.03669583596142845,0.034735597273093576,0.025737549629439173,1
2022-10-05,144.07000732421875,147.3800048828125,143.00999450683594,146.39999389648438,79471000.0,11634553914.94751,0.0020533044519943644,-0.022957838530968777,-0.047619094887392466,-0.10001209005621092,42.17151428503466,-0.5598984961474902,-0.31758083308372587,0.032827994939720245,28549300.0,-0.031666003387680774,0.03476915715215593,0.02561479903639269,0
2022-10-06,145.80999755859375,147.5399932861328,145.22000122070312,145.42999267578125,68402200.0,9947731445.007324,-0.0066256916744750205,0.02070463950520751,-0.04785918917431209,-0.14998718534755184,41.05855737549876,-0.354757723182928,-0.34606537206759536,0.03182593132353615,88285300.0,-0.035200645093219074,0.0247891226332386,0.02558186271910132,0
2022-10-07,142.5399932861328,143.10000610351562,139.4499969482422,140.08999633789062,85925600.0,12037316989.331057,-0.03671867294799025,0.01367582801290701,-0.0687362683063889,0.22807681470999341,35.50355380046429,-0.5155984695547202,-0.6099775182230299,0.03372820632013681,127285000.0,-0.06526903573475862,0.02717135001082638,0.026131172050867058,1
2022-10-10,140.4199981689453,141.88999938964844,138.57000732421875,140.4199981689453,74899000.0,10517317442.855837,0.0023556416566585803,-0.014250605986565579,-0.06864764747775576,-0.13734126453284645,36.07910449348539,-0.5343766141052715,-0.5629965679004584,0.03293425275602893,87872300.0,-0.055819093569031586,0.022489025034874387,0.02410030638571557,0
2022-10-11,139.89999389648438,141.35000610351562,138.22000122070312,138.97999572753906,77033700.0,10706143296.876526,-0.01025496695758199,-0.04873381299472257,-0.08421190855223182,0.028102448775939592,34.62701169489216,-0.5748678758963948,-0.5800368889767399,0.03250733254491085,-76991500.0,-0.06080952131708928,0.015993368803585952,0.020882180617298247,0
2022-10-12,139.1300048828125,140.36000061035156,138.16000366210938,138.33999633789062,70433700.0,9743797800.064089,-0.004604974883602009,-0.05505463042773595,-0.07674853364296264,-0.08957114541991729,33.97257431949653,-0.574481314086011,-0.5530546532506274,0.03146094237690792,-226896200.0,-0.05974309168501768,0.015002210251128358,0.0206060145394032,1
2022-10-13,134.99000549316406,143.58999633789062,134.3699951171875,142.99000549316406,113224000.0,16189900381.958008,0.0336129050048255,-0.016777743969614622,0.0035795183949911547,0.47469631025705183,42.47885202389803,-0.2095882425532718,-0.23275690160938645,0.032869424027957776,-45270000.0,-0.025030460277886912,0.025304508833056568,0.0221072262501171,0
2022-10-14,144.30999755859375,144.52000427246094,138.19000244140625,138.3800048828125,88598000.0,12260191672.607422,-0.03224001981433555,-0.0122063780411108,0.001302517645045409,-0.24525887098382881,37.34254513101637,-0.2258323463289731,-0.4685572662006863,0.03480580804505404,-47942400.0,-0.05248377816586314,0.023855731853857302,0.023007382061482524,1
2022-10-17,141.07000732421875,142.89999389648438,140.27000427246094,142.41000366210938,85250900.0,12140580981.19812,0.02912269574429982,0.014171809707402172,-0.0002807531554201992,-0.03851061025702762,43.746077628026356,0.07178498906006148,-0.19360910278332047,0.03367216879895981,-37590500.0,-0.02084339705971605,0.02781570225121878,0.02329214034744568,1
2022-10-18,145.49000549316406,146.6999969482422,140.61000061035156,143.75,99136600.0,14250886250.0,0.009409425626236034,0.03432151690241958,-0.016084914478720735,0.15090002213225162,45.73205203741343,0.3786897175155435,-0.07403035573906241,0.03400163687131132,138579800.0,-0.007141665369886363,0.026823041889931464,0.023057793697987276,1
2022-10-19,141.69000244140625,144.9499969482422,141.5,143.86000061035156,61758300.0,8884549075.694275,0.0007652216372282528,0.039901723424789814,-0.01734968163952777,-0.4732703115318877,45.900896597454874,0.5959685867122193,-0.03363520941351553,0.03326178008742921,270771800.0,-0.0029870070444061314,0.026342394682039454,0.02275994962718185,0
2022-10-20,143.02000427246094,145.88999938964844,142.64999389648438,143.38999938964844,64522000.0,9251809540.618896,-0.003267073673773546,0.0027973556270930455,-0.014027321659024872,0.04377787079218365,45.25303835139973,0.7073088914782617,-0.03713400676550475,0.032601158638062386,93025800.0,-0.0030141051352735593,0.022273716079266873,0.02274674073732018,1
2022-10-21,142.8699951171875,147.85000610351562,142.64999389648438,147.27000427246094,86548600.0,12746012691.775513,0.027059103837980825,0.06424338109524541,0.0512528240578467,0.2936998510092863,51.35681701921396,1.0224074407546473,0.3235981404167588,0.031997037422480924,268172400.0,0.025089566943178543,0.014866651704762247,0.023497534534518357,1
2022-10-24,147.19000244140625,150.22999572753906,146.0,149.4499969482422,75981900.0,11355494723.121643,0.014802693097965003,0.049434682291254806,0.06430707090903454,-0.1302109502360338,54.43090706764277,1.3378786427247173,0.5396043422901786,0.0312998360453594,258903400.0,0.04074177312901406,0.011993968779488818,0.023749445981371367,1
2022-10-25,150.08999633789062,152.49000549316406,149.36000061035156,152.33999633789062,74732300.0,11384718308.322144,0.019337567404898115,0.05975649626358703,0.09612894676254657,-0.016582758873308734,58.20208176760119,1.6793075682070593,0.7909718627195356,0.029980350174826878,234499100.0,0.060652987171041284,0.012722382648382217,0.024109070800279245,0
2022-10-26,150.9600067138672,151.99000549316406,148.0399932861328,149.35000610351562,88194300.0,13171819243.295288,-0.019627086164182295,0.03816214006584007,0.07958659864883488,0.16562993809744597,53.2885178387033,1.6400333407296968,0.5265824036925939,0.03045276393683887,84546500.0,0.040012860378307424,0.01889242493627158,0.024358036328326754,0
2022-10-27,148.07000732421875,149.0500030517578,144.1300048828125,144.8000030517578,109180200.0,15809293293.191528,-0.03046536903791064,0.009833347291381411,0.012658210287853189,0.2134573909357691,46.81199575692927,1.2609062310656745,0.09907138140219969,0.031741104036327114,39888300.0,0.007514635118472501,0.025563376500352838,0.022672207553809838,1
2022-10-28,148.1999969482422,157.5,147.82000732421875,155.74000549316406,164762400.0,25660097081.06689,0.07555250145606562,0.057513417362526686,0.12545165484748266,0.4115047048250844,59.54366083580243,1.6743024911987385,0.8946307226005636,0.033228205383557155,118102100.0,0.07706249342439131,0.04154564845194633,0.02694302865942591,0
2022-10-31,153.16000366210938,154.24000549316406,151.9199981689453,153.33999633789062,97943200.0,15018609929.32129,-0.015410357458724877,0.02602876861212411,0.07675017481015178,-0.5201167131579609,56.35655760128059,1.7076216812757317,0.6127807674750254,0.03311711629555193,-55823000.0,0.05648623061747626,0.043186340904651684,0.02671727134139163,0
2022-11-01,155.0800018310547,155.4499969482422,149.1300048828125,150.64999389648438,80379300.0,12109141054.403688,-0.0175427318745901,-0.011093622699437478,0.04799995754076081,-0.19763103622539901,52.936449247782974,1.4785705708850907,0.38394312994953506,0.034297243082528524,-210934600.0,0.036328202258598674,0.0434613020913225,0.026623967938442676,0
2022-11-02,148.9499969482422,152.1699981689453,145.0,145.02999877929688,93604600.0,13575475023.736572,-0.03730498071609045,-0.028925391012200707,0.008132894230372445,0.1523228454681771,46.57680207330224,0.9067228278280431,-0.01967743414697553,0.03661283467868326,-216344900.0,-0.0018616656278281907,0.04595239958776619,0.02802699024628026,0
2022-11-03,142.05999755859375,142.8000030517578,138.75,138.8800048828125,97918500.0,13598921758.117676,-0.04240497792352105,-0.04088396439349007,-0.03145264332263831,0.045055971973472,40.80029921202399,0.11410411145800081,-0.4258688138611929,0.038733062420464405,-205083200.0,-0.042028484192037086,0.04787434657847667,0.029564997143603788,0
2022-11-04,142.08999633789062,142.6699981689453,134.3800048828125,138.3800048828125,140814800.0,19485952711.572266,-0.003600230288167805,-0.11146783098780322,-0.060365309511373755,0.3633100487059693,40.36202264564016,-0.4150298463808926,-0.44655689561899664,0.040375473954295395,-510660400.0,-0.044914128864534164,0.016160151463369233,0.02841683768343563,1
2022-11-07,137.11000061035156,139.14999389648438,135.6699981689453,138.9199981689453,83374600.0,11582399279.336548,0.003902249364639898,-0.09403937989649025,-0.07045834054411959,-0.5241018403206397,41.097922228154886,-0.6839627068193092,-0.39862550307959643,0.039135090292971485,-329342600.0,-0.04069056582097341,0.020284808665182827,0.02842636211457931,1
2022-11-08,140.41000366210938,141.42999267578125,137.49000549316406,139.5,89908500.0,12542235750.0,0.004175078021159573,-0.07401257449864773,-0.08428512962158319,0.07544877901277403,41.926812424857474,-0.7715965141754915,-0.3630580428193351,0.03820603887176221,-159054800.0,-0.0368583003867623,0.022931787612818638,0.028339591434771057,0
2022-11-09,138.5,138.5500030517578,134.58999633789062,134.8699951171875,74917800.0,10104163320.19043,-0.03318999915994625,-0.07005449732900171,-0.09695353461379785,-0.18240097179284476,37.402024148686245,-1.0717335108360253,-0.6344537085641586,0.03929533087007298,-140368000.0,-0.06770819297239239,0.02198765625817153,0.02931790497424203,1
2022-11-10,141.24000549316406,146.8699951171875,139.5,146.8699951171875,118854000.0,17456086399.658203,0.08897457132383879,0.05753160968792437,0.014295525012453014,0.4615043316852159,51.893039474468985,-0.4255989540057947,0.1302970656525171,0.03934329521878347,76404500.0,0.01388242853361854,0.045654619467189406,0.034838350411026925,1
2022-11-11,145.82000732421875,150.00999450683594,144.3699951171875,149.6999969482422,93979700.0,14068760803.196716,0.019268754171310798,0.08180366863706978,-0.03878263986055264,-0.2348170453806624,54.56435609662419,0.19553100482195118,0.2837930446792582,0.038533517288279535,311199000.0,0.02939657519850214,0.04483261363890927,0.03407710206278021,0
2022-11-14,148.97000122070312,150.27999877929688,147.42999267578125,148.27999877929688,73374100.0,10879911458.432009,-0.009485625904429806,0.06737691285432179,-0.0329985501463288,-0.24750778619789315,52.974811846972734,0.49675718129405455,0.17076604759076858,0.037496668084663246,154450300.0,0.017578406501090216,0.04616257309730196,0.03369898416502605,1
2022-11-15,152.22000122070312,153.58999633789062,148.55999755859375,150.0399932861328,89868300.0,13483839128.63617,0.011869399253607638,0.07555550742747541,-0.0040491246934315495,0.20277425046272768,54.73490336846002,0.7834905840542976,0.2648801938436565,0.03693780596708089,154410100.0,0.027438961617420876,0.045882714963663286,0.03372982333478281,0
2022-11-16,149.1300048828125,149.8699951171875,147.2899932861328,148.7899932861328,64218300.0,9555040425.846865,-0.00833111207633952,0.10321048915921094,0.025925632893080364,-0.33605704402778613,53.21157269177455,0.8522326071912337,0.16600877060731925,0.035907717226620374,165109600.0,0.017162310839277106,0.040296192790624984,0.033818078086776476,1
2022-11-17,146.42999267578125,151.47999572753906,146.14999389648438,150.72000122070312,80389400.0,12116290466.131592,0.01297135574741759,0.026213700766066772,0.08525342685494053,0.22459410675791958,55.281025070017236,0.9817365531366652,0.2681756080924599,0.0354418876494057,126645000.0,0.027781201662057997,0.013243358332791874,0.03387440218078784,1
2022-11-18,152.30999755859375,152.6999969482422,149.97000122070312,151.2899932861328,74829600.0,11320969681.604004,0.003781794458686649,0.010621218238503705,0.09329374149287806,-0.07166879714459995,55.90137457630994,1.053505472589832,0.288173110027014,0.03407524644135881,107494900.0,0.030255944843374127,0.01071765007801366,0.03340185034967514,0
2022-11-21,150.16000366210938,150.3699951171875,147.72000122070312,148.00999450683594,58724100.0,8691753718.418884,-0.02168020969565021,-0.0018209082457764092,0.06543331743235403,-0.24236332020616658,51.476104038421646,0.8372263770966232,0.08041023905236794,0.034065345080243385,122144900.0,0.008414212539968657,0.01468412289740334,0.03365329006616394,1
2022-11-22,148.1300048828125,150.4199981689453,146.92999267578125,150.17999267578125,51804100.0,7779939358.575439,0.014661159715434469,0.0009330804846241492,0.076559087281586,-0.12538090576998684,54.06678849222301,0.7976399386057292,0.23217331850903808,0.03283495940901101,84080700.0,0.02395218028390511,0.01530157581085713,0.033528164968878234,1
2022-11-23,149.4499969482422,151.8300018310547,149.33999633789062,151.07000732421875,58301400.0,8807592925.012207,0.0059263196953200925,0.015323705497461315,0.12011576179679695,0.11815680792665972,55.12503168048121,0.7873726801675068,0.28272644484216647,0.03148729718044575,206600400.0,0.029416836593769258,0.014608308001032135,0.033234255147565527,0
2022-11-25,148.30999755859375,148.8800048828125,147.1199951171875,148.11000061035156,35195900.0,5212864770.481873,-0.01959360938875554,-0.01731688289021227,0.008442878289569355,-0.5046964969827776,50.9230576113816,0.5485263918349453,0.07827835255487482,0.03172749632976917,91015100.0,0.008109954803009023,0.016287734113451035,0.032776839678883146,0
2022-11-28,145.13999938964844,146.63999938964844,143.3800048828125,144.22000122070312,69246000.0,9986658204.528809,-0.02626425881856731,-0.04673139255190728,-0.03660651863228648,0.6767357691478715,45.964363827407745,0.11833175044710459,-0.14835412838606488,0.03259854422826562,-53060500.0,-0.014503625566218203,0.018391244127249108,0.028290510270157943,0
2022-11-29,144.2899932861328,144.80999755859375,140.35000610351562,141.1699981689453,83763800.0,11824935492.6239,-0.021148266717113118,-0.046213070682701196,-0.04794982916700885,0.19033554908122596,42.47221196596061,-0.35590791573343405,-0.3266284274154524,0.033180713959246155,-78100200.0,-0.03131733156449468,0.01830370562686027,0.028446699552761925,1
2022-11-30,141.39999389648438,148.72000122070312,140.5500030517578,148.02999877929688,111380900.0,16487714491.036987,0.04859389884061516,-0.01431611400545163,-0.013396391607421565,0.2849549223635819,51.413429774842236,-0.19964925494197838,0.17684818588167633,0.03332508662037128,-18523400.0,0.016668615720247137,0.03117001224477191,0.03052705660755647,1
2022-12-01,148.2100067138672,149.1300048828125,146.61000061035156,148.30999755859375,71250400.0,10567146650.048828,0.0018915002472865705,-0.018269740066283346,-0.003225994685112976,-0.4467554203493016,51.74311158135672,-0.0758630985276943,0.18432007581348528,0.03209997798152709,-5574400.0,0.01744564474395749,0.03094886040110074,0.029268288784419266,0
2022-12-02,145.9600067138672,148.0,145.64999389648438,147.80999755859375,65447400.0,9673780034.216309,-0.0033713168918532155,-0.002025542168128558,-0.019307348981826178,-0.0849536653377001,51.07661277375952,-0.028523946154567048,0.12190659781758238,0.03119338738787012,-35825900.0,0.010918962041453373,0.029636772842383526,0.02742903061780467,0
2022-12-05,147.77000427246094,150.9199981689453,145.77000427246094,146.6300048828125,68826400.0,10092015368.066406,-0.00798317228381984,0.016710606307798415,-0.030801696147258917,0.05034062493139402,49.45751484960129,-0.07491242361986897,0.0003310424552796093,0.03170712503112533,-35406300.0,2.7327745860228347e-05,0.026564147308437418,0.02750587296491025,0
2022-12-06,147.07000732421875,147.3000030517578,141.9199981689453,142.91000366210938,64727200.0,9250164389.038086,-0.025369986338581674,0.0123256039932913,-0.034457070697959,-0.06140587632986794,44.65199526542065,-0.3395424738670653,-0.3448701128411868,0.03289773277482395,-16369700.0,-0.02666767411226012,0.027594407034378064,0.028238300534774694,0
2022-12-07,142.19000244140625,143.3699951171875,140.0,140.94000244140625,69721100.0,9826492004.21753,-0.013784907775671984,-0.04789567247420812,-0.061526106572151185,0.07432148179859155,42.30758101566346,-0.6146349717164717,-0.5400635698618287,0.03268279837789489,-197471700.0,-0.040555461789328895,0.01048325771621067,0.028443115468861958,1
2022-12-08,142.36000061035156,143.52000427246094,141.10000610351562,142.64999389648438,62128300.0,8862601615.79895,0.012132761639400691,-0.03816333190804111,-0.055735837820301226,-0.11530139445147114,45.00666067667174,-0.6456149128626765,-0.541798588150522,0.03127639196076329,-206593800.0,-0.031479493495821464,0.013796807544129841,0.027370498915407392,0
2022-12-09,142.33999633789062,145.57000732421875,140.89999389648438,142.16000366210938,76097000.0,10817949798.675535,-0.0034349124103753015,-0.038224707325664076,-0.04017282373724018,0.20280723760425445,44.366149285871096,-0.6608920178883013,-0.5377776511095033,0.03148892314660655,-217243400.0,-0.033260535931623036,0.013791876213748949,0.01847446897128274,1
2022-12-12,142.6999969482422,144.5,141.05999755859375,144.49000549316406,70462700.0,10181155910.063171,0.01638999557563814,-0.014594553081811124,0.0018721693951988527,-0.07692534943351248,48.14527973605248,-0.48405442616478933,-0.2535287341826596,0.030468767332447223,-77954300.0,-0.015671951765924952,0.01747654139970787,0.018314931347745107,1
2022-12-13,149.5,149.97000122070312,144.24000549316406,145.47000122070312,93886200.0,13657625628.607178,0.006782446468835079,0.01791335450978293,0.030459751416953118,0.28699991522400126,49.69314285415458,-0.28112416088210923,-0.13017416845339824,0.030915365892456165,80659100.0,-0.00804635542104537,0.012229508641689167,0.01830806574074283,0
2022-12-14,145.35000610351562,146.66000366210938,141.16000366210938,143.2100067138672,82291200.0,11784923304.492188,-0.015535811424151502,0.01610617449367968,-0.032560914038890054,-0.13181923297169718,46.26348728478815,-0.2786053218657526,-0.34256864512339497,0.031903376203154525,68089000.0,-0.021177807143938687,0.01286112799829938,0.01833562090266335,0
2022-12-15,141.11000061035156,141.8000030517578,136.02999877929688,136.5,98931900.0,13504204350.0,-0.04685431463789913,-0.04311247220204717,-0.07963048852406529,0.18416755652041772,37.899903667754856,-0.6851869090502405,-0.8626380471087605,0.034838034169442485,-92971200.0,-0.06310486518823122,0.02449118003855614,0.020865939763170176,0
2022-12-16,136.69000244140625,137.64999389648438,133.72999572753906,134.50999450683594,160156900.0,21542703739.23188,-0.014578794821714758,-0.05381266852986466,-0.0899804023505617,0.48172222122160235,35.83105089069147,-1.0240899084540922,-0.8529751469932554,0.034909827462289975,-177031100.0,-0.07159894265507405,0.024418490960839846,0.02058753985885208,0
2022-12-19,135.11000061035156,135.1999969482422,131.32000732421875,132.3699951171875,79592600.0,10535672073.364258,-0.01590959391154889,-0.08388130607794853,-0.09725164898563343,-0.6992328297104073,33.70059241678561,-1.310045576956865,-0.8446384781212877,0.035034028600223144,-327086400.0,-0.08036477556448107,0.019143142750898772,0.020592554720574724,0
2022-12-20,131.38999938964844,133.25,129.88999938964844,132.3000030517578,77432800.0,10244359676.306152,-0.0005287608069164396,-0.09053411740173256,-0.07424253263219716,-0.027510659915030544,33.63016166467243,-1.412735725166884,-0.7136979719130683,0.03436286776477796,-498405400.0,-0.0758075146913757,0.0170120577428394,0.020310773292990268,1
2022-12-21,132.97999572753906,136.80999755859375,132.75,135.4499969482422,85928000.0,11638947337.768557,0.023809477126406797,-0.05418622583496879,-0.038952784149741015,0.10409927157972376,39.73450694952937,-1.1864635163441912,-0.45609457069818843,0.033544636171455984,-330186200.0,-0.048909730059454315,0.025708045128422723,0.020881322455287392,0
2022-12-22,134.35000610351562,134.55999755859375,130.3000030517578,132.22999572753906,77852100.0,10294382850.379944,-0.02377261936693542,-0.03128208258213139,-0.07304590686843426,-0.09869886222050539,36.08124469622853,-1.1696796548350683,-0.5956890419057568,0.03468905221588356,-309106400.0,-0.06533735526093742,0.018748393009198755,0.02112239924096535,0
2022-12-23,130.9199981689453,132.4199981689453,129.63999938964844,131.86000061035156,63814900.0,8414632752.949524,-0.0027981178941416385,-0.0197010928905339,-0.07245359303900412,-0.198824164638836,35.67535690564253,-1.1005322007850653,-0.5481397559072523,0.0338075721177745,-212764400.0,-0.06256886732544698,0.01816265275687427,0.020904101356811797,0
2022-12-27,131.3800048828125,131.41000366210938,128.72000122070312,130.02999877929688,69007800.0,8973084149.761963,-0.01387836965405731,-0.017677694524495635,-0.10007617249728251,0.07823283510364831,33.65856851298905,-1.0928549673205659,-0.5754174959826925,0.033559433649525475,-202179600.0,-0.0708924246184921,0.017845140104971614,0.020437540775125478,0
2022-12-28,129.6699981689453,131.02999877929688,125.87000274658205,126.04000091552734,85438400.0,10768656014.221191,-0.03068521034551308,-0.04731671951497585,-0.1335670594770747,0.21357610397141613,29.714325176251222,-1.2594635936381593,-0.6792261122273503,0.035073064161848806,-210185200.0,-0.0945076989371475,0.0213665701260424,0.020940021134741665,1
2022-12-29,127.98999786376952,130.47999572753906,127.7300033569336,129.61000061035156,75703700.0,9811956603.205872,0.02832433885189234,-0.04311551472475994,-0.09496547354186191,-0.12096861054413921,36.84537423250273,-1.041245365939801,-0.4451568422947979,0.03411768934737497,-220409500.0,-0.0626581971084813,0.023145666412111313,0.01853993823875139,1
2022-12-30,128.41000366210938,129.9499969482422,127.43000030517578,129.92999267578125,77034200.0,10009053041.784668,0.00246888406699175,-0.017393958451734304,-0.04813192178914838,0.01742244246609914,37.457886613535656,-0.7982991670500947,-0.3894238250689172,0.03298804774461612,-65523200.0,-0.05405705836736219,0.02176856351075628,0.018554067587506565,0
2023-01-03,130.27999877929688,130.89999389648438,124.16999816894533,125.06999969482422,112117500.0,14022535690.784454,-0.03740470449409117,-0.05149401550203159,-0.07018062000985337,0.3752979453577794,32.329407746866565,-0.881344655063212,-0.5745891423145993,0.03566561257348502,-113825800.0,-0.08183940693003722,0.026541897873880154,0.01977911336475023,1
2023-01-04,126.88999938964844,128.66000366210938,125.08000183105467,126.36000061035156,89113600.0,11260394550.390623,0.010314231379827232,-0.02822424212411545,-0.04540299711815565,-0.22963546589240735,34.87806624800292,-0.7698750294976282,-0.4609354562064174,0.03480932012147923,44295600.0,-0.06541571632986287,0.027882926432497058,0.02020487481146919,0
2023-01-05,127.12999725341795,127.7699966430664,124.76000213623048,125.0199966430664,80962700.0,10121956482.213593,-0.010604653061194957,-0.008092702832845466,-0.055026502197761507,-0.09592340439964886,33.46799170584532,-0.7084165876201052,-0.4730467466432497,0.034389109386139254,48771300.0,-0.06916836318826491,0.024580430529262735,0.019771734806264228,1
2023-01-06,126.01000213623048,130.2899932861328,124.88999938964844,129.6199951171875,87754700.0,11374763785.510254,0.036794101724815675,7.711215792660653e-05,-0.043041727297213894,0.0805568664237839,42.1189178187692,-0.30083423629615513,-0.21260554319533045,0.03377523234151993,60822300.0,-0.03083505809833542,0.02728261180363887,0.021907248312078357,1
2023-01-09,130.47000122070312,133.41000366210938,129.88999938964844,130.14999389648438,70790800.0,9213422187.927246,0.004088865910060413,0.0016932289163757996,-0.01573018148877925,-0.21481637068099602,43.03792652250228,0.043273525394794454,-0.159545778807216,0.03331502236821823,54578900.0,-0.022303391877388723,0.02732419364467901,0.02166901790977907,1
2023-01-10,130.25999450683594,131.25999450683594,128.1199951171875,130.72999572753906,63896200.0,8353149953.005981,0.004456410743407302,0.04525462578176587,-0.00856973212181067,-0.10246915553262781,44.08422716654194,0.33265039536122387,-0.10294604900383736,0.032513769266506065,230592600.0,-0.013712088068416284,0.01734462941726702,0.02175823245599197,1
2023-01-11,131.25,133.50999450683594,130.4600067138672,133.49000549316406,69458900.0,9272068942.549131,0.02111229140844828,0.05642612257338331,0.026609295903631702,0.08347531778793638,48.89484999442557,0.7109182249609916,0.0950732859065046,0.031199131726547914,210937900.0,0.01130708388284929,0.01819885987167579,0.022014754197414443,0
2023-01-12,133.8800048828125,134.25999450683594,131.44000244140625,133.41000366210938,71379600.0,9522752697.399902,-0.0005993095195339082,0.06710932046332196,0.05847352184265242,0.02727690311042963,48.76388980068784,0.9422085295154714,0.15827613872195273,0.030497836933451483,220521000.0,0.015339339584676148,0.015565713063844612,0.021890939639911008,1
2023-01-13,132.02999877929688,134.9199981689453,131.66000366210938,134.75999450683594,57809700.0,7790434854.4418335,0.010119112567793076,0.03965437110996217,0.03973454110201624,-0.2108555292798684,51.141976398080644,1.1583628568623134,0.37559417110052573,0.029763660145287703,190576000.0,0.028922184464988065,0.008338009344241584,0.021936496863497218,1
2023-01-17,134.8300018310547,137.2899932861328,134.1300048828125,135.94000244140625,63646600.0,8652118959.387207,0.008756366745847899,0.04448719797503031,0.04625575390142589,0.09618932319806817,53.187263732252234,1.3402110244318255,0.5020971296062215,0.029058169686201417,183431800.0,0.03815374639595448,0.008070679272608988,0.019441995184927684,0
2023-01-18,136.82000732421875,138.61000061035156,135.02999877929688,135.2100067138672,69672800.0,9420459755.773926,-0.005369984658148752,0.034269189418969725,0.08107465454373552,0.09046408988834642,51.74415256706105,1.3660773906193087,0.4199622875457915,0.029019503343210372,49862800.0,0.03230294780639631,0.010277935153901085,0.01918656732678734,1
2023-01-19,134.0800018310547,136.25,133.77000427246094,135.27000427246094,58280400.0,7883589957.000732,0.00044373608175840573,0.01333432246647126,0.07051284915378075,-0.1785441501720122,51.859763339564076,1.3401233871628726,0.3975764866006852,0.028244277678724238,38684300.0,0.0316189628624044,0.006573034445422036,0.018797896790298755,1
2023-01-20,135.27999877929688,138.02000427246094,134.22000122070312,137.8699951171875,80223600.0,11060427340.283203,0.01922074933545259,0.03343071233529127,0.10278354518603927,0.31955188650966093,56.70092814068026,1.4420919570442807,0.5716237639294515,0.027700966363207246,190287500.0,0.049218973442858305,0.009453725774768088,0.01921354814759129,1
2023-01-23,138.1199951171875,143.32000732421875,137.89999389648438,141.11000061035156,81760300.0,11537195982.902529,0.02350043960188808,0.04712085457374737,0.08864377353799568,0.01897405956594511,61.84964323669894,1.6564519770905441,0.7390003656306472,0.02789046500338503,214238100.0,0.07156825525168498,0.012186166576848484,0.01919540412820206,1
2023-01-24,140.30999755859375,143.16000366210938,140.3000030517578,142.52999877929688,66435100.0,9468994721.902466,0.010063058343160014,0.04847724157376776,0.09512105619197353,-0.20756626163036884,63.877002766282345,1.8100956695677297,0.7083581663383686,0.02707355193918714,217026600.0,0.07813510150635894,0.012185329690478332,0.01825141526147673,0
2023-01-25,140.88999938964844,142.42999267578125,138.80999755859375,141.86000061035156,65799300.0,9334288738.160706,-0.00470075194473818,0.049182705171793684,0.08513734603043277,-0.009616331150557045,62.19751924444474,1.780125030104216,0.5780167342043354,0.02713153522176428,220900100.0,0.06902386435445207,0.011982159054845015,0.018293164500924063,1
2023-01-26,143.1699981689453,144.25,141.89999389648438,143.9600067138672,54105100.0,7788970559.254456,0.014803370185255682,0.06424190261650953,0.07843284732832889,-0.19568074541207636,65.27897136883699,1.809357531433352,0.6119797483223194,0.026011903993784086,216724800.0,0.07918474173937251,0.01087725007058402,0.01795369963171054,1
2023-01-27,143.16000366210938,147.22999572753906,143.0800018310547,145.92999267578125,70555800.0,10296207377.233889,0.013684258613779976,0.05846085329692552,0.09384595360166204,0.26547543052811307,67.92069472459241,1.8617435249359824,0.6348198571097328,0.025859148175088997,207057000.0,0.08585731541661046,0.010298282360073857,0.01590313857252222,0
2023-01-30,144.9600067138672,145.5500030517578,142.85000610351562,143.0,64015300.0,9154187900.0,-0.020078070464177533,0.01339380186714978,0.06114578383086888,-0.09728176738052596,60.54260483457486,1.608947038932667,0.42702419974693945,0.026042515245539688,61281400.0,0.058780852675182516,0.014957915769187678,0.016242378512661377,1
2023-01-31,142.6999969482422,144.33999633789062,142.27999877929688,144.2899932861328,65874500.0,9505031162.727356,0.009020932070858745,0.012348239120953286,0.06142408926559817,0.02862929897022326,62.47530545903307,1.4437626263392171,0.44667561813638773,0.02498590920496475,60720800.0,0.06268269761600731,0.014837390709210188,0.016253578056170014,1
2023-02-01,143.97000122070312,146.61000061035156,141.32000732421875,145.42999267578125,77663600.0,11294616779.174805,0.007900751560697472,0.02516560024016523,0.07558601770904216,0.16463526013526675,64.1466565502113,1.3292881167645039,0.4684618408445138,0.02561753452399806,204183700.0,0.06310806350020792,0.014361339970156933,0.012757863566933892,1
2023-02-02,148.89999389648438,151.17999267578125,148.1699981689453,150.82000732421875,118339000.0,17847888846.740723,0.03706260688917107,0.04765212760781812,0.11495529356557865,0.42116670341944484,70.77462740820033,1.5207948634398476,0.6766085489991531,0.02566079220514633,268417600.0,0.09274024108494361,0.020339942449717048,0.014354398365640838,1
2023-02-03,148.02999877929688,157.3800048828125,147.8300018310547,154.5,154357300.0,23848202850.0,0.024399897209064214,0.058726839953038956,0.12062091442505118,0.26571665598179806,74.2716933701803,1.7814498270892964,0.7752413766250897,0.02767549437817306,352219100.0,0.10757452345339846,0.021424280357407635,0.013969167067262681,0
2023-02-06,152.57000732421875,153.10000610351562,150.77999877929688,151.72999572753906,69858300.0,10599599560.533142,-0.01792883024246561,0.06104892117160188,0.07526040019312741,-0.7928011324025448,67.7045045990587,1.6560975682341272,0.5709448294989037,0.02791906363240495,346376100.0,0.07916455075924778,0.020635308381292204,0.013955394211806955,1
2023-02-07,150.63999938964844,155.22999572753906,150.63999938964844,154.64999389648438,83322600.0,12885839581.439207,0.019244699473851767,0.07179985510018883,0.08503469600076907,0.17625091388600822,70.6505717588618,1.6547227146348717,0.6439644085967002,0.02755534200086605,363824200.0,0.0904321497972631,0.020761185907287122,0.014142202041243496,0
2023-02-08,153.8800048828125,154.5800018310547,151.1699981689453,151.9199981689453,64120100.0,9741125474.59259,-0.017652737376545935,0.04462632070423567,0.07091496909143302,-0.26196192998858336,64.70739458599598,1.3667857100657215,0.46742021970400077,0.027683099928736934,222040500.0,0.06324010076926356,0.025323643881694575,0.015311694254687102,0
2023-02-09,153.77999877929688,154.3300018310547,150.4199981689453,150.8699951171875,56007100.0,8449790903.527832,-0.006911552556695955,0.00033144006458840636,0.04799936149665851,-0.13527941664398213,62.528703300620094,1.0184292611665064,0.378324294174973,0.027735808470116037,47694400.0,0.04950850449042976,0.020287187530032707,0.015297157658294045,1
2023-02-10,149.4600067138672,151.33999633789062,149.22000122070312,151.00999450683594,57450700.0,8675629891.41388,0.0009279472007650558,-0.022589032318213964,0.034811225149179226,0.025448719867348757,62.70899103500452,0.7240864652179795,0.3548806784207116,0.02673357200708731,-49212200.0,0.04409087766148412,0.015430574243009554,0.015264950294082681,1
2023-02-13,150.9499969482422,154.25999450683594,150.9199981689453,153.85000610351562,62199000.0,9569316529.632568,0.01880677902118011,0.013972256216123968,0.07587416855605333,0.07941173238787513,66.255855073812,0.6496864480726914,0.4715081824813846,0.0259164628945391,82845100.0,0.056752859344065154,0.01614577304448806,0.015500383646621093,0
2023-02-14,152.1199951171875,153.77000427246094,150.86000061035156,153.1999969482422,61707600.0,9453604131.68335,-0.004224953717818392,-0.009375990982662064,0.061750669323551,-0.007931822330462523,64.73815905134576,0.49283673762247826,0.3999391588000875,0.02556146505681209,-62185100.0,0.04608723106892665,0.013373463421371587,0.015683088009995898,1
2023-02-15,153.11000061035156,155.5,152.8800048828125,155.3300018310547,65573800.0,10185578474.069214,0.013903426404976438,0.022446048599324087,0.06807405386689602,0.06076912498616238,67.37540970093204,0.4688222044036898,0.49208220853152473,0.024614970560023937,67508800.0,0.053395429711351694,0.011316097647879967,0.015531930061766666,0
2023-02-16,153.50999450683594,156.3300018310547,153.35000610351562,153.7100067138672,68167900.0,10478088366.670227,-0.010429376798369527,0.0188242307191282,0.019161909887961848,0.03879755305166199,63.486350298034516,0.2889402883889236,0.3706474030775771,0.02448244742623439,55348000.0,0.03593180895617709,0.012271983569203277,0.0159606077680573,0
2023-02-17,152.35000610351562,153.0,150.85000610351562,152.5500030517578,59144100.0,9022432635.49347,-0.007546702305912589,0.01019805708854693,-0.012621339470823223,-0.14199693828045667,60.78089366369022,0.04949045044423439,0.2655822785674992,0.024245709899247146,-61246800.0,0.023053089662405046,0.013308704963292516,0.01596276333667898,0
2023-02-21,150.1999969482422,151.3000030517578,148.41000366210938,148.47999572753906,58867200.0,8740601604.492188,-0.026679824600448265,-0.03490419345426243,-0.021419627572098587,-0.004692779479064768,52.35127392230242,-0.40056548493064703,-0.08372388862177223,0.025122614609438654,-182313000.0,-0.006696525124429198,0.014525916669918072,0.01685249286552113,1
2023-02-22,148.8699951171875,149.9499969482422,147.16000366210938,148.91000366210938,51011300.0,7596092869.80896,0.0028960664530148783,-0.028002567699672798,-0.03711600686009131,-0.1432368800581756,53.091489981888884,-0.6709391355161944,-0.07976218943381506,0.024599070509182346,-69594100.0,-0.005941225497222757,0.015198965412599038,0.016763273104815367,1
2023-02-23,150.08999633789062,150.33999633789062,147.24000549316406,149.39999389648438,48394200.0,7230093184.625244,0.0032905125399556034,-0.03817683554153373,-0.016587706048143303,-0.05266720391784929,53.969002328471966,-0.8091608412342581,-0.077481944762643,0.024249193321710643,-86773700.0,-0.005173928168541564,0.012255351297772301,0.016682040196687935,0
2023-02-24,147.11000061035156,147.19000244140625,145.72000122070312,146.7100067138672,55469600.0,8137945388.415527,-0.018005269695533066,-0.04554030117915864,-0.027573331596445372,0.13645514846921003,48.59452307306017,-1.058400946415519,-0.37823196189798614,0.024721643133416148,-74075400.0,-0.02397967071603102,0.013116189938001158,0.017041003360866537,1
2023-02-27,147.7100067138672,149.1699981689453,147.4499969482422,147.9199981689453,44998500.0,6656178037.605286,0.008247504598905886,-0.030350736087770613,-0.020462197538526183,-0.20920596285955284,50.9602105667368,-1.1128598199872743,-0.26915788459256046,0.023955928716410318,30067200.0,-0.01658091015957508,0.015331455031898035,0.01687195085268605,0
2023-02-28,147.0500030517578,149.0800018310547,146.8300018310547,147.41000366210938,50547000.0,7451133455.108643,-0.003447772533457294,-0.007206304527332619,-0.04185896773428266,0.11627443820354699,49.91748844912417,-1.1496078202344933,-0.38799943294146266,0.023412004862020348,38387400.0,-0.021406090309590398,0.010166854503314868,0.016183987756869415,0
2023-03-01,146.8300018310547,147.22999572753906,145.00999450683594,145.30999755859375,55479000.0,8061653354.553223,-0.014246021649447993,-0.02417571697657317,-0.051501302524921244,0.09310097248776117,45.76498117503095,-1.272179234081352,-0.6677415104362602,0.023233647443993085,-68102900.0,-0.03567365160816127,0.01119289477818471,0.016459679794654236,1
2023-03-02,144.3800048828125,146.7100067138672,143.89999389648438,145.91000366210938,52238100.0,7622061362.301636,0.0041291453691869595,-0.023360042683757576,-0.06064506571751038,-0.0601924559430671,47.1185514649647,-1.2669096797013846,-0.6042660027615088,0.022860994516698437,-64259000.0,-0.03184601140653709,0.011350222250639403,0.016391654285507515,1
2023-03-03,148.0399932861328,151.11000061035156,147.3300018310547,151.02999877929688,70732300.0,10682699182.65686,0.035090089703815774,0.029445790114747128,-0.017435481214695292,0.3030902098306889,56.98423593383396,-0.8904454391124883,0.03902259296860968,0.022967725739549916,61942900.0,0.0020567879850075244,0.018397935894220972,0.016163106739398764,1
2023-03-06,153.7899932861328,156.3000030517578,153.4600067138672,153.8300018310547,87558000.0,13469047300.323486,0.01853938339660255,0.0399540544569188,0.008390683406689803,0.21339909965135462,61.24268275015223,-0.44708540643021455,0.40083713576760543,0.023386022765512285,104502400.0,0.020861205543523775,0.01927350002517777,0.015748976196859565,0
2023-03-07,153.6999969482422,154.02999877929688,151.1300048828125,151.60000610351562,56182000.0,8517191542.907715,-0.014496494188358522,0.028424139049684216,0.021013001520432395,-0.44370500363532983,56.449602666449344,-0.30502182580463244,0.11739342335330395,0.023401397907920816,98867400.0,0.006105692835655319,0.021428856758059757,0.01556206034569665,1
2023-03-08,152.80999755859375,153.47000122070312,151.8300018310547,152.8699951171875,47204800.0,7216197545.507812,0.00837723590066819,0.05202668560740498,0.02659318620435802,-0.1741008351788622,58.444276729128376,-0.135196175869148,0.300371563751626,0.022423101563301878,201551200.0,0.015133671636647916,0.01829668477291025,0.01503828548068136,0
2023-03-09,153.55999755859375,154.5399932861328,150.22999572753906,150.58999633789062,53833600.0,8106801626.855469,-0.014914625839747453,0.03207451551175966,0.007965210776586629,0.13140222259799117,53.689918543166215,-0.18311612802036237,0.008678027074258831,0.02318103615849025,95479500.0,0.0004351189548073009,0.0215945660819868,0.014885325506466375,0
2023-03-10,150.2100067138672,150.94000244140625,147.61000061035156,148.5,68572400.0,10183001400.0,-0.0138787196275717,-0.016751630800143302,0.012200894309983168,0.241992309877606,49.69882740327098,-0.35245989142394185,-0.2494968091241787,0.023429927745962927,-43825200.0,-0.012672370199489524,0.015696206669719544,0.015126907795904854,1
2023-03-13,147.80999755859375,153.13999938964844,147.6999969482422,150.47000122070312,84457100.0,12708259940.097046,0.013266001486216261,-0.021842297148521927,0.017239068978660788,0.20835358898032297,53.22813296253431,-0.32912958076272614,0.011923439003004901,0.024053906115082353,-46926100.0,0.0006051401172628701,0.013943305427736537,0.015444320405828995,1
2023-03-14,151.27999877929688,153.39999389648438,150.10000610351562,152.58999633789062,73695900.0,11245257111.117554,0.01408915464869298,0.006530278327950834,0.035140034916861795,-0.13629654469551156,56.74533377543432,-0.17593549367998196,0.3045993419991739,0.02357020010386864,82951800.0,0.01512810323677849,0.014578271540786619,0.015174573146495686,1
2023-03-15,151.19000244140625,153.25,149.9199981689453,152.99000549316406,77167900.0,11805917444.895935,0.0026214638237991306,0.0007850486021443448,0.05285257768635976,0.046036400129715105,57.39633111434756,-0.05874048791215136,0.3609044108396286,0.02338411369120321,112914900.0,0.01786032238032287,0.014108047716308738,0.01515863482579597,1
2023-03-16,152.16000366210938,156.4600067138672,151.63999938964844,155.85000610351562,76161100.0,11869707899.850464,0.018694035607962345,0.034929343871041185,0.06812420116460816,-0.013132733624416915,61.82073430870939,0.18687222437616424,0.7293496821476976,0.02352443704156165,242909600.0,0.03670890704520824,0.01305137168328485,0.015424738267275208,0
2023-03-17,156.0800018310547,156.74000549316406,154.27999877929688,155.0,98944600.0,15336413000.0,-0.00545400109224925,0.04377104377104368,0.026286176605911038,0.2617092608632241,59.831977607892895,0.2629093621865799,0.5902447407176146,0.02309755495321943,212537400.0,0.0306125116895426,0.009836671148822114,0.015282395887338712,1
2023-03-20,155.07000732421875,157.82000732421875,154.14999389648438,157.39999389648438,73641400.0,11591155910.528564,0.015483831590221708,0.04605564311531185,0.02320738492449914,-0.2953527264790772,63.41104802523056,0.43548200651955815,0.7761540700099656,0.022786162917739765,201721700.0,0.0448855616145456,0.010142485019130879,0.015507911320670068,1
2023-03-21,157.32000732421875,159.39999389648438,156.5399932861328,159.27999877929688,73938300.0,11776892333.743286,0.011944122971497162,0.043842994966669435,0.05065958025448358,0.004023593983816909,65.9690309002712,0.6253376573134186,0.8191428004417816,0.022191399576618937,201964100.0,0.053588958704188006,0.009920949243652518,0.014134479138028925,0
2023-03-22,159.3000030517578,162.13999938964844,157.80999755859375,157.8300018310547,75701800.0,11948015232.614136,-0.009103446505241086,0.03163602957127076,0.03244591399420749,0.023570976287626166,62.348545634714064,0.6021352064129775,0.5931234517810285,0.022755225113323386,49094400.0,0.04092677334570349,0.012700717285000754,0.014418263063947272,1
2023-03-23,158.8300018310547,161.5500030517578,157.67999267578125,158.92999267578125,67622100.0,10747179857.720947,0.006969466083539766,0.019762505304105726,0.05538214051866719,-0.11286708395556744,63.964267848832584,0.6079702515842849,0.6133821482157792,0.02272292230312011,40555400.0,0.044897748552389594,0.010780520996721476,0.014445454979942998,1
2023-03-24,158.86000061035156,160.33999633789062,157.85000610351562,160.25,59196500.0,9486239125.0,0.008305589788276002,0.03387096774193554,0.07912457912457915,-0.13307243207272634,65.85769967024223,0.6443548045732834,0.6490950547239389,0.02203592182396654,198696500.0,0.04890756606344149,0.009447936183802344,0.013585581505258256,0
2023-03-27,159.94000244140625,160.77000427246094,157.8699951171875,158.27999877929688,52390300.0,8292336620.046997,-0.012293299349161457,0.0055908825726591616,0.05190401738043704,-0.12214095663859581,60.72921756053707,0.4865505846134974,0.4336980446101984,0.022025318455296664,72664800.0,0.03251225650914691,0.011038978154235782,0.014056485519863528,0
2023-03-28,157.97000122070312,158.49000549316406,155.97999572753906,157.64999389648438,45992200.0,7250670049.285889,-0.003980318976947728,-0.010233581713364304,0.03316074238175504,-0.13024964013816387,59.14305339773901,0.2997114504075178,0.34487234406299433,0.0216710559259814,-47265700.0,0.024979159021651043,0.00931379418573804,0.014070804163682095,1
2023-03-29,159.3699951171875,161.0500030517578,159.35000610351562,160.77000427246094,51305700.0,8248417608.201599,0.019790742129842442,0.018627652583780074,0.050852987123034765,0.10933003796974816,64.13851397298718,0.34310232067954605,0.587651870620769,0.021243192019042702,79741800.0,0.04003729129955347,0.012304152733176758,0.013873912156958178,1
2023-03-30,161.52999877929688,162.47000122070312,161.27000427246094,162.36000061035156,49501700.0,8037096042.21344,0.009889881791605992,0.021581879397475134,0.041770896707646,-0.035794843985872404,66.39356728213716,0.43009835523218687,0.6942485347273619,0.020280541348394743,61621400.0,0.044764120659053885,0.01256131806400903,0.013911156144886387,1
2023-03-31,162.44000244140625,165.0,161.91000366210938,164.89999389648438,68749800.0,11336841600.38452,0.015644205941022005,0.029017122598966383,0.06387092836441521,0.32846680937644734,69.67422940492428,0.5995110908172796,0.8046559411257865,0.019880330594644606,71174700.0,0.05639438665377905,0.013531426247140654,0.012318681457177466,1
2023-04-03,164.27000427246094,166.2899932861328,164.22000122070312,166.1699981689453,56976200.0,9467735049.673462,0.00770166355044366,0.049848366505550246,0.05571794544178066,-0.18784018766665866,71.18869468312342,0.7292859834208167,0.7782202059547941,0.0192090095668674,180541200.0,0.060339210553223666,0.009059215345006436,0.011898637111912044,0
2023-04-04,166.60000610351562,166.83999633789062,165.11000061035156,165.6300048828125,46278300.0,7665075054.968262,-0.003249643690696802,0.05061853025866858,0.03986693967969179,-0.20796046400116808,69.59719314786055,0.7102416236623132,0.6486583349942187,0.018641157378510666,180255100.0,0.05218358937973222,0.008782842184253955,0.011228716047153591,0
2023-04-05,164.74000549316406,165.0500030517578,161.8000030517578,163.75999450683594,51511700.0,8435555709.037781,-0.011290287513422759,0.018597935901698337,0.03757202437423057,0.1071357954170793,64.24108612163391,0.5124212086003128,0.45338857303953733,0.0191778727340653,77437700.0,0.03671812772841054,0.010839633312393506,0.011721250964144534,1
2023-04-06,162.42999267578125,164.9600067138672,162.0,164.66000366210938,45390100.0,7473934032.223511,0.005495903672834368,0.014166069494404576,0.03605367929524417,-0.12651494412066455,65.61273438896276,0.3885257622092104,0.4800122223184846,0.01899472249162777,73326100.0,0.03779384818932252,0.010384892846243679,0.010891670273089585,0
2023-04-10,161.4199981689453,162.02999877929688,160.0800018310547,162.02999877929688,47716900.0,7731569248.751831,-0.01597233586979263,-0.017404458601673056,0.011107636688280076,0.049991612170916966,58.54554682725731,0.0912970800867905,0.24267094121865482,0.019943276001490238,-43140600.0,0.016882135056812464,0.010279920985001476,0.011086256320569997,0
2023-04-11,162.35000610351562,162.36000061035156,160.50999450683594,160.8000030517578,47644200.0,7661187505.39856,-0.007591160506113748,-0.032316273553351205,0.015921179504017946,-0.0015247309974348866,55.532950381975766,-0.20985506840539703,0.09607099486706183,0.019482197091081527,-147761000.0,0.005902190862546508,0.008190342503960685,0.011191585727003572,0
2023-04-12,161.22000122070312,162.05999755859375,159.77999877929688,160.10000610351562,50133100.0,8026309615.988159,-0.004353214769634461,-0.03338766296124607,0.015540832869552546,0.05092056572927106,53.835136280173614,-0.46337789028249965,-0.014880127152840612,0.019186929022887447,-151615800.0,-0.0008237672000095397,0.008094437504880536,0.011021670158855258,1
2023-04-13,161.6300048828125,165.8000030517578,161.4199981689453,165.55999755859375,68445600.0,11331853368.896484,0.03410363052421039,0.010991714167911004,0.029794073265154042,0.31135779525342855,63.26836127176405,-0.27958528673381,0.5690988453473776,0.019688052030731058,-31658500.0,0.029214741955431833,0.019349784307712486,0.013098084450017276,0
2023-04-14,164.58999633789062,166.32000732421875,163.82000732421875,165.2100067138672,49386500.0,8159143996.574402,-0.0021139819394035975,0.0033402346624893386,0.017553622153250403,-0.3263621560393162,62.388323415992524,-0.20146882448957903,0.48312482477324464,0.019401367167424174,-126435100.0,0.024059649225901536,0.01933843634121404,0.012692691787630639,1
2023-04-17,165.08999633789062,165.38999938964844,164.02999877929688,165.22999572753906,41516200.0,6859721548.623657,0.0001209915432451858,0.019749410432329473,0.002001224034379634,-0.17359339114427996,62.42047374589339,-0.1696126759335117,0.45727792484466,0.018601301096664725,-37202000.0,0.020946591390728075,0.017049792686181012,0.012557843225634706,1
2023-04-18,166.10000610351562,167.41000366210938,165.64999389648438,166.47000122070312,49923000.0,8310681870.941162,0.0075047238711354325,0.035261181973487155,0.0018053984176662485,0.18439810184195338,64.45055089650197,-0.09017636459532641,0.568738274495915,0.01807936879878325,60365200.0,0.025734249807456866,0.015764903259143512,0.01227308278054497,1
2023-04-19,165.8000030517578,168.16000366210938,165.5399932861328,167.6300048828125,47720200.0,7999337359.008789,0.006968244450070493,0.047033094892127814,0.01207510681059909,-0.045127029148911646,66.28539733222559,0.01001808850782826,0.6433631516699163,0.01778822076598281,158218500.0,0.030231544394246024,0.014477672200605033,0.012129177323731168,0
2023-04-20,166.08999633789062,167.8699951171875,165.55999755859375,166.64999389648438,52456400.0,8741858739.831543,-0.0058462742813449875,0.006583693850954919,0.017647774099844638,0.09462755814290347,63.312286408720034,-0.0186225847269208,0.4739319581365781,0.0176048660593515,37316500.0,0.021440094141506272,0.005803847600036739,0.011984380308840473,0
2023-04-21,165.0500030517578,166.4499969482422,164.49000549316406,165.02000427246094,58337300.0,9626821495.243835,-0.00978091619394783,-0.0011500661805269319,0.0021863269910420424,0.10625933265104237,58.60403799482393,-0.16795090133322876,0.22239400615808533,0.017443793842019543,28365700.0,0.009565260641118956,0.007657083020285429,0.012259090869995945,1
2023-04-24,165.0,165.60000610351562,163.88999938964844,165.3300018310547,41949600.0,6935527444.812012,0.001878545331279513,0.000605253925446636,0.0203666177659656,-0.3297727785402209,59.22508229668358,-0.26090761367884285,0.23656633422811046,0.01690622237208442,28799100.0,0.009892471723197405,0.007715998953673161,0.012167692139665705,0
2023-04-25,165.19000244140625,166.30999755859375,163.72999572753906,163.77000427246094,48714100.0,7977908365.129089,-0.0094356592349637,-0.016219120132416998,0.018470156494631018,0.1494996148871799,54.771878540482014,-0.43240281061004326,-0.035114108092388234,0.016973445293628476,-69838000.0,-0.0013110731901723183,0.007388676355040418,0.012011346408098561,0
2023-04-26,163.05999755859375,165.27999877929688,162.8000030517578,163.75999450683594,45498800.0,7450883238.067627,-6.112087295517821e-05,-0.023086620910630073,0.02286063874946942,-0.06828256247081654,54.7434350027366,-0.5442322131660493,-0.1062795454610353,0.016843740286404316,-163057000.0,-0.003229073695458884,0.005346485272079461,0.011944305021705912,1
2023-04-27,165.19000244140625,168.55999755859375,165.19000244140625,168.41000366210938,64902300.0,10930196580.67932,0.02839526936524983,0.010561115092018847,0.017214340091464164,0.3551971036656596,64.07641318837278,-0.31417003347641703,0.7432049197490899,0.017244608305294336,-45698300.0,0.022696582841123636,0.01557513285247814,0.012747905410393232,1
2023-04-28,168.49000549316406,169.85000610351562,167.8800048828125,169.67999267578125,55275900.0,9379214307.147217,0.007541054486406518,0.028238930327660894,0.02705638750838979,-0.16054605069974315,66.13076531459728,-0.09686600523216526,0.8448155029823531,0.016722293248380475,67914900.0,0.02812369511447521,0.01410088937657005,0.012685945404909992,0
2023-05-01,169.27999877929688,170.4499969482422,168.63999938964844,169.58999633789062,52472900.0,8898878918.838501,-0.0005303886243240852,0.02576661501031796,0.02638746428064498,-0.052040162020581704,65.84341142874894,0.0144797138710544,0.7211137413045371,0.016298425674106224,-26507600.0,0.02612039470106331,0.014302260960631006,0.012299000549157346,0
2023-05-02,170.08999633789062,170.35000610351562,167.5399932861328,168.5399932861328,48425700.0,8161667152.876282,-0.006191420923589042,0.029126145748498145,0.012434625159192025,-0.08026617972458894,62.43470204413925,-0.007722496952328406,0.5068225390999251,0.01641944418269512,-26219200.0,0.019036608246719045,0.013525840974713562,0.012321085643340977,0
2023-05-03,169.5,170.9199981689453,167.16000366210938,167.4499969482422,65136000.0,10907023001.220703,-0.006467285993302041,0.022532990749778214,-0.0010738407762748148,0.2964467219310265,59.01893546592415,-0.1150007633783523,0.3121747489417175,0.016949760862979543,-45856400.0,0.011889458142379628,0.014492345731416353,0.012397238136211831,0
2023-05-04,164.88999938964844,167.0399932861328,164.30999755859375,165.7899932861328,81235400.0,13468016420.596312,-0.009913429037699317,-0.015557332219012565,-0.005160519903083527,0.22087371795234745,54.15929813476672,-0.3060937750526289,0.03308085308656871,0.017249483974188747,-191994100.0,0.0012440432215632402,0.006840184592346093,0.012331273214326987,1
2023-05-05,170.97999572753906,174.3000030517578,170.75999450683594,173.57000732421875,113453200.0,19692072754.95605,0.04692692172716728,0.022925594155761342,0.051811918739506746,0.3340393008350695,67.61732140854915,0.06343469180476546,1.0105659987359152,0.01880151345165209,-133816800.0,0.04541667303485375,0.02380825734615344,0.01608902490820255,0
2023-05-08,172.47999572753906,173.85000610351562,172.11000061035156,173.5,55962800.0,9709545800.0,-0.0004033376808469935,0.02305562678543316,0.04941630725495294,-0.706703223746171,67.42549784280257,0.26386394275821745,0.856306970426634,0.01818193917282401,-137306700.0,0.041397814727968774,0.02380125966935376,0.01550092028505175,0
2023-05-09,173.0500030517578,173.5399932861328,171.60000610351562,171.77000427246094,45326900.0,7785801806.65741,-0.009971156931060876,0.019164655957025545,0.048848994268147816,-0.21078650485959827,62.692403587491754,0.24126026748661822,0.592666511607023,0.017859991316725908,-134207900.0,0.027630648454740392,0.024292205047807706,0.015599672492806277,1
2023-05-10,173.02000427246094,174.02999877929688,171.89999389648438,173.55999755859375,53724500.0,9324424088.83667,0.010420872338650744,0.03648850834103112,0.059843694311730866,0.16996845714972864,65.3988681881361,0.30413639149636085,0.7719045249922039,0.017343337545586302,-15347400.0,0.0341755706917779,0.02363210999438584,0.015562038961180663,1
2023-05-11,173.85000610351562,174.58999633789062,172.1699981689453,173.75,49514700.0,8603179125.0,0.0010947363682816125,0.0480125884324587,0.03170830842450756,-0.08159953906362816,65.68344611597735,0.31449266116145846,0.6979016748702002,0.017081777289148222,115402700.0,0.03278766704838576,0.022076052914131346,0.013878189884871526,0
2023-05-12,173.6199951171875,174.05999755859375,171.0,172.57000732421875,45533100.0,7857647400.494385,-0.006791324752697836,-0.005761364047949025,0.017032147413865273,-0.08383005941431776,62.25879427039387,0.2032409306226488,0.49541571810134316,0.017236674245244114,-43583600.0,0.023534760369465113,0.007891717107900473,0.013999038948025618,0
2023-05-15,173.16000366210938,173.2100067138672,171.47000122070312,172.07000732421875,37266700.0,6412481341.949463,-0.002897374855299284,-0.008242032713436598,0.01462356884180216,-0.20033936262606744,60.81194019230667,0.06453197783327491,0.39253294219134144,0.0167742915187566,-24887500.0,0.018503214530026124,0.007913092267831302,0.014039670408845732,0
2023-05-16,171.99000549316406,173.13999938964844,171.8000030517578,172.07000732421875,42110300.0,7245919629.425049,0.0,0.0017465392344169217,0.02094466701498554,0.12219219675366944,60.81194019230667,-0.052353526939209694,0.35632897902019756,0.016132378318655636,62549700.0,0.01681798542561319,0.0063961391008964304,0.013988431670749,1
2023-05-17,171.7100067138672,172.92999267578125,170.4199981689453,172.69000244140625,57951600.0,10007661945.483398,0.0036031562201266354,-0.005012647668964143,0.03129295663578735,0.31931580657487046,62.07926632406034,-0.10974722174562057,0.39584146665153175,0.01596447551847696,66776800.0,0.018958336565199296,0.00399112842658705,0.01394248441505929,1
2023-05-18,173.0,175.24000549316406,172.5800018310547,175.0500030517578,65496700.0,11465197534.880066,0.013666110237923634,0.0074820319525630286,0.05585385210579852,0.12239157829154479,66.5179590405744,-0.015550708571310246,0.6116621921738823,0.015709704207907387,82758800.0,0.030330153798510784,0.007790525944646132,0.014077621774351717,1
2023-05-19,176.38999938964844,176.38999938964844,174.94000244140625,175.16000366210938,55809500.0,9775592224.380491,0.0006283953638037687,0.015008380529442977,0.00916054773749364,-0.1600556512501825,66.71353420248926,0.025167372922692888,0.5675842451729958,0.015169716330567623,184101400.0,0.027910159290674974,0.006394005860008421,0.0137869999502195,0
2023-05-22,173.97999572753906,174.7100067138672,173.4499969482422,174.1999969482422,43570900.0,7590050647.032166,-0.005480741572254533,0.012378622266285166,0.004034564543182739,-0.24755460442830568,63.241622759960606,-0.03811102885960249,0.41371560172113475,0.014864960526966882,177797200.0,0.019622741485323614,0.007059439265972587,0.013918185314193119,0
2023-05-23,173.1300048828125,173.3800048828125,171.27999877929688,171.55999755859375,50747300.0,8706206664.105225,-0.015154991021227304,-0.002963966664242812,-0.001222604113894521,0.15246891495958437,54.79623406695699,-0.2703815982841542,0.04522391188168177,0.015231317535381546,84939600.0,0.001886258714048017,0.010704590828707526,0.014235923671093838,1
2023-05-24,171.08999633789062,172.4199981689453,170.52000427246094,171.83999633789062,45143500.0,7757458874.679565,0.00163207497832496,-0.004922150046318019,-0.00991012471132613,-0.11701210715354193,55.475365751414536,-0.4094334615573141,0.03373196656901654,0.014910089556029111,72131500.0,0.0011593731757280068,0.010548674999750032,0.014225418486293459,1
2023-05-25,172.41000366210938,173.89999389648438,171.69000244140625,172.99000549316406,56058300.0,9697525624.93744,0.0066923253013353445,-0.01176805211471299,-0.004374069104091771,0.2165459113751389,58.2497601155417,-0.4263131059454519,0.1977099668197102,0.014665561542949243,62693100.0,0.006516582489191514,0.008370481546582561,0.012913844758839067,1
2023-05-26,173.32000732421875,175.77000427246094,173.11000061035156,175.42999267578125,54835000.0,9619703648.376465,0.014104787011603337,0.0015413850652383765,0.01657289928828276,-0.022063544014557124,63.45317460409395,-0.28243767367056183,0.5640220867030264,0.014560525853493123,61718600.0,0.019008711263326372,0.01124127315299717,0.013158667291789992,1
2023-05-30,176.9600067138672,178.99000549316406,176.57000732421875,177.3000030517578,55964400.0,9922488290.789797,0.010659581907596527,0.01779567254778258,0.030394580722511222,0.020387097717232905,66.86194404864573,-0.08107711722991917,0.7711813517762711,0.014812102350487959,161253900.0,0.02756995204920054,0.01146050023635302,0.013293875849209177,0
2023-05-31,177.3300018310547,179.35000610351562,176.75999450683594,177.25,99625300.0,17658584425.0,-0.0002820251037627397,0.03316625391920347,0.030103983583966265,0.576700366269872,66.68284253661962,0.023412367958568936,0.6885591410613349,0.014801703361659369,112375900.0,0.024693813641386564,0.006017591634037008,0.013160024865183445,1
2023-06-01,177.6999969482422,180.1199951171875,176.92999267578125,180.08999633789062,68901800.0,12408524909.674072,0.016022546335066945,0.04800977755945679,0.042851316184300714,-0.36873384142544907,71.37313565965727,0.24608707887586956,1.007091752933483,0.014792932173173947,136134200.0,0.03732202371546989,0.0064931698915744055,0.013304227538050726,1
2023-06-02,181.02999877929688,181.77999877929688,179.25999450683594,180.9499969482422,61996900.0,11218338865.800476,0.004775393568990927,0.04601416961856031,0.033704620357760895,-0.10559791708546484,72.62967934470063,0.40424543942131885,1.0954980940121362,0.014665761343175364,142072800.0,0.0377447510193929,0.006747532832471757,0.012911177387830748,0
2023-06-05,182.6300048828125,184.9499969482422,178.0399932861328,179.5800018310547,121946500.0,21899152693.29071,-0.0075711253953729685,0.023656212327063386,0.025234060724682594,0.676498032238495,67.54349295720326,0.37044080405724067,0.7537555964734588,0.0164705767241325,-34708700.0,0.02811604117307298,0.009207622795035732,0.008461456341720302,0
2023-06-06,179.97000122070312,180.1199951171875,177.42999267578125,179.2100067138672,64848400.0,11621482199.383545,-0.002060335858196427,0.01077272210509661,0.02876010248790961,-0.631530178605459,66.1952546622567,0.28106293093631063,0.621272163937163,0.016397849879918044,-155521500.0,0.024323497471815836,0.008908964175987891,0.008491579006753158,0
2023-06-07,178.44000244140625,181.2100067138672,177.32000732421875,177.82000732421875,61944600.0,11014989225.6958,-0.007756259904993845,0.0032158382184415135,0.03648874944456093,-0.04581180020880282,61.24890544573783,0.09580327579557979,0.3788150115041654,0.016908174352816805,-117840800.0,0.014624270682419782,0.009986577838961487,0.008345160528686812,1
2023-06-08,177.89999389648438,180.83999633789065,177.4600067138672,180.57000732421875,50214900.0,9067304860.784912,0.01546507640721173,0.0026653950585211472,0.05080313764184563,-0.2099286380282166,66.57101568968505,0.12414512868257743,0.691289337876546,0.016798368593056973,-136527700.0,0.028259073698562176,0.00977332886189747,0.00868963454624979,1
2023-06-09,181.5,182.22999572753903,180.6300048828125,180.9600067138672,48900000.0,8848944328.308105,0.002159823746078704,5.531785462187244e-05,0.04607203287832751,-0.0265343983901829,67.257805113264,0.13398986447027106,0.6602779697621117,0.016220098718425523,-149624600.0,0.02836881892579579,0.009559663532713359,0.008686945028438116,1
2023-06-12,181.2700042724609,183.88999938964844,180.97000122070312,183.7899932861328,54274900.0,9975183506.60553,0.015638740424785524,0.023443542778436965,0.04765434053116557,0.10428447478775027,71.7873038200593,0.28713378002637846,0.8810123975876322,0.01596832309605154,26596800.0,0.04113200438552855,0.010522064892655033,0.008927178079892012,0
2023-06-13,182.8000030517578,184.1499938964844,182.44000244140625,183.3099975585937,54929100.0,10069053186.895752,-0.002611653218746457,0.0228781356571941,0.033897317560008355,0.011981389217766036,70.01805039506189,0.3101770145658507,0.7301795799226943,0.015532870124757542,36516100.0,0.035117518054504915,0.01061297628006631,0.008917142970218863,1
2023-06-14,183.3699951171875,184.38999938964844,182.0200042724609,183.9499969482422,57462900.0,10570300279.637146,0.003491350161869411,0.03447300287670463,0.037799700695301475,0.04509625863597222,71.0428184142154,0.32123621398902635,0.7195861338268382,0.0152934767875625,155923600.0,0.035259005072854954,0.00828040439893054,0.008885182965574636,1
2023-06-15,183.9600067138672,186.5200042724609,183.77999877929688,186.009994506836,65433200.0,12171229172.564695,0.0111986822113046,0.03012674841868712,0.03287244316357296,0.12989025062537607,74.11018997437606,0.41409311431876983,0.8348676346600519,0.015095986300011514,171141900.0,0.04294337729555342,0.0073336456478508795,0.009055860439890458,0
2023-06-16,186.72999572753903,186.9900054931641,184.2700042724609,184.9199981689453,101256200.0,18724296318.59436,-0.005859880490726166,0.02188324109282136,0.021939769481392535,0.4366241583581427,69.89150124521129,0.35138246325440914,0.6384803726379806,0.015150975666203244,20985700.0,0.03397084171165221,0.009052366583975704,0.00898403874796427,1
2023-06-20,184.41000366210932,186.1000061035156,184.41000366210932,185.009994506836,49799100.0,9213331217.445374,0.0004866771511020662,0.00663801765748917,0.030237179086843646,-0.7096570168969016,70.04312961947446,0.26895598495294637,0.5822782750828709,0.014714394849267981,16509900.0,0.03163315439961156,0.006519277552594974,0.008985884590859921,0
2023-06-21,184.8999938964844,185.41000366210932,182.58999633789065,183.9600067138672,49515700.0,9108908504.441832,-0.00567530308709896,0.003545955834000303,0.026505216349799188,-0.005707120459714332,65.87486564172508,0.10512881117960582,0.4311337482605827,0.014836314324053503,21923300.0,0.02299461539756531,0.007101619289364065,0.008995395752350374,1
2023-06-22,183.7400054931641,187.0500030517578,183.6699981689453,187.0,51245300.0,9582871100.0,0.016525294494369236,0.016580609417547354,0.05162519569040058,0.034334114810942395,71.21579640575014,0.1596427773394633,0.6979978557693494,0.014843680350426868,15705700.0,0.03545463032941698,0.01012010003330027,0.008445763726269515,0
2023-06-23,185.5500030517578,187.5599975585937,185.009994506836,186.67999267578125,53117000.0,9915881170.959473,-0.0017112691134693048,0.003601947146558482,0.033837210520747396,0.03587312048604829,69.97427850805904,0.13335978029195328,0.6332757456667937,0.0147827418575155,-102844500.0,0.029453083664374935,0.009219030489304742,0.008535043866295283,0
2023-06-26,186.8300018310547,188.0500030517578,185.22999572753903,185.2700042724609,48088700.0,8909393654.457092,-0.007552970101992407,0.001892743386228135,0.02381740383889719,-0.09944980342413601,64.62815812458007,-0.012051389849717431,0.44436594945125096,0.014918518252832634,-49677000.0,0.018230006632243168,0.009547880452874101,0.008901296633753957,1
2023-06-27,185.88999938964844,188.38999938964844,185.6699981689453,188.0599975585937,50730800.0,9540434124.145508,0.015059066345298744,0.01648561235779611,0.023233061801211097,0.053485997855663214,69.58063787465392,0.04355338988186652,0.7581471599675962,0.01483242310580562,-48745300.0,0.02998884041560279,0.01158269943667959,0.008963629103428917,1
2023-06-28,187.92999267578125,189.8999938964844,187.6000061035156,189.25,51216800.0,9692779400.0,0.0063277807979102985,0.028756213813151854,0.03240413791128671,0.009534381821438842,71.4187644349998,0.12002923340627536,0.8253468932020267,0.014554443737620172,51987200.0,0.03312552560583715,0.010437156986543579,0.008833425384704354,1
2023-06-29,189.0800018310547,190.07000732421875,188.94000244140625,189.58999633789065,46347300.0,8786984437.271118,0.001796546039052327,0.013850247796206805,0.03066050276279908,-0.09990456328490183,71.9404597407119,0.15105869062894373,0.7933732032010391,0.013916336682079592,47089200.0,0.031507225601033584,0.008533333120752901,0.008801189078700984,1
2023-06-30,191.6300048828125,194.47999572753903,191.259994506836,193.97000122070312,85213200.0,16528804508.02002,0.023102510509079632,0.039050829392214936,0.04279343556227344,0.6089933036834907,77.61028353456852,0.4094562317675017,1.119247414535814,0.014431236056651251,185419400.0,0.05136780901507332,0.011840282798409965,0.009453505875026753,0
2023-07-03,193.77999877929688,193.8800048828125,191.759994506836,192.4600067138672,31458200.0,6054445383.206177,-0.007784680606965799,0.03880823811518108,0.040774435537432874,-0.996496650877944,72.194299516933,0.4199988224530853,0.8182715010627557,0.01432578003189955,202049900.0,0.039939299093837644,0.011915350129821851,0.009793668460153556,0
2023-07-05,191.57000732421875,192.97999572753903,190.6199951171875,191.3300018310547,46920300.0,8977261084.913635,-0.005871375056598072,0.01738809058232693,0.03416035626110547,0.399790726669746,68.3502594346463,0.29793085972520705,0.6281736866896048,0.014262126251321689,104398800.0,0.03056190640970602,0.012352350006577867,0.009702841516995603,1
2023-07-06,189.83999633789065,192.0200042724609,189.1999969482422,191.8099975585937,45094300.0,8649537572.906494,0.002508732153584825,0.013527067680812133,0.042672268744458286,-0.03969456405175009,69.10282697167099,0.20121160852823516,0.6240403445659797,0.01426041102980501,98276300.0,0.029653315309516648,0.01225254638236664,0.009625493495200333,0
2023-07-07,191.41000366210932,192.6699981689453,190.2400054931641,190.67999267578125,46815000.0,8926683857.1167,-0.0058912720775529115,0.0057492291731890965,0.019679105218081583,0.03744781086381721,65.17387686659106,0.022245541946991132,0.4691039016966846,0.014230556953129376,5114000.0,0.020066406820987037,0.012869021912181932,0.009519700735112968,0
2023-07-10,189.259994506836,189.9900054931641,187.0399932861328,188.6100006103516,59922200.0,11301926178.573608,-0.010855843008916621,-0.027633142117954645,0.010338590155841265,0.24684338509256776,58.600955450292496,-0.2589280262970157,0.17348497515547504,0.01473761870922296,-140021400.0,0.006827495845895815,0.00495743147784036,0.00960336450890434,0
2023-07-11,189.16000366210932,189.3000030517578,186.6000061035156,188.0800018310547,46638100.0,8771693933.396912,-0.002810024800285249,-0.022758000259889388,0.015167039962180606,-0.2506292457542827,57.015447963589715,-0.4905547702667059,0.05892679139572052,0.014748893376982259,-155201300.0,0.002093928108475085,0.004902962037173479,0.009669187036654347,1
2023-07-12,189.67999267578125,191.6999969482422,188.47000122070312,189.7700042724609,60750200.0,11528565713.552856,0.008985550962107514,-0.008153439312519661,0.009092878528483617,0.26435256576734645,60.669619220898454,-0.5361909028706418,0.27700376231090995,0.014935985982028912,-47530800.0,0.009490094906143831,0.007656444748594844,0.00928103484414727,1
2023-07-13,190.5,191.19000244140625,189.77999877929688,190.5399932861328,41342300.0,7877361564.433289,0.004057485357730206,-0.006621157857389148,0.006816344972960797,-0.3848841777751595,62.24446837664485,-0.5203504221372315,0.35913597174042844,0.014345404461166332,-51282800.0,0.011640686562431224,0.007892548035472069,0.009239844298422293,1
2023-07-14,190.22999572753903,191.17999267578125,189.6300048828125,190.69000244140625,41616200.0,7935793279.602051,0.0007872843526774975,5.249510179083927e-05,0.005802026081350498,0.006603325485755818,62.559008513927175,-0.5051876576479613,0.3464247063169108,0.013890847457920234,37148400.0,0.010628870358122322,0.007476016453239088,0.009236292259032676,1
2023-07-17,191.8999938964844,194.32000732421875,191.8099975585937,193.9900054931641,50520200.0,9800413875.515747,0.017305590274832694,0.028524494276032764,0.00010313075390566695,0.19388373752894594,68.73058953684618,-0.28906785336651764,0.8027460929753967,0.014015817593163138,147590800.0,0.025948882832677267,0.007821950829366757,0.009653452045992746,0
2023-07-18,193.3500061035156,194.3300018310547,192.4199981689453,193.72999572753903,48288200.0,9354872779.690552,-0.0013403255748359877,0.03004037559271988,0.0065987164572842705,-0.04518603099507601,67.78254881727028,-0.18485428404568394,0.6889678587010251,0.013736376620738353,145940700.0,0.022192418616654885,0.007442238843950261,0.00950796934994261,1
2023-07-19,193.1000061035156,198.22999572753903,192.6499938964844,195.1000061035156,80507300.0,15706974721.377563,0.007071751438550322,0.028086640201589352,0.019704198172693532,0.511160630862463,70.12116755435325,-0.05179902460442909,0.8192977161705871,0.01470854761911047,165697800.0,0.026688132188230407,0.007295440416286575,0.00955313940409172,0
2023-07-20,195.08999633789065,196.47000122070312,192.5,193.1300048828125,59581200.0,11506917446.923828,-0.010097391896840113,0.013593007704111093,0.00688184839695638,-0.30100777111105614,63.03550003101254,-0.12067500588445457,0.4731194108735066,0.015265546771075672,64774300.0,0.01387498676730381,0.010200258963308303,0.009805079350323497,0
2023-07-21,194.1000061035156,194.97000122070312,191.22999572753903,191.94000244140625,71951700.0,13810409473.66333,-0.006161665258219817,0.0065551417693441305,0.006607980983969419,0.18865496961853978,59.14743443268823,-0.26245424141567675,0.2253187143219061,0.015654840630912537,-48793600.0,0.006322952605037679,0.010977532647320367,0.009398637745080846,1
2023-07-24,193.41000366210932,194.91000366210932,192.25,192.75,45377800.0,8746570950.0,0.004220055998181094,-0.006392110201820622,0.02195005236334846,-0.46097205376423034,60.914624301507104,-0.3142620085946266,0.33951203364045085,0.01557616199986155,-53936000.0,0.00896420456832514,0.007098967430900027,0.009390657338040011,1
2023-07-25,193.3300018310547,194.44000244140625,192.9199981689453,193.6199951171875,37283200.0,7218773001.953125,0.004513593344682265,-0.0005678037102021527,0.029455514845800446,-0.19648017084212555,62.77710513307595,-0.3024163829731168,0.49977187083134783,0.015022050334033268,31635400.0,0.011308113178348789,0.007551048718046318,0.009153379175208295,1
2023-07-26,193.6699981689453,195.63999938964844,193.32000732421875,194.5,47471900.0,9233284550.0,0.00454501035536059,-0.0030753771642489935,0.02492488602544385,0.24159512824123652,64.6139101096248,-0.24996694321755175,0.6461099332333448,0.014737933575344602,-1400000.0,0.014198780702000313,0.007017574451187877,0.008667816180526896,0
2023-07-27,196.0200042724609,197.1999969482422,192.5500030517578,193.22000122070312,47460200.0,9170259901.934814,-0.006580970587644619,0.0004659883788913355,0.014065330266626708,-0.000246491962418105,59.97781141291509,-0.3120939680166721,0.3052697538587711,0.015494868424201249,10721000.0,0.006482601838549984,0.005917270167801486,0.008786486057275717,1
2023-07-28,194.6699981689453,196.6300048828125,194.13999938964844,195.8300018310547,48291400.0,9456904950.424194,0.013507921508448373,0.020266746588356144,0.026954739754790236,0.017362025538417925,65.42534852448165,-0.1938165012009594,0.8320251827908609,0.015440120699517033,130964100.0,0.018422939889798595,0.007123171588126481,0.009216811990669333,1
2023-07-31,196.0599975585937,196.4900054931641,195.259994506836,196.4499969482422,38824100.0,7626994326.5182495,0.003165986372825502,0.019195833713318677,0.01268102162698681,-0.21821229809930287,66.58873659304874,-0.09522104885830052,0.8777189315112972,0.014739234577759436,124410400.0,0.020988851432457434,0.007132144253164581,0.007734679694140717,0
2023-08-01,196.2400054931641,196.72999572753903,195.27999877929688,195.6100006103516,35175100.0,6880601332.469177,-0.004275878599844907,0.01027789248708344,0.00970425295139421,-0.09870273922932071,63.47252884542781,-0.10708665424172725,0.6308741616979822,0.014274683031078449,51952100.0,0.0157917440624169,0.007957109227003501,0.007571026318711757,0
2023-08-02,195.0399932861328,195.17999267578125,191.8500061035156,192.5800018310547,50389300.0,9703971486.265564,-0.015489999334607374,-0.009871455881466873,-0.012916474595720207,0.35944039644250125,53.708702759773345,-0.32708186339946277,-0.010768072002429473,0.01485820881838831,-45909100.0,-0.0002673415979248528,0.010900764286568757,0.008291002080796741,0
2023-08-03,191.57000732421875,192.3699951171875,190.69000244140625,191.1699981689453,61235200.0,11706333071.875,-0.007321651514710981,-0.010609683463443376,-0.010148639073749743,0.19494333310804635,49.86464885557836,-0.5618663741700907,-0.29684372437311174,0.014604846928653124,-59684100.0,-0.007422148570865095,0.010984403812327417,0.008446732993971423,0
2023-08-04,185.5200042724609,187.3800048828125,181.9199981689453,181.9900054931641,115956800.0,21102978668.969727,-0.048020048981056385,-0.07067352401819693,-0.051839099831623714,0.6384955126695466,33.20272074431141,-1.2881946802785338,-1.4991635213474024,0.017876221579345104,-223932300.0,-0.052949264298320475,0.019954071253725916,0.013624375498531177,0
2023-08-07,182.1300048828125,183.1300048828125,177.35000610351562,178.85000610351562,97576100.0,17451486080.55725,-0.0172536913834338,-0.0895901813089035,-0.07211410581833655,-0.17258511994292647,29.5638592188662,-1.896143467265413,-1.4242129163302708,0.01919917519199201,-360332500.0,-0.06691984435807574,0.01738766758560036,0.013909451947022256,1
2023-08-08,179.69000244140625,180.2700042724609,177.5800018310547,179.8000030517578,67823000.0,12194575606.97937,0.005311696482092065,-0.0808240760148391,-0.07137688469140391,-0.3637312114285578,31.992298683795497,-2.132688879238397,-1.099287144307171,0.018802258637216015,-257334400.0,-0.059933171206523306,0.01971724399096403,0.014019873527943608,0
2023-08-09,180.8699951171875,180.92999267578125,177.00999450683594,178.19000244140625,60378500.0,10758845062.408447,-0.00895439701348677,-0.0747221894943817,-0.08385602857888819,-0.11626828733327699,30.098371648300628,-2.282557983877356,-1.0374484849778127,0.01918834534472096,-267323600.0,-0.06552200836083744,0.02001978739842408,0.013842464076324348,0
2023-08-10,179.47999572753906,180.75,177.60000610351562,177.97000122070312,54686900.0,9732627659.75647,-0.0012346440186814522,-0.06904847556977411,-0.07892557656378896,-0.09900888695417365,29.83842903231293,-2.276334747051762,-0.900696508743214,0.01910403058287927,-260775300.0,-0.06358932120734817,0.02079242481533579,0.01374971034310315,0
2023-08-11,177.32000732421875,178.6199951171875,176.5500030517578,177.7899932861328,52036700.0,9251604543.632507,-0.0010114509936260951,-0.02307825748809622,-0.09212075972140998,-0.04967495282356893,29.6130729918287,-2.1648615815320107,-0.7964644605504173,0.018589053824621216,-196855200.0,-0.06135091636998935,0.008682131801559823,0.013727328995063834,1
2023-08-14,177.97000122070312,179.69000244140625,177.30999755859375,179.4600067138672,43675600.0,7838023469.232178,0.009393180104611876,0.0034106826364797005,-0.08648506234821307,-0.175159641433293,34.551682978600354,-1.8702652084681306,-0.6086381135077898,0.018047923133363602,-55603500.0,-0.04888593833663324,0.0070128170981052325,0.013203041545745073,0
2023-08-15,178.8800048828125,179.47999572753906,177.0500030517578,177.4499969482422,43622600.0,7740830236.87439,-0.01120032146677552,-0.013070111588591837,-0.09283780791087215,-0.0012142290516301557,31.671353089392966,-1.706921755544264,-0.6570467576369734,0.017926755516079848,-167049100.0,-0.055463906982253564,0.00810197403424308,0.013290136548397363,0
2023-08-16,177.1300048828125,178.5399932861328,176.5,176.57000732421875,46964900.0,8292592736.981201,-0.004959085033290345,-0.0090913917447204,-0.08313425254238538,0.07382514788502803,30.473617102270552,-1.5584021584274688,-0.6344484189732125,0.017554481321522035,-153635500.0,-0.0554899950327018,0.0074929058004589285,0.013018125753140767,0
2023-08-17,177.13999938964844,177.50999450683594,173.47999572753906,174.0,66062900.0,11494944600.0,-0.014555174817995509,-0.022307137121271747,-0.08981533887849613,0.3412067981299707,27.234308487762405,-1.5312605773281796,-0.6970179990651464,0.018195702964277076,-165011500.0,-0.0644507464001447,0.009372785703280697,0.013149383008302701,1
2023-08-18,172.3000030517578,175.10000610351562,171.9600067138672,174.49000549316406,61172200.0,10673937514.02893,0.0028161235239314575,-0.018561155956948516,-0.04121105430859362,-0.07691447932397821,28.78858822903149,-1.3828462698609059,-0.5961848775815373,0.01813394058614298,-51802600.0,-0.05739418375498273,0.009868715253458862,0.013264617793166688,1
2023-08-21,175.07000732421875,176.1300048828125,173.74000549316406,175.83999633789062,46311900.0,8143484326.400757,0.007736780344014926,-0.02017168305219308,-0.016829799624847985,-0.2782938851979999,33.03263622142157,-1.1081666477656085,-0.4685213046413206,0.017680232190977203,-49166300.0,-0.04574293355432901,0.009332503865281888,0.013411155290044925,1
2023-08-22,177.05999755859375,177.67999267578125,176.25,177.22999572753906,42038900.0,7450554067.390442,0.007904910251348207,-0.0012397927556306865,-0.01429370011455977,-0.09680356520221167,37.18380854178069,-0.7636665444848809,-0.3507853719709532,0.01703016777425183,36495200.0,-0.0339030919946951,0.009572073321756493,0.013551732114480783,1
2023-08-23,178.52000427246094,181.5500030517578,178.3300018310547,181.1199951171875,52722800.0,9549153278.564451,0.021948877071738204,0.025768746696680056,0.01644308118096971,0.2264526146276431,47.07191909400948,-0.23217887084516908,-0.09808811895889791,0.01717777629779382,136182900.0,-0.00908469814373647,0.013136038851296133,0.014664299548213579,0
2023-08-24,180.6699981689453,181.1000061035156,176.00999450683594,176.3800048828125,54945800.0,9691340472.29004,-0.02617044148719283,0.01367818898168105,-0.008934069376775766,0.04129924448225353,39.013202071771886,-0.16156906671379367,-0.3386715773864719,0.018448845519635867,147300000.0,-0.03055151088919905,0.017722774748147402,0.015513795783433072,1
2023-08-25,177.3800048828125,179.14999389648438,175.82000732421875,178.61000061035156,51449600.0,9189413087.402344,0.01264313224744873,0.023611639563785314,0.004612224282493971,-0.06574455585925776,43.88092420320772,0.06164640440446334,-0.16488672933505938,0.01824889161268903,137577400.0,-0.013626763638221795,0.018255350587679655,0.015462279151004753,1
2023-08-28,180.08999633789062,180.58999633789065,178.5500030517578,180.19000244140625,43820700.0,7896052039.984131,0.008846099466185864,0.024738433769964097,0.004067734872555517,-0.16049637584705678,47.10246492416547,0.3271892306901294,-0.00580443701490529,0.017605480616266628,135086200.0,-0.00041327465079044057,0.018306442548468117,0.015660927095680625,1
2023-08-29,179.6999969482422,184.8999938964844,179.5,184.1199951171875,53003900.0,9759077809.191896,0.02181027039532446,0.03887603428169473,0.037588043300394114,0.19025918331619351,54.152448373421436,0.7545670246979901,0.4233671660025581,0.018093908425920385,146051200.0,0.024653537643102963,0.019843250319558733,0.01670507391721158,1
2023-08-30,184.94000244140625,187.8500061035156,184.7400054931641,187.6499938964844,60813900.0,11411727963.821411,0.019172272827023162,0.03605343946189876,0.06275123810761651,0.13745288309049286,59.38812911572608,1.2337295041421155,0.8956663422592026,0.01790524411698226,154142300.0,0.04573302100081267,0.019382342830948293,0.01712170279207129,1
2023-08-31,187.83999633789065,189.1199951171875,187.47999572753903,187.8699951171875,60794500.0,11421462418.151855,0.001172401960345626,0.0651433831289947,0.07971261561602017,-0.00031905690471489834,59.69703714821587,1.5061829017013086,1.0463742884660834,0.01723035948413161,269882600.0,0.04792261611641524,0.008255672060128031,0.01706594194680911,1
2023-09-01,189.4900054931641,189.9199981689453,188.27999877929688,189.4600067138672,45766500.0,8670921397.270203,0.008463361036912254,0.0607469126389264,0.08579288640855487,-0.28394693651423,61.94969009429082,1.7187905601458289,1.032038003634573,0.01663821977719689,264199500.0,0.05459447299944231,0.008475218485701413,0.013022958106216443,1
2023-09-05,188.27999877929688,189.97999572753903,187.6100006103516,189.6999969482422,45280000.0,8589615861.816406,0.0012667065653462206,0.052777592419026575,0.0788216611635868,-0.010686948308897826,62.29227295324302,1.7926701431363843,0.894041418991192,0.016322614584529535,265658800.0,0.05275131583022574,0.009739873993698427,0.012207746678958792,0
2023-09-06,188.3999938964844,188.8500061035156,181.47000122070312,182.91000366210932,81755800.0,14953953677.398682,-0.03579332311737171,-0.0065717547641039875,0.0320487957540907,0.5908713115247188,48.882503060440136,1.3230017833896062,0.23923995135694848,0.01893327473159422,130899100.0,0.014194641874739844,0.020717173696904678,0.014953075321886476,0
2023-09-07,175.17999267578125,178.2100067138672,173.5399932861328,177.55999755859375,112488800.0,19973511053.36914,-0.02924939039090868,-0.053770299312968395,-0.019655464082197982,0.3191169025182603,41.332480738103214,0.6261501241586579,-0.2568916716896991,0.02187997645874969,-42403600.0,-0.015297943366878397,0.020156036112324548,0.016290465080471203,1
2023-09-08,178.35000610351562,180.2400054931641,177.7899932861328,178.17999267578125,65551300.0,11679930153.88794,0.0034917499758519988,-0.05157823331693778,0.010205169197974984,-0.5400206125652609,42.44196070768676,0.2029988976563477,-0.20034466990772237,0.02132078375260708,-37646800.0,-0.011917144002534519,0.02052457740418139,0.016306649168849538,1
2023-09-11,180.07000732421875,180.3000030517578,177.33999633789062,179.36000061035156,58953100.0,10573828051.982117,0.006622561359722834,-0.05330943600550597,0.0041990929815636235,-0.10609082795599534,44.58975723576864,0.008856120610441054,-0.09829081380910673,0.020846417716641297,-24460200.0,-0.005806294562280434,0.020114848280019568,0.016366374004230726,0
2023-09-12,179.49000549316406,180.1300048828125,174.82000732421875,176.3000030517578,90370200.0,15932266535.787964,-0.017060646455066664,-0.07063781819743742,-0.02158831975660458,0.427172348599381,40.381603998319996,-0.30217874180672577,-0.36422297084967165,0.02184473383527736,-160110400.0,-0.021911275596657953,0.019021832771055076,0.016681541509185074,0
2023-09-13,176.50999450683594,177.3000030517578,173.97999572753906,174.2100067138672,84267900.0,14680311424.763489,-0.011854771989295187,-0.04756435828580319,-0.053823531751740816,-0.06991355666048449,37.76039248763329,-0.6075823990273403,-0.5262663336195261,0.02188899751961766,-162622500.0,-0.03263687533078541,0.014844263955196961,0.016703737285816575,1
2023-09-14,174.0,176.10000610351562,173.5800018310547,175.74000549316406,60895800.0,10701828226.51062,0.008782496529087691,-0.010250011773226708,-0.06346916488518717,-0.3248367981984792,40.790381185605675,-0.6610423269592989,-0.38301518092996095,0.02117278524576248,10762100.0,-0.02391607932124451,0.011669507775973403,0.016805418594812677,0
2023-09-15,176.47999572753906,176.5,173.82000732421875,175.00999450683594,109259500.0,19121504494.81964,-0.004153926047057777,-0.017790988322204493,-0.06845159389252065,0.5845615726275888,39.79491896366327,-0.6965082428427491,-0.4576191998593267,0.02083626422095307,-164048700.0,-0.028243220369613464,0.011263231530052634,0.016492580425928428,1
2023-09-18,176.47999572753906,179.3800048828125,176.1699981689453,177.97000122070312,67257600.0,11969835154.101562,0.016913358132535583,-0.007749773555521533,-0.060646073503612286,-0.48519575775216595,45.59282507800012,-0.48176088641400483,-0.21310562025382213,0.020780074631327937,-155744200.0,-0.012761368093295089,0.014152531894825406,0.016896680662693942,1
2023-09-19,177.52000427246094,179.6300048828125,177.1300048828125,179.07000732421875,51826900.0,9280643362.591553,0.006180851244426799,0.01571187875503166,-0.05603579227744393,-0.26062069932974197,47.611923853837474,-0.23904497275550218,-0.1288526391711813,0.020174467578073046,-13547100.0,-0.007548509385774449,0.011278617340798287,0.01686819228354686,0
2023-09-20,179.25999450683594,179.6999969482422,175.39999389648438,175.49000549316406,58436200.0,10254969058.999634,-0.01999219123598317,0.007347446931674995,-0.04056638795247225,0.12002623913728172,42.131868482464796,-0.2896448197150743,-0.4521719966868172,0.020865799511436946,12284600.0,-0.026920596369604533,0.014198479343203289,0.01741577763647055,0
2023-09-21,174.5500030517578,176.3000030517578,173.86000061035156,173.92999267578125,63149100.0,10983522500.482178,-0.008889468166570769,-0.010299378404498905,-0.02044382142782253,0.07756303482417337,39.97281428936996,-0.39186563644641037,-0.5413583200199429,0.02055121316053489,-111760300.0,-0.03364441940388474,0.014146235100607075,0.016687737343727135,1
2023-09-22,174.6699981689453,177.0800018310547,174.0500030517578,174.7899932861328,56725400.0,9915032285.153198,0.0049445216268977354,-0.001257078039017534,-0.019025701700509767,-0.10727651291461271,41.74512702953848,-0.36575014842429643,-0.451034774715134,0.020276638770415096,54224600.0,-0.02843710869381344,0.014381247760430326,0.01572776851115847,1
2023-09-25,174.1999969482422,176.97000122070312,174.14999389648438,176.0800018310547,46172700.0,8130089100.544739,0.00738033408360006,-0.010619763874163413,-0.018287236664447093,-0.20583336383537798,44.39709555588575,-0.23228924752672753,-0.32203778415402284,0.019834329779025318,33139700.0,-0.02057797462785127,0.011982266316015119,0.015542148823234505,0
2023-09-26,174.82000732421875,175.1999969482422,171.66000366210938,171.9600067138672,64588900.0,11106707677.641296,-0.023398427273646605,-0.03970514502452893,-0.02461710869407352,0.3356538488828029,38.3866685593844,-0.3832669232022494,-0.611218948487156,0.020694833903757915,-83276100.0,-0.04130052916568172,0.014016332282203876,0.016170693416965122,0
2023-09-27,172.6199951171875,173.0399932861328,169.0500030517578,170.42999267578125,66921800.0,11405481883.850098,-0.008897499292564004,-0.02883362390446742,-0.02169803049427843,0.03548220360628207,36.41508368871687,-0.5384506043000268,-0.6524280959757556,0.021061383180112903,-91761700.0,-0.0461906512738719,0.01242986343045285,0.015198619966674888,1
2023-09-28,169.33999633789062,172.02999877929688,167.6199951171875,170.69000244140625,56294400.0,9608891273.4375,0.0015256103784480057,-0.018628128389648113,-0.028735648650894396,-0.1729297076662064,37.007197122476775,-0.5726731679451991,-0.5762662771372631,0.021372660079788997,27681800.0,-0.0401803795125204,0.012647628260160802,0.014282805909353317,1
2023-09-29,172.02000427246094,173.07000732421875,170.33999633789062,171.2100067138672,51861100.0,8879139279.188538,0.003046483478957418,-0.020481644886873762,-0.021712975899901066,-0.08202607070148815,38.245764104343905,-0.511388163219614,-0.4946047293729834,0.02092472120082598,22817500.0,-0.03272549354782606,0.012348665768803696,0.014328931152194108,1
2023-10-02,171.22000122070312,174.3000030517578,170.92999267578125,173.75,52164500.0,9063581875.0,0.014835542237771948,-0.013232631797052585,-0.0237118682460975,0.005833195952948955,44.03420475552513,-0.2633769892876727,-0.24927289260273428,0.020531466359961507,28809300.0,-0.013999787601175928,0.014362556774398343,0.014699193108348167,0
2023-10-03,172.25999450683594,173.6300048828125,170.82000732421875,172.39999389648438,49594600.0,8550108737.298584,-0.007769819300809333,0.002558659952539344,-0.03724807703647348,-0.050520229073605094,41.79199723139563,-0.15898100940596116,-0.411294250854147,0.020428175365394402,43803600.0,-0.016834746815372115,0.009614254777794394,0.01466066073880387,1
2023-10-04,171.08999633789062,174.2100067138672,170.97000122070312,173.66000366210938,53020300.0,9207505492.166138,0.00730864159068112,0.01895212770719734,-0.010427954719768762,0.06679290094799128,44.62608775961612,0.016854604536696627,-0.2035740250625791,0.020164043643324803,163745700.0,-0.007030134811598976,0.00827185799721086,0.01290741542718012,1
2023-10-05,173.7899932861328,175.4499969482422,172.67999267578125,174.91000366210938,48527900.0,8488015166.714478,0.007197972898999483,0.024723189175369198,0.0056345140435607455,-0.08853596706294553,47.36409085320701,0.227572388744949,0.026021966219166498,0.019721140615019412,155979200.0,0.0008755181712105653,0.0082727603350221,0.011421077455839672,1
2023-10-06,173.8000030517578,177.99000549316406,173.17999267578125,177.49000549316406,57266700.0,10164266897.575378,0.014750453244736894,0.036680091893181554,0.01544717838973364,0.16558040953141173,52.5762676859901,0.5334663932769814,0.47839538652527086,0.01998202449401637,161384800.0,0.01583942593610388,0.009211369438165758,0.011905210670859697,1
2023-10-09,176.80999755859375,179.0500030517578,175.8000030517578,178.99000549316406,42390800.0,7587529524.859619,0.008451180086631815,0.03015830499662764,0.016526599453931645,-0.30078793926416125,55.34489234014914,0.8128404680585277,0.7505733950614549,0.01969620161101379,151611100.0,0.024532946217900475,0.008296589104152065,0.011966633382099625,0
2023-10-10,178.10000610351562,179.72000122070312,177.9499969482422,178.38999938964844,43698000.0,7795286193.328857,-0.00335217657467779,0.03474481267534557,0.03739237278863583,0.03037097619612794,53.98717901973962,0.9250770026284636,0.6019407815376108,0.019059567113976272,157507700.0,0.02048812229345609,0.0065075827506894,0.011314964329141117,1
2023-10-11,178.1999969482422,179.85000610351562,177.60000610351562,179.8000030517578,47551100.0,8549687925.114441,0.007904051050695804,0.0353564393652499,0.054978646826569166,0.08450258594929139,56.676853829777,1.052837030261805,0.7333087192314224,0.018453229527797734,152038500.0,0.02691219139440748,0.006523017701237408,0.011024501915280894,1
2023-10-12,180.07000732421875,182.33999633789065,179.0399932861328,180.7100067138672,56743100.0,10254045981.965635,0.005061199369654101,0.03315992756459063,0.058702935902180675,0.1767291373920834,58.36827927591229,1.1493210303774328,0.7679167357813108,0.01835323397275352,160253700.0,0.030646815474216105,0.0065757920476941945,0.010928567683377669,0
2023-10-13,181.4199981689453,181.92999267578125,178.13999938964844,178.85000610351562,51427100.0,9197737148.886108,-0.01029273721015711,0.007662406717340087,0.04462355639303661,-0.0983687903701238,53.749159935814916,1.0417492350986408,0.4613007911137226,0.018733160722507247,51559900.0,0.0189228767728431,0.008133425470868993,0.011177681106761265,0
2023-10-16,176.75,179.0800018310547,176.50999450683594,178.72000122070312,52517000.0,9385838304.107666,-0.0007268933652552212,-0.0015084879835441933,0.028604323572392065,0.020971655428425606,53.43088246345097,0.9199482402618449,0.433597770159802,0.01843487971345074,-43347900.0,0.01796474997791342,0.007165891129758705,0.0105461102524117,0
2023-10-17,176.64999389648438,178.4199981689453,174.8000030517578,177.14999389648438,57549400.0,10194875858.746338,-0.0087847320585005,-0.00695109309606301,0.027552205151770925,0.09150678102529852,49.61027392292675,0.7016193283952354,0.23668173360413228,0.018850394017694998,-57199300.0,0.009574244395588627,0.008099003047889602,0.010634704515697032,0
2023-10-18,175.5800018310547,177.5800018310547,175.11000061035156,175.83999633789062,54764400.0,9629771895.446775,-0.007394849583563845,-0.022024508602078496,0.012553222560232502,-0.049603360699912,46.61511127173853,0.4492278339618537,0.049648757831847225,0.018637688313889896,-159514800.0,0.002008664853158759,0.006440526908458246,0.009755214924469822,0
2023-10-19,176.0399932861328,177.83999633789062,175.19000244140625,175.4600067138672,59302900.0,10405287232.151794,-0.002160996541954341,-0.029052071301799876,0.003144491682821604,0.07961785947584943,45.75223790679998,0.2470444044860165,-0.014750918331717586,0.018422699413807576,-275560800.0,-0.0005923466662235422,0.0042008828036452055,0.009540917276364904,0
2023-10-20,175.30999755859375,175.4199981689453,172.63999938964844,172.8800048828125,64244000.0,11106503033.691406,-0.014704215959948308,-0.03337993299954256,-0.025973296905042464,0.08003012421721678,40.29796998995497,-0.05403349669372981,-0.36095740336010235,0.01852722638930149,-288377700.0,-0.014751919186077878,0.005593795430534098,0.010054934642550152,1
2023-10-23,170.91000366210938,174.00999450683594,169.92999267578125,173.0,55980100.0,9684557300.0,0.0006940948276166203,-0.03200537814253612,-0.03346558639774344,-0.1376920614648327,40.652339195010434,-0.2288828849252892,-0.31827654979199055,0.01887647922521514,-179880600.0,-0.013201999420126898,0.005998070713418136,0.009888881183180657,1
2023-10-24,173.0500030517578,173.6699981689453,171.4499969482422,173.44000244140625,43816600.0,7599551210.974121,0.0025433667133309967,-0.020942656409268734,-0.02774817515095196,-0.24498352446351035,42.01154313014476,-0.29450500260838197,-0.2733917755100943,0.018397964866143618,-78514600.0,-0.011109618240480401,0.006966494967915939,0.008356164421553094,0
2023-10-25,171.8800048828125,173.05999755859375,170.64999389648438,171.10000610351562,57157000.0,9779563048.858644,-0.013491676112499795,-0.026956268955253715,-0.04838707897984729,0.26578912108730535,37.13998869800604,-0.4649673543887217,-0.616421784410586,0.018482202092570454,-80907200.0,-0.02463770934075693,0.008105044945671951,0.00868371517032911,0
2023-10-26,170.3699951171875,171.3800048828125,165.6699981689453,166.88999938964844,70625300.0,11786656273.893738,-0.02460553222493822,-0.04884308102298407,-0.07647615965230459,0.2115865664791592,30.326449132630742,-0.8104855545081044,-1.0576424552944703,0.02003884956989864,-92229600.0,-0.04760547594700093,0.01139412906322531,0.010295170883638455,1
2023-10-27,166.91000366210938,168.9600067138672,166.8300018310547,168.22000122070312,58499100.0,9840718673.410034,0.007969332110484562,-0.026955133795074637,-0.05943530623454396,-0.18837706480606542,34.41961293081033,-0.8922150705891108,-0.8155201241234684,0.019364816165156236,30513500.0,-0.03919581160418073,0.013353832747149798,0.010456469455926638,1
2023-10-30,169.02000427246094,171.1699981689453,168.8699951171875,170.2899932861328,51131000.0,8707097646.713257,0.012305267212035398,-0.01566477869287397,-0.047168799669825456,-0.1346204001506628,40.29828348852962,-0.7550645670381704,-0.5287281827054273,0.019000419838597547,25664400.0,-0.026410848571933876,0.015509392807426576,0.010270631050964187,1
2023-10-31,169.35000610351562,170.89999389648438,167.89999389648438,170.77000427246094,44846000.0,7658351611.602783,0.0028187856318813154,-0.015394361919749855,-0.03601461949669338,-0.13115656579782708,41.6054904221226,-0.5876618967196197,-0.4559588533507889,0.018848474824249426,26693800.0,-0.02321137257186434,0.015534719220672212,0.010173296070709034,1
2023-11-01,171.0,174.22999572753906,170.1199951171875,173.97000122070312,56934900.0,9904964622.50061,0.018738635990994235,0.0167737873454612,-0.010634640332874867,0.2386741067862097,49.53791238290272,-0.2351507289102952,-0.09825852447301256,0.018867704583454145,140785700.0,-0.004995900984363755,0.01673390062144464,0.010923989578267464,1
2023-11-02,175.52000427246094,177.77999877929688,175.4600067138672,177.57000732421875,77334800.0,13732341002.416992,0.020693257908003027,0.06399429548582503,0.012025535903418039,0.3062355338303071,56.66921274327787,0.24096724693763716,0.2885992617508317,0.018697409192261774,288745800.0,0.014822019319253199,0.007421938937979024,0.011766791033128679,0
2023-11-03,174.24000549316406,176.82000732421875,173.35000610351562,176.64999389648438,79829200.0,14101827692.76123,-0.005181130764130404,0.05011290342770347,0.02180696961587536,0.03174530357259897,54.54765332568409,0.4805943843676981,0.1919565541943035,0.01915866361715089,150417500.0,0.009806483182988934,0.010931401793176802,0.011362019406200984,1
2023-11-06,176.3800048828125,179.42999267578125,176.2100067138672,179.22999572753906,63841300.0,11442275926.24054,0.014605162299448304,0.052498695131102835,0.03601153599733564,-0.22348903283240418,59.164604843337436,0.7816994206830312,0.4777760867922869,0.018817361024905246,163127800.0,0.024484596945220982,0.011106222165096005,0.011686637801863279,1
2023-11-07,179.17999267578125,182.44000244140625,178.97000122070312,181.82000732421875,70530000.0,12823765116.577148,0.014450770844278482,0.06470693198629718,0.04831644813683367,0.09963783339186705,63.20525440004229,1.104410338195025,0.7092140520265335,0.018587559628839134,188811800.0,0.03827136963794042,0.0103293211622326,0.012078724676192561,1
2023-11-08,182.3500061035156,183.4499969482422,181.58999633789065,182.88999938964844,49340300.0,9023847436.88507,0.005884897273828127,0.05127319713948353,0.06890703019028455,-0.35729695378889303,64.75676148935727,1.3242250939134819,0.7654310159086707,0.017885330653591065,181217200.0,0.043460884945858425,0.01003397245877336,0.012026500857523563,0
2023-11-09,182.9600067138672,184.1199951171875,181.8099975585937,182.41000366210932,53763500.0,9807000231.887815,-0.0026245050529880576,0.027256834703246913,0.09299541212307982,0.0858536052527974,63.463946050514195,1.3660886993828727,0.6900025568149915,0.01755606370211876,50118900.0,0.04021785433934766,0.009263314003072143,0.012010028987454421,1
2023-11-10,183.97000122070312,186.57000732421875,183.52999877929688,186.3999938964844,66133400.0,12327265356.35376,0.021873746802647975,0.05519388812271031,0.10807271753570658,0.20707911250526934,69.00359105509047,1.5763718808977172,0.9292933127789267,0.01754722046905652,196081500.0,0.06068792926333333,0.009418115540973477,0.012621674019566272,0
2023-11-13,185.82000732421875,186.02999877929688,184.2100067138672,184.8000030517578,43627500.0,8062362133.140564,-0.008583642151915205,0.031077428203960533,0.08520764776380196,-0.4159862209754124,64.76308056658384,1.5208613943599003,0.716071978432697,0.017281389027751178,88612700.0,0.04976739424173959,0.012351809710230999,0.012836211526620683,1
2023-11-14,187.6999969482422,188.1100006103516,186.3000030517578,187.44000244140625,60108400.0,11266718642.749023,0.01428571074703422,0.03090966280276297,0.09761666423775806,0.3204619070739625,68.23209449451598,1.5687864580079256,0.8102991786751074,0.01708234507827113,78191100.0,0.061661203219596894,0.01232443655875915,0.012876014398091697,1
2023-11-15,187.8500061035156,189.5,187.77999877929688,188.009994506836,53790500.0,10113151609.519958,0.003040930740533465,0.027994943049233445,0.08070353042258915,-0.11105272522551246,68.94300864414197,1.5433519964162241,0.7473332129829152,0.016596720264211606,82641300.0,0.06123205543911281,0.012406081348200223,0.012646015163630491,1
2023-11-16,189.57000732421875,190.9600067138672,188.6499938964844,189.7100067138672,54412900.0,10322671624.320984,0.00904213742195159,0.04001975168686567,0.06836739814670634,0.011504386240737574,71.02563077571145,1.5418681562355716,0.7553256934115665,0.016383860848219915,190817700.0,0.06653851792825449,0.011539750248634798,0.012633554127317159,0
2023-11-17,190.25,190.3800048828125,188.57000732421875,189.69000244140625,50922700.0,9659527087.322998,-0.0001054465855937492,0.017650261012073454,0.07381833566642082,-0.06629246020840185,70.96532586150474,1.4421922240439629,0.6698960549975148,0.015896751686940724,73761600.0,0.06141063408027181,0.008750211185065747,0.011897003151567467,1
2023-11-20,189.88999938964844,191.91000366210932,189.8800048828125,191.4499969482422,46505100.0,8903401253.077698,0.009278267089376957,0.035984814862918935,0.06818055856721483,-0.0907468107714422,73.12716937506923,1.3965048838378595,0.6894497132424455,0.015453835444891597,163894200.0,0.06575740663911378,0.005668891908195149,0.011899048675458511,0
2023-11-21,191.41000366210932,191.5200042724609,189.7400054931641,190.63999938964844,38134500.0,7269961056.724548,-0.004230856994020926,0.017072113244570142,0.048509469311053266,-0.19844259506339768,70.52458442274015,1.2198577462640365,0.5784687519689068,0.015077886758159326,65651300.0,0.05619190706242505,0.005853090600401987,0.012072215797794559,1
2023-11-22,191.4900054931641,192.92999267578125,190.8300018310547,191.3099975585937,39617700.0,7579262090.2771,0.0035144679557821412,0.01755227460334674,0.04603859258048537,0.038156602899292125,71.43032947991912,1.0620572468962308,0.5603517918997343,0.01480686618691867,51478500.0,0.05400311482469067,0.005849556855345342,0.011288925943927013,0
2023-11-24,190.8699951171875,190.8999938964844,189.25,189.97000122070312,24048300.0,4568455580.355835,-0.007004319455287011,0.0013704838840056244,0.04144508199560004,-0.4992116637717636,66.99617592135075,0.7936478211553433,0.4517626997301481,0.014620773675405442,-26982700.0,0.04000832649952546,0.006422378069180207,0.0093197636485717,0
2023-11-27,189.9199981689453,190.6699981689453,188.8999938964844,189.7899932861328,40552600.0,7696477681.735229,-0.0009475597905649336,0.0005271276474227982,0.018186692600060006,0.5225355719719502,66.39987149211123,0.5422001948703241,0.4118790404020647,0.014255460817944588,-16612600.0,0.03292411532689954,0.006446352010591072,0.009459947333094264,1
2023-11-28,189.77999877929688,191.0800018310547,189.3999938964844,190.3999938964844,38415400.0,7314291925.531006,0.003214082048213829,-0.00548447672235608,0.03030298026108902,-0.054141474641777876,67.45693193159778,0.36374591175989934,0.4254218578702846,0.013825059530304787,-24702300.0,0.03060414834875469,0.004598659870495029,0.009363647398853453,0
2023-11-29,190.8999938964844,192.08999633789065,188.97000122070312,189.3699951171875,43014200.0,8145598843.969727,-0.0054096576277039565,-0.006661793309520436,0.010296589045257543,0.11307187008921105,63.80673315836688,0.13490733021675938,0.3233764735840151,0.014084212438396046,-29582000.0,0.01989484735470648,0.004824553391245146,0.009669812375383833,1
2023-11-30,189.83999633789065,190.32000732421875,188.19000244140625,189.9499969482422,48794400.0,9268496131.091309,0.0030627968844576525,-0.007108884155073825,0.010318613361459672,0.12608525568506934,64.95666653466165,-0.011076060292512402,0.34905102480455374,0.013839228219094685,-20405300.0,0.018635193593774746,0.0047142159681544,0.00913761776273199,1
2023-12-01,190.3300018310547,191.5599975585937,189.22999572753903,191.2400054931641,45704800.0,8740586203.063965,0.006791305952341897,0.006685288541876222,0.008064934506088361,-0.06541222558324478,67.4349159045463,-0.05213851732114794,0.4471118271441484,0.013634288417059754,49347800.0,0.021807753141272368,0.00466336072602519,0.00832941621982748,0
2023-12-04,189.97999572753903,190.0500030517578,187.4499969482422,189.42999267578125,43389500.0,8219272667.205811,-0.009464613916503661,-0.0018968366251471691,-0.001370708852752034,-0.051985847688467146,60.92454631988491,-0.2230032909501074,0.21616435491664254,0.014210484119694501,46510900.0,0.008692839890132253,0.00678276874034035,0.008621055858176182,1
2023-12-05,190.2100067138672,194.3999938964844,190.17999267578125,193.4199981689453,66628400.0,12887265005.999756,0.02106321938149014,0.015861367485667133,0.0102898994625511,0.4289134286890466,68.21042686204528,-0.09561673987338182,0.7329495963417527,0.014758629013954314,74723900.0,0.026062687237513593,0.011900936825075526,0.009161564838582612,0
2023-12-06,194.4499969482422,194.759994506836,192.1100006103516,192.32000732421875,41089700.0,7902371404.949951,-0.0056870585003612195,0.015578033918233425,0.008812462966581114,-0.4833734219282917,64.63251737874904,-0.1125835952963854,0.5428130907372918,0.014767045378759672,76648400.0,0.01739392341760726,0.011951696325724124,0.009041771333598257,1
2023-12-07,193.6300048828125,195.0,193.58999633789065,194.2700042724609,47477700.0,9223492981.84662,0.010139334827264257,0.02274286598380848,0.015472305429101496,0.14450264202244867,67.8518382905502,-0.024239242318833565,0.8159752922166756,0.014559989920171898,75331700.0,0.02462542304789772,0.012350663957627241,0.009166128526753279,1
2023-12-08,194.1999969482422,195.9900054931641,193.6699981689453,195.7100067138672,53406400.0,10452166902.563477,0.007412376639404972,0.023373776889286324,0.03021532587398079,0.11767045951467381,70.02192852529322,0.0929895670520362,1.0404399561585065,0.014267249259168127,83033300.0,0.02861261140690985,0.012381693145818278,0.009112987978869124,0
2023-12-11,193.1100006103516,193.4900054931641,191.4199981689453,193.17999267578125,60943700.0,11773103519.63501,-0.012927361664163084,0.019796231563067757,0.01786184472085184,0.13201989588456442,62.09147521530178,-0.03139185286528967,0.5113971777610168,0.015007903403088519,65479100.0,0.01350957813136655,0.013424454154246963,0.008748127449200933,1
2023-12-12,193.0800018310547,194.72000122070312,191.72000122070312,194.7100067138672,52696900.0,10260613752.799988,0.007920147510585007,0.0066694682924932636,0.02263662266568156,-0.14539385431668705,64.6955338649785,-0.041516548931877395,0.7980663655349732,0.014926940908564444,51547600.0,0.018888003923135388,0.01013080198382304,0.00848926071146588,1
2023-12-13,195.08999633789065,198.0,194.8500061035156,197.9600067138672,70404200.0,13937215904.684448,0.016691489332522957,0.02932611883765346,0.045360996029830014,0.289696285414891,69.48988988796683,0.13036351979020822,1.2310267480105739,0.014820278927895423,163041500.0,0.03305130958880742,0.011127129992483347,0.008677771303209276,1
2023-12-14,198.0200042724609,199.6199951171875,196.16000366210932,198.1100006103516,66831600.0,13240008316.790771,0.000757697976345284,0.019766285342255552,0.04295869330460089,-0.052076897135993505,69.6944391269684,0.20917813966451604,1.0651966612476755,0.014998768373916792,182395400.0,0.03111671099540736,0.011012829164626101,0.008689026463191939,0
2023-12-15,197.52999877929688,198.3999938964844,197.0,197.57000732421875,128538400.0,25395332629.44336,-0.002725724519050954,0.009503860541331122,0.03309977854649726,0.6540516626152026,67.92877801695846,0.1810194172181352,0.8429801597103374,0.014471641358513504,450600.0,0.026207090746177997,0.011153181330769419,0.008632037252634037,0
2023-12-18,196.08999633789065,196.6300048828125,194.38999938964844,195.88999938964844,55751900.0,10921239656.97174,-0.008503355126233125,0.014028402612145552,0.03410234368178333,-0.8353161917446918,62.613963913930476,0.014122351534419764,0.5092232307596484,0.014712746154847954,5642400.0,0.015845189868223253,0.009768007962591148,0.008941971075473225,1
2023-12-19,196.16000366210932,196.9499969482422,195.88999938964844,196.94000244140625,40714100.0,8018234953.399658,0.005360166700849378,0.011452907660858491,0.01819876075785265,-0.3143370140526507,64.48429555777801,-0.0567934642664043,0.6151660596047391,0.013973449106978723,-6340400.0,0.019838547332373002,0.009497728427201122,0.008807902296689228,0
2023-12-20,196.8999938964844,197.67999267578125,194.8300018310547,194.8300018310547,52242800.0,10178464819.659424,-0.010713925988598105,-0.015811299134459222,0.01305113566579963,0.24932760708715307,58.18493512486195,-0.26536717543726684,0.24571554682650068,0.01416073162606296,-128987400.0,0.007818710098617121,0.006590586253706742,0.009141024919599415,0
2023-12-21,196.1000061035156,197.0800018310547,193.5,194.67999267578125,46482500.0,9049212759.552002,-0.0007699489496669765,-0.017313653646978566,0.002110405076973798,-0.11682618226253894,57.75298184249687,-0.4236015087213709,0.19563326076458776,0.014472894386152249,-242301500.0,0.006165749633978201,0.006395803147989702,0.00913233266718977,0
2023-12-22,195.17999267578125,195.41000366210932,192.97000122070312,193.6000061035156,37149600.0,7192162786.743164,-0.005547496470601709,-0.020094149281415286,-0.010781260732551368,-0.22412288832172322,54.60971392875697,-0.6003727025927521,-0.011688198644966176,0.014414322557529804,-150912700.0,-0.0003536683306771815,0.0064380045652392606,0.009071466491699064,0
2023-12-26,193.6100006103516,193.88999938964844,192.8300018310547,193.0500030517578,28919300.0,5582870953.2547,-0.0028409247645565516,-0.014497913863594114,-0.0006728938241632454,-0.25044380398984956,53.026883051572966,-0.7443051225055131,-0.14025117076406202,0.013815060911257719,-124080100.0,-0.004031841838204153,0.005933751106564101,0.009102530783242363,1
2023-12-27,192.4900054931641,193.5,191.08999633789065,193.1499938964844,48087700.0,9288138961.495972,0.0005179530854488856,-0.019244483080827934,-0.00801198070767506,0.5085172210761222,53.291938221516034,-0.816932145903881,-0.1533623662698654,0.013712870455191819,-116706500.0,-0.004222360822313864,0.004460290299094314,0.009086267695945211,1
2023-12-28,194.13999938964844,194.66000366210932,193.1699981689453,193.5800018310547,34049900.0,6591379704.347229,0.002226290179438095,-0.006415849654838768,-0.02212570587120355,-0.34519932284779387,54.48146998749509,-0.8181362263025029,-0.12284945343433086,0.01326226897962316,-30413800.0,-0.003087347055549916,0.0030180635566151325,0.008973267560774963,0
2023-12-29,193.8999938964844,194.3999938964844,191.72999572753903,192.52999877929688,42672100.0,8215659360.910034,-0.005424129774904141,-0.011043733189701532,-0.028166179465264007,0.22571820922618713,51.061837659203846,-0.8670968154573333,-0.39282543215835664,0.013372694827208645,-26603400.0,-0.009152984259056751,0.0034996396427923546,0.009077526911486304,0
2024-01-02,187.1499938964844,188.44000244140625,183.88999938964844,185.63999938964844,82488700.0,15313202217.652891,-0.03578662771169838,-0.04111573586217265,-0.06038369940935817,0.6591159920568366,35.37237366575643,-1.3141422980660105,-1.4345929876151278,0.01620278244834819,-71942500.0,-0.0432333481456848,0.015669544509568867,0.01207504418276798,0
2024-01-03,184.22000122070312,185.8800048828125,183.42999267578125,184.25,58414500.0,10762871625.0,-0.007487607165581278,-0.045584060671568505,-0.059421100749993405,-0.34509716257916523,33.15881623755216,-1.6332724696815213,-1.348090343604439,0.01610874627513735,-101437700.0,-0.04912796607256187,0.015403218468252574,0.0120136161494046,0
2024-01-04,182.1499938964844,183.08999633789065,180.8800048828125,181.91000366210932,71983600.0,13094536939.611816,-0.01270011580944741,-0.05819306543907521,-0.07631765305663929,0.20887416537886594,29.780195903708858,-1.9124024990994308,-1.2706566805487047,0.016473793472481124,-221509000.0,-0.05840760067355932,0.014423486548289798,0.011035742075543264,0
2024-01-05,181.9900054931641,182.759994506836,180.1699981689453,181.17999267578125,62379700.0,11301953589.117432,-0.004013033761925633,-0.064056250841941,-0.0700611252219252,-0.1431984112198137,28.794487128602,-2.0447245008847537,-1.0977204301968386,0.016379811639278846,-317938600.0,-0.05947459885746609,0.013113278678507308,0.01102066280554666,1
2024-01-08,182.08999633789065,185.6000061035156,181.5,185.5599975585937,59144500.0,10974853275.604248,0.024174881663950654,-0.036202156884097336,-0.046846083112279224,-0.053256298895494325,41.34010929482095,-1.7473239215263099,-0.6091474662442573,0.016552227227366635,-216122000.0,-0.03455489743345597,0.021459626033057115,0.01227192450169307,0
2024-01-09,183.9199981689453,185.1499938964844,182.72999572753903,185.13999938964844,42841800.0,7931730825.85144,-0.0022634090023235798,-0.002693385055181574,-0.043698380408850324,-0.3224693342244471,40.60139412612326,-1.498514259634266,-0.5808727309743056,0.016496631175909278,-176475100.0,-0.03408409601040896,0.014334934618582151,0.012061161527270407,1
2024-01-10,184.3500061035156,186.3999938964844,183.9199981689453,186.19000244140625,46792900.0,8712370165.240479,0.005671400319862574,0.010529185570725907,-0.0355348381347208,0.08821721853834319,43.32787671307747,-1.195975996232178,-0.4459786140447031,0.016183321526515353,-71267700.0,-0.02683150977511839,0.013923719954731881,0.011947800516808799,0
2024-01-11,186.5399932861328,187.0500030517578,183.6199951171875,185.58999633789065,49128400.0,9117739576.086426,-0.0032225473744457167,0.020229743288977087,-0.0391405529251293,0.04870579596157398,42.13760499525747,-0.9781951003387006,-0.4510262503926133,0.016396070271683574,-48412500.0,-0.0276500921259355,0.011889065352612563,0.011729829398752679,1
2024-01-12,186.0599975585937,186.7400054931641,185.19000244140625,185.9199981689453,40477800.0,7525632501.882935,0.0017781229460980263,0.026161859392754394,-0.0395702220769405,-0.19368359896406773,43.064031107933886,-0.7633744765867776,-0.3804319340175685,0.015793394062894168,54445000.0,-0.022839146938211985,0.011164850420011108,0.010901785923050482,0
2024-01-16,182.16000366210932,184.259994506836,180.92999267578125,183.6300048828125,65603000.0,12046679210.327148,-0.012317089655153213,-0.010400909146227821,-0.04622653068567628,0.4828677414737754,38.46200720798219,-0.7271326288802027,-0.5282323946459065,0.01678919787607701,-70302500.0,-0.031188395184615803,0.006728780452874531,0.011050822326899122,0
2024-01-17,181.2700042724609,182.92999267578125,180.3000030517578,182.67999267578125,47317400.0,8643942285.437012,-0.005173512943255187,-0.01328727839460464,-0.015944875692734173,-0.32674332817532203,36.70937480243042,-0.7175486115234353,-0.5587715571645592,0.016973087176237907,-74778100.0,-0.03239991474501036,0.00687390881237287,0.011052676592580562,1
2024-01-18,186.08999633789065,189.13999938964844,185.8300018310547,188.6300048828125,78005800.0,14714234434.887695,0.032570683411353496,0.013104905791996524,0.023772075347693322,0.4999050820394366,51.58858878519791,-0.2831967389875061,0.018827389180266937,0.017709790987937058,-43565200.0,0.0010401798476091795,0.017433342044871597,0.013652980317228735,1
2024-01-19,189.3300018310547,191.9499969482422,188.82000732421875,191.5599975585937,68903000.0,13199058511.779783,0.0155330148965509,0.032167688660513116,0.05304817603329215,-0.12408346276984972,56.95513985157901,0.2025368246479673,0.34974970135294725,0.017431228614715896,74466200.0,0.018042665638974498,0.017846031879795703,0.01411536085680403,1
2024-01-22,192.3000030517578,195.3300018310547,192.259994506836,193.88999938964844,60133900.0,11659361834.29718,0.012163300588589943,0.04286790716005062,0.07015127071238791,-0.13612597390027403,60.687257112706824,0.656260844378644,0.6029901523440676,0.017380489623127018,94122300.0,0.030682870031273568,0.017766413316736236,0.014237847950150276,1
2024-01-23,195.0200042724609,195.75,193.8300018310547,195.17999267578125,42355600.0,8266965697.77832,0.006653222395139657,0.06289815109649233,0.051843043995243976,-0.35047309167804386,62.61964062314485,0.998270272360498,0.7291488964665158,0.016735006688476484,202080900.0,0.03740236647442341,0.013771068013309148,0.014317247747047651,0
2024-01-24,195.4199981689453,196.3800048828125,194.33999633789065,194.5,53631300.0,10431287850.0,-0.0034839261261312426,0.06470334901532859,0.05055633920929403,0.2360322041401126,60.91975540969567,1.1243352974238503,0.6459361555652412,0.01634315417643765,195767000.0,0.0335409328565035,0.013244246406402758,0.01428084293851289,0
2024-01-25,195.22000122070312,196.2700042724609,193.1100006103516,194.1699981689453,54822100.0,10644807056.617737,-0.0016966675118492702,0.029369629129652797,0.042859421144539445,0.02196054405795067,60.06754718440809,1.1282150278453251,0.5981273693257837,0.016364036454329475,62939100.0,0.03148041632685916,0.008341713874859191,0.014269763633989175,0
2024-01-26,194.2700042724609,194.759994506836,191.94000244140625,192.4199981689453,44594000.0,8580777398.345947,-0.009012720896651283,0.004489458244478106,0.036801562400053944,-0.2064940723161932,55.62375011347671,0.9621156047978701,0.428388465944621,0.01638018640555266,-50557900.0,0.022382207196670167,0.008428849239870402,0.014423434837856672,0
2024-01-29,192.009994506836,192.1999969482422,189.5800018310547,191.72999572753903,47145600.0,9039225686.572266,-0.003585918553020928,-0.011140356227288373,0.031249987176281024,0.05564136348906601,53.92964957475885,0.763637459384447,0.37479468982933545,0.016322945962090756,-157837400.0,0.019216953072431764,0.0056703641236948285,0.014432848224532837,0
2024-01-30,190.94000244140625,191.8000030517578,187.47000122070312,188.0399932861328,55859400.0,10503801200.967407,-0.01924582758897031,-0.03658161521457215,0.024015619920800146,0.16959713048108682,45.88179650085186,0.3620760347334162,0.01588131543547922,0.017099242605192647,-256052400.0,0.0007956492499261447,0.007164761470048818,0.015006538821781127,0
2024-01-31,187.0399932861328,187.1000061035156,184.3500061035156,184.3999938964844,55467800.0,10228261981.451416,-0.01935758093816553,-0.05192805194609562,0.009415378200478663,-0.007035146991832164,39.60345597323953,-0.1433577081145046,-0.3608655970254469,0.017620633610592476,-257888900.0,-0.018253375904094593,0.008402821397715397,0.013366290174226064,1
2024-02-01,183.9900054931641,186.9499969482422,183.82000732421875,186.8600006103516,64885400.0,12124485883.602903,0.013340600842146166,-0.03764741014331863,-0.009383471487267037,0.1568199621039632,45.07367436518491,-0.29778605566236593,-0.11757179066723747,0.01734307234179101,-138181400.0,-0.005847006573889146,0.01351369272437353,0.013582417505697383,0
2024-02-02,179.86000061035156,187.3300018310547,179.25,185.8500061035156,102551700.0,19059234070.925903,-0.0054050867148506265,-0.03414401895826469,-0.02980784886119836,0.4577444190765405,43.33815141031331,-0.44488428907439626,-0.25821597779385247,0.0192972231027187,-196139100.0,-0.012255746020099156,0.013513867729979295,0.013295992370719425,1
2024-02-05,188.1499938964844,189.25,185.83999633789065,187.67999267578125,69668800.0,13075439873.730469,0.009846577950857638,-0.02112347124605951,-0.032028504478909925,-0.38661447222049006,47.29774126556291,-0.3974220774499612,-0.09706840828415543,0.01904193422814162,-79324700.0,-0.00424979473645315,0.015512527729186373,0.01337339150069731,1
2024-02-06,186.8600006103516,189.3099975585937,186.7700042724609,189.3000030517578,43490800.0,8232808572.723389,0.0086317691773099,0.006700754151313326,-0.0301259854732695,-0.4712031547239839,50.58953760713138,-0.24299558069954047,0.07777314011244599,0.018488892721423414,20025500.0,0.0033498237757771943,0.013632744139493428,0.01242570881463251,1
2024-02-07,190.63999938964844,191.0500030517578,188.6100006103516,189.41000366210932,53439000.0,10121881185.699465,0.0005810914346442431,0.027169251255167337,-0.026169646981443084,0.20599139072431072,50.814187163053795,-0.12543269391472756,0.0665775256642498,0.018078438438983893,128932300.0,0.0027980768229498576,0.007636119806622773,0.012401787787462063,0
2024-02-08,189.38999938964844,189.5399932861328,187.3500061035156,188.32000732421875,40962000.0,7713964140.014648,-0.005754692554861163,0.007813372091931114,-0.030128191275134775,-0.26589600311431383,48.46287418548518,-0.11343315982156463,-0.08528947193949067,0.017714933376424474,23084900.0,-0.0035345717286339173,0.0074439695246337565,0.012448707961021797,1
2024-02-09,188.6499938964844,189.9900054931641,188.0,188.8500061035156,45155200.0,8527559795.605469,0.0028143519471321987,0.01614204951023268,-0.018553123892534606,0.09746063495008173,49.682095423104855,-0.06458488460766323,-0.03933998047128273,0.0171560940310682,170791800.0,-0.0015912860521070105,0.0063417703213353134,0.012423231101298388,0
2024-02-12,188.4199981689453,188.6699981689453,186.7899932861328,187.1499938964844,41781900.0,7819482329.98352,-0.009001917670573678,-0.002823949275256088,-0.02388776890999944,-0.07764221169448504,45.92882774156696,-0.1373681290617083,-0.2730751800385271,0.016861602332136117,59341100.0,-0.010900470893268399,0.006989756238465079,0.012617472204958144,0
2024-02-13,185.7700042724609,186.2100067138672,183.509994506836,185.0399932861328,56529500.0,10460218300.468445,-0.01127438246948953,-0.02250401319042894,-0.01595405289892249,0.30229938814416357,41.71640689044093,-0.30842364804597855,-0.577880731275817,0.017240841774080275,-40679200.0,-0.022416199031046746,0.006063153754714727,0.012564179605508407,0
2024-02-14,185.32000732421875,185.52999877929688,182.44000244140625,184.1499938964844,54630500.0,10060206241.56189,-0.004809767736384307,-0.027770496087462737,-0.0013557484179763657,-0.034170290325970853,40.04793707539827,-0.45354672425288917,-0.736347432301318,0.017285282190180627,-148748700.0,-0.02749578101105432,0.005367057766434936,0.012555860527978406,0
2024-02-15,183.5500030517578,184.4900054931641,181.3500061035156,183.8600006103516,65434500.0,12030787209.93805,-0.0015747667431138535,-0.023683127338608556,-0.01605480033287454,0.1804573044392228,39.49366649010758,-0.5354835437322558,-0.6994742309079501,0.017295807046326873,-173221200.0,-0.02780273657643495,0.005655740612473579,0.010029265099757519,0
2024-02-16,183.4199981689453,184.8500061035156,181.6699981689453,182.3099975585937,49752500.0,9070378153.533936,-0.00843034399332332,-0.03463070338127017,-0.019047664399592046,-0.2739889238922544,36.57953492888128,-0.652711582461007,-0.7876695145017485,0.017442856654672205,-268128900.0,-0.03363538829422963,0.003825980735275132,0.009327878215787762,0
2024-02-20,181.7899932861328,182.42999267578125,180.0,181.5599975585937,53665600.0,9743526204.980469,-0.004113872031395016,-0.02986907037241271,-0.032608670908038095,0.07571148527851435,35.2251324846677,-0.7333721986738151,-0.7811248676246392,0.017219843211223596,-280012600.0,-0.03445562308441519,0.0038168786558028904,0.008674816069650593,1
2024-02-21,181.94000244140625,182.88999938964844,180.66000366210932,182.32000732421875,41371400.0,7542833951.013184,0.004185997884141868,-0.014699449095353478,-0.03687266568944858,-0.260182373956777,37.74081356322817,-0.6888479009243687,-0.638395226182371,0.01679685834688758,-182111700.0,-0.027086980748973644,0.004681378702698919,0.008543208369569283,1
2024-02-22,183.47999572753903,184.9600067138672,182.4600067138672,184.3699951171875,52292200.0,9641112658.666992,0.011243899246467626,0.0011946849198745113,-0.026608988160481517,0.23425739447286276,44.0525144363014,-0.48430075381208715,-0.3463181941684732,0.0164464484819682,-75189000.0,-0.013481248539862434,0.007649815071116424,0.009146099166799418,0
2024-02-23,185.009994506836,185.0399932861328,182.22999572753903,182.5200042724609,45119700.0,8235247836.772156,-0.010034121026855414,-0.007288134088123344,-0.03079865561906192,-0.1475282590976299,40.10151692841983,-0.43796079054130344,-0.5717015216095307,0.0165261762750821,-54874200.0,-0.020326638023318244,0.008977834338080436,0.009290146608478026,0
2024-02-26,182.2400054931641,182.759994506836,180.6499938964844,181.16000366210932,40867400.0,7403538333.660889,-0.007451241390074803,-0.00630790363602951,-0.040720159877522644,-0.09898627671734062,37.44287728896914,-0.4609430092844431,-0.7234143783179906,0.01629287871470519,-45989100.0,-0.024679105822504765,0.008795797719482882,0.009243825452491049,1
2024-02-27,181.1000061035156,183.9199981689453,179.55999755859375,182.6300048828125,54318900.0,9920260972.229004,0.008114380608232663,0.0058934090031230735,-0.02415169201753742,0.28453954740955467,41.924687918806505,-0.34451557502224617,-0.46081451143366514,0.016712569929436004,61995400.0,-0.014350528401730345,0.009469074839512322,0.00956735562307938,0
2024-02-28,182.509994506836,183.1199951171875,180.1300048828125,181.4199981689453,48953900.0,8881216448.362732,-0.006625454095802064,-0.004936425620436502,-0.01956331197866934,-0.10399319172099197,39.42111411237163,-0.31705881427464244,-0.6011922907866076,0.01679953703586443,-28329900.0,-0.019128677919622583,0.00984698363704736,0.0087805869455233,0
2024-02-29,181.2700042724609,182.57000732421875,179.52999877929688,180.75,136682600.0,24705379950.0,-0.003693077806788292,-0.01963440480044809,-0.01846317680789944,1.026782397550754,38.0656309942313,-0.3116217518554525,-0.647747428664765,0.016858741064072463,-217304700.0,-0.02178589952479415,0.007107176501874348,0.00776792337905025,0
2024-03-01,179.5500030517578,180.52999877929688,177.3800048828125,179.66000366210938,73563100.0,13216346815.396118,-0.00603040850838521,-0.01566951864674626,-0.022843451181875807,-0.6195179020061161,35.9027668351478,-0.3463642824951856,-0.722722082214275,0.017089351734358837,-245748100.0,-0.02578686152863363,0.00644314735856788,0.00706550254722719,0
2024-03-04,176.14999389648438,176.89999389648438,173.7899932861328,175.10000610351562,81510100.0,14272419007.498169,-0.025381261636673647,-0.033451078803776735,-0.03954797625819073,0.10258339630670932,28.5852670378963,-0.625127279878323,-1.1127613352033978,0.018676494132903045,-286390800.0,-0.047738144349838474,0.01202027679751772,0.008784186052532365,0
2024-03-05,170.75999450683594,172.0399932861328,169.6199951171875,170.1199951171875,95132400.0,16183923423.486328,-0.028440952671264008,-0.06849920293027567,-0.06300948774640869,0.15454266482893075,23.058037345066523,-1.0676038456062846,-1.2821977017950312,0.020151035168648624,-435842100.0,-0.07038254421887602,0.011855371489769995,0.009946555999089082,0
2024-03-06,171.05999755859375,171.24000549316406,168.67999267578125,169.1199951171875,68587700.0,11599551489.09912,-0.005878203789690617,-0.0677984961740743,-0.07240023956097008,-0.32715638310234496,22.13258965909172,-1.3330692633463395,-1.1116441927746794,0.019903549566003483,-455475900.0,-0.07072330622461431,0.011976210383432249,0.009426872910440273,0
2024-03-07,169.14999389648438,170.72999572753906,168.49000549316406,169.0,71765100.0,12128301900.0,-0.0007095264939214196,-0.06500691562932226,-0.08336494833347563,0.04528506644968289,22.01839038046863,-1.4144731966720379,-0.95152029898249,0.019441731574302075,-390558400.0,-0.06614614078534198,0.01266545164538426,0.00938682656214152,1
2024-03-08,169.0,173.6999969482422,168.94000244140625,170.72999572753906,76267000.0,13021064584.152222,0.010236661109698675,-0.04970504148138155,-0.06459570605379805,0.06084205517554864,27.802289304811794,-1.2549576644035736,-0.7210518322425618,0.01986155247784116,-240728300.0,-0.05197929877869567,0.0165035639663214,0.010035409223888505,1
2024-03-11,172.94000244140625,174.3800048828125,172.0500030517578,172.75,60139500.0,10389098625.0,0.01183157220764297,-0.013420936731014965,-0.046423070722582005,-0.2375734743495066,33.961403744938906,-0.93143257608169,-0.5148647876888125,0.019736417267383472,-99078700.0,-0.03645571502339351,0.01624134521141845,0.010585030965206332,1
2024-03-12,173.14999389648438,174.02999877929688,171.00999450683594,173.22999572753906,59825400.0,10363553786.398315,0.002778557033511264,0.01828121737370858,-0.051470234375261104,-0.005236543564294038,35.37226259121185,-0.6182260194941018,-0.4323870288337634,0.019521142213215218,55879100.0,-0.03001289926887163,0.00743091117392151,0.010642609279199161,0
2024-03-13,172.77000427246094,173.19000244140625,170.75999450683594,171.1300048828125,52488700.0,8982391487.29248,-0.012122559005482425,0.011885110120966047,-0.05671917864617315,-0.1308324092683648,32.13736382091557,-0.49114537751029186,-0.5416306985154994,0.019380177085249202,71978100.0,-0.03802531887062477,0.009631782661084234,0.010675587896481369,1
2024-03-14,172.91000366210938,174.30999755859375,172.0500030517578,173.0,72913500.0,12614035500.0,0.010927336316434166,0.023668639053254337,-0.04287690179806358,0.3286758933830036,37.609119805347554,-0.2329119810434115,-0.35233512823647545,0.019114318771986504,216656700.0,-0.02445626275363333,0.010086866411448578,0.01116929707812793,0
2024-03-15,171.1699981689453,172.6199951171875,170.2899932861328,172.6199951171875,121752700.0,21016950479.504395,-0.002196560016257232,0.011070107403180707,-0.039185174225879305,0.5127181257515296,36.957001913751604,-0.049070490342578044,-0.3442599129663193,0.018909458813208047,18637000.0,-0.02350448243706682,0.009921242513066945,0.011165814969187568,1
2024-03-18,175.57000732421875,177.7100067138672,173.52000427246094,173.72000122070312,75604200.0,13133961716.290283,0.006372414173507979,0.005615057717528904,-0.007881238347854036,-0.476480096096882,40.18994281132203,0.1730690054539603,-0.2219339818882343,0.01954046339215668,34101700.0,-0.014888380818768754,0.008844240821947735,0.011283147565464342,1
2024-03-19,174.33999633789062,176.61000061035156,173.02999877929688,176.0800018310547,55215200.0,9722292517.10205,0.013585082856137465,0.016452151323713027,0.035034134052035704,-0.31427355461706696,46.52581991746377,0.48758347602877716,0.0007371653521568652,0.019353785029258726,29491500.0,4.828398864686889e-05,0.010505540825090802,0.011818825073428895,1
2024-03-20,175.72000122070312,178.6699981689453,175.08999633789062,178.6699981689453,53423100.0,9545105179.179382,0.014709202129471022,0.04406003080112164,0.05646879924009207,-0.03299504039089385,52.47584320330585,0.8570759115855848,0.24898469213235072,0.01914206992373148,135403300.0,0.01581109808427761,0.006875429905139811,0.012307740079525618,0
2024-03-21,177.0500030517578,177.49000549316406,170.83999633789062,171.3699951171875,106181300.0,18196288862.53662,-0.04085746418856029,-0.009421993542268803,0.014023639746671535,0.6869047644420547,39.227222542028166,0.6085479608871105,-0.36879050832422866,0.021795563524989306,-43691500.0,-0.02207844613998544,0.022921663210991775,0.01484577558300549,1
2024-03-22,171.75999450683594,173.0500030517578,170.05999755859375,172.27999877929688,71160100.0,12259461941.134644,0.005310169154682409,-0.001969623146263033,0.00907868031714476,-0.4002157377254285,41.21949767638103,0.5082414954838916,-0.24751640112288317,0.02137151267517117,149221300.0,-0.014004709573855578,0.02312411053664754,0.01488910626196893,0
2024-03-25,170.57000732421875,171.94000244140625,169.4499969482422,170.85000610351562,54288300.0,9275156386.349487,-0.0083003986876804,-0.016520809906864442,-0.010998517490502846,-0.2706235296034407,39.05294441880092,0.35560413140037017,-0.3543930999411811,0.021194236518540303,19328800.0,-0.019295475252685823,0.023016082928995117,0.014904342624752518,0
2024-03-26,170.0,171.4199981689453,169.5800018310547,169.7100067138672,57388400.0,9739385749.298096,-0.006672515943357493,-0.03617670973958409,-0.020319743118900835,0.055533457205363845,37.36675058574565,0.19586447698560594,-0.44524048390118953,0.020586990876878056,-93274800.0,-0.022213476565182022,0.021040581853316993,0.014698802978409543,1
2024-03-27,170.41000366210938,173.60000610351562,170.11000061035156,173.30999755859375,60273300.0,10445965475.848389,0.021212602099510702,-0.029999444032474343,0.012738810340559903,0.04904702646062731,45.38608757356224,0.3420957497410888,0.019692970122632596,0.0203226418240654,-86424600.0,0.0008662376490748969,0.02285353735940149,0.01567844595613153,0
2024-03-28,171.75,172.22999572753906,170.50999450683594,171.47999572753906,65672700.0,11261554315.415956,-0.010559124440792766,0.0006418895575992511,-0.008786151863936054,0.08579409305307095,42.41325829901466,0.3251288345235577,-0.18664823760282065,0.0202387306000678,-45916000.0,-0.007044172341823196,0.013256038912294118,0.015788429448740506,0
2024-04-01,171.19000244140625,171.25,169.47999572753906,170.02999877929688,46240500.0,7862272158.554077,-0.008455779008450959,-0.013060134757038266,-0.015004034359590523,-0.3508272701684412,40.168189145308126,0.23027187997077236,-0.39691446997827684,0.019793560387269715,-163316600.0,-0.012687632425139928,0.013358028055684413,0.01582616757454032,0
2024-04-02,169.0800018310547,169.33999633789062,168.22999572753906,168.83999633789062,49329500.0,8328792599.349976,-0.006998779332762939,-0.01176476262112136,-0.02809120912112295,0.06466624056562154,38.37296417136348,0.10763492188283497,-0.5524968398693375,0.01927077692746803,-158357800.0,-0.017812489575723123,0.013230140708667657,0.014944589453662548,1
2024-04-03,168.7899932861328,170.67999267578125,168.5800018310547,169.64999389648438,47691700.0,8090896613.912964,0.004797427008780275,-0.00035361979263837107,-0.036517536731625944,-0.03376490011718758,40.32788249816324,0.10140483363411557,-0.3987497513321187,0.018693025648704103,-53277700.0,-0.012965583007086057,0.013275616848300193,0.013603659645890664,0
2024-04-04,170.2899932861328,171.9199981689453,168.82000732421875,168.82000732421875,53704400.0,9066377201.342772,-0.00489234660846527,-0.02590727769675838,-0.05512951780193498,0.11873755393498087,38.96395158230963,0.06357182968810848,-0.5404664482785695,0.01875476875427478,-167255400.0,-0.017708775488644024,0.005970694208412766,0.013583198460620305,1
2024-04-05,169.58999633789062,170.38999938964844,168.9499969482422,169.5800018310547,42104800.0,7140132061.096191,0.004501803541427263,-0.01107997401343086,-0.01044519657544929,-0.243333181272682,40.933875711096775,0.10923798393963047,-0.4160942352564836,0.017998388533028774,-59477900.0,-0.01345316239707961,0.0063892387110801715,0.013618813104655169,0
2024-04-08,169.02999877929688,169.1999969482422,168.24000549316406,168.4499969482422,37425500.0,6304325360.786438,-0.0066635503633162285,-0.009292488633759088,-0.022231262237012217,-0.11780945520160913,38.92238916685737,0.08398157651012772,-0.5733318340860166,0.01739310730866982,-50662900.0,-0.019376712817474773,0.005988943077422074,0.013490937699811432,1
2024-04-09,168.6999969482422,170.0800018310547,168.35000610351562,169.6699981689453,42373800.0,7189562568.411255,0.007242512572309456,0.004915907658477048,-0.006906689449313608,0.12417795332541459,42.223428222838535,0.1653767525119756,-0.3323368900877558,0.01676291435774861,41040400.0,-0.01138824205363509,0.006306777223834129,0.013306412320063667,0
2024-04-10,168.8000030517578,169.08999633789062,167.11000061035156,167.77999877929688,49709300.0,8340226293.319702,-0.01113926687125033,-0.01102266539619512,-0.011372387356181846,0.15966178813563303,38.731103819699754,0.11050230470348277,-0.5823944911061665,0.016830767022818587,-56360600.0,-0.02084598307581842,0.007764619042463895,0.013471545458585615,1
2024-04-11,168.33999633789062,175.4600067138672,168.16000366210938,175.0399932861328,91070300.0,15940944700.5661,0.04327091762818491,0.036843891079619384,0.009982088465232186,0.6054396882734636,54.35029052488607,0.5567726832166917,0.5453831357985303,0.018114336541146733,88414100.0,0.020358759062645282,0.021427936889029008,0.01652342735315913,1
2024-04-12,174.25999450683594,178.36000061035156,174.2100067138672,176.5500030517578,101670900.0,17949997705.274963,0.00862665575607413,0.04110155174810681,0.029566173609395063,0.11010938952817995,56.816147544327976,0.9255371086712438,0.7040328402051992,0.018355595993581206,147980200.0,0.02809727084660807,0.02136573017166401,0.016460468583634185,0
2024-04-15,175.36000061035156,176.6300048828125,172.5,172.69000244140625,73531800.0,12698206721.520996,-0.021863497839872292,0.02517070685650924,0.01564431971538216,-0.324023156940104,49.46109321998875,0.8815800605928141,0.1402464037665376,0.019133728936953236,111873900.0,0.005598970702918038,0.024822919762411796,0.017239589165354445,0
2024-04-16,171.75,173.75999450683594,168.27000427246094,169.3800048828125,73711200.0,12485203415.917969,-0.019167279586534414,-0.0017091606604725529,0.003198344922024088,0.0024367893391961104,44.1795550470508,0.6143321003157924,-0.30996754104555024,0.020429396663755966,-4211100.0,-0.0124277083823493,0.027001190088636152,0.01769517875376472,0
2024-04-17,169.61000061035156,170.64999389648438,168.0,168.0,50901200.0,8551401600.0,-0.008147389556206863,0.0013112481958741373,-0.009725870650435509,-0.37026825008843645,42.15831635467929,0.3429067384508815,-0.4669669042941146,0.020252678946880553,-5403000.0,-0.01816109580448866,0.026725874956708962,0.017409896004452127,0
2024-04-18,168.02999877929688,168.63999938964844,166.5500030517578,167.0399932861328,43122900.0,7203248926.478577,-0.0057143256777808515,-0.04570384087551138,-0.010543857131029677,-0.1658323168597704,40.76123427316158,0.10911337630847395,-0.6206836326015424,0.01980785142125912,-139596200.0,-0.020442666665378195,0.0121526157237566,0.016958873294712577,0
2024-04-19,166.2100067138672,166.39999389648438,164.0800018310547,165.0,68149400.0,11244651000.0,-0.012212603975853775,-0.06542057690235092,-0.02700791238118716,0.4576481669656296,37.88794798843074,-0.158008054544573,-0.8302814882403333,0.0199017901491498,-309416500.0,-0.030595007294984433,0.006945493431603846,0.014668127916882491,1
2024-04-22,165.52000427246094,167.25999450683594,164.77000427246094,165.83999633789062,48116400.0,7979623599.79248,0.005090886896306879,-0.03966648912313164,-0.015494215836367786,-0.34807927254563964,39.77061427396247,-0.24786158444857653,-0.6168698200885174,0.019459087546499044,-187768300.0,-0.023813116746498886,0.008931222947142653,0.014662621310466376,1
2024-04-23,165.35000610351562,167.0500030517578,164.9199981689453,166.89999389648438,49537800.0,8267858517.645264,0.006391688265803275,-0.014641698635231126,-0.016325834280393914,0.02911293857978592,42.15341302505476,-0.20729186714363945,-0.41510305539169134,0.018865976885965387,-64519300.0,-0.016430184120066693,0.008251790408915305,0.014687942127608617,1
2024-04-24,166.5399932861328,169.3000030517578,166.2100067138672,169.02000427246094,48251800.0,8155519442.153931,0.012702279529689164,0.006071454002743781,0.0073906633817253375,-0.026302881189739225,46.69554975479742,-0.01898211510753156,-0.09417885329714985,0.01860452008114692,34633700.0,-0.0037340495315530964,0.010026061068469021,0.014935655911306562,1
2024-04-25,169.52999877929688,170.61000061035156,168.14999389648438,169.88999938964844,50558300.0,8589349556.141663,0.005147290824730311,0.017061818834209763,-0.02942181269434707,0.046693992121497274,48.483248937225135,0.17232693065681315,0.06328207346345037,0.01822144400006769,128314900.0,0.0024043807492326597,0.009289042896355904,0.014139979809246727,0
2024-04-26,169.8800048828125,171.33999633789062,169.17999267578125,169.3000030517578,44838400.0,7591141256.8359375,-0.003472813820767917,0.026060624556107914,-0.041064853439139126,-0.12006220819151281,47.3241227196412,0.2619211275318929,-0.011570269703831723,0.017890193793101004,151625900.0,-0.00043393002236169487,0.005764823176957325,0.0139730597009509,1
2024-04-29,173.3699951171875,176.02999877929688,173.10000610351562,173.5,68169400.0,11827390900.0,0.024808014604454476,0.046189121027852,0.004690471637862181,0.4189308610364648,55.483299201430995,0.5881549618121549,0.5911283280509625,0.018980866182186112,171678900.0,0.023315072845942586,0.010497041024274664,0.014929200144685968,0
2024-04-30,173.3300018310547,174.99000549316406,170.0,170.3300018310547,65934800.0,11230674604.730225,-0.01827088281812861,0.02055127657283018,0.0056086723394503935,-0.03332940834850007,49.27902001627677,0.5739318248215486,0.10599462937909791,0.020045688056469512,56206300.0,0.004176959871214914,0.016291773587879733,0.015455154031633344,0
2024-05-01,169.5800018310547,172.7100067138672,169.11000061035156,169.3000030517578,50383100.0,8529858983.757019,-0.006047077838456816,0.001656601421246684,0.0077381134033203125,-0.26901056889773756,47.42342024863097,0.48232410922495816,-0.04546078633002565,0.02024595912675579,-42428600.0,-0.001792393101759493,0.015995686119800772,0.015488557901307213,1
2024-05-02,172.50999450683594,173.4199981689453,170.88999938964844,173.02999877929688,94214900.0,16302004031.991575,0.02203187040935095,0.0184825440045282,0.03585970865613852,0.6259225325523481,54.15572360180152,0.6496878817748069,0.4668226960643838,0.020095329342519168,1228000.0,0.018935362535865252,0.01877977585778863,0.016194088240132024,1
2024-05-03,186.6499938964844,187.0,182.66000366210932,183.3800048828125,163224100.0,29932036254.99268,0.05981625253732603,0.08316598687095245,0.11139396898674248,0.5495457555369967,66.84289708282185,1.3915893070134848,1.3205387315274488,0.023048249612830803,209290500.0,0.07551416578298542,0.0303862724121973,0.020821886756327988,0
2024-05-06,182.3500061035156,184.1999969482422,180.4199981689453,181.7100067138672,78569700.0,14276900714.50653,-0.009106762593950823,0.04731992342286562,0.09569471012072506,-0.7311379676660543,63.77601412831001,1.684447798401432,0.9427105876029358,0.023084523319937756,62551400.0,0.06159175304830122,0.0318109560057454,0.020895528949326923,1
2024-05-07,183.4499969482422,184.8999938964844,181.32000732421875,182.3999938964844,77305800.0,14100577448.162842,0.0037971886914500708,0.07086239614675516,0.09286998542141056,-0.016217143600993467,64.50073539400347,1.8272723067341043,0.8496371134213626,0.02275647871775887,205792000.0,0.06167489580734542,0.02829972082936355,0.020881581586003277,1
2024-05-08,182.8500061035156,183.07000732421875,181.4499969482422,182.7400054931641,45057100.0,8233734701.506042,0.0018640987283840005,0.07938571883721379,0.08117383075311291,-0.5398384015616386,64.87368040984929,1.842071976901868,0.7615679323466485,0.021724921135085683,301232200.0,0.05904310028682391,0.027086984774814755,0.020591485867376424,1
2024-05-09,182.5599975585937,184.66000366210932,182.1100006103516,184.57000732421875,48983000.0,9040792668.762209,0.010014237583697128,0.06669368679613408,0.08640889980169586,0.08354272305906107,66.88985882766549,1.8667415768163815,0.7895068732375542,0.02095997631594474,256000300.0,0.0667029195753921,0.02691515191793423,0.01853387244784464,0
2024-05-10,184.8999938964844,185.08999633789065,182.1300048828125,183.0500030517578,50759500.0,9291526629.9057,-0.008235380680192916,-0.0017995518718934012,0.08121677349170753,0.03562549266942838,63.62330008331925,1.6782599913339147,0.6314886893209729,0.02077947841543095,42016700.0,0.055934849076877846,0.008191116483860074,0.018638786337212897,1
2024-05-13,185.44000244140625,187.1000061035156,184.6199951171875,186.27999877929688,72044800.0,13420505256.054688,0.017645428427694565,0.025149919633352447,0.07365993532735948,0.3501893493959365,67.2799696235932,1.665368697567906,0.7378268131470251,0.02051362389873686,192631200.0,0.07037169827950551,0.009637218318911863,0.01806452838933868,1
2024-05-14,187.509994506836,188.3000030517578,186.2899932861328,187.42999267578125,52393600.0,9820132064.257812,0.006173469529849429,0.027576748616293667,0.10039329924793594,-0.3185036960692109,68.49428105117443,1.626673210096004,0.7100020271396253,0.019701304923444875,167719000.0,0.071423423582472,0.009620596438357847,0.017227287840071444,1
2024-05-15,187.91000366210932,190.6499938964844,187.3699951171875,189.72000122070312,70400000.0,13356288085.9375,0.012217940748059153,0.03819632000503659,0.12061428116278639,0.29540881181920753,70.81688064672872,1.6428781896073268,0.7387865455774212,0.019308153043915647,193061900.0,0.07782288409711335,0.009757715268010307,0.01699629964181401,1
2024-05-16,190.47000122070312,191.1000061035156,189.66000366210932,189.83999633789065,52845200.0,10032132574.475098,0.000632485327932919,0.028552791919298937,0.09715076967685388,-0.2868263733379699,70.93778025356205,1.5504145872963333,0.6674035424899953,0.01845947716709206,196924100.0,0.07156462182394385,0.010065717215746119,0.016819842743322863,1
2024-05-17,189.509994506836,190.8099975585937,189.17999267578125,189.8699951171875,41282900.0,7838384021.42334,0.00015802138577503122,0.0372575359285916,0.035390937188175764,-0.24691850916372715,70.9701591858543,1.3854096534840004,0.6115126261951184,0.01775143824259132,288966500.0,0.06426386475939538,0.007548597235210546,0.016313412110556508,1
2024-05-20,189.3300018310547,191.9199981689453,189.009994506836,191.0399932861328,44361300.0,8474782454.164124,0.006162101432736655,0.025552901750206303,0.051345474808975444,0.0719190954088802,72.26788520775492,1.2531815186949613,0.617655280678933,0.017470558411854565,261283000.0,0.06331223735220681,0.004932607086927183,0.016307991463876202,1
2024-05-21,191.08999633789065,192.72999572753903,190.9199981689453,192.3500061035156,42309400.0,8138213348.236084,0.006857270013722605,0.02624987259240341,0.054550507346387445,-0.04735818305356432,73.68627543232361,1.1545080174537832,0.6320810068934064,0.016784312758201664,251198800.0,0.06307429522599928,0.004980142047573607,0.016307076909599042,0
2024-05-22,192.2700042724609,192.82000732421875,190.2700042724609,190.8999938964844,34648500.0,6614398438.522339,-0.007538404788252739,0.006219653532515856,0.04465354141420086,-0.1997548437053034,69.45200745267073,0.9032688320032696,0.5069896733220363,0.016657943229233828,146150300.0,0.04871955480479673,0.005796117788172295,0.016576405594186435,0
2024-05-23,190.97999572753903,191.0,186.6300048828125,186.8800048828125,51005900.0,9531982841.052246,-0.02105808874908477,-0.015592032828581348,0.012515563021764153,0.38668686839641,59.28137630559557,0.40350615638719134,0.24334491449517784,0.017471108393899377,42299200.0,0.02186670213236619,0.011594605772425525,0.017666562348046384,1
2024-05-24,188.82000732421875,190.5800018310547,188.0399932861328,189.97999572753903,36327000.0,6901403304.794312,0.01658813550797178,0.0005793469909958215,0.03785846796091974,-0.3393800379451939,63.69639985721106,0.22763296595038263,0.399679640156962,0.017349573891792473,37343300.0,0.032977166462329066,0.014664805697905096,0.017734187652271985,1
2024-05-28,191.509994506836,193.0,189.1000061035156,189.9900054931641,52280100.0,9932696486.183168,5.268852431927762e-05,-0.005496167451158218,0.019916291272165987,0.36405452669120564,63.710082629349124,0.06627279801740915,0.36383297240161105,0.017575710076741788,45262100.0,0.028421128420154762,0.014293906750725827,0.017202854515394977,1
2024-05-29,189.6100006103516,192.25,189.509994506836,190.2899932861328,53068000.0,10098309363.708496,0.0015789661787208864,-0.01070971017424438,0.015259033890583584,0.014958308239137352,64.14622040210959,-0.05917745078485215,0.3594571741906018,0.017323081095686938,56020700.0,0.02451036159166997,0.01375134178940675,0.016360561642484388,1
2024-05-30,190.759994506836,192.17999267578125,190.6300048828125,191.2899932861328,49889100.0,9543285604.051208,0.005255137081729533,0.002042951294487061,0.008275311276238595,-0.061771566831041014,65.62911255889799,-0.11073572755046346,0.4495416313392139,0.0167073619598354,140558300.0,0.02383357571600686,0.013670712268457785,0.016127706953609388,1
2024-05-31,191.44000244140625,192.57000732421875,189.91000366210932,192.25,75158300.0,14449183175.0,0.005018593484036549,0.02873499024443449,0.012694920504632945,0.4097940071132875,67.03853158056782,-0.11557706667158651,0.593155020788222,0.01642480724679405,266722500.0,0.02370632508000381,0.0064824522936813185,0.01569407068545968,1
2024-06-03,192.8999938964844,194.9900054931641,192.5200042724609,194.02999877929688,50080500.0,9717119353.866575,0.009258771283728873,0.02131805002020415,0.02190974755933306,-0.4059648384452501,69.53316555701952,-0.038289941859463106,0.7414170249953281,0.0161203736094598,280476000.0,0.03026328467180961,0.0035860562512416844,0.009191508715589288,1
2024-06-04,194.63999938964844,195.32000732421875,193.02999877929688,194.3500061035156,47471400.0,9226066879.742432,0.0016492672588361845,0.022948578789889984,0.01732628210693643,-0.053504285230829396,69.97314763642748,-0.006663779074349563,0.7250796379914964,0.015785907651504,275667300.0,0.02851098439217936,0.0031674356549638186,0.008758528185179236,1
2024-06-05,195.3999938964844,196.8999938964844,194.8699951171875,195.8699951171875,54156800.0,10607692151.5625,0.007820884826020169,0.029323674538493494,0.018299916308698094,0.13175611562381917,72.03867351109513,0.07128029774440403,0.8496585583630957,0.01547450389115506,276756100.0,0.03287348310534832,0.0029233169044757465,0.008814057169867977,0
2024-06-06,195.69000244140625,196.5,194.1699981689453,194.47999572753903,41181800.0,8009036288.052368,-0.007096540686677644,0.016676264066958213,0.018753284156708183,-0.2738871256623696,67.46802650289433,-0.011701535404453622,0.6232649008400427,0.015327645064012504,185685200.0,0.022378981218673433,0.00651358842070287,0.009129351318042794,1
2024-06-07,194.6499938964844,196.94000244140625,194.13999938964844,196.88999938964844,53103900.0,10455626838.587952,0.01239203884745943,0.024135237397391096,0.053563753452986695,0.25425395524350236,70.9138000757579,0.05133542097594379,0.8786425773392986,0.015074395306254531,163630800.0,0.03170736079564107,0.007715246564235856,0.00923817602681285,0
2024-06-10,196.8999938964844,197.3000030517578,192.1499938964844,193.1199951171875,97010200.0,18734609350.317383,-0.019147769232301326,-0.004690015295750638,0.016528052743783217,0.6025657472128536,60.17614368250204,-0.19192104820523515,0.3050596649347004,0.016175723508498347,16540100.0,0.00928960957057301,0.012555937954593078,0.010223573150754598,1
2024-06-11,193.6499938964844,207.16000366210932,193.6300048828125,207.1499938964844,172373300.0,35707128042.91687,0.07264912559045644,0.06586049596598009,0.09032047953668676,0.5748463417248075,75.21614937911004,0.5219876410389661,1.678745265982013,0.01884422383361343,141442000.0,0.07674153158354091,0.03543316819210968,0.018497139333205116,1
2024-06-12,207.3699951171875,220.1999969482422,206.8999938964844,213.07000732421875,198134300.0,42216476752.17896,0.02857839054869893,0.08781341009755272,0.11971209649386227,0.13928260899287181,78.84641505272933,1.2796546008919139,1.5567612974700529,0.02147066085850306,285419500.0,0.10018180065569982,0.03584094637552861,0.01920614052978102,1
2024-06-13,214.7400054931641,216.75,211.6000061035156,214.2400054931641,97862700.0,20966105385.575867,0.005491144359726752,0.1016043305210077,0.11997497523408085,-0.7053796025059853,79.4859556098983,1.7189787744059437,1.267670775576674,0.0215451938088353,424464000.0,0.09926425083446988,0.034082454194808,0.019161455523172468,0
2024-06-14,213.8500061035156,215.1699981689453,211.3000030517578,212.4900054931641,70122700.0,14900372908.195496,-0.008168409051202308,0.07923208975506668,0.10527961244818762,-0.3333189071423668,75.79481038138522,1.7454763958085344,0.9768975813644388,0.02147191638777453,301237400.0,0.0839861262958892,0.03639086993464075,0.019397223645597136,1
2024-06-17,213.3699951171875,218.9499969482422,212.72000122070312,216.6699981689453,93728300.0,20308110589.37836,0.019671478976528656,0.12194492360807785,0.11668298475536631,0.29015360306873106,78.37764119172583,1.8862932682724445,1.0280975981412126,0.02168319538480254,491975900.0,0.09780534642909133,0.030753808725278886,0.019587002157501556,0
2024-06-18,217.58999633789065,218.6300048828125,213.0,214.2899932861328,79943300.0,17131049220.2713,-0.010984469021671939,0.03446777504235099,0.10259833576746424,-0.159082536159719,73.56435264537967,1.6684384166709298,0.7950953376512045,0.022234648550004277,239659300.0,0.07938887523142801,0.017189806544738822,0.019987585544096177,0
2024-06-20,213.92999267578125,214.2400054931641,208.8500061035156,209.67999267578125,86172500.0,18068649168.85376,-0.021512906597537684,-0.015910332434912244,0.07050593711574527,0.07503346695203916,65.21070041040971,1.091079562063344,0.5117673187082156,0.0229535497924565,-44647500.0,0.051578366050451185,0.01596274385579592,0.02090497146585209,0
2024-06-21,210.38999938964844,211.88999938964844,207.1100006103516,207.4900054931641,241805100.0,50172141527.275085,-0.010444426073609403,-0.03150672062606619,0.0668963906388178,1.0317809210524729,61.63032391252402,0.47060948066097197,0.3648786805745494,0.023184490466687163,-384315300.0,0.03628421168078999,0.01539935848088843,0.021003099984791267,1
2024-06-24,207.72000122070312,212.6999969482422,206.58999633789065,208.13999938964844,80727000.0,16802517730.72815,0.00313265159417897,-0.02047157979698766,0.057138503910176164,-1.0970589297080977,62.29207528853812,0.03581252800592161,0.3586473289010424,0.023558028084603673,-233465600.0,0.03404077969161956,0.015876280873205133,0.020139896532402328,1
2024-06-25,209.1499938964844,211.3800048828125,208.6100006103516,209.07000732421875,55549700.0,11613776185.858154,0.004468184574312861,-0.03507634148222305,0.08259120034335443,-0.3737949706642425,63.2682124408907,-0.24202711215914263,0.3676663952498157,0.022884948483256593,-271644200.0,0.0337590160200556,0.01086889088789471,0.0199731756116365,1
2024-06-26,211.5,214.8600006103516,210.63999938964844,213.25,66213200.0,14119964900.0,0.01999326794540668,-0.004853205089908941,0.0294472907711687,0.17560172040649036,67.35823242245048,-0.1989660742054813,0.5418586846965406,0.022773145468848625,-125487700.0,0.048398400081954174,0.01579234447549173,0.020210393867273628,1
2024-06-27,214.69000244140625,215.7400054931641,212.3500061035156,214.1000061035156,49772700.0,10656335373.788452,0.003985960626099017,0.02107980533254228,0.004834086187126108,-0.2854131929011281,68.13523994806378,-0.1690865185071022,0.5399542205350125,0.022193517721773987,10457500.0,0.046452551366210404,0.010783550160894847,0.020189962311079175,0
2024-06-28,215.7700042724609,216.07000732421875,210.3000030517578,210.6199951171875,82542700.0,17385143070.959473,-0.016254137725925766,0.015085013933967772,-0.016896986011756265,0.5058490862787579,61.663474040593805,-0.4249813887879341,0.3040290326001082,0.02290557994568616,169719900.0,0.02460319911067188,0.012870674128571371,0.02080098749940417,1
2024-07-01,212.08999633789065,217.509994506836,211.9199981689453,216.75,60402900.0,13092328575.0,0.029104572333703782,0.041366391061783414,0.020047975889261105,-0.31227861372832066,67.51648019537761,-0.23232232038638578,0.6201225028567318,0.0229384907437029,149395800.0,0.048177476878437986,0.017361984310304737,0.021486540375431296,1
2024-07-02,216.1499938964844,220.3800048828125,215.1000061035156,220.2700042724609,58046200.0,12785836722.000122,0.016239927439265944,0.053570557975222144,0.01661515730806684,-0.03979787116944422,70.31878254138446,0.06534752817461964,0.7666595770972557,0.022671827989111666,151892300.0,0.0584840616231157,0.017516782829185017,0.021594778015180664,1
2024-07-03,220.0,221.5500030517578,219.02999877929688,221.5500030517578,37369800.0,8279279304.043579,0.0058110444203451905,0.03892146800355367,0.033879369047023156,-0.44037634406315007,71.28874544834123,0.2701308962573927,0.7796000130154497,0.021743241050981427,123048900.0,0.05772238987795397,0.01674976882414406,0.021564811346854337,1
2024-07-05,221.6499938964844,226.4499969482422,221.6499938964844,226.33999633789065,60412400.0,13673742394.763184,0.021620371113304948,0.0571694996984593,0.0794544269556039,0.48033148008004645,74.62996160439424,0.6293437018279011,0.9776678684100759,0.02130921608597635,133688600.0,0.07278783665725364,0.017587458481327985,0.021818911582597703,1
2024-07-08,227.08999633789065,227.8500061035156,223.25,227.82000732421875,59085900.0,13460950170.758057,0.00653888402524605,0.08166371952226692,0.09798063180312777,-0.022202064244211783,75.57573821008887,0.8538496189303437,0.9895423687436633,0.02110082725744581,275317200.0,0.07133790974301801,0.009957529613029729,0.02155097164818875,1
2024-07-09,227.92999267578125,229.3999938964844,226.3699951171875,228.67999267578125,48076100.0,10994042195.880129,0.00377484559702701,0.05504033529772201,0.09868354639360266,-0.20620714126327044,76.13251973096916,0.9406402133788019,0.9643441383825688,0.020466365645786307,262990400.0,0.06740350038035592,0.007730989240070092,0.021548011998820702,1
2024-07-10,229.3000030517578,233.0800018310547,229.25,232.97999572753903,62627700.0,14591001278.425598,0.018803582252402196,0.057701871378531555,0.11436355079971605,0.2644224952868157,78.74196866845097,1.1539537890008909,1.214027881233584,0.020002709873760516,267571900.0,0.07745133240526259,0.008249820287919913,0.020711568669385335,0
2024-07-11,231.38999938964844,232.38999938964844,225.7700042724609,227.57000732421875,64710600.0,14726191715.95459,-0.023220827978926772,0.027172214802698713,0.06715126529528126,0.032717348401348545,68.5825651739265,0.8130882034884923,0.743006376686015,0.0212785377388621,165491500.0,0.047486029644859595,0.017788992427101854,0.015890512355556084,1
2024-07-12,228.9199981689453,232.63999938964844,228.67999267578125,230.5399932861328,53046500.0,12229339753.852844,0.013050867277438316,0.018556141275058557,0.07678648628654683,-0.19875613037675066,70.80920803322496,0.6756797876123084,0.8457324622437581,0.02107494048272078,158125600.0,0.05690718175454368,0.016188828976520114,0.0150249720419912,1
2024-07-15,236.47999572753903,237.22999572753903,233.08999633789065,234.3999938964844,62631300.0,14680776337.728882,0.01674330147811176,0.028882391189205103,0.11290475420467971,0.16609626287407764,73.44352445140142,0.7282562049753878,0.9622588798492383,0.02128596433031829,161671000.0,0.06966022798595217,0.017231723470869237,0.015289907295479927,1
2024-07-16,235.0,236.2700042724609,232.3300018310547,234.82000732421875,43234300.0,10152278642.65747,0.0017918662059344115,0.02684981128691355,0.08336796920054779,-0.37063098428938446,73.72142180412247,0.6759635037588794,0.8733048139745762,0.02092867153984084,156829200.0,0.06614487251751311,0.017313484639373176,0.015011196997470399,0
2024-07-17,229.4499969482422,231.4600067138672,226.63999938964844,228.8800048828125,57345900.0,13125329872.009275,-0.025295980990260425,-0.017598038114488235,0.03908839353224658,0.2824671827873644,63.58717180226853,0.15326012830623803,0.47441482260040146,0.022490926890146843,36855600.0,0.03630323277966929,0.01984714935555457,0.016048087047566557,0
2024-07-18,230.27999877929688,230.44000244140625,222.2700042724609,224.17999267578125,66034600.0,14803636144.348145,-0.020534830945314275,-0.01489657924740384,0.01187086250415903,0.14107749461505037,56.91974986157335,-0.5581026006400673,0.16924735155874793,0.023925418845793755,35531600.0,0.012755407808338726,0.019201935238304466,0.016614054243052886,1
2024-07-19,224.82000732421875,226.8000030517578,223.27999877929688,224.3099975585937,49151500.0,11025172845.00122,0.0005799129586039342,-0.02702349227453482,-0.008968802739867887,-0.2952714769345093,57.053889653406564,-1.0409101121019821,0.13940808332150556,0.023324483320493975,31636600.0,0.010005029832441226,0.01734001949563182,0.01564749915377727,0
2024-07-22,227.009994506836,227.77999877929688,223.08999633789065,223.9600067138672,48201800.0,10795275451.620483,-0.0015602998017735237,-0.044539195624841654,-0.01694320290692586,-0.019510999788959538,56.54345114934866,-1.3834138348166558,0.07130171878460238,0.023188098837369497,-79196500.0,0.004703688064397582,0.012866618574463723,0.015354327656479599,1
2024-07-23,224.3699951171875,226.94000244140625,222.67999267578125,225.009994506836,39960300.0,8991466883.491516,0.004688282557118617,-0.04177673329103493,-0.01604861940916935,-0.1875098992192079,57.76426780656076,-1.5275268037576373,0.09401820388434949,0.02278365391527806,-82470500.0,0.005608787289439698,0.013522654601221845,0.015353969945674251,0
2024-07-24,224.0,224.8000030517578,217.1300048828125,218.5399932861328,61777600.0,13500876289.233398,-0.028754283714746753,-0.04517656141249127,-0.06197958067736098,0.4356543691149639,48.68774207517765,-2.0161642399479422,-0.4696122435498249,0.024358123345754015,-86902200.0,-0.02536923864363072,0.014643338396899613,0.017010326718566216,0
2024-07-25,218.92999267578125,220.8500061035156,214.6199951171875,217.4900054931641,51391200.0,11177072370.300291,-0.004804556718339348,-0.02984203497719129,-0.04429406998565366,-0.18407388436291683,47.38643737085881,-2.3446399148725856,-0.5995824642606163,0.02477352736838731,-72258800.0,-0.030968093497144578,0.013194957795776056,0.01655468278808259,1
2024-07-26,218.6999969482422,219.4900054931641,216.009994506836,217.9600067138672,41601300.0,9067419627.305605,0.002161024455525462,-0.0283089960939783,-0.05456748043126769,-0.21133553021990537,48.05570016374343,-2.453164006506028,-0.5999343154776261,0.024094833444609047,-79809000.0,-0.029708361385545667,0.013408397169588231,0.016543053409339262,1
2024-07-29,216.9600067138672,219.3000030517578,215.75,218.2400054931641,36311800.0,7924687431.466675,0.0012846337432190769,-0.02554027973401074,-0.0689419318434662,-0.13598865595950826,48.47618354040623,-2.424671949627145,-0.6833186769225497,0.023506962196142484,4704600.0,-0.03010692609240273,0.013683089895702428,0.01603602345409203,1
2024-07-30,219.19000244140625,220.3300018310547,216.1199951171875,218.8000030517578,41643800.0,9111663567.086792,0.0025659711533101426,-0.027598736085874265,-0.06822248434028,0.13700973714438192,49.35911481788742,-2.2883992402066538,-0.6533538051385102,0.023146408980649152,6388100.0,-0.028060952801456485,0.013332548031514107,0.014709692626425987,1
2024-07-31,221.44000244140625,223.82000732421875,220.6300048828125,222.0800018310547,50036300.0,11112061595.619202,0.014990853444005525,0.016198447211842604,-0.029709904345901483,0.18359624000158803,54.298999564036734,-1.9129154981886667,-0.32761800359069554,0.022790259080087128,118202000.0,-0.013887186795963458,0.007215251362682076,0.014642175787387026,0
2024-08-01,224.3699951171875,224.47999572753903,217.0200042724609,218.3600006103516,62501000.0,13647718398.147585,-0.016750725819666745,0.004000161364724697,-0.02596124656782728,0.22243381061098333,48.5183619824693,-1.8495461188007196,-0.6809206555090357,0.023963173974623213,107092200.0,-0.029718103317361577,0.011342415235513693,0.01507512945626471,1
2024-08-02,219.1499938964844,225.6000061035156,217.7100067138672,219.8600006103516,105568600.0,23210312460.43396,0.006869389978967133,0.008717167544313176,-0.019838602811627637,0.5241784154288993,50.79315704165856,-1.6477821300695856,-0.4853897396748277,0.024663026493263795,171059500.0,-0.021644327829138055,0.01166917685528696,0.014269245245135176,0
2024-08-05,199.08999633789065,213.5,196.0,209.2700042724609,119548600.0,25017936032.766724,-0.04816699858315232,-0.041101544148303026,-0.06559207894726637,0.1243620035762163,38.02015378068991,-2.1376515761015633,-1.2496912271356955,0.03220425012877391,15199100.0,-0.0649093980402562,0.025254863432668542,0.017544153052376745,0
2024-08-06,205.3000030517578,209.9900054931641,201.07000732421875,207.22999572753903,69660500.0,14435745117.378237,-0.009748212850733573,-0.052879374601662366,-0.0790187067835193,-0.5400895346314272,36.13504145455421,-2.4848313070837,-1.1775521230283845,0.03327289432227278,-96105200.0,-0.06956594162983631,0.024545367013222928,0.01748561275341557,1
2024-08-07,206.8999938964844,213.63999938964844,206.38999938964844,209.82000732421875,63516400.0,13327011513.208008,0.012498246634550902,-0.055205306221866035,-0.0399010992486718,-0.09233530097401044,40.189695307834974,-2.423235651802126,-0.874121838351817,0.032982978384592625,-82625100.0,-0.05301352077968369,0.02391384796861601,0.01709068033531157,1
2024-08-08,213.1100006103516,214.1999969482422,208.8300018310547,213.3099975585937,47161100.0,10059934125.860596,0.016633257613903885,-0.023126960238332717,-0.019219310446436988,-0.2977287345611437,45.23514923476104,-2.0456988713733457,-0.5540740424802845,0.03192414466180404,27037000.0,-0.03415395335534144,0.02645326016315941,0.01718742430610188,1
2024-08-09,212.1000061035156,216.77999877929688,211.97000122070312,216.2400054931641,42201600.0,9125674215.820312,0.013735914716165976,-0.01646500094213621,-0.007891361569652866,-0.11111126274168726,49.116064755858,-1.5210016170016496,-0.29646794318583125,0.03083102275443309,-36330000.0,-0.017707055283055162,0.02734660388206974,0.017221927605394663,1
2024-08-12,216.07000732421875,219.509994506836,215.6000061035156,217.52999877929688,38028100.0,8272252546.5789795,0.005965562584919315,0.0394705133951343,-0.0032533298020350765,-0.10413277227996076,50.770173003682196,-1.032767758767845,-0.1495918712096353,0.029742924062606316,121246700.0,-0.008046269760675129,0.01056691230644378,0.016731501475368733,1
2024-08-13,219.009994506836,221.88999938964844,219.009994506836,221.2700042724609,44155300.0,9770243419.651794,0.017193056195245138,0.06775085091147393,0.011288853684882305,0.14938760136157114,55.30643099224381,-0.43427453442954955,0.2669530385206041,0.02855907002999424,235062500.0,0.012135391636480142,0.004495786002208686,0.017335860770083047,1
2024-08-14,220.57000732421875,223.02999877929688,219.6999969482422,221.72000122070312,41960600.0,9303504283.221436,0.0020337006352117992,0.05671524869454525,-0.0016210401989523726,-0.05098188120211944,55.83376025716286,-0.00701773904721803,0.3808410788125043,0.027538096143990907,213506700.0,0.015857307339655735,0.006768489408751508,0.016529540500609126,1
2024-08-15,224.6000061035156,225.3500061035156,222.759994506836,224.72000122070312,46414000.0,10430154136.657717,0.01353057903429189,0.05349024327364327,0.029126216305982222,0.100870052815349,59.28289454575595,0.4532651051820348,0.703316449155147,0.026383534961133073,212759600.0,0.029475090418142447,0.0062588250275217435,0.01621218186196205,1
2024-08-16,223.9199981689453,226.8300018310547,223.6499938964844,226.0500030517578,44340200.0,10023102345.315552,0.0059184844421056315,0.045366247268726845,0.028154291022569833,-0.04570942207498874,60.74646657689663,0.8025107851491221,0.8201427475801129,0.02535969000658109,214898200.0,0.03515545019183297,0.006222127255966794,0.016261820037027513,0
2024-08-19,225.72000122070312,225.9900054931641,223.0399932861328,225.88999938964844,40687800.0,9190967117.166138,-0.0007078241979617816,0.03843148373679495,0.07941890752555714,-0.08596341953991526,60.46488592512853,0.9669347319992181,0.7746909071554128,0.024516757214019948,136182300.0,0.03396582975424911,0.0075833603384552264,0.016257212967030133,1
2024-08-20,225.7700042724609,227.1699981689453,225.4499969482422,226.509994506836,30299000.0,6863026323.562622,0.0027446771387080737,0.023681430529204572,0.09303671850983308,-0.29481357611612324,61.21510387470575,1.054470482162345,0.8158168379867486,0.02324563927982911,122326000.0,0.036447922308600056,0.005469020840182437,0.016237013179546116,0
2024-08-21,226.5200042724609,227.97999572753903,225.0500030517578,226.3999938964844,34765500.0,7870908987.808228,-0.00048563247988719915,0.02110767025985516,0.0790200457225505,0.13751080281797456,60.9939560021777,1.0402354580897515,0.7290503002664894,0.02252012863852675,45599900.0,0.03408503485513381,0.005877345246837035,0.014719582112288136,0
2024-08-22,227.7899932861328,228.33999633789065,223.8999938964844,224.52999877929688,43695300.0,9810905655.66101,-0.008259695969967784,-0.0008455074776350102,0.05259950939533997,0.2286150232230746,57.21016257959237,0.8482690630527125,0.502225040589486,0.022498184667633724,-44509400.0,0.023897621913811395,0.005277222873516081,0.014821998590794598,1
2024-08-23,225.66000366210932,228.22000122070312,224.3300018310547,226.83999633789065,38677300.0,8773558590.359497,0.010288146667049247,0.0034947722869613784,0.049019564259406456,-0.12198767722816584,60.472269748422505,0.8197912741226565,0.6571632774946353,0.021903332241764033,-50172300.0,0.03234143016331292,0.006704025597275603,0.014946179457326667,1
2024-08-26,226.759994506836,227.27999877929688,223.88999938964844,227.17999267578125,30602200.0,6952207571.862793,0.0014988376978464224,0.005710714461102162,0.04436166942783437,-0.23418095601143563,60.944213647637945,0.7676884831892088,0.6270858952251466,0.0213742328465043,21117700.0,0.03178979357524181,0.006659350855432317,0.014945636134294811,1
2024-08-27,226.0,228.8500061035156,224.88999938964844,228.02999877929688,35934600.0,8194166794.1345215,0.0037415535298863656,0.006710539531689541,0.03055088523662719,0.1606287130014472,62.1605828776546,0.7343072275146634,0.6401875063922338,0.021013958649783927,26753300.0,0.033484100799183514,0.006733270554702196,0.014949804358971216,0
2024-08-28,227.9199981689453,229.8600006103516,225.67999267578125,226.4900054931641,38052200.0,8618442987.026978,-0.006753467940081359,0.00039757773456861045,0.021513639934147566,0.057258280097951086,58.599706113898264,0.5602123557467742,0.4790027800992695,0.020963894612413117,23466600.0,0.025479678502073,0.007679037761487202,0.014758257999082713,1
2024-08-29,230.1000061035156,232.9199981689453,228.8800048828125,229.7899932861328,51906300.0,11927548328.507996,0.014570125448949867,0.02342668924167368,0.022561374323108563,0.31048126177811497,63.43365060940767,0.6146467044554269,0.6863281075102363,0.0211856348790862,119068200.0,0.03773582045287993,0.00823088625594356,0.01442358475948397,0
2024-08-30,230.19000244140625,230.3999938964844,227.47999572753903,229.0,52990800.0,12134893200.0,-0.0034378924636161434,0.00952214643352356,0.013050196453953333,0.020678143096336754,61.57997600067887,0.5470512610078706,0.5694696405660817,0.02065103176079389,27400100.0,0.03203825486134626,0.008177057740836524,0.014449196102504147,0
2024-09-03,228.5500030517578,229.0,221.1699981689453,222.7700042724609,50190600.0,11180960176.437378,-0.027205221517637934,-0.019411869643001678,-0.013812010826586896,-0.05429055435799768,49.3359030359321,0.058098285334533095,0.018044118588884224,0.022222831380761577,-53392700.0,0.000916603028104257,0.0154190919478342,0.010942914314696815,0
2024-09-04,221.66000366210932,221.77999877929688,217.47999572753903,220.8500061035156,43840200.0,9682108437.579346,-0.00861874638471094,-0.03148705308168931,-0.024987808664440947,-0.13527655060879695,46.28172941599128,-0.3944001480397823,-0.2551208348015093,0.022525809295710963,-133167500.0,-0.010736959588456108,0.01488593043724642,0.010875347855271665,1
2024-09-05,221.6300048828125,225.47999572753903,221.5200042724609,222.3800048828125,36615400.0,8142532830.786133,0.006927773316790287,-0.018146498788776055,-0.017756135698086317,-0.1800822832344906,48.99159255456491,-0.579259201816015,-0.19652979218432473,0.022260067923668705,-58499900.0,-0.006677811802065836,0.01599528761885215,0.010695720404570114,0
2024-09-06,223.9499969482422,225.2400054931641,219.7700042724609,220.82000732421875,48423000.0,10692767214.660645,-0.007015008203708928,-0.039035581287235166,-0.01652336647774577,0.2795059838618208,46.420303908688325,-0.7825525590288067,-0.5360690279819864,0.02258546750457836,-158829200.0,-0.015297594237662748,0.012387091016880611,0.010408545895993215,1
2024-09-09,220.82000732421875,221.2700042724609,216.7100067138672,220.91000366210932,67180000.0,14840734046.020508,0.0004075551802624755,-0.03532749492528686,-0.026141742071571383,0.32740067095893366,46.59444501923582,-0.8796608554292153,-0.6290715822004972,0.02243809589728453,-38658400.0,-0.015920941930395505,0.012842074918122925,0.01002250810637966,0
2024-09-10,218.9199981689453,221.47999572753903,216.72999572753903,220.1100006103516,51591000.0,11355695041.488647,-0.0036213980285898506,-0.0119405827135326,-0.031120663321437703,-0.2640283410161324,45.18846188055339,-0.9599165923176491,-0.857848498683806,0.022452539255392857,-40058800.0,-0.020047814989073154,0.006252026790713395,0.010007649118867045,1
2024-09-11,221.4600067138672,223.08999633789065,217.88999938964844,222.66000366210932,44587100.0,9927763849.282837,0.011585130365211693,0.00819559659756286,-0.023549511669230028,-0.14590265610480913,50.33301339446245,-0.8094249256619563,-0.3939642258892743,0.022278158045502292,48368500.0,-0.009001576854155369,0.007598933282328304,0.009589191508028328,1
2024-09-12,222.5,223.5500030517578,219.82000732421875,222.7700042724609,37455600.0,8343984172.027588,0.0004940295003250661,0.0017537520509269822,-0.016424571197316995,-0.1742883437557019,50.54863530517712,-0.6760646910111849,-0.38895111407391747,0.02187262525577169,49208700.0,-0.008743615069099042,0.007004740309062357,0.009581199964869102,0
2024-09-13,223.5800018310547,224.0399932861328,221.91000366210932,222.5,36766600.0,8180568500.0,-0.001212031545013037,0.007607973100528964,-0.03172458983910309,-0.018566406641209454,49.97512765446837,-0.5831432055936095,-0.4141584330203263,0.021018726261906918,60865100.0,-0.009455804117646238,0.005862900314581774,0.009061115603775897,0
2024-09-16,216.5399932861328,217.22000122070312,213.9199981689453,216.32000732421875,59357400.0,12840193202.746582,-0.027775247981039364,-0.020777675351050018,-0.05537114705581336,0.4789869626561938,39.053413853776874,-0.8962715943437801,-1.2971855677729238,0.022908081015772696,-65672300.0,-0.034878114604253274,0.014458691468909733,0.010782165963439198,1
2024-09-17,215.75,216.8999938964844,214.5,216.7899932861328,45519300.0,9868128741.389463,0.0021726421320320544,-0.01508340064064606,-0.026843878761227624,-0.2654403803952192,40.1250895110075,-1.0210605848149101,-1.0397293549744433,0.02201643040216818,31438000.0,-0.030813797045032176,0.014736741887505771,0.010821493587018912,1
2024-09-18,217.5500030517578,222.7100067138672,217.5399932861328,220.69000244140625,59894900.0,13218205627.227783,0.017989802463465043,-0.008847575623382231,-0.0007244901864948972,0.27445494247671576,48.25600362093253,-0.8000371734479405,-0.40753279357512273,0.021998619933502994,46745800.0,-0.012093111880946528,0.01648977250227114,0.011676289450428744,1
2024-09-19,224.9900054931641,229.82000732421875,224.6300048828125,228.8699951171875,66781300.0,15284235804.919434,0.03706553348719566,0.027382460509656203,0.02918423460686137,0.10883173991717499,60.40214065566553,-0.09888966455009181,0.7794340557564011,0.02254660716717068,76071500.0,0.023958097576117332,0.024060513030065078,0.014484613660110206,0
2024-09-20,229.97000122070312,233.08999633789065,227.6199951171875,228.1999969482422,318679900.0,72722752207.46613,-0.002927418111763669,0.025617963812324396,0.033420837692427874,1.5627640376491172,59.17686018442411,0.30187466515360006,0.6343212974540782,0.022709761653418783,-205841800.0,0.020123050032462064,0.02419464238822259,0.014360681389872086,0
2024-09-23,227.33999633789065,229.4499969482422,225.8099975585937,226.47000122070312,54146000.0,12262444686.096191,-0.007581050616453089,0.04692119800676431,0.02516860923644737,-1.7725030335512457,56.01706019981083,0.4250213078661734,0.39449256483398343,0.022396778200506597,-200630400.0,0.012473176588273738,0.018246278617738088,0.014302174864788606,1
2024-09-24,228.6499938964844,229.3500061035156,225.72999572753903,227.3699951171875,43556100.0,9903350244.32373,0.0039740093241191765,0.048802999025377325,0.03298348319796651,-0.21763433496939655,57.29458642213498,0.534578096356187,0.5192950184526073,0.021851918802289275,-202593600.0,0.01645358368371852,0.018086365918517464,0.014326376496292372,0
2024-09-25,224.92999267578125,227.2899932861328,224.0200042724609,226.3699951171875,42308700.0,9577420212.41455,-0.004398117700115112,0.02573742631268172,0.016662136863646815,-0.029057023036067164,55.370137921518406,0.5074022962549536,0.3972946808427514,0.021437757097453675,-304797200.0,0.012358737772207862,0.018292387661880002,0.014334263490357662,1
2024-09-26,227.3000030517578,228.5,225.41000366210932,227.5200042724609,36636700.0,8335582140.52887,0.005080219022304933,-0.005898505149333211,0.02132243977600523,-0.14394226475630845,57.152532466429726,0.5320018479283829,0.5490780321393172,0.020775956807047014,-334941800.0,0.01726744990154705,0.0054803490069832515,0.014296650780283382,1
2024-09-27,228.4600067138672,229.5200042724609,227.3000030517578,227.7899932861328,34026000.0,7750782311.553955,0.0011866605511687833,-0.001796685659914199,0.0237752507241924,-0.07392552989340473,57.58085379451248,0.5303902685175772,0.6226341018539009,0.019965224315900795,17764100.0,0.018930176160902645,0.0054594180864830965,0.01390251657208693,1
2024-09-30,230.0399932861328,233.0,229.6499938964844,233.0,54541900.0,12708262700.0,0.02287197360475246,0.028833835581310252,0.07710795169667972,0.47184426431296345,64.87727114038174,0.826486063728338,1.2405580806252305,0.019721773384808246,126452000.0,0.04130354675533421,0.010253936326547834,0.01480965882078447,0
2024-10-01,229.5200042724609,229.6499938964844,223.7400054931641,226.2100067138672,63285000.0,14315700274.887083,-0.029141602086406926,-0.005101765528571445,0.0434522520386873,0.148679118083745,52.26076151965029,0.5259615482094651,0.3043406177608229,0.0217867228433743,19610900.0,0.010181778390017548,0.018808554245612015,0.015008545107045189,1
2024-10-02,225.88999938964844,227.3699951171875,223.0200042724609,226.77999877929688,32880600.0,7456662427.862549,0.002519747352073054,0.0018112102794238805,0.027595252483209043,-0.6547655014362093,53.08554037001569,0.33573927018762717,0.3428229992109429,0.021549791044107057,94800200.0,0.011388029824303869,0.018739390383642578,0.014843538518621113,0
2024-10-03,225.13999938964844,226.8099975585937,223.32000732421875,225.6699981689453,34044200.0,7682754551.663208,-0.004894614235498862,-0.008131179978795089,-0.013981723321153106,0.0347768611116237,51.2293605173367,0.11664563835177821,0.172301324466367,0.021213589819830937,24119300.0,0.005699862296825842,0.018661128229644747,0.014848485048181242,1
2024-10-04,227.8999938964844,228.0,224.1300048828125,226.8000030517578,37245100.0,8447188793.663025,0.005007333238716605,-0.0043460655145260985,-0.006134942660853349,0.08986070967659643,53.02991770233646,0.03362730999998109,0.28828408422417573,0.02081900803510884,27338400.0,0.009390728994334463,0.01887520940591428,0.014756861739442625,0
2024-10-07,224.5,225.69000244140625,221.3300018310547,221.69000244140625,39505400.0,8757952222.44873,-0.022530866585506182,-0.048540762054050446,-0.02110654282479818,0.05891697733907009,44.948477402308356,-0.35804891261591765,-0.41858811623494185,0.02153997686638928,-66708900.0,-0.01352294385196584,0.015258344579357815,0.015702446308939702,1
2024-10-08,224.3000030517578,225.97999572753903,223.25,225.7700042724609,31855700.0,7192061525.102234,0.018404085823098937,-0.0019451060003849996,-0.007036948054214176,-0.21522103544617366,51.32647958962794,-0.335353056668831,0.10814977701287376,0.0209972095000177,28431800.0,0.0033687269873494685,0.015010691942450449,0.016178595305691195,1
2024-10-09,225.22999572753903,229.75,224.8300018310547,229.5399932861328,33591100.0,7710500868.473816,0.01669836090857424,0.012170361238611482,0.014003614601415082,0.053044819408562205,56.35784569012148,-0.07314652017929157,0.5861096689557039,0.020708193136667098,29142300.0,0.018566151044596912,0.016897025824139548,0.01638716413427655,0
2024-10-10,227.77999877929688,229.5,227.1699981689453,229.0399932861328,28183500.0,6455148650.779724,-0.0021782696463562568,0.014933288184212135,0.006680682951516026,-0.17552444489811236,55.53787743045952,0.053101363198642115,0.4692543596652886,0.020010122272554495,35003000.0,0.014935532233822268,0.01664007106666354,0.016407968317763626,0
2024-10-11,229.3000030517578,229.41000366210932,227.33999633789065,227.5500030517578,31759200.0,7226806056.921387,-0.006505371454991304,0.0033068782623819626,-0.0010535591617211182,0.11944574283045029,53.060391433791025,0.024214981393430035,0.2296491626000494,0.019352275487298794,-34001300.0,0.007206043223967118,0.01709698133828947,0.01649674965643113,1
2024-10-14,228.6999969482422,231.72999572753903,228.6000061035156,231.3000030517578,39882100.0,9224729851.71051,0.01647989430765695,0.043348822700705725,-0.0072961242413828176,0.22774514812332924,58.1235790102014,0.2339564638327507,0.7477381834359201,0.018969466483179254,45386200.0,0.020421685719391514,0.011917818314968258,0.01532473694835797,1
2024-10-15,233.6100006103516,237.4900054931641,232.3699951171875,233.8500061035156,64751400.0,15142115285.211182,0.011024656368842312,0.035788641883993,0.03377392318153394,0.48462771065612387,61.18928376036027,0.505156037568983,1.1815510488650725,0.019313140386681957,78281900.0,0.027803688064020227,0.010801692260428822,0.015413033164109295,0
2024-10-16,231.6000061035156,232.1199951171875,229.83999633789065,231.77999877929688,34082200.0,7899572274.395752,-0.008851859184054955,0.009758671946860975,0.022047799748275088,-0.6417800542021688,57.508751934497454,0.5046700006973444,0.7687561137834502,0.019329574861910784,10608600.0,0.016229057900959187,0.011165501541987954,0.015290387395015625,1
2024-10-17,233.42999267578125,233.8500061035156,230.5200042724609,232.1499938964844,32993800.0,7659510468.621826,0.0015963203000093351,0.013578417313636404,0.02871447591667864,-0.032455587873140956,57.99509641780663,0.48848717588169777,0.7735410143960713,0.01894486887866621,71785900.0,0.017119924475437198,0.010938189312901235,0.012957182488343728,1
2024-10-18,236.17999267578125,236.17999267578125,234.009994506836,235.0,46431500.0,10911402500.0,0.01227657195109133,0.0327400432798397,0.036155188879652966,0.34165843440944244,61.637483334128355,0.6204693852027132,1.1330756016536092,0.01860324143114699,149976600.0,0.02807520397993568,0.01016323168652332,0.013171730539243767,1
2024-10-21,234.4499969482422,236.8500061035156,234.4499969482422,236.47999572753903,36254500.0,8573464005.104065,0.00629785415974049,0.022395125842787467,0.06671475088301215,-0.24741459063531224,63.411781891371824,0.7495548051462968,1.169533901718849,0.017891248066155607,146349000.0,0.0322895907862899,0.008558286852100491,0.013030080994716408,0
2024-10-22,233.88999938964844,236.22000122070312,232.6000061035156,235.8600006103516,38846600.0,9162359099.710085,-0.002621765597043413,0.00859522965308912,0.04469148313304716,0.06905704352863751,62.11569695623887,0.7343328058420471,0.9382903384159472,0.01783200050054906,42751000.0,0.027678838050932075,0.008109045956824578,0.01306745481044541,0
2024-10-23,234.0800018310547,235.13999938964844,227.759994506836,230.759994506836,52287000.0,12065747832.77893,-0.021623022514703383,-0.004400743281701924,0.005314983255150674,0.2971272106942031,52.5930260631156,0.34188214617953694,0.1551161719439944,0.019431484484233163,24546200.0,0.004496619222115195,0.012884434589350128,0.014037157169578858,0
2024-10-24,229.97999572753903,230.82000732421875,228.41000366210932,230.57000732421875,31109500.0,7172917642.852783,-0.0008233107433689435,-0.006805886770646086,0.006680117372229066,-0.5192345224105246,52.271540847819146,0.04613150067703575,0.10458658617975027,0.018804987026189993,-39557100.0,0.003003780275641077,0.012816495492558266,0.014010099263248777,1
2024-10-25,229.7400054931641,233.22000122070312,229.57000732421875,231.41000366210932,38802300.0,8979240385.098267,0.0036431292501517554,-0.015276580161236897,0.016963307222955804,0.22096627807217928,53.62139939060436,-0.10787971277059061,0.2055195083333086,0.01852502080395381,-47186300.0,0.005865862781515574,0.010980391972846436,0.014024799845658912,1
2024-10-28,233.32000732421875,234.72999572753903,232.5500030517578,233.3999938964844,36087100.0,8422728919.741821,0.008599413175243376,-0.013024365217780498,0.009079078326932333,-0.07254406052658169,56.742652356749694,-0.09134207028946051,0.5033745278021443,0.018071174662346767,-47353700.0,0.014427532387692787,0.011504672053592237,0.013184984734868547,1
2024-10-29,233.1000061035156,234.3300018310547,232.32000732421875,233.6699981689453,35417200.0,8275937059.14917,0.0011568306748999113,-0.00928517949520502,-0.0007697580922474412,-0.018737882386506755,57.16388861017953,-0.07833193837235797,0.49274177500835886,0.017375404776844287,26910100.0,0.013957256328114065,0.011623510663032076,0.011236705207946713,0
2024-10-30,232.6100006103516,233.47000122070312,229.5500030517578,230.1000061035156,47070900.0,10831014377.297974,-0.015277922255336307,-0.002860064218370595,-0.007248221091678331,0.28445739085226407,50.2028291324438,-0.3130958553709551,-0.08167459718177296,0.017663572992772568,32126200.0,-0.002252601649190944,0.008960933189969208,0.011854755043833803,0
2024-10-31,229.33999633789065,229.8300018310547,225.3699951171875,225.91000366210932,64370100.0,14541849526.730349,-0.018209484268858822,-0.020210797215947984,-0.026879131589197858,0.31299425818350457,43.50646467189034,-0.7297070385412512,-0.7455743133092927,0.018201640776019438,-1134400.0,-0.02047203689449728,0.01196719435908245,0.01254481130323099,0
2024-11-01,220.97000122070312,225.3500061035156,220.2700042724609,222.91000366210932,65276700.0,14550829436.050417,-0.013279624414008095,-0.03673134205732598,-0.05144679292719434,0.013985918109696627,39.449137197052224,-1.1608507928485792,-1.099946425036994,0.018936253569847513,-105213400.0,-0.03266401056938528,0.011647715895707114,0.012833578683757882,0
